word,frequency,zipf_frequency
the,0.0537031796370252,7.73
to,0.0269153480392691,7.43
and,0.0257039578276886,7.41
of,0.0251188643150957,7.4
a,0.0229086765276777,7.36
in,0.0186208713666286,7.27
i,0.0123026877081238,7.09
is,0.0117489755493952,7.07
for,0.0102329299228075,7.01
that,0.0102329299228075,7.01
you,0.0095499258602143,6.98
it,0.0089125093813374,6.95
on,0.0081283051616409,6.91
with,0.0070794578438413,6.85
00,0.0069183097091893,6.84
this,0.0066069344800759,6.82
was,0.0066069344800759,6.82
am,0.0061659500186148,6.79
be,0.0061659500186148,6.79
being,0.0061659500186148,6.79
were,0.0061659500186148,6.79
been,0.0061659500186148,6.79
are,0.0061659500186148,6.79
as,0.0058884365535558,6.77
having,0.0051286138399136,6.71
has,0.0051286138399136,6.71
had,0.0051286138399136,6.71
have,0.0051286138399136,6.71
at,0.0050118723362727,6.7
he,0.0048977881936844,6.69
not,0.0048977881936844,6.69
by,0.0045708818961487,6.66
0000,0.0042657951880159,6.63
but,0.0042657951880159,6.63
from,0.0042657951880159,6.63
my,0.0037153522909717,6.57
or,0.0034673685045253,6.54
we,0.0034673685045253,6.54
an,0.003388441561392,6.53
your,0.003388441561392,6.53
all,0.0033113112148259,6.52
so,0.0033113112148259,6.52
his,0.0032359365692962,6.51
they,0.0031622776601683,6.5
me,0.003019951720402,6.48
if,0.0029512092266663,6.47
ones,0.0029512092266663,6.47
one,0.0029512092266663,6.47
can,0.0028840315031266,6.46
could,0.0028840315031266,6.46
will,0.0028183829312644,6.45
would,0.0028183829312644,6.45
just,0.0026915348039269,6.43
likes,0.0025703957827688,6.41
like,0.0025703957827688,6.41
liking,0.0025703957827688,6.41
liked,0.0025703957827688,6.41
about,0.0025118864315095,6.4
ups,0.002454708915685,6.39
upped,0.002454708915685,6.39
up,0.002454708915685,6.39
upping,0.002454708915685,6.39
out,0.0023988329190194,6.38
outs,0.0023988329190194,6.38
what,0.0023988329190194,6.38
when,0.0023442288153199,6.37
more,0.0022908676527677,6.36
does,0.0022387211385683,6.35
do,0.0022387211385683,6.35
doing,0.0022387211385683,6.35
done,0.0022387211385683,6.35
did,0.0022387211385683,6.35
no,0.0022387211385683,6.35
who,0.0021877616239495,6.34
it's,0.0021379620895022,6.33
their,0.0021379620895022,6.33
there,0.0020417379446695,6.31
her,0.0019952623149688,6.3
which,0.0019952623149688,6.3
time,0.001949844599758,6.29
timing,0.001949844599758,6.29
times,0.001949844599758,6.29
timed,0.001949844599758,6.29
gotten,0.0019054607179632,6.28
getting,0.0019054607179632,6.28
gets,0.0019054607179632,6.28
got,0.0019054607179632,6.28
get,0.0019054607179632,6.28
000,0.0018197008586099,6.26
she,0.0018197008586099,6.26
new,0.0017782794100389,6.25
newer,0.0017782794100389,6.25
newest,0.0017782794100389,6.25
peopling,0.0017782794100389,6.25
peoples,0.0017782794100389,6.25
people,0.0017782794100389,6.25
peopled,0.0017782794100389,6.25
hows,0.0017378008287493,6.24
how,0.0017378008287493,6.24
don't,0.0015848931924611,6.2
some,0.0015848931924611,6.2
also,0.0015488166189124,6.19
them,0.0015488166189124,6.19
now,0.0015135612484362,6.18
others,0.0014454397707459,6.16
other,0.0014454397707459,6.16
i'm,0.0014125375446227,6.15
its,0.0013803842646028,6.14
our,0.0013803842646028,6.14
than,0.0013489628825916,6.13
goods,0.0013182567385564,6.12
better,0.0013182567385564,6.12
good,0.0013182567385564,6.12
best,0.0013182567385564,6.12
only,0.0013182567385564,6.12
after,0.0012882495516931,6.11
first,0.0012882495516931,6.11
firsts,0.0012882495516931,6.11
him,0.0012882495516931,6.11
into,0.0012882495516931,6.11
knowing,0.0012589254117941,6.1
known,0.0012589254117941,6.1
knows,0.0012589254117941,6.1
knew,0.0012589254117941,6.1
know,0.0012589254117941,6.1
saw,0.0012589254117941,6.1
see,0.0012589254117941,6.1
seeing,0.0012589254117941,6.1
sees,0.0012589254117941,6.1
seen,0.0012589254117941,6.1
two,0.0012589254117941,6.1
make,0.0012022644346174,6.08
made,0.0012022644346174,6.08
makes,0.0012022644346174,6.08
making,0.0012022644346174,6.08
overing,0.0012022644346174,6.08
over,0.0012022644346174,6.08
overs,0.0012022644346174,6.08
overed,0.0012022644346174,6.08
thinks,0.0012022644346174,6.08
thinking,0.0012022644346174,6.08
thought,0.0012022644346174,6.08
think,0.0012022644346174,6.08
any,0.0011748975549395,6.07
then,0.0011748975549395,6.07
backing,0.0010964781961431,6.04
back,0.0010964781961431,6.04
backs,0.0010964781961431,6.04
backed,0.0010964781961431,6.04
these,0.0010964781961431,6.04
us,0.0010964781961431,6.04
want,0.0010964781961431,6.04
wanting,0.0010964781961431,6.04
wanted,0.0010964781961431,6.04
wants,0.0010964781961431,6.04
because,0.0010715193052376,6.03
went,0.0010715193052376,6.03
goes,0.0010715193052376,6.03
gone,0.0010715193052376,6.03
go,0.0010715193052376,6.03
going,0.0010715193052376,6.03
welling,0.0010715193052376,6.03
wells,0.0010715193052376,6.03
well,0.0010715193052376,6.03
welled,0.0010715193052376,6.03
said,0.0010232929922807,6.01
way,0.0010232929922807,6.01
ways,0.0010232929922807,6.01
1,0.001,6.0
2,0.001,6.0
most,0.001,6.0
much,0.001,6.0
very,0.001,6.0
where,0.001,6.0
wheres,0.001,6.0
evens,0.0009772372209558,5.99
evened,0.0009772372209558,5.99
even,0.0009772372209558,5.99
evening,0.0009772372209558,5.99
should,0.0009772372209558,5.99
might,0.0009549925860214,5.98
may,0.0009549925860214,5.98
here,0.0009332543007969,5.97
needed,0.0009332543007969,5.97
needs,0.0009332543007969,5.97
need,0.0009332543007969,5.97
needing,0.0009332543007969,5.97
really,0.0009332543007969,5.97
right,0.0009120108393559,5.96
righting,0.0009120108393559,5.96
rightest,0.0009120108393559,5.96
righted,0.0009120108393559,5.96
rights,0.0009120108393559,5.96
righter,0.0009120108393559,5.96
worked,0.0009120108393559,5.96
works,0.0009120108393559,5.96
working,0.0009120108393559,5.96
work,0.0009120108393559,5.96
years,0.0009120108393559,5.96
year,0.0009120108393559,5.96
beings,0.0008912509381337,5.95
day,0.0008912509381337,5.95
days,0.0008912509381337,5.95
too,0.0008912509381337,5.95
before,0.0008511380382023,5.93
off,0.0008511380382023,5.93
whies,0.0008511380382023,5.93
why,0.0008511380382023,5.93
stiller,0.0008317637711026,5.92
stills,0.0008317637711026,5.92
stilled,0.0008317637711026,5.92
stillest,0.0008317637711026,5.92
still,0.0008317637711026,5.92
stilling,0.0008317637711026,5.92
took,0.0008317637711026,5.92
taken,0.0008317637711026,5.92
takes,0.0008317637711026,5.92
taking,0.0008317637711026,5.92
take,0.0008317637711026,5.92
3,0.000812830516164,5.91
many,0.000812830516164,5.91
never,0.000812830516164,5.91
those,0.0007943282347242,5.9
lives,0.0007762471166286,5.89
life,0.0007762471166286,5.89
say,0.0007762471166286,5.89
saying,0.0007762471166286,5.89
says,0.0007762471166286,5.89
worlds,0.0007762471166286,5.89
world,0.0007762471166286,5.89
downs,0.0007585775750291,5.88
down,0.0007585775750291,5.88
downed,0.0007585775750291,5.88
downing,0.0007585775750291,5.88
greats,0.0007585775750291,5.88
greatest,0.0007585775750291,5.88
great,0.0007585775750291,5.88
greater,0.0007585775750291,5.88
through,0.0007413102413009,5.87
you're,0.0007413102413009,5.87
lasting,0.0007244359600749,5.86
last,0.0007244359600749,5.86
lasted,0.0007244359600749,5.86
lasts,0.0007244359600749,5.86
s,0.0007244359600749,5.86
that's,0.0007244359600749,5.86
while,0.0007244359600749,5.86
whiled,0.0007244359600749,5.86
whiles,0.0007244359600749,5.86
whiling,0.0007244359600749,5.86
bested,0.0006918309709189,5.84
besting,0.0006918309709189,5.84
bests,0.0006918309709189,5.84
such,0.0006918309709189,5.84
love,0.0006606934480075,5.82
loving,0.0006606934480075,5.82
loved,0.0006606934480075,5.82
loves,0.0006606934480075,5.82
manning,0.0006606934480075,5.82
mans,0.0006606934480075,5.82
man,0.0006606934480075,5.82
men,0.0006606934480075,5.82
manned,0.0006606934480075,5.82
homes,0.0006456542290346,5.81
homed,0.0006456542290346,5.81
homing,0.0006456542290346,5.81
home,0.0006456542290346,5.81
longed,0.0006456542290346,5.81
long,0.0006456542290346,5.81
longer,0.0006456542290346,5.81
longs,0.0006456542290346,5.81
longest,0.0006456542290346,5.81
longing,0.0006456542290346,5.81
looks,0.0006456542290346,5.81
look,0.0006456542290346,5.81
looking,0.0006456542290346,5.81
looked,0.0006456542290346,5.81
something,0.0006456542290346,5.81
using,0.0006456542290346,5.81
used,0.0006456542290346,5.81
use,0.0006456542290346,5.81
uses,0.0006456542290346,5.81
can't,0.0006309573444801,5.8
same,0.0006309573444801,5.8
both,0.0006165950018614,5.79
every,0.0006165950018614,5.79
4,0.0006025595860743,5.78
comes,0.0006025595860743,5.78
come,0.0006025595860743,5.78
came,0.0006025595860743,5.78
coming,0.0006025595860743,5.78
parted,0.0006025595860743,5.78
part,0.0006025595860743,5.78
parts,0.0006025595860743,5.78
parting,0.0006025595860743,5.78
stating,0.0006025595860743,5.78
stated,0.0006025595860743,5.78
states,0.0006025595860743,5.78
state,0.0006025595860743,5.78
three,0.0006025595860743,5.78
around,0.0005888436553555,5.77
between,0.0005888436553555,5.77
always,0.0005754399373371,5.76
bettered,0.0005754399373371,5.76
bettering,0.0005754399373371,5.76
betters,0.0005754399373371,5.76
finding,0.0005754399373371,5.76
find,0.0005754399373371,5.76
found,0.0005754399373371,5.76
finds,0.0005754399373371,5.76
5,0.0005623413251903,5.75
help,0.0005623413251903,5.75
helping,0.0005623413251903,5.75
helps,0.0005623413251903,5.75
helped,0.0005623413251903,5.75
high,0.0005623413251903,5.75
higher,0.0005623413251903,5.75
highs,0.0005623413251903,5.75
highest,0.0005623413251903,5.75
little,0.0005623413251903,5.75
littlest,0.0005623413251903,5.75
littler,0.0005623413251903,5.75
eldest,0.0005623413251903,5.75
older,0.0005623413251903,5.75
olds,0.0005623413251903,5.75
old,0.0005623413251903,5.75
elder,0.0005623413251903,5.75
oldest,0.0005623413251903,5.75
since,0.0005623413251903,5.75
another,0.0005495408738576,5.74
own,0.0005495408738576,5.74
owns,0.0005495408738576,5.74
owning,0.0005495408738576,5.74
owned,0.0005495408738576,5.74
things,0.0005495408738576,5.74
under,0.0005370317963702,5.73
during,0.0005248074602497,5.72
gaming,0.0005248074602497,5.72
game,0.0005248074602497,5.72
gamer,0.0005248074602497,5.72
gamest,0.0005248074602497,5.72
gamed,0.0005248074602497,5.72
games,0.0005248074602497,5.72
i've,0.0005248074602497,5.72
thing,0.0005248074602497,5.72
gives,0.0005128613839913,5.71
gave,0.0005128613839913,5.71
giving,0.0005128613839913,5.71
give,0.0005128613839913,5.71
given,0.0005128613839913,5.71
housed,0.0005128613839913,5.71
housing,0.0005128613839913,5.71
houses,0.0005128613839913,5.71
house,0.0005128613839913,5.71
places,0.0005128613839913,5.71
placing,0.0005128613839913,5.71
placed,0.0005128613839913,5.71
place,0.0005128613839913,5.71
schooled,0.0005128613839913,5.71
schooling,0.0005128613839913,5.71
schools,0.0005128613839913,5.71
school,0.0005128613839913,5.71
again,0.0005011872336272,5.7
next,0.0005011872336272,5.7
each,0.0004897788193684,5.69
mr,0.0004897788193684,5.69
without,0.0004897788193684,5.69
against,0.0004786300923226,5.68
didn't,0.0004786300923226,5.68
ended,0.0004786300923226,5.68
ends,0.0004786300923226,5.68
ending,0.0004786300923226,5.68
end,0.0004786300923226,5.68
founded,0.0004786300923226,5.68
founds,0.0004786300923226,5.68
founding,0.0004786300923226,5.68
must,0.0004786300923226,5.68
shown,0.0004786300923226,5.68
show,0.0004786300923226,5.68
shows,0.0004786300923226,5.68
showing,0.0004786300923226,5.68
showed,0.0004786300923226,5.68
biggest,0.0004677351412871,5.67
big,0.0004677351412871,5.67
bigger,0.0004677351412871,5.67
feels,0.0004677351412871,5.67
felt,0.0004677351412871,5.67
feel,0.0004677351412871,5.67
feeling,0.0004677351412871,5.67
surest,0.0004677351412871,5.67
sure,0.0004677351412871,5.67
surer,0.0004677351412871,5.67
teams,0.0004677351412871,5.67
teaming,0.0004677351412871,5.67
team,0.0004677351412871,5.67
teamed,0.0004677351412871,5.67
ever,0.0004570881896148,5.66
family,0.0004570881896148,5.66
families,0.0004570881896148,5.66
keeps,0.0004570881896148,5.66
keep,0.0004570881896148,5.66
kept,0.0004570881896148,5.66
keeping,0.0004570881896148,5.66
pleases,0.0004570881896148,5.66
pleasing,0.0004570881896148,5.66
pleased,0.0004570881896148,5.66
please,0.0004570881896148,5.66
putting,0.0004570881896148,5.66
put,0.0004570881896148,5.66
puts,0.0004570881896148,5.66
moneys,0.0004365158322401,5.64
monies,0.0004365158322401,5.64
money,0.0004365158322401,5.64
freeest,0.0004265795188015,5.63
free,0.0004265795188015,5.63
freed,0.0004265795188015,5.63
freeing,0.0004265795188015,5.63
freeer,0.0004265795188015,5.63
frees,0.0004265795188015,5.63
seconded,0.0004265795188015,5.63
seconding,0.0004265795188015,5.63
seconds,0.0004265795188015,5.63
second,0.0004265795188015,5.63
someone,0.0004265795188015,5.63
away,0.0004168693834703,5.62
lefts,0.0004168693834703,5.62
left,0.0004168693834703,5.62
numbering,0.0004168693834703,5.62
numbered,0.0004168693834703,5.62
number,0.0004168693834703,5.62
numbers,0.0004168693834703,5.62
city,0.0004073802778041,5.61
cities,0.0004073802778041,5.61
lots,0.0004073802778041,5.61
lot,0.0004073802778041,5.61
names,0.0004073802778041,5.61
naming,0.0004073802778041,5.61
named,0.0004073802778041,5.61
name,0.0004073802778041,5.61
nights,0.0004073802778041,5.61
night,0.0004073802778041,5.61
played,0.0004073802778041,5.61
playing,0.0004073802778041,5.61
play,0.0004073802778041,5.61
plays,0.0004073802778041,5.61
until,0.0004073802778041,5.61
company,0.0003981071705534,5.6
companies,0.0003981071705534,5.6
doings,0.0003981071705534,5.6
fewest,0.0003981071705534,5.6
fewer,0.0003981071705534,5.6
few,0.0003981071705534,5.6
he's,0.0003981071705534,5.6
lets,0.0003981071705534,5.6
letting,0.0003981071705534,5.6
let,0.0003981071705534,5.6
realest,0.0003981071705534,5.6
realer,0.0003981071705534,5.6
reales,0.0003981071705534,5.6
riales,0.0003981071705534,5.6
reals,0.0003981071705534,5.6
reis,0.0003981071705534,5.6
real,0.0003981071705534,5.6
6,0.0003890451449942,5.59
called,0.0003890451449942,5.59
different,0.0003890451449942,5.59
sets,0.0003890451449942,5.59
setting,0.0003890451449942,5.59
set,0.0003890451449942,5.59
thoughts,0.0003890451449942,5.59
0.0,0.0003801893963205,5.58
however,0.0003801893963205,5.58
gods,0.0003715352290971,5.57
god,0.0003715352290971,5.57
government,0.0003715352290971,5.57
governments,0.0003715352290971,5.57
grouping,0.0003715352290971,5.57
group,0.0003715352290971,5.57
groups,0.0003715352290971,5.57
grouped,0.0003715352290971,5.57
public,0.0003715352290971,5.57
publics,0.0003715352290971,5.57
topped,0.0003715352290971,5.57
top,0.0003715352290971,5.57
tops,0.0003715352290971,5.57
topping,0.0003715352290971,5.57
women,0.0003715352290971,5.57
businesses,0.0003630780547701,5.56
business,0.0003630780547701,5.56
caring,0.0003630780547701,5.56
care,0.0003630780547701,5.56
cares,0.0003630780547701,5.56
cared,0.0003630780547701,5.56
started,0.0003630780547701,5.56
starts,0.0003630780547701,5.56
starting,0.0003630780547701,5.56
start,0.0003630780547701,5.56
system,0.0003630780547701,5.56
systems,0.0003630780547701,5.56
week,0.0003630780547701,5.56
weeks,0.0003630780547701,5.56
7,0.0003548133892335,5.55
already,0.0003548133892335,5.55
anything,0.0003548133892335,5.55
case,0.0003548133892335,5.55
cased,0.0003548133892335,5.55
cases,0.0003548133892335,5.55
casing,0.0003548133892335,5.55
nothings,0.0003548133892335,5.55
nothing,0.0003548133892335,5.55
persons,0.0003548133892335,5.55
person,0.0003548133892335,5.55
todays,0.0003548133892335,5.55
today,0.0003548133892335,5.55
changing,0.0003467368504525,5.54
changed,0.0003467368504525,5.54
changes,0.0003467368504525,5.54
change,0.0003467368504525,5.54
enough,0.0003467368504525,5.54
everything,0.0003467368504525,5.54
fulling,0.0003467368504525,5.54
fulls,0.0003467368504525,5.54
fulled,0.0003467368504525,5.54
fullest,0.0003467368504525,5.54
fuller,0.0003467368504525,5.54
full,0.0003467368504525,5.54
lived,0.0003467368504525,5.54
living,0.0003467368504525,5.54
live,0.0003467368504525,5.54
pointed,0.0003467368504525,5.54
pointing,0.0003467368504525,5.54
point,0.0003467368504525,5.54
points,0.0003467368504525,5.54
read,0.0003467368504525,5.54
reading,0.0003467368504525,5.54
reads,0.0003467368504525,5.54
there's,0.0003467368504525,5.54
told,0.0003467368504525,5.54
yet,0.0003467368504525,5.54
bad,0.0003388441561392,5.53
worse,0.0003388441561392,5.53
worst,0.0003388441561392,5.53
doesn't,0.0003388441561392,5.53
four,0.0003388441561392,5.53
hardest,0.0003388441561392,5.53
harder,0.0003388441561392,5.53
hard,0.0003388441561392,5.53
meaning,0.0003388441561392,5.53
means,0.0003388441561392,5.53
mean,0.0003388441561392,5.53
meant,0.0003388441561392,5.53
meanest,0.0003388441561392,5.53
meaner,0.0003388441561392,5.53
once,0.0003388441561392,5.53
support,0.0003388441561392,5.53
supports,0.0003388441561392,5.53
supported,0.0003388441561392,5.53
supporting,0.0003388441561392,5.53
tell,0.0003388441561392,5.53
telling,0.0003388441561392,5.53
tells,0.0003388441561392,5.53
including,0.0003311311214825,5.52
music,0.0003311311214825,5.52
powered,0.0003311311214825,5.52
powering,0.0003311311214825,5.52
power,0.0003311311214825,5.52
powers,0.0003311311214825,5.52
stopped,0.0003311311214825,5.52
stops,0.0003311311214825,5.52
stop,0.0003311311214825,5.52
stopping,0.0003311311214825,5.52
watering,0.0003311311214825,5.52
water,0.0003311311214825,5.52
waters,0.0003311311214825,5.52
watered,0.0003311311214825,5.52
based,0.0003235936569296,5.51
believes,0.0003235936569296,5.51
believing,0.0003235936569296,5.51
believe,0.0003235936569296,5.51
believed,0.0003235936569296,5.51
call,0.0003235936569296,5.51
calls,0.0003235936569296,5.51
calling,0.0003235936569296,5.51
heads,0.0003235936569296,5.51
head,0.0003235936569296,5.51
headed,0.0003235936569296,5.51
heading,0.0003235936569296,5.51
national,0.0003235936569296,5.51
nationals,0.0003235936569296,5.51
smallest,0.0003235936569296,5.51
small,0.0003235936569296,5.51
smaller,0.0003235936569296,5.51
whitest,0.0003235936569296,5.51
whiting,0.0003235936569296,5.51
whites,0.0003235936569296,5.51
whiter,0.0003235936569296,5.51
white,0.0003235936569296,5.51
whited,0.0003235936569296,5.51
furthest,0.0003162277660168,5.5
far,0.0003162277660168,5.5
farthest,0.0003162277660168,5.5
further,0.0003162277660168,5.5
farther,0.0003162277660168,5.5
jobbing,0.0003162277660168,5.5
job,0.0003162277660168,5.5
jobs,0.0003162277660168,5.5
jobbed,0.0003162277660168,5.5
sides,0.0003162277660168,5.5
sided,0.0003162277660168,5.5
siding,0.0003162277660168,5.5
side,0.0003162277660168,5.5
though,0.0003162277660168,5.5
tried,0.0003162277660168,5.5
tries,0.0003162277660168,5.5
try,0.0003162277660168,5.5
trying,0.0003162277660168,5.5
yeses,0.0003162277660168,5.5
yes,0.0003162277660168,5.5
actually,0.0003090295432513,5.49
american,0.0003090295432513,5.49
later,0.0003090295432513,5.49
least,0.0003090295432513,5.49
less,0.0003090295432513,5.49
lined,0.0003090295432513,5.49
line,0.0003090295432513,5.49
lining,0.0003090295432513,5.49
lines,0.0003090295432513,5.49
ordering,0.0003090295432513,5.49
orders,0.0003090295432513,5.49
ordered,0.0003090295432513,5.49
order,0.0003090295432513,5.49
parties,0.0003090295432513,5.49
party,0.0003090295432513,5.49
partied,0.0003090295432513,5.49
partying,0.0003090295432513,5.49
running,0.0003090295432513,5.49
runs,0.0003090295432513,5.49
ran,0.0003090295432513,5.49
run,0.0003090295432513,5.49
serviced,0.0003090295432513,5.49
servicing,0.0003090295432513,5.49
service,0.0003090295432513,5.49
services,0.0003090295432513,5.49
8,0.0003019951720402,5.48
country,0.0003019951720402,5.48
countries,0.0003019951720402,5.48
opened,0.0003019951720402,5.48
opening,0.0003019951720402,5.48
open,0.0003019951720402,5.48
opens,0.0003019951720402,5.48
seasoned,0.0003019951720402,5.48
seasoning,0.0003019951720402,5.48
season,0.0003019951720402,5.48
seasons,0.0003019951720402,5.48
shit,0.0003019951720402,5.48
shat,0.0003019951720402,5.48
shitting,0.0003019951720402,5.48
shits,0.0003019951720402,5.48
shitted,0.0003019951720402,5.48
thank,0.0003019951720402,5.48
thanks,0.0003019951720402,5.48
thanked,0.0003019951720402,5.48
thanking,0.0003019951720402,5.48
children,0.0002951209226666,5.47
everyone,0.0002951209226666,5.47
generals,0.0002951209226666,5.47
general,0.0002951209226666,5.47
they're,0.0002951209226666,5.47
united,0.0002951209226666,5.47
area,0.0002884031503126,5.46
areae,0.0002884031503126,5.46
areas,0.0002884031503126,5.46
blacked,0.0002884031503126,5.46
blacks,0.0002884031503126,5.46
black,0.0002884031503126,5.46
blacking,0.0002884031503126,5.46
blacker,0.0002884031503126,5.46
blackest,0.0002884031503126,5.46
d,0.0002884031503126,5.46
followings,0.0002884031503126,5.46
following,0.0002884031503126,5.46
laws,0.0002884031503126,5.46
law,0.0002884031503126,5.46
together,0.0002884031503126,5.46
warred,0.0002884031503126,5.46
warring,0.0002884031503126,5.46
war,0.0002884031503126,5.46
wars,0.0002884031503126,5.46
whole,0.0002884031503126,5.46
wholes,0.0002884031503126,5.46
car,0.0002818382931264,5.45
cars,0.0002818382931264,5.45
faced,0.0002818382931264,5.45
faces,0.0002818382931264,5.45
face,0.0002818382931264,5.45
facing,0.0002818382931264,5.45
five,0.0002818382931264,5.45
kinder,0.0002818382931264,5.45
kind,0.0002818382931264,5.45
kinds,0.0002818382931264,5.45
kindest,0.0002818382931264,5.45
maybe,0.0002818382931264,5.45
per,0.0002818382931264,5.45
president,0.0002818382931264,5.45
presidents,0.0002818382931264,5.45
stories,0.0002818382931264,5.45
story,0.0002818382931264,5.45
workings,0.0002818382931264,5.45
course,0.0002754228703338,5.44
coursing,0.0002754228703338,5.44
courses,0.0002754228703338,5.44
coursed,0.0002754228703338,5.44
health,0.0002754228703338,5.44
hoping,0.0002754228703338,5.44
hoped,0.0002754228703338,5.44
hope,0.0002754228703338,5.44
hopes,0.0002754228703338,5.44
important,0.0002754228703338,5.44
news,0.0002754228703338,5.44
within,0.0002754228703338,5.44
ablest,0.0002691534803926,5.43
able,0.0002691534803926,5.43
abler,0.0002691534803926,5.43
books,0.0002691534803926,5.43
booked,0.0002691534803926,5.43
book,0.0002691534803926,5.43
booking,0.0002691534803926,5.43
earliest,0.0002691534803926,5.43
earlier,0.0002691534803926,5.43
early,0.0002691534803926,5.43
friends,0.0002691534803926,5.43
i'll,0.0002691534803926,5.43
informations,0.0002691534803926,5.43
information,0.0002691534803926,5.43
local,0.0002691534803926,5.43
locals,0.0002691534803926,5.43
oh,0.0002691534803926,5.43
posts,0.0002691534803926,5.43
post,0.0002691534803926,5.43
posted,0.0002691534803926,5.43
posting,0.0002691534803926,5.43
t,0.0002691534803926,5.43
videoing,0.0002691534803926,5.43
videoed,0.0002691534803926,5.43
videos,0.0002691534803926,5.43
video,0.0002691534803926,5.43
youngest,0.0002691534803926,5.43
younger,0.0002691534803926,5.43
young,0.0002691534803926,5.43
ago,0.0002630267991895,5.42
socials,0.0002630267991895,5.42
social,0.0002630267991895,5.42
talked,0.0002630267991895,5.42
talk,0.0002630267991895,5.42
talks,0.0002630267991895,5.42
talking,0.0002630267991895,5.42
"0,000",0.0002570395782768,5.41
00th,0.0002570395782768,5.41
9,0.0002570395782768,5.41
court,0.0002570395782768,5.41
courted,0.0002570395782768,5.41
courts,0.0002570395782768,5.41
courting,0.0002570395782768,5.41
fact,0.0002570395782768,5.41
facts,0.0002570395782768,5.41
givens,0.0002570395782768,5.41
guys,0.0002570395782768,5.41
halfs,0.0002570395782768,5.41
half,0.0002570395782768,5.41
halves,0.0002570395782768,5.41
hands,0.0002570395782768,5.41
handing,0.0002570395782768,5.41
handed,0.0002570395782768,5.41
hand,0.0002570395782768,5.41
isn't,0.0002570395782768,5.41
leveling,0.0002570395782768,5.41
level,0.0002570395782768,5.41
levelled,0.0002570395782768,5.41
levelling,0.0002570395782768,5.41
leveled,0.0002570395782768,5.41
levels,0.0002570395782768,5.41
minds,0.0002570395782768,5.41
minded,0.0002570395782768,5.41
mind,0.0002570395782768,5.41
minding,0.0002570395782768,5.41
oftener,0.0002570395782768,5.41
often,0.0002570395782768,5.41
oftenest,0.0002570395782768,5.41
singles,0.0002570395782768,5.41
singled,0.0002570395782768,5.41
single,0.0002570395782768,5.41
singling,0.0002570395782768,5.41
"00,000",0.0002511886431509,5.4
become,0.0002511886431509,5.4
became,0.0002511886431509,5.4
becomes,0.0002511886431509,5.4
becoming,0.0002511886431509,5.4
bodies,0.0002511886431509,5.4
body,0.0002511886431509,5.4
comings,0.0002511886431509,5.4
controls,0.0002511886431509,5.4
controled,0.0002511886431509,5.4
controlled,0.0002511886431509,5.4
control,0.0002511886431509,5.4
controling,0.0002511886431509,5.4
controlling,0.0002511886431509,5.4
death,0.0002511886431509,5.4
deaths,0.0002511886431509,5.4
food,0.0002511886431509,5.4
foods,0.0002511886431509,5.4
guying,0.0002511886431509,5.4
guy,0.0002511886431509,5.4
guyed,0.0002511886431509,5.4
hours,0.0002511886431509,5.4
office,0.0002511886431509,5.4
offices,0.0002511886431509,5.4
payed,0.0002511886431509,5.4
paying,0.0002511886431509,5.4
paid,0.0002511886431509,5.4
pay,0.0002511886431509,5.4
pays,0.0002511886431509,5.4
problems,0.0002511886431509,5.4
problem,0.0002511886431509,5.4
south,0.0002511886431509,5.4
trues,0.0002511886431509,5.4
truing,0.0002511886431509,5.4
truest,0.0002511886431509,5.4
true,0.0002511886431509,5.4
trueer,0.0002511886431509,5.4
trued,0.0002511886431509,5.4
we're,0.0002511886431509,5.4
almost,0.0002454708915685,5.39
fuck,0.0002454708915685,5.39
history,0.0002454708915685,5.39
histories,0.0002454708915685,5.39
knowns,0.0002454708915685,5.39
large,0.0002454708915685,5.39
larger,0.0002454708915685,5.39
largest,0.0002454708915685,5.39
lost,0.0002454708915685,5.39
m,0.0002454708915685,5.39
researches,0.0002454708915685,5.39
research,0.0002454708915685,5.39
researching,0.0002454708915685,5.39
researched,0.0002454708915685,5.39
room,0.0002454708915685,5.39
rooms,0.0002454708915685,5.39
roomed,0.0002454708915685,5.39
rooming,0.0002454708915685,5.39
several,0.0002454708915685,5.39
takings,0.0002454708915685,5.39
universities,0.0002454708915685,5.39
university,0.0002454708915685,5.39
wins,0.0002454708915685,5.39
winning,0.0002454708915685,5.39
won,0.0002454708915685,5.39
win,0.0002454708915685,5.39
wrong,0.0002454708915685,5.39
wronged,0.0002454708915685,5.39
wrongs,0.0002454708915685,5.39
wronging,0.0002454708915685,5.39
along,0.0002398832919019,5.38
anyone,0.0002398832919019,5.38
else,0.0002398832919019,5.38
girls,0.0002398832919019,5.38
girl,0.0002398832919019,5.38
john,0.0002398832919019,5.38
mattered,0.0002398832919019,5.38
matter,0.0002398832919019,5.38
matters,0.0002398832919019,5.38
mattering,0.0002398832919019,5.38
prettier,0.0002398832919019,5.38
prettiest,0.0002398832919019,5.38
pretty,0.0002398832919019,5.38
remembers,0.0002398832919019,5.38
remembering,0.0002398832919019,5.38
remembered,0.0002398832919019,5.38
remember,0.0002398832919019,5.38
aired,0.0002344228815319,5.37
airs,0.0002344228815319,5.37
air,0.0002344228815319,5.37
airing,0.0002344228815319,5.37
bit,0.0002344228815319,5.37
bits,0.0002344228815319,5.37
friend,0.0002344228815319,5.37
hitting,0.0002344228815319,5.37
hit,0.0002344228815319,5.37
hits,0.0002344228815319,5.37
nicer,0.0002344228815319,5.37
nicest,0.0002344228815319,5.37
nice,0.0002344228815319,5.37
probably,0.0002344228815319,5.37
sayings,0.0002344228815319,5.37
understands,0.0002344228815319,5.37
understood,0.0002344228815319,5.37
understanding,0.0002344228815319,5.37
understand,0.0002344228815319,5.37
yeah,0.0002344228815319,5.37
york,0.0002344228815319,5.37
classed,0.0002290867652767,5.36
class,0.0002290867652767,5.36
classes,0.0002290867652767,5.36
classing,0.0002290867652767,5.36
closing,0.0002290867652767,5.36
closed,0.0002290867652767,5.36
closer,0.0002290867652767,5.36
closes,0.0002290867652767,5.36
closest,0.0002290867652767,5.36
close,0.0002290867652767,5.36
comites,0.0002290867652767,5.36
i'd,0.0002290867652767,5.36
idea,0.0002290867652767,5.36
ideas,0.0002290867652767,5.36
international,0.0002290867652767,5.36
internationals,0.0002290867652767,5.36
past,0.0002290867652767,5.36
pasts,0.0002290867652767,5.36
possibles,0.0002290867652767,5.36
possible,0.0002290867652767,5.36
b,0.0002238721138568,5.35
caused,0.0002238721138568,5.35
causes,0.0002238721138568,5.35
cause,0.0002238721138568,5.35
causing,0.0002238721138568,5.35
due,0.0002238721138568,5.35
happiest,0.0002238721138568,5.35
happy,0.0002238721138568,5.35
happier,0.0002238721138568,5.35
humans,0.0002238721138568,5.35
human,0.0002238721138568,5.35
members,0.0002238721138568,5.35
months,0.0002238721138568,5.35
move,0.0002238721138568,5.35
moves,0.0002238721138568,5.35
moved,0.0002238721138568,5.35
moving,0.0002238721138568,5.35
questioning,0.0002238721138568,5.35
questions,0.0002238721138568,5.35
questioned,0.0002238721138568,5.35
question,0.0002238721138568,5.35
r,0.0002238721138568,5.35
series,0.0002238721138568,5.35
waits,0.0002238721138568,5.35
waited,0.0002238721138568,5.35
waiting,0.0002238721138568,5.35
wait,0.0002238721138568,5.35
woman,0.0002238721138568,5.35
00.0,0.0002187761623949,5.34
ask,0.0002187761623949,5.34
asks,0.0002187761623949,5.34
asking,0.0002187761623949,5.34
asked,0.0002187761623949,5.34
community,0.0002187761623949,5.34
communities,0.0002187761623949,5.34
data,0.0002187761623949,5.34
late,0.0002187761623949,5.34
latest,0.0002187761623949,5.34
leaving,0.0002187761623949,5.34
leaves,0.0002187761623949,5.34
leave,0.0002187761623949,5.34
north,0.0002187761623949,5.34
saws,0.0002187761623949,5.34
sawed,0.0002187761623949,5.34
sawing,0.0002187761623949,5.34
sawn,0.0002187761623949,5.34
specials,0.0002187761623949,5.34
special,0.0002187761623949,5.34
watching,0.0002187761623949,5.34
watched,0.0002187761623949,5.34
watches,0.0002187761623949,5.34
watch,0.0002187761623949,5.34
won't,0.0002187761623949,5.34
c,0.0002137962089502,5.33
either,0.0002137962089502,5.33
fucking,0.0002137962089502,5.33
futures,0.0002137962089502,5.33
future,0.0002137962089502,5.33
lightest,0.0002137962089502,5.33
lit,0.0002137962089502,5.33
lights,0.0002137962089502,5.33
lighting,0.0002137962089502,5.33
lighter,0.0002137962089502,5.33
light,0.0002137962089502,5.33
lighted,0.0002137962089502,5.33
low,0.0002137962089502,5.33
lowest,0.0002137962089502,5.33
lower,0.0002137962089502,5.33
lows,0.0002137962089502,5.33
lowed,0.0002137962089502,5.33
lowing,0.0002137962089502,5.33
millions,0.0002137962089502,5.33
million,0.0002137962089502,5.33
mornings,0.0002137962089502,5.33
morning,0.0002137962089502,5.33
policed,0.0002137962089502,5.33
policing,0.0002137962089502,5.33
police,0.0002137962089502,5.33
polices,0.0002137962089502,5.33
shorting,0.0002137962089502,5.33
shorts,0.0002137962089502,5.33
shortest,0.0002137962089502,5.33
shorter,0.0002137962089502,5.33
short,0.0002137962089502,5.33
shorted,0.0002137962089502,5.33
staying,0.0002137962089502,5.33
stay,0.0002137962089502,5.33
stayed,0.0002137962089502,5.33
staid,0.0002137962089502,5.33
staves,0.0002137962089502,5.33
stays,0.0002137962089502,5.33
ages,0.0002089296130854,5.32
aged,0.0002089296130854,5.32
age,0.0002089296130854,5.32
ageing,0.0002089296130854,5.32
aging,0.0002089296130854,5.32
buying,0.0002089296130854,5.32
buy,0.0002089296130854,5.32
bought,0.0002089296130854,5.32
buys,0.0002089296130854,5.32
deals,0.0002089296130854,5.32
deal,0.0002089296130854,5.32
dealt,0.0002089296130854,5.32
dealing,0.0002089296130854,5.32
rather,0.0002089296130854,5.32
reasoned,0.0002089296130854,5.32
reasons,0.0002089296130854,5.32
reasoning,0.0002089296130854,5.32
reason,0.0002089296130854,5.32
reddest,0.0002089296130854,5.32
redder,0.0002089296130854,5.32
red,0.0002089296130854,5.32
reds,0.0002089296130854,5.32
reports,0.0002089296130854,5.32
reported,0.0002089296130854,5.32
reporting,0.0002089296130854,5.32
report,0.0002089296130854,5.32
soonest,0.0002089296130854,5.32
soon,0.0002089296130854,5.32
sooner,0.0002089296130854,5.32
third,0.0002089296130854,5.32
thirded,0.0002089296130854,5.32
thirding,0.0002089296130854,5.32
thirds,0.0002089296130854,5.32
turning,0.0002089296130854,5.32
turned,0.0002089296130854,5.32
turn,0.0002089296130854,5.32
turns,0.0002089296130854,5.32
whether,0.0002089296130854,5.32
among,0.0002041737944669,5.31
checked,0.0002041737944669,5.31
checks,0.0002041737944669,5.31
checking,0.0002041737944669,5.31
check,0.0002041737944669,5.31
development,0.0002041737944669,5.31
developments,0.0002041737944669,5.31
forming,0.0002041737944669,5.31
formed,0.0002041737944669,5.31
forms,0.0002041737944669,5.31
form,0.0002041737944669,5.31
furthering,0.0002041737944669,5.31
furthers,0.0002041737944669,5.31
furthered,0.0002041737944669,5.31
hearts,0.0002041737944669,5.31
heart,0.0002041737944669,5.31
minutes,0.0002041737944669,5.31
myself,0.0002041737944669,5.31
u.s,0.0002041737944669,5.31
yourself,0.0002041737944669,5.31
acting,0.0001995262314968,5.3
act,0.0001995262314968,5.3
acts,0.0001995262314968,5.3
acted,0.0001995262314968,5.3
although,0.0001995262314968,5.3
child,0.0001995262314968,5.3
fired,0.0001995262314968,5.3
firing,0.0001995262314968,5.3
fire,0.0001995262314968,5.3
fires,0.0001995262314968,5.3
fun,0.0001995262314968,5.3
livings,0.0001995262314968,5.3
major,0.0001995262314968,5.3
majoring,0.0001995262314968,5.3
majored,0.0001995262314968,5.3
majors,0.0001995262314968,5.3
media,0.0001995262314968,5.3
phoned,0.0001995262314968,5.3
phones,0.0001995262314968,5.3
phoning,0.0001995262314968,5.3
phone,0.0001995262314968,5.3
players,0.0001995262314968,5.3
arts,0.0001949844599758,5.29
art,0.0001949844599758,5.29
behinds,0.0001949844599758,5.29
behind,0.0001949844599758,5.29
buildings,0.0001949844599758,5.29
building,0.0001949844599758,5.29
easier,0.0001949844599758,5.29
easiest,0.0001949844599758,5.29
easy,0.0001949844599758,5.29
gonna,0.0001949844599758,5.29
markets,0.0001949844599758,5.29
market,0.0001949844599758,5.29
marketed,0.0001949844599758,5.29
marketing,0.0001949844599758,5.29
neared,0.0001949844599758,5.29
nears,0.0001949844599758,5.29
nearing,0.0001949844599758,5.29
nearer,0.0001949844599758,5.29
near,0.0001949844599758,5.29
nearest,0.0001949844599758,5.29
non,0.0001949844599758,5.29
plans,0.0001949844599758,5.29
plan,0.0001949844599758,5.29
planning,0.0001949844599758,5.29
planned,0.0001949844599758,5.29
political,0.0001949844599758,5.29
quite,0.0001949844599758,5.29
six,0.0001949844599758,5.29
west,0.0001949844599758,5.29
0.00,0.0001905460717963,5.28
according,0.0001905460717963,5.28
available,0.0001905460717963,5.28
e,0.0001905460717963,5.28
educations,0.0001905460717963,5.28
education,0.0001905460717963,5.28
finals,0.0001905460717963,5.28
final,0.0001905460717963,5.28
former,0.0001905460717963,5.28
formers,0.0001905460717963,5.28
fronted,0.0001905460717963,5.28
fronts,0.0001905460717963,5.28
front,0.0001905460717963,5.28
fronting,0.0001905460717963,5.28
kids,0.0001905460717963,5.28
lists,0.0001905460717963,5.28
listed,0.0001905460717963,5.28
list,0.0001905460717963,5.28
listing,0.0001905460717963,5.28
readiest,0.0001905460717963,5.28
readied,0.0001905460717963,5.28
ready,0.0001905460717963,5.28
readies,0.0001905460717963,5.28
readying,0.0001905460717963,5.28
readier,0.0001905460717963,5.28
sometimes,0.0001905460717963,5.28
sons,0.0001905460717963,5.28
son,0.0001905460717963,5.28
street,0.0001905460717963,5.28
streets,0.0001905460717963,5.28
wasn't,0.0001905460717963,5.28
bring,0.0001862087136662,5.27
brought,0.0001862087136662,5.27
bringing,0.0001862087136662,5.27
brings,0.0001862087136662,5.27
college,0.0001862087136662,5.27
colleges,0.0001862087136662,5.27
current,0.0001862087136662,5.27
currents,0.0001862087136662,5.27
example,0.0001862087136662,5.27
examples,0.0001862087136662,5.27
experienced,0.0001862087136662,5.27
experiences,0.0001862087136662,5.27
experience,0.0001862087136662,5.27
experiencing,0.0001862087136662,5.27
heard,0.0001862087136662,5.27
london,0.0001862087136662,5.27
meet,0.0001862087136662,5.27
meets,0.0001862087136662,5.27
meeting,0.0001862087136662,5.27
met,0.0001862087136662,5.27
programed,0.0001862087136662,5.27
programing,0.0001862087136662,5.27
programs,0.0001862087136662,5.27
program,0.0001862087136662,5.27
typed,0.0001862087136662,5.27
types,0.0001862087136662,5.27
typing,0.0001862087136662,5.27
type,0.0001862087136662,5.27
babied,0.0001819700858609,5.26
babies,0.0001819700858609,5.26
babying,0.0001819700858609,5.26
baby,0.0001819700858609,5.26
chanced,0.0001819700858609,5.26
chance,0.0001819700858609,5.26
chancing,0.0001819700858609,5.26
chances,0.0001819700858609,5.26
fathering,0.0001819700858609,5.26
father,0.0001819700858609,5.26
fathers,0.0001819700858609,5.26
fathered,0.0001819700858609,5.26
marched,0.0001819700858609,5.26
marching,0.0001819700858609,5.26
march,0.0001819700858609,5.26
marches,0.0001819700858609,5.26
processes,0.0001819700858609,5.26
processed,0.0001819700858609,5.26
processing,0.0001819700858609,5.26
process,0.0001819700858609,5.26
she's,0.0001819700858609,5.26
songs,0.0001819700858609,5.26
song,0.0001819700858609,5.26
studying,0.0001819700858609,5.26
study,0.0001819700858609,5.26
studies,0.0001819700858609,5.26
studied,0.0001819700858609,5.26
wording,0.0001819700858609,5.26
worded,0.0001819700858609,5.26
word,0.0001819700858609,5.26
words,0.0001819700858609,5.26
across,0.0001778279410038,5.25
actioning,0.0001778279410038,5.25
actions,0.0001778279410038,5.25
action,0.0001778279410038,5.25
actioned,0.0001778279410038,5.25
clearing,0.0001778279410038,5.25
clearest,0.0001778279410038,5.25
clearer,0.0001778279410038,5.25
clear,0.0001778279410038,5.25
cleared,0.0001778279410038,5.25
clears,0.0001778279410038,5.25
himself,0.0001778279410038,5.25
month,0.0001778279410038,5.25
outside,0.0001778279410038,5.25
outsides,0.0001778279410038,5.25
selfed,0.0001778279410038,5.25
self,0.0001778279410038,5.25
selfs,0.0001778279410038,5.25
selves,0.0001778279410038,5.25
selfing,0.0001778279410038,5.25
students,0.0001778279410038,5.25
boarding,0.0001737800828749,5.24
boards,0.0001737800828749,5.24
boarded,0.0001737800828749,5.24
board,0.0001737800828749,5.24
costs,0.0001737800828749,5.24
costed,0.0001737800828749,5.24
cost,0.0001737800828749,5.24
costing,0.0001737800828749,5.24
cuts,0.0001737800828749,5.24
cut,0.0001737800828749,5.24
cutting,0.0001737800828749,5.24
dr,0.0001737800828749,5.24
fielding,0.0001737800828749,5.24
fielded,0.0001737800828749,5.24
fields,0.0001737800828749,5.24
field,0.0001737800828749,5.24
held,0.0001737800828749,5.24
instead,0.0001737800828749,5.24
mains,0.0001737800828749,5.24
main,0.0001737800828749,5.24
moment,0.0001737800828749,5.24
moments,0.0001737800828749,5.24
mothered,0.0001737800828749,5.24
mother,0.0001737800828749,5.24
mothers,0.0001737800828749,5.24
mothering,0.0001737800828749,5.24
roads,0.0001737800828749,5.24
road,0.0001737800828749,5.24
seems,0.0001737800828749,5.24
towns,0.0001737800828749,5.24
town,0.0001737800828749,5.24
de,0.0001698243652461,5.23
departments,0.0001698243652461,5.23
department,0.0001698243652461,5.23
energies,0.0001698243652461,5.23
energy,0.0001698243652461,5.23
fights,0.0001698243652461,5.23
fight,0.0001698243652461,5.23
fighting,0.0001698243652461,5.23
fought,0.0001698243652461,5.23
fine,0.0001698243652461,5.23
fines,0.0001698243652461,5.23
finer,0.0001698243652461,5.23
fined,0.0001698243652461,5.23
finest,0.0001698243652461,5.23
fining,0.0001698243652461,5.23
force,0.0001698243652461,5.23
forcing,0.0001698243652461,5.23
forced,0.0001698243652461,5.23
forces,0.0001698243652461,5.23
hear,0.0001698243652461,5.23
hears,0.0001698243652461,5.23
hearing,0.0001698243652461,5.23
issuing,0.0001698243652461,5.23
issued,0.0001698243652461,5.23
issues,0.0001698243652461,5.23
issue,0.0001698243652461,5.23
price,0.0001698243652461,5.23
pricing,0.0001698243652461,5.23
prices,0.0001698243652461,5.23
priced,0.0001698243652461,5.23
re,0.0001698243652461,5.23
rested,0.0001698243652461,5.23
rest,0.0001698243652461,5.23
rests,0.0001698243652461,5.23
resting,0.0001698243652461,5.23
results,0.0001698243652461,5.23
runnings,0.0001698243652461,5.23
spaced,0.0001698243652461,5.23
spaces,0.0001698243652461,5.23
space,0.0001698243652461,5.23
spacing,0.0001698243652461,5.23
summer,0.0001698243652461,5.23
summers,0.0001698243652461,5.23
summered,0.0001698243652461,5.23
summering,0.0001698243652461,5.23
termed,0.0001698243652461,5.23
term,0.0001698243652461,5.23
terming,0.0001698243652461,5.23
terms,0.0001698243652461,5.23
wives,0.0001698243652461,5.23
wife,0.0001698243652461,5.23
0,0.0001659586907437,5.22
america,0.0001659586907437,5.22
beautiful,0.0001659586907437,5.22
dates,0.0001659586907437,5.22
dated,0.0001659586907437,5.22
dating,0.0001659586907437,5.22
date,0.0001659586907437,5.22
killed,0.0001659586907437,5.22
landed,0.0001659586907437,5.22
lands,0.0001659586907437,5.22
landing,0.0001659586907437,5.22
land,0.0001659586907437,5.22
missed,0.0001659586907437,5.22
miss,0.0001659586907437,5.22
missing,0.0001659586907437,5.22
misses,0.0001659586907437,5.22
projecting,0.0001659586907437,5.22
project,0.0001659586907437,5.22
projects,0.0001659586907437,5.22
projected,0.0001659586907437,5.22
sexed,0.0001659586907437,5.22
sexing,0.0001659586907437,5.22
sexes,0.0001659586907437,5.22
sex,0.0001659586907437,5.22
shots,0.0001659586907437,5.22
shot,0.0001659586907437,5.22
siting,0.0001659586907437,5.22
site,0.0001659586907437,5.22
sites,0.0001659586907437,5.22
sited,0.0001659586907437,5.22
strong,0.0001659586907437,5.22
strongest,0.0001659586907437,5.22
stronger,0.0001659586907437,5.22
you'll,0.0001659586907437,5.22
accounting,0.0001621810097358,5.21
accounted,0.0001621810097358,5.21
accounts,0.0001621810097358,5.21
account,0.0001621810097358,5.21
co,0.0001621810097358,5.21
especially,0.0001621810097358,5.21
eyes,0.0001621810097358,5.21
includes,0.0001621810097358,5.21
included,0.0001621810097358,5.21
include,0.0001621810097358,5.21
june,0.0001621810097358,5.21
parents,0.0001621810097358,5.21
period,0.0001621810097358,5.21
periods,0.0001621810097358,5.21
positioned,0.0001621810097358,5.21
positioning,0.0001621810097358,5.21
positions,0.0001621810097358,5.21
position,0.0001621810097358,5.21
recorded,0.0001621810097358,5.21
recording,0.0001621810097358,5.21
records,0.0001621810097358,5.21
record,0.0001621810097358,5.21
similar,0.0001621810097358,5.21
totaling,0.0001621810097358,5.21
totaled,0.0001621810097358,5.21
totals,0.0001621810097358,5.21
total,0.0001621810097358,5.21
totalling,0.0001621810097358,5.21
totalled,0.0001621810097358,5.21
w,0.0001621810097358,5.21
above,0.0001584893192461,5.2
clubbing,0.0001584893192461,5.2
clubs,0.0001584893192461,5.2
clubbed,0.0001584893192461,5.2
club,0.0001584893192461,5.2
common,0.0001584893192461,5.2
commons,0.0001584893192461,5.2
commoner,0.0001584893192461,5.2
commonest,0.0001584893192461,5.2
died,0.0001584893192461,5.2
films,0.0001584893192461,5.2
filming,0.0001584893192461,5.2
film,0.0001584893192461,5.2
filmed,0.0001584893192461,5.2
happened,0.0001584893192461,5.2
leading,0.0001584893192461,5.2
lead,0.0001584893192461,5.2
leads,0.0001584893192461,5.2
led,0.0001584893192461,5.2
likelier,0.0001584893192461,5.2
likely,0.0001584893192461,5.2
likeliest,0.0001584893192461,5.2
militaries,0.0001584893192461,5.2
military,0.0001584893192461,5.2
perfect,0.0001584893192461,5.2
perfecting,0.0001584893192461,5.2
perfected,0.0001584893192461,5.2
perfects,0.0001584893192461,5.2
personals,0.0001584893192461,5.2
personal,0.0001584893192461,5.2
securities,0.0001584893192461,5.2
security,0.0001584893192461,5.2
shares,0.0001584893192461,5.2
sharing,0.0001584893192461,5.2
share,0.0001584893192461,5.2
shared,0.0001584893192461,5.2
st,0.0001584893192461,5.2
tv,0.0001584893192461,5.2
what's,0.0001584893192461,5.2
x,0.0001584893192461,5.2
april,0.0001548816618912,5.19
centers,0.0001548816618912,5.19
center,0.0001548816618912,5.19
centering,0.0001548816618912,5.19
centered,0.0001548816618912,5.19
county,0.0001548816618912,5.19
couples,0.0001548816618912,5.19
couple,0.0001548816618912,5.19
coupled,0.0001548816618912,5.19
coupling,0.0001548816618912,5.19
deadest,0.0001548816618912,5.19
deader,0.0001548816618912,5.19
dead,0.0001548816618912,5.19
english,0.0001548816618912,5.19
happening,0.0001548816618912,5.19
happens,0.0001548816618912,5.19
happen,0.0001548816618912,5.19
holds,0.0001548816618912,5.19
hold,0.0001548816618912,5.19
holding,0.0001548816618912,5.19
industries,0.0001548816618912,5.19
industry,0.0001548816618912,5.19
inside,0.0001548816618912,5.19
insides,0.0001548816618912,5.19
online,0.0001548816618912,5.19
player,0.0001548816618912,5.19
privates,0.0001548816618912,5.19
private,0.0001548816618912,5.19
return,0.0001548816618912,5.19
returns,0.0001548816618912,5.19
returning,0.0001548816618912,5.19
returned,0.0001548816618912,5.19
sensed,0.0001548816618912,5.19
sense,0.0001548816618912,5.19
senses,0.0001548816618912,5.19
sensing,0.0001548816618912,5.19
star,0.0001548816618912,5.19
starring,0.0001548816618912,5.19
stars,0.0001548816618912,5.19
starred,0.0001548816618912,5.19
test,0.0001548816618912,5.19
testing,0.0001548816618912,5.19
tests,0.0001548816618912,5.19
tested,0.0001548816618912,5.19
viewed,0.0001548816618912,5.19
view,0.0001548816618912,5.19
viewing,0.0001548816618912,5.19
views,0.0001548816618912,5.19
"000,000",0.0001513561248436,5.18
broken,0.0001513561248436,5.18
broke,0.0001513561248436,5.18
breaks,0.0001513561248436,5.18
breaking,0.0001513561248436,5.18
break,0.0001513561248436,5.18
british,0.0001513561248436,5.18
event,0.0001513561248436,5.18
events,0.0001513561248436,5.18
hour,0.0001513561248436,5.18
l,0.0001513561248436,5.18
member,0.0001513561248436,5.18
middle,0.0001513561248436,5.18
middled,0.0001513561248436,5.18
middles,0.0001513561248436,5.18
middling,0.0001513561248436,5.18
presents,0.0001513561248436,5.18
presented,0.0001513561248436,5.18
present,0.0001513561248436,5.18
presenting,0.0001513561248436,5.18
resulted,0.0001513561248436,5.18
result,0.0001513561248436,5.18
resulting,0.0001513561248436,5.18
sorriest,0.0001513561248436,5.18
sorrier,0.0001513561248436,5.18
sorry,0.0001513561248436,5.18
trainings,0.0001513561248436,5.18
training,0.0001513561248436,5.18
wish,0.0001513561248436,5.18
wished,0.0001513561248436,5.18
wishing,0.0001513561248436,5.18
wishes,0.0001513561248436,5.18
wouldn't,0.0001513561248436,5.18
answered,0.0001479108388168,5.17
answer,0.0001479108388168,5.17
answers,0.0001479108388168,5.17
answering,0.0001479108388168,5.17
boy,0.0001479108388168,5.17
boys,0.0001479108388168,5.17
designing,0.0001479108388168,5.17
designs,0.0001479108388168,5.17
designed,0.0001479108388168,5.17
design,0.0001479108388168,5.17
finally,0.0001479108388168,5.17
gold,0.0001479108388168,5.17
golds,0.0001479108388168,5.17
guessed,0.0001479108388168,5.17
guesses,0.0001479108388168,5.17
guess,0.0001479108388168,5.17
guessing,0.0001479108388168,5.17
interests,0.0001479108388168,5.17
interesting,0.0001479108388168,5.17
interested,0.0001479108388168,5.17
interest,0.0001479108388168,5.17
july,0.0001479108388168,5.17
kinging,0.0001479108388168,5.17
kinged,0.0001479108388168,5.17
king,0.0001479108388168,5.17
kings,0.0001479108388168,5.17
learnt,0.0001479108388168,5.17
learning,0.0001479108388168,5.17
learn,0.0001479108388168,5.17
learns,0.0001479108388168,5.17
learned,0.0001479108388168,5.17
policies,0.0001479108388168,5.17
policy,0.0001479108388168,5.17
society,0.0001479108388168,5.17
societies,0.0001479108388168,5.17
added,0.0001445439770745,5.16
al,0.0001445439770745,5.16
alone,0.0001445439770745,5.16
average,0.0001445439770745,5.16
averaged,0.0001445439770745,5.16
averages,0.0001445439770745,5.16
averaging,0.0001445439770745,5.16
bank,0.0001445439770745,5.16
banks,0.0001445439770745,5.16
banking,0.0001445439770745,5.16
banked,0.0001445439770745,5.16
certain,0.0001445439770745,5.16
churches,0.0001445439770745,5.16
church,0.0001445439770745,5.16
east,0.0001445439770745,5.16
hotting,0.0001445439770745,5.16
hotter,0.0001445439770745,5.16
hotted,0.0001445439770745,5.16
hot,0.0001445439770745,5.16
hots,0.0001445439770745,5.16
hottest,0.0001445439770745,5.16
let's,0.0001445439770745,5.16
medicals,0.0001445439770745,5.16
medical,0.0001445439770745,5.16
movies,0.0001445439770745,5.16
movie,0.0001445439770745,5.16
originals,0.0001445439770745,5.16
original,0.0001445439770745,5.16
parks,0.0001445439770745,5.16
park,0.0001445439770745,5.16
parked,0.0001445439770745,5.16
parking,0.0001445439770745,5.16
performances,0.0001445439770745,5.16
performance,0.0001445439770745,5.16
pressed,0.0001445439770745,5.16
pressing,0.0001445439770745,5.16
press,0.0001445439770745,5.16
presses,0.0001445439770745,5.16
received,0.0001445439770745,5.16
roles,0.0001445439770745,5.16
role,0.0001445439770745,5.16
sent,0.0001445439770745,5.16
themselves,0.0001445439770745,5.16
worth,0.0001445439770745,5.16
bills,0.0001412537544622,5.15
billing,0.0001412537544622,5.15
billed,0.0001412537544622,5.15
bill,0.0001412537544622,5.15
cooling,0.0001412537544622,5.15
cools,0.0001412537544622,5.15
cooler,0.0001412537544622,5.15
coolest,0.0001412537544622,5.15
cool,0.0001412537544622,5.15
cooled,0.0001412537544622,5.15
directors,0.0001412537544622,5.15
director,0.0001412537544622,5.15
exactly,0.0001412537544622,5.15
grounds,0.0001412537544622,5.15
ground,0.0001412537544622,5.15
grounded,0.0001412537544622,5.15
grounding,0.0001412537544622,5.15
meetings,0.0001412537544622,5.15
n,0.0001412537544622,5.15
provides,0.0001412537544622,5.15
provide,0.0001412537544622,5.15
providing,0.0001412537544622,5.15
provided,0.0001412537544622,5.15
relationship,0.0001412537544622,5.15
relationships,0.0001412537544622,5.15
september,0.0001412537544622,5.15
sounder,0.0001412537544622,5.15
sounded,0.0001412537544622,5.15
sounds,0.0001412537544622,5.15
sound,0.0001412537544622,5.15
sounding,0.0001412537544622,5.15
soundest,0.0001412537544622,5.15
source,0.0001412537544622,5.15
sourcing,0.0001412537544622,5.15
sourced,0.0001412537544622,5.15
sources,0.0001412537544622,5.15
usually,0.0001412537544622,5.15
values,0.0001412537544622,5.15
valuing,0.0001412537544622,5.15
value,0.0001412537544622,5.15
valued,0.0001412537544622,5.15
evidencing,0.0001380384264602,5.14
evidences,0.0001380384264602,5.14
evidence,0.0001380384264602,5.14
evidenced,0.0001380384264602,5.14
follows,0.0001380384264602,5.14
followed,0.0001380384264602,5.14
follow,0.0001380384264602,5.14
officials,0.0001380384264602,5.14
official,0.0001380384264602,5.14
ok,0.0001380384264602,5.14
production,0.0001380384264602,5.14
productions,0.0001380384264602,5.14
rate,0.0001380384264602,5.14
rating,0.0001380384264602,5.14
rated,0.0001380384264602,5.14
rates,0.0001380384264602,5.14
readings,0.0001380384264602,5.14
roundest,0.0001380384264602,5.14
rounds,0.0001380384264602,5.14
rounder,0.0001380384264602,5.14
rounded,0.0001380384264602,5.14
rounding,0.0001380384264602,5.14
round,0.0001380384264602,5.14
saving,0.0001380384264602,5.14
saved,0.0001380384264602,5.14
saves,0.0001380384264602,5.14
save,0.0001380384264602,5.14
standing,0.0001380384264602,5.14
stand,0.0001380384264602,5.14
stands,0.0001380384264602,5.14
stood,0.0001380384264602,5.14
stuffed,0.0001380384264602,5.14
stuffing,0.0001380384264602,5.14
stuffs,0.0001380384264602,5.14
stuff,0.0001380384264602,5.14
taxes,0.0001380384264602,5.14
taxed,0.0001380384264602,5.14
taxing,0.0001380384264602,5.14
tax,0.0001380384264602,5.14
whatever,0.0001380384264602,5.14
amounted,0.0001348962882591,5.13
amount,0.0001348962882591,5.13
amounting,0.0001348962882591,5.13
amounts,0.0001348962882591,5.13
blued,0.0001348962882591,5.13
blueer,0.0001348962882591,5.13
blue,0.0001348962882591,5.13
blues,0.0001348962882591,5.13
bluing,0.0001348962882591,5.13
blueing,0.0001348962882591,5.13
blueest,0.0001348962882591,5.13
david,0.0001348962882591,5.13
driven,0.0001348962882591,5.13
drove,0.0001348962882591,5.13
driving,0.0001348962882591,5.13
drive,0.0001348962882591,5.13
drives,0.0001348962882591,5.13
eaten,0.0001348962882591,5.13
ate,0.0001348962882591,5.13
eating,0.0001348962882591,5.13
eat,0.0001348962882591,5.13
eats,0.0001348962882591,5.13
fallen,0.0001348962882591,5.13
falling,0.0001348962882591,5.13
falls,0.0001348962882591,5.13
fell,0.0001348962882591,5.13
fall,0.0001348962882591,5.13
fastest,0.0001348962882591,5.13
faster,0.0001348962882591,5.13
fasted,0.0001348962882591,5.13
fasting,0.0001348962882591,5.13
fast,0.0001348962882591,5.13
fasts,0.0001348962882591,5.13
federals,0.0001348962882591,5.13
federal,0.0001348962882591,5.13
feelings,0.0001348962882591,5.13
felts,0.0001348962882591,5.13
greenest,0.0001348962882591,5.13
greener,0.0001348962882591,5.13
greened,0.0001348962882591,5.13
greens,0.0001348962882591,5.13
greening,0.0001348962882591,5.13
green,0.0001348962882591,5.13
leagues,0.0001348962882591,5.13
leagued,0.0001348962882591,5.13
league,0.0001348962882591,5.13
leaguing,0.0001348962882591,5.13
managements,0.0001348962882591,5.13
management,0.0001348962882591,5.13
matched,0.0001348962882591,5.13
matching,0.0001348962882591,5.13
match,0.0001348962882591,5.13
matches,0.0001348962882591,5.13
modelled,0.0001348962882591,5.13
models,0.0001348962882591,5.13
modeling,0.0001348962882591,5.13
modeled,0.0001348962882591,5.13
modelling,0.0001348962882591,5.13
model,0.0001348962882591,5.13
p,0.0001348962882591,5.13
picture,0.0001348962882591,5.13
picturing,0.0001348962882591,5.13
pictured,0.0001348962882591,5.13
pictures,0.0001348962882591,5.13
sizes,0.0001348962882591,5.13
sized,0.0001348962882591,5.13
sizing,0.0001348962882591,5.13
size,0.0001348962882591,5.13
stepping,0.0001348962882591,5.13
steps,0.0001348962882591,5.13
step,0.0001348962882591,5.13
stepped,0.0001348962882591,5.13
trusts,0.0001348962882591,5.13
trusting,0.0001348962882591,5.13
trust,0.0001348962882591,5.13
trusted,0.0001348962882591,5.13
you've,0.0001348962882591,5.13
central,0.0001318256738556,5.12
centrals,0.0001318256738556,5.12
england,0.0001318256738556,5.12
forwarding,0.0001318256738556,5.12
forwards,0.0001318256738556,5.12
forwarded,0.0001318256738556,5.12
forward,0.0001318256738556,5.12
hey,0.0001318256738556,5.12
keyed,0.0001318256738556,5.12
keying,0.0001318256738556,5.12
keys,0.0001318256738556,5.12
key,0.0001318256738556,5.12
mom,0.0001318256738556,5.12
moms,0.0001318256738556,5.12
o,0.0001318256738556,5.12
paging,0.0001318256738556,5.12
page,0.0001318256738556,5.12
pages,0.0001318256738556,5.12
paged,0.0001318256738556,5.12
ranged,0.0001318256738556,5.12
ranges,0.0001318256738556,5.12
range,0.0001318256738556,5.12
ranging,0.0001318256738556,5.12
reviewing,0.0001318256738556,5.12
reviewed,0.0001318256738556,5.12
reviews,0.0001318256738556,5.12
review,0.0001318256738556,5.12
science,0.0001318256738556,5.12
sciences,0.0001318256738556,5.12
trading,0.0001318256738556,5.12
trade,0.0001318256738556,5.12
traded,0.0001318256738556,5.12
trades,0.0001318256738556,5.12
uk,0.0001318256738556,5.12
upon,0.0001318256738556,5.12
various,0.0001318256738556,5.12
attention,0.0001288249551693,5.11
attentions,0.0001288249551693,5.11
brother,0.0001288249551693,5.11
brothers,0.0001288249551693,5.11
cannot,0.0001288249551693,5.11
characters,0.0001288249551693,5.11
character,0.0001288249551693,5.11
chiefs,0.0001288249551693,5.11
chief,0.0001288249551693,5.11
cupping,0.0001288249551693,5.11
cupped,0.0001288249551693,5.11
cups,0.0001288249551693,5.11
cup,0.0001288249551693,5.11
football,0.0001288249551693,5.11
footballs,0.0001288249551693,5.11
hated,0.0001288249551693,5.11
hating,0.0001288249551693,5.11
hates,0.0001288249551693,5.11
hate,0.0001288249551693,5.11
haven't,0.0001288249551693,5.11
james,0.0001288249551693,5.11
lowers,0.0001288249551693,5.11
lowering,0.0001288249551693,5.11
lowered,0.0001288249551693,5.11
naturals,0.0001288249551693,5.11
natural,0.0001288249551693,5.11
october,0.0001288249551693,5.11
property,0.0001288249551693,5.11
properties,0.0001288249551693,5.11
qualities,0.0001288249551693,5.11
quality,0.0001288249551693,5.11
send,0.0001288249551693,5.11
sending,0.0001288249551693,5.11
sends,0.0001288249551693,5.11
style,0.0001288249551693,5.11
styles,0.0001288249551693,5.11
styling,0.0001288249551693,5.11
styled,0.0001288249551693,5.11
u,0.0001288249551693,5.11
voted,0.0001288249551693,5.11
voting,0.0001288249551693,5.11
vote,0.0001288249551693,5.11
votes,0.0001288249551693,5.11
00.00,0.0001258925411794,5.1
amazing,0.0001258925411794,5.1
august,0.0001258925411794,5.1
bloods,0.0001258925411794,5.1
blooded,0.0001258925411794,5.1
blooding,0.0001258925411794,5.1
blood,0.0001258925411794,5.1
chinas,0.0001258925411794,5.1
china,0.0001258925411794,5.1
completes,0.0001258925411794,5.1
completing,0.0001258925411794,5.1
completed,0.0001258925411794,5.1
complete,0.0001258925411794,5.1
dogged,0.0001258925411794,5.1
dogging,0.0001258925411794,5.1
dog,0.0001258925411794,5.1
dogs,0.0001258925411794,5.1
economic,0.0001258925411794,5.1
hells,0.0001258925411794,5.1
hell,0.0001258925411794,5.1
involved,0.0001258925411794,5.1
itself,0.0001258925411794,5.1
languages,0.0001258925411794,5.1
language,0.0001258925411794,5.1
languaging,0.0001258925411794,5.1
languaged,0.0001258925411794,5.1
lording,0.0001258925411794,5.1
lorded,0.0001258925411794,5.1
lord,0.0001258925411794,5.1
lords,0.0001258925411794,5.1
november,0.0001258925411794,5.1
oiled,0.0001258925411794,5.1
oiling,0.0001258925411794,5.1
oils,0.0001258925411794,5.1
oil,0.0001258925411794,5.1
related,0.0001258925411794,5.1
serious,0.0001258925411794,5.1
staged,0.0001258925411794,5.1
stage,0.0001258925411794,5.1
stages,0.0001258925411794,5.1
staging,0.0001258925411794,5.1
titled,0.0001258925411794,5.1
title,0.0001258925411794,5.1
titles,0.0001258925411794,5.1
titling,0.0001258925411794,5.1
adds,0.0001230268770812,5.09
add,0.0001230268770812,5.09
adding,0.0001230268770812,5.09
article,0.0001230268770812,5.09
articles,0.0001230268770812,5.09
articling,0.0001230268770812,5.09
articled,0.0001230268770812,5.09
attacks,0.0001230268770812,5.09
attacking,0.0001230268770812,5.09
attacked,0.0001230268770812,5.09
attack,0.0001230268770812,5.09
born,0.0001230268770812,5.09
couldn't,0.0001230268770812,5.09
damn,0.0001230268770812,5.09
damns,0.0001230268770812,5.09
damned,0.0001230268770812,5.09
damning,0.0001230268770812,5.09
decided,0.0001230268770812,5.09
decision,0.0001230268770812,5.09
decisions,0.0001230268770812,5.09
enjoy,0.0001230268770812,5.09
enjoys,0.0001230268770812,5.09
enjoyed,0.0001230268770812,5.09
enjoying,0.0001230268770812,5.09
entire,0.0001230268770812,5.09
french,0.0001230268770812,5.09
january,0.0001230268770812,5.09
kill,0.0001230268770812,5.09
killing,0.0001230268770812,5.09
kills,0.0001230268770812,5.09
perhaps,0.0001230268770812,5.09
poorer,0.0001230268770812,5.09
poor,0.0001230268770812,5.09
poorest,0.0001230268770812,5.09
released,0.0001230268770812,5.09
releasing,0.0001230268770812,5.09
releases,0.0001230268770812,5.09
release,0.0001230268770812,5.09
situations,0.0001230268770812,5.09
situation,0.0001230268770812,5.09
technology,0.0001230268770812,5.09
technologies,0.0001230268770812,5.09
website,0.0001230268770812,5.09
written,0.0001230268770812,5.09
choicer,0.0001202264434617,5.08
choicest,0.0001202264434617,5.08
choice,0.0001202264434617,5.08
choices,0.0001202264434617,5.08
coded,0.0001202264434617,5.08
coding,0.0001202264434617,5.08
code,0.0001202264434617,5.08
codes,0.0001202264434617,5.08
considered,0.0001202264434617,5.08
continue,0.0001202264434617,5.08
continuing,0.0001202264434617,5.08
continues,0.0001202264434617,5.08
continued,0.0001202264434617,5.08
council,0.0001202264434617,5.08
councils,0.0001202264434617,5.08
covers,0.0001202264434617,5.08
cover,0.0001202264434617,5.08
covering,0.0001202264434617,5.08
covered,0.0001202264434617,5.08
currently,0.0001202264434617,5.08
door,0.0001202264434617,5.08
doors,0.0001202264434617,5.08
election,0.0001202264434617,5.08
elections,0.0001202264434617,5.08
european,0.0001202264434617,5.08
f,0.0001202264434617,5.08
financial,0.0001202264434617,5.08
foreign,0.0001202264434617,5.08
hair,0.0001202264434617,5.08
hairs,0.0001202264434617,5.08
increased,0.0001202264434617,5.08
increase,0.0001202264434617,5.08
increases,0.0001202264434617,5.08
increasing,0.0001202264434617,5.08
legal,0.0001202264434617,5.08
losing,0.0001202264434617,5.08
loses,0.0001202264434617,5.08
lose,0.0001202264434617,5.08
michael,0.0001202264434617,5.08
pick,0.0001202264434617,5.08
picking,0.0001202264434617,5.08
picks,0.0001202264434617,5.08
picked,0.0001202264434617,5.08
races,0.0001202264434617,5.08
race,0.0001202264434617,5.08
racing,0.0001202264434617,5.08
raced,0.0001202264434617,5.08
seeming,0.0001202264434617,5.08
seemed,0.0001202264434617,5.08
seem,0.0001202264434617,5.08
seven,0.0001202264434617,5.08
sign,0.0001202264434617,5.08
signs,0.0001202264434617,5.08
signed,0.0001202264434617,5.08
signing,0.0001202264434617,5.08
simples,0.0001202264434617,5.08
simplest,0.0001202264434617,5.08
simpler,0.0001202264434617,5.08
simple,0.0001202264434617,5.08
simply,0.0001202264434617,5.08
staffs,0.0001202264434617,5.08
staff,0.0001202264434617,5.08
staffed,0.0001202264434617,5.08
staffing,0.0001202264434617,5.08
supers,0.0001202264434617,5.08
super,0.0001202264434617,5.08
unions,0.0001202264434617,5.08
union,0.0001202264434617,5.08
walking,0.0001202264434617,5.08
walked,0.0001202264434617,5.08
walk,0.0001202264434617,5.08
walks,0.0001202264434617,5.08
washington,0.0001202264434617,5.08
beds,0.0001174897554939,5.07
bedding,0.0001174897554939,5.07
bed,0.0001174897554939,5.07
bedded,0.0001174897554939,5.07
began,0.0001174897554939,5.07
built,0.0001174897554939,5.07
careered,0.0001174897554939,5.07
careering,0.0001174897554939,5.07
career,0.0001174897554939,5.07
careers,0.0001174897554939,5.07
crazier,0.0001174897554939,5.07
craziest,0.0001174897554939,5.07
crazy,0.0001174897554939,5.07
daily,0.0001174897554939,5.07
dailies,0.0001174897554939,5.07
daughters,0.0001174897554939,5.07
daughter,0.0001174897554939,5.07
december,0.0001174897554939,5.07
dies,0.0001174897554939,5.07
dice,0.0001174897554939,5.07
die,0.0001174897554939,5.07
dying,0.0001174897554939,5.07
difficult,0.0001174897554939,5.07
figures,0.0001174897554939,5.07
figured,0.0001174897554939,5.07
figuring,0.0001174897554939,5.07
figure,0.0001174897554939,5.07
hospitals,0.0001174897554939,5.07
hospital,0.0001174897554939,5.07
losses,0.0001174897554939,5.07
loss,0.0001174897554939,5.07
moderner,0.0001174897554939,5.07
modernest,0.0001174897554939,5.07
moderns,0.0001174897554939,5.07
modern,0.0001174897554939,5.07
papering,0.0001174897554939,5.07
paper,0.0001174897554939,5.07
papered,0.0001174897554939,5.07
papers,0.0001174897554939,5.07
popular,0.0001174897554939,5.07
published,0.0001174897554939,5.07
safest,0.0001174897554939,5.07
safing,0.0001174897554939,5.07
safer,0.0001174897554939,5.07
safes,0.0001174897554939,5.07
safed,0.0001174897554939,5.07
safe,0.0001174897554939,5.07
versioning,0.0001174897554939,5.07
version,0.0001174897554939,5.07
versions,0.0001174897554939,5.07
versioned,0.0001174897554939,5.07
voicing,0.0001174897554939,5.07
voiced,0.0001174897554939,5.07
voice,0.0001174897554939,5.07
voices,0.0001174897554939,5.07
whose,0.0001174897554939,5.07
writing,0.0001174897554939,5.07
armies,0.0001148153621496,5.06
army,0.0001148153621496,5.06
australia,0.0001148153621496,5.06
earth,0.0001148153621496,5.06
earths,0.0001148153621496,5.06
earthing,0.0001148153621496,5.06
earthed,0.0001148153621496,5.06
forgets,0.0001148153621496,5.06
forgotten,0.0001148153621496,5.06
forgot,0.0001148153621496,5.06
forgetting,0.0001148153621496,5.06
forget,0.0001148153621496,5.06
goal,0.0001148153621496,5.06
goals,0.0001148153621496,5.06
h,0.0001148153621496,5.06
huger,0.0001148153621496,5.06
huge,0.0001148153621496,5.06
hugest,0.0001148153621496,5.06
internets,0.0001148153621496,5.06
internet,0.0001148153621496,5.06
listen,0.0001148153621496,5.06
listened,0.0001148153621496,5.06
listening,0.0001148153621496,5.06
listens,0.0001148153621496,5.06
okay,0.0001148153621496,5.06
okaying,0.0001148153621496,5.06
okayed,0.0001148153621496,5.06
o.k.'d,0.0001148153621496,5.06
o.k.'s,0.0001148153621496,5.06
ok'd,0.0001148153621496,5.06
o.k.'ing,0.0001148153621496,5.06
ok'ing,0.0001148153621496,5.06
ok's,0.0001148153621496,5.06
okays,0.0001148153621496,5.06
practice,0.0001148153621496,5.06
practices,0.0001148153621496,5.06
practicing,0.0001148153621496,5.06
practiced,0.0001148153621496,5.06
rules,0.0001148153621496,5.06
sea,0.0001148153621496,5.06
seas,0.0001148153621496,5.06
sirs,0.0001148153621496,5.06
sir,0.0001148153621496,5.06
success,0.0001148153621496,5.06
successes,0.0001148153621496,5.06
towards,0.0001148153621496,5.06
v,0.0001148153621496,5.06
access,0.0001122018454301,5.05
accessing,0.0001122018454301,5.05
accessed,0.0001122018454301,5.05
accesses,0.0001122018454301,5.05
aren't,0.0001122018454301,5.05
baser,0.0001122018454301,5.05
basest,0.0001122018454301,5.05
base,0.0001122018454301,5.05
basing,0.0001122018454301,5.05
bases,0.0001122018454301,5.05
below,0.0001122018454301,5.05
created,0.0001122018454301,5.05
deeper,0.0001122018454301,5.05
deepest,0.0001122018454301,5.05
deep,0.0001122018454301,5.05
la,0.0001122018454301,5.05
lol,0.0001122018454301,5.05
mark,0.0001122018454301,5.05
marking,0.0001122018454301,5.05
marks,0.0001122018454301,5.05
marked,0.0001122018454301,5.05
offers,0.0001122018454301,5.05
offering,0.0001122018454301,5.05
offered,0.0001122018454301,5.05
offer,0.0001122018454301,5.05
passing,0.0001122018454301,5.05
pass,0.0001122018454301,5.05
passes,0.0001122018454301,5.05
passed,0.0001122018454301,5.05
professional,0.0001122018454301,5.05
professionals,0.0001122018454301,5.05
risks,0.0001122018454301,5.05
risked,0.0001122018454301,5.05
risk,0.0001122018454301,5.05
risking,0.0001122018454301,5.05
sleeps,0.0001122018454301,5.05
sleep,0.0001122018454301,5.05
sleeping,0.0001122018454301,5.05
slept,0.0001122018454301,5.05
tables,0.0001122018454301,5.05
table,0.0001122018454301,5.05
tabled,0.0001122018454301,5.05
tabling,0.0001122018454301,5.05
ten,0.0001122018454301,5.05
truth,0.0001122018454301,5.05
truths,0.0001122018454301,5.05
balled,0.0001096478196143,5.04
balls,0.0001096478196143,5.04
balling,0.0001096478196143,5.04
ball,0.0001096478196143,5.04
box,0.0001096478196143,5.04
boxed,0.0001096478196143,5.04
boxes,0.0001096478196143,5.04
boxing,0.0001096478196143,5.04
builds,0.0001096478196143,5.04
build,0.0001096478196143,5.04
cards,0.0001096478196143,5.04
card,0.0001096478196143,5.04
carding,0.0001096478196143,5.04
carded,0.0001096478196143,5.04
darker,0.0001096478196143,5.04
dark,0.0001096478196143,5.04
darkest,0.0001096478196143,5.04
districts,0.0001096478196143,5.04
district,0.0001096478196143,5.04
europe,0.0001096478196143,5.04
george,0.0001096478196143,5.04
india,0.0001096478196143,5.04
mines,0.0001096478196143,5.04
mined,0.0001096478196143,5.04
mine,0.0001096478196143,5.04
mining,0.0001096478196143,5.04
ministered,0.0001096478196143,5.04
ministers,0.0001096478196143,5.04
minister,0.0001096478196143,5.04
ministering,0.0001096478196143,5.04
noting,0.0001096478196143,5.04
noted,0.0001096478196143,5.04
notes,0.0001096478196143,5.04
note,0.0001096478196143,5.04
percent,0.0001096478196143,5.04
percents,0.0001096478196143,5.04
piece,0.0001096478196143,5.04
pieced,0.0001096478196143,5.04
piecing,0.0001096478196143,5.04
pieces,0.0001096478196143,5.04
products,0.0001096478196143,5.04
recent,0.0001096478196143,5.04
straights,0.0001096478196143,5.04
straight,0.0001096478196143,5.04
straightest,0.0001096478196143,5.04
straighter,0.0001096478196143,5.04
visit,0.0001096478196143,5.04
visits,0.0001096478196143,5.04
visited,0.0001096478196143,5.04
visiting,0.0001096478196143,5.04
walling,0.0001096478196143,5.04
walled,0.0001096478196143,5.04
walls,0.0001096478196143,5.04
wall,0.0001096478196143,5.04
wanna,0.0001096478196143,5.04
we've,0.0001096478196143,5.04
wrote,0.0001096478196143,5.04
allowed,0.0001071519305237,5.03
culturing,0.0001071519305237,5.03
cultured,0.0001071519305237,5.03
cultures,0.0001071519305237,5.03
culture,0.0001071519305237,5.03
etc,0.0001071519305237,5.03
fans,0.0001071519305237,5.03
february,0.0001071519305237,5.03
growths,0.0001071519305237,5.03
growth,0.0001071519305237,5.03
marrieds,0.0001071519305237,5.03
married,0.0001071519305237,5.03
officer,0.0001071519305237,5.03
officers,0.0001071519305237,5.03
pain,0.0001071519305237,5.03
paining,0.0001071519305237,5.03
pained,0.0001071519305237,5.03
pains,0.0001071519305237,5.03
paul,0.0001071519305237,5.03
respects,0.0001071519305237,5.03
respecting,0.0001071519305237,5.03
respect,0.0001071519305237,5.03
respected,0.0001071519305237,5.03
response,0.0001071519305237,5.03
responses,0.0001071519305237,5.03
river,0.0001071519305237,5.03
rivers,0.0001071519305237,5.03
rocked,0.0001071519305237,5.03
rocks,0.0001071519305237,5.03
rock,0.0001071519305237,5.03
rocking,0.0001071519305237,5.03
shall,0.0001071519305237,5.03
speaks,0.0001071519305237,5.03
speaking,0.0001071519305237,5.03
spoken,0.0001071519305237,5.03
spoke,0.0001071519305237,5.03
speak,0.0001071519305237,5.03
specific,0.0001071519305237,5.03
specifics,0.0001071519305237,5.03
standards,0.0001071519305237,5.03
standard,0.0001071519305237,5.03
tonight,0.0001071519305237,5.03
writes,0.0001071519305237,5.03
write,0.0001071519305237,5.03
y,0.0001071519305237,5.03
albums,0.000104712854805,5.02
album,0.000104712854805,5.02
century,0.000104712854805,5.02
centuries,0.000104712854805,5.02
charged,0.000104712854805,5.02
charge,0.000104712854805,5.02
charges,0.000104712854805,5.02
charging,0.000104712854805,5.02
cold,0.000104712854805,5.02
colder,0.000104712854805,5.02
coldest,0.000104712854805,5.02
colds,0.000104712854805,5.02
creating,0.000104712854805,5.02
creates,0.000104712854805,5.02
create,0.000104712854805,5.02
effecting,0.000104712854805,5.02
effect,0.000104712854805,5.02
effects,0.000104712854805,5.02
effected,0.000104712854805,5.02
eight,0.000104712854805,5.02
excepts,0.000104712854805,5.02
excepting,0.000104712854805,5.02
excepted,0.000104712854805,5.02
except,0.000104712854805,5.02
eyeing,0.000104712854805,5.02
eye,0.000104712854805,5.02
eyed,0.000104712854805,5.02
eying,0.000104712854805,5.02
funniest,0.000104712854805,5.02
funnier,0.000104712854805,5.02
funny,0.000104712854805,5.02
ii,0.000104712854805,5.02
limited,0.000104712854805,5.02
networks,0.000104712854805,5.02
networking,0.000104712854805,5.02
network,0.000104712854805,5.02
networked,0.000104712854805,5.02
peace,0.000104712854805,5.02
recently,0.000104712854805,5.02
required,0.000104712854805,5.02
sales,0.000104712854805,5.02
spent,0.000104712854805,5.02
store,0.000104712854805,5.02
storing,0.000104712854805,5.02
stores,0.000104712854805,5.02
stored,0.000104712854805,5.02
student,0.000104712854805,5.02
tomorrow,0.000104712854805,5.02
tomorrows,0.000104712854805,5.02
tracks,0.000104712854805,5.02
tracked,0.000104712854805,5.02
track,0.000104712854805,5.02
tracking,0.000104712854805,5.02
viae,0.000104712854805,5.02
via,0.000104712854805,5.02
weighted,0.000104712854805,5.02
weighting,0.000104712854805,5.02
weights,0.000104712854805,5.02
weight,0.000104712854805,5.02
addition,0.000102329299228,5.01
additions,0.000102329299228,5.01
ahead,0.000102329299228,5.01
allow,0.000102329299228,5.01
allowing,0.000102329299228,5.01
allows,0.000102329299228,5.01
anti,0.000102329299228,5.01
antis,0.000102329299228,5.01
association,0.000102329299228,5.01
associations,0.000102329299228,5.01
beaten,0.000102329299228,5.01
beats,0.000102329299228,5.01
beat,0.000102329299228,5.01
beating,0.000102329299228,5.01
brownest,0.000102329299228,5.01
brown,0.000102329299228,5.01
browning,0.000102329299228,5.01
browns,0.000102329299228,5.01
browner,0.000102329299228,5.01
browned,0.000102329299228,5.01
capitals,0.000102329299228,5.01
capital,0.000102329299228,5.01
chinese,0.000102329299228,5.01
committees,0.000102329299228,5.01
committee,0.000102329299228,5.01
conferences,0.000102329299228,5.01
conference,0.000102329299228,5.01
difference,0.000102329299228,5.01
differences,0.000102329299228,5.01
double,0.000102329299228,5.01
doubled,0.000102329299228,5.01
doubling,0.000102329299228,5.01
doubles,0.000102329299228,5.01
expects,0.000102329299228,5.01
expect,0.000102329299228,5.01
expected,0.000102329299228,5.01
expecting,0.000102329299228,5.01
gases,0.000102329299228,5.01
gassing,0.000102329299228,5.01
gassed,0.000102329299228,5.01
gas,0.000102329299228,5.01
gasses,0.000102329299228,5.01
island,0.000102329299228,5.01
islands,0.000102329299228,5.01
normals,0.000102329299228,5.01
normal,0.000102329299228,5.01
populations,0.000102329299228,5.01
population,0.000102329299228,5.01
potential,0.000102329299228,5.01
potentials,0.000102329299228,5.01
pressuring,0.000102329299228,5.01
pressured,0.000102329299228,5.01
pressures,0.000102329299228,5.01
pressure,0.000102329299228,5.01
radios,0.000102329299228,5.01
radioing,0.000102329299228,5.01
radio,0.000102329299228,5.01
radioed,0.000102329299228,5.01
russian,0.000102329299228,5.01
stationing,0.000102329299228,5.01
stations,0.000102329299228,5.01
station,0.000102329299228,5.01
stationed,0.000102329299228,5.01
texts,0.000102329299228,5.01
text,0.000102329299228,5.01
treatment,0.000102329299228,5.01
treatments,0.000102329299228,5.01
western,0.000102329299228,5.01
westerns,0.000102329299228,5.01
ass,0.0001,5.0
asses,0.0001,5.0
beginning,0.0001,5.0
beginnings,0.0001,5.0
california,0.0001,5.0
campaigns,0.0001,5.0
campaign,0.0001,5.0
campaigning,0.0001,5.0
campaigned,0.0001,5.0
certainly,0.0001,5.0
completely,0.0001,5.0
contenting,0.0001,5.0
contents,0.0001,5.0
contented,0.0001,5.0
content,0.0001,5.0
credit,0.0001,5.0
crediting,0.0001,5.0
credits,0.0001,5.0
credited,0.0001,5.0
crossed,0.0001,5.0
crosses,0.0001,5.0
crosser,0.0001,5.0
cross,0.0001,5.0
crossing,0.0001,5.0
crossest,0.0001,5.0
described,0.0001,5.0
despite,0.0001,5.0
females,0.0001,5.0
female,0.0001,5.0
focus,0.0001,5.0
focused,0.0001,5.0
focusses,0.0001,5.0
focussed,0.0001,5.0
focusing,0.0001,5.0
focussing,0.0001,5.0
foci,0.0001,5.0
focuses,0.0001,5.0
g,0.0001,5.0
hi,0.0001,5.0
husbands,0.0001,5.0
husbanding,0.0001,5.0
husband,0.0001,5.0
husbanded,0.0001,5.0
ice,0.0001,5.0
iced,0.0001,5.0
icing,0.0001,5.0
ices,0.0001,5.0
individuals,0.0001,5.0
individual,0.0001,5.0
j,0.0001,5.0
joined,0.0001,5.0
joining,0.0001,5.0
join,0.0001,5.0
joins,0.0001,5.0
message,0.0001,5.0
messages,0.0001,5.0
messaged,0.0001,5.0
messaging,0.0001,5.0
miles,0.0001,5.0
nearly,0.0001,5.0
particulars,0.0001,5.0
particular,0.0001,5.0
previous,0.0001,5.0
quickly,0.0001,5.0
regions,0.0001,5.0
region,0.0001,5.0
sectioning,0.0001,5.0
sections,0.0001,5.0
section,0.0001,5.0
sectioned,0.0001,5.0
sorts,0.0001,5.0
sorted,0.0001,5.0
sort,0.0001,5.0
sorting,0.0001,5.0
speeding,0.0001,5.0
speeds,0.0001,5.0
speeded,0.0001,5.0
sped,0.0001,5.0
speed,0.0001,5.0
travel,0.0001,5.0
traveled,0.0001,5.0
travels,0.0001,5.0
travelling,0.0001,5.0
traveling,0.0001,5.0
travelled,0.0001,5.0
considering,9.772372209558112e-05,4.99
considers,9.772372209558112e-05,4.99
consider,9.772372209558112e-05,4.99
contacted,9.772372209558112e-05,4.99
contacting,9.772372209558112e-05,4.99
contact,9.772372209558112e-05,4.99
contacts,9.772372209558112e-05,4.99
drops,9.772372209558112e-05,4.99
dropped,9.772372209558112e-05,4.99
drop,9.772372209558112e-05,4.99
dropping,9.772372209558112e-05,4.99
fair,9.772372209558112e-05,4.99
fairs,9.772372209558112e-05,4.99
fairing,9.772372209558112e-05,4.99
faired,9.772372209558112e-05,4.99
fairest,9.772372209558112e-05,4.99
fairer,9.772372209558112e-05,4.99
feet,9.772372209558112e-05,4.99
jesus,9.772372209558112e-05,4.99
kidded,9.772372209558112e-05,4.99
kid,9.772372209558112e-05,4.99
kidding,9.772372209558112e-05,4.99
linking,9.772372209558112e-05,4.99
links,9.772372209558112e-05,4.99
linked,9.772372209558112e-05,4.99
link,9.772372209558112e-05,4.99
positives,9.772372209558112e-05,4.99
positive,9.772372209558112e-05,4.99
sale,9.772372209558112e-05,4.99
throughout,9.772372209558112e-05,4.99
toured,9.772372209558112e-05,4.99
tour,9.772372209558112e-05,4.99
touring,9.772372209558112e-05,4.99
tours,9.772372209558112e-05,4.99
welcomed,9.772372209558112e-05,4.99
welcoming,9.772372209558112e-05,4.99
welcome,9.772372209558112e-05,4.99
welcomes,9.772372209558112e-05,4.99
absolutely,9.549925860214367e-05,4.98
additional,9.549925860214367e-05,4.98
beyond,9.549925860214367e-05,4.98
conditions,9.549925860214367e-05,4.98
extras,9.549925860214367e-05,4.98
extra,9.549925860214367e-05,4.98
immediately,9.549925860214367e-05,4.98
minuter,9.549925860214367e-05,4.98
minuted,9.549925860214367e-05,4.98
minute,9.549925860214367e-05,4.98
minuting,9.549925860214367e-05,4.98
minutest,9.549925860214367e-05,4.98
nature,9.549925860214367e-05,4.98
natures,9.549925860214367e-05,4.98
quickest,9.549925860214367e-05,4.98
quick,9.549925860214367e-05,4.98
quicker,9.549925860214367e-05,4.98
sold,9.549925860214367e-05,4.98
sell,9.549925860214367e-05,4.98
selling,9.549925860214367e-05,4.98
sells,9.549925860214367e-05,4.98
significant,9.549925860214367e-05,4.98
unless,9.549925860214367e-05,4.98
agree,9.332543007969905e-05,4.97
agreed,9.332543007969905e-05,4.97
agrees,9.332543007969905e-05,4.97
agreeing,9.332543007969905e-05,4.97
canada,9.332543007969905e-05,4.97
cleanest,9.332543007969905e-05,4.97
cleaner,9.332543007969905e-05,4.97
cleaned,9.332543007969905e-05,4.97
cleaning,9.332543007969905e-05,4.97
clean,9.332543007969905e-05,4.97
cleans,9.332543007969905e-05,4.97
computers,9.332543007969905e-05,4.97
computer,9.332543007969905e-05,4.97
construction,9.332543007969905e-05,4.97
constructions,9.332543007969905e-05,4.97
episodes,9.332543007969905e-05,4.97
episode,9.332543007969905e-05,4.97
favorite,9.332543007969905e-05,4.97
favorites,9.332543007969905e-05,4.97
incomes,9.332543007969905e-05,4.97
income,9.332543007969905e-05,4.97
justice,9.332543007969905e-05,4.97
justices,9.332543007969905e-05,4.97
managers,9.332543007969905e-05,4.97
manager,9.332543007969905e-05,4.97
movement,9.332543007969905e-05,4.97
movements,9.332543007969905e-05,4.97
photos,9.332543007969905e-05,4.97
photo,9.332543007969905e-05,4.97
safety,9.332543007969905e-05,4.97
safeties,9.332543007969905e-05,4.97
san,9.332543007969905e-05,4.97
scenes,9.332543007969905e-05,4.97
scene,9.332543007969905e-05,4.97
spending,9.332543007969905e-05,4.97
spend,9.332543007969905e-05,4.97
spends,9.332543007969905e-05,4.97
statements,9.332543007969905e-05,4.97
statement,9.332543007969905e-05,4.97
suns,9.332543007969905e-05,4.97
sunning,9.332543007969905e-05,4.97
sunned,9.332543007969905e-05,4.97
sun,9.332543007969905e-05,4.97
0000s,9.120108393559096e-05,4.96
ability,9.120108393559096e-05,4.96
abilities,9.120108393559096e-05,4.96
announced,9.120108393559096e-05,4.96
coaches,9.120108393559096e-05,4.96
coaching,9.120108393559096e-05,4.96
coached,9.120108393559096e-05,4.96
coach,9.120108393559096e-05,4.96
collections,9.120108393559096e-05,4.96
collection,9.120108393559096e-05,4.96
definitely,9.120108393559096e-05,4.96
friday,9.120108393559096e-05,4.96
gun,9.120108393559096e-05,4.96
guns,9.120108393559096e-05,4.96
gunning,9.120108393559096e-05,4.96
gunned,9.120108393559096e-05,4.96
heavier,9.120108393559096e-05,4.96
heavy,9.120108393559096e-05,4.96
heavies,9.120108393559096e-05,4.96
heaviest,9.120108393559096e-05,4.96
knowledges,9.120108393559096e-05,4.96
knowledge,9.120108393559096e-05,4.96
particularly,9.120108393559096e-05,4.96
searches,9.120108393559096e-05,4.96
searched,9.120108393559096e-05,4.96
search,9.120108393559096e-05,4.96
searching,9.120108393559096e-05,4.96
subjected,9.120108393559096e-05,4.96
subjects,9.120108393559096e-05,4.96
subject,9.120108393559096e-05,4.96
subjecting,9.120108393559096e-05,4.96
trained,9.120108393559096e-05,4.96
trains,9.120108393559096e-05,4.96
train,9.120108393559096e-05,4.96
wide,9.120108393559096e-05,4.96
widest,9.120108393559096e-05,4.96
wides,9.120108393559096e-05,4.96
wider,9.120108393559096e-05,4.96
wows,9.120108393559096e-05,4.96
wow,9.120108393559096e-05,4.96
wowing,9.120108393559096e-05,4.96
wowed,9.120108393559096e-05,4.96
authors,8.912509381337459e-05,4.95
authored,8.912509381337459e-05,4.95
author,8.912509381337459e-05,4.95
authoring,8.912509381337459e-05,4.95
centred,8.912509381337459e-05,4.95
centring,8.912509381337459e-05,4.95
centre,8.912509381337459e-05,4.95
centres,8.912509381337459e-05,4.95
claimed,8.912509381337459e-05,4.95
claiming,8.912509381337459e-05,4.95
claim,8.912509381337459e-05,4.95
claims,8.912509381337459e-05,4.95
dad,8.912509381337459e-05,4.95
dads,8.912509381337459e-05,4.95
developed,8.912509381337459e-05,4.95
feared,8.912509381337459e-05,4.95
fear,8.912509381337459e-05,4.95
fearing,8.912509381337459e-05,4.95
fears,8.912509381337459e-05,4.95
fitting,8.912509381337459e-05,4.95
fittest,8.912509381337459e-05,4.95
fits,8.912509381337459e-05,4.95
fitted,8.912509381337459e-05,4.95
fitter,8.912509381337459e-05,4.95
fit,8.912509381337459e-05,4.95
generally,8.912509381337459e-05,4.95
german,8.912509381337459e-05,4.95
global,8.912509381337459e-05,4.95
gotta,8.912509381337459e-05,4.95
hotels,8.912509381337459e-05,4.95
hotel,8.912509381337459e-05,4.95
judge,8.912509381337459e-05,4.95
judging,8.912509381337459e-05,4.95
judged,8.912509381337459e-05,4.95
judges,8.912509381337459e-05,4.95
ladies,8.912509381337459e-05,4.95
lady,8.912509381337459e-05,4.95
leader,8.912509381337459e-05,4.95
leaders,8.912509381337459e-05,4.95
letters,8.912509381337459e-05,4.95
lettered,8.912509381337459e-05,4.95
letter,8.912509381337459e-05,4.95
lettering,8.912509381337459e-05,4.95
materials,8.912509381337459e-05,4.95
material,8.912509381337459e-05,4.95
nobody,8.912509381337459e-05,4.95
nobodies,8.912509381337459e-05,4.95
opportunity,8.912509381337459e-05,4.95
opportunities,8.912509381337459e-05,4.95
plusses,8.912509381337459e-05,4.95
plus,8.912509381337459e-05,4.95
pluses,8.912509381337459e-05,4.95
pre,8.912509381337459e-05,4.95
product,8.912509381337459e-05,4.95
producting,8.912509381337459e-05,4.95
producted,8.912509381337459e-05,4.95
regular,8.912509381337459e-05,4.95
regulars,8.912509381337459e-05,4.95
secretaries,8.912509381337459e-05,4.95
secretary,8.912509381337459e-05,4.95
sister,8.912509381337459e-05,4.95
sisters,8.912509381337459e-05,4.95
unit,8.912509381337459e-05,4.95
units,8.912509381337459e-05,4.95
workers,8.912509381337459e-05,4.95
annuals,8.709635899560814e-05,4.94
annual,8.709635899560814e-05,4.94
anymore,8.709635899560814e-05,4.94
bars,8.709635899560814e-05,4.94
bar,8.709635899560814e-05,4.94
barring,8.709635899560814e-05,4.94
barred,8.709635899560814e-05,4.94
battle,8.709635899560814e-05,4.94
battling,8.709635899560814e-05,4.94
battled,8.709635899560814e-05,4.94
battles,8.709635899560814e-05,4.94
brained,8.709635899560814e-05,4.94
braining,8.709635899560814e-05,4.94
brains,8.709635899560814e-05,4.94
brain,8.709635899560814e-05,4.94
contracting,8.709635899560814e-05,4.94
contract,8.709635899560814e-05,4.94
contracts,8.709635899560814e-05,4.94
contracted,8.709635899560814e-05,4.94
degree,8.709635899560814e-05,4.94
degrees,8.709635899560814e-05,4.94
features,8.709635899560814e-05,4.94
finished,8.709635899560814e-05,4.94
floor,8.709635899560814e-05,4.94
floors,8.709635899560814e-05,4.94
flooring,8.709635899560814e-05,4.94
floored,8.709635899560814e-05,4.94
france,8.709635899560814e-05,4.94
growing,8.709635899560814e-05,4.94
hurt,8.709635899560814e-05,4.94
hurts,8.709635899560814e-05,4.94
hurting,8.709635899560814e-05,4.94
images,8.709635899560814e-05,4.94
imaged,8.709635899560814e-05,4.94
imaging,8.709635899560814e-05,4.94
image,8.709635899560814e-05,4.94
insurance,8.709635899560814e-05,4.94
insurances,8.709635899560814e-05,4.94
majority,8.709635899560814e-05,4.94
majorities,8.709635899560814e-05,4.94
openings,8.709635899560814e-05,4.94
opinions,8.709635899560814e-05,4.94
opinion,8.709635899560814e-05,4.94
physical,8.709635899560814e-05,4.94
physicals,8.709635899560814e-05,4.94
pro,8.709635899560814e-05,4.94
pros,8.709635899560814e-05,4.94
reach,8.709635899560814e-05,4.94
reaches,8.709635899560814e-05,4.94
reaching,8.709635899560814e-05,4.94
reached,8.709635899560814e-05,4.94
ruled,8.709635899560814e-05,4.94
rule,8.709635899560814e-05,4.94
ruling,8.709635899560814e-05,4.94
seriously,8.709635899560814e-05,4.94
sports,8.709635899560814e-05,4.94
stupidest,8.709635899560814e-05,4.94
stupid,8.709635899560814e-05,4.94
stupider,8.709635899560814e-05,4.94
successful,8.709635899560814e-05,4.94
actives,8.51138038202376e-05,4.93
active,8.51138038202376e-05,4.93
administrations,8.51138038202376e-05,4.93
administration,8.51138038202376e-05,4.93
approach,8.51138038202376e-05,4.93
approached,8.51138038202376e-05,4.93
approaches,8.51138038202376e-05,4.93
approaching,8.51138038202376e-05,4.93
australian,8.51138038202376e-05,4.93
cancers,8.51138038202376e-05,4.93
cancer,8.51138038202376e-05,4.93
civillest,8.51138038202376e-05,4.93
civiller,8.51138038202376e-05,4.93
civil,8.51138038202376e-05,4.93
dance,8.51138038202376e-05,4.93
danced,8.51138038202376e-05,4.93
dancing,8.51138038202376e-05,4.93
dances,8.51138038202376e-05,4.93
defenses,8.51138038202376e-05,4.93
defense,8.51138038202376e-05,4.93
direction,8.51138038202376e-05,4.93
directions,8.51138038202376e-05,4.93
independent,8.51138038202376e-05,4.93
independents,8.51138038202376e-05,4.93
mastered,8.51138038202376e-05,4.93
mastering,8.51138038202376e-05,4.93
master,8.51138038202376e-05,4.93
masters,8.51138038202376e-05,4.93
none,8.51138038202376e-05,4.93
russia,8.51138038202376e-05,4.93
ship,8.51138038202376e-05,4.93
shipping,8.51138038202376e-05,4.93
ships,8.51138038202376e-05,4.93
shipped,8.51138038202376e-05,4.93
stock,8.51138038202376e-05,4.93
stocks,8.51138038202376e-05,4.93
stocking,8.51138038202376e-05,4.93
stocked,8.51138038202376e-05,4.93
trumps,8.51138038202376e-05,4.93
trump,8.51138038202376e-05,4.93
trumping,8.51138038202376e-05,4.93
trumped,8.51138038202376e-05,4.93
weekend,8.51138038202376e-05,4.93
weekending,8.51138038202376e-05,4.93
weekends,8.51138038202376e-05,4.93
weekended,8.51138038202376e-05,4.93
wondering,8.51138038202376e-05,4.93
wondered,8.51138038202376e-05,4.93
wonder,8.51138038202376e-05,4.93
wonders,8.51138038202376e-05,4.93
africa,8.317637711026709e-05,4.92
awesome,8.317637711026709e-05,4.92
banding,8.317637711026709e-05,4.92
bands,8.317637711026709e-05,4.92
banded,8.317637711026709e-05,4.92
band,8.317637711026709e-05,4.92
beaching,8.317637711026709e-05,4.92
beached,8.317637711026709e-05,4.92
beach,8.317637711026709e-05,4.92
beaches,8.317637711026709e-05,4.92
cashes,8.317637711026709e-05,4.92
cashed,8.317637711026709e-05,4.92
cashing,8.317637711026709e-05,4.92
cash,8.317637711026709e-05,4.92
clearly,8.317637711026709e-05,4.92
commercials,8.317637711026709e-05,4.92
commercial,8.317637711026709e-05,4.92
compared,8.317637711026709e-05,4.92
efforts,8.317637711026709e-05,4.92
effort,8.317637711026709e-05,4.92
fanned,8.317637711026709e-05,4.92
fanning,8.317637711026709e-05,4.92
fan,8.317637711026709e-05,4.92
imagine,8.317637711026709e-05,4.92
imagining,8.317637711026709e-05,4.92
imagined,8.317637711026709e-05,4.92
imagines,8.317637711026709e-05,4.92
impact,8.317637711026709e-05,4.92
impacted,8.317637711026709e-05,4.92
impacting,8.317637711026709e-05,4.92
impacts,8.317637711026709e-05,4.92
lacked,8.317637711026709e-05,4.92
lack,8.317637711026709e-05,4.92
lacks,8.317637711026709e-05,4.92
lacking,8.317637711026709e-05,4.92
learnings,8.317637711026709e-05,4.92
multiples,8.317637711026709e-05,4.92
multiple,8.317637711026709e-05,4.92
operation,8.317637711026709e-05,4.92
operations,8.317637711026709e-05,4.92
organization,8.317637711026709e-05,4.92
organizations,8.317637711026709e-05,4.92
protecting,8.317637711026709e-05,4.92
protect,8.317637711026709e-05,4.92
protects,8.317637711026709e-05,4.92
protected,8.317637711026709e-05,4.92
secret,8.317637711026709e-05,4.92
secrets,8.317637711026709e-05,4.92
senior,8.317637711026709e-05,4.92
seniors,8.317637711026709e-05,4.92
spring,8.317637711026709e-05,4.92
springing,8.317637711026709e-05,4.92
springs,8.317637711026709e-05,4.92
sprung,8.317637711026709e-05,4.92
sprang,8.317637711026709e-05,4.92
sunday,8.317637711026709e-05,4.92
wear,8.317637711026709e-05,4.92
worn,8.317637711026709e-05,4.92
wears,8.317637711026709e-05,4.92
wearing,8.317637711026709e-05,4.92
wore,8.317637711026709e-05,4.92
activities,8.128305161640995e-05,4.91
addresses,8.128305161640995e-05,4.91
address,8.128305161640995e-05,4.91
addressing,8.128305161640995e-05,4.91
addressed,8.128305161640995e-05,4.91
analysis,8.128305161640995e-05,4.91
analyses,8.128305161640995e-05,4.91
anyway,8.128305161640995e-05,4.91
choosing,8.128305161640995e-05,4.91
chosen,8.128305161640995e-05,4.91
chose,8.128305161640995e-05,4.91
choose,8.128305161640995e-05,4.91
chooses,8.128305161640995e-05,4.91
christmas,8.128305161640995e-05,4.91
color,8.128305161640995e-05,4.91
coloring,8.128305161640995e-05,4.91
colored,8.128305161640995e-05,4.91
colors,8.128305161640995e-05,4.91
commission,8.128305161640995e-05,4.91
commissioning,8.128305161640995e-05,4.91
commissioned,8.128305161640995e-05,4.91
commissions,8.128305161640995e-05,4.91
competitions,8.128305161640995e-05,4.91
competition,8.128305161640995e-05,4.91
details,8.128305161640995e-05,4.91
directs,8.128305161640995e-05,4.91
direct,8.128305161640995e-05,4.91
directed,8.128305161640995e-05,4.91
directing,8.128305161640995e-05,4.91
dreamt,8.128305161640995e-05,4.91
dream,8.128305161640995e-05,4.91
dreams,8.128305161640995e-05,4.91
dreaming,8.128305161640995e-05,4.91
dreamed,8.128305161640995e-05,4.91
easily,8.128305161640995e-05,4.91
finishing,8.128305161640995e-05,4.91
finish,8.128305161640995e-05,4.91
finishes,8.128305161640995e-05,4.91
grander,8.128305161640995e-05,4.91
grands,8.128305161640995e-05,4.91
grandest,8.128305161640995e-05,4.91
grand,8.128305161640995e-05,4.91
here's,8.128305161640995e-05,4.91
indian,8.128305161640995e-05,4.91
k,8.128305161640995e-05,4.91
literally,8.128305161640995e-05,4.91
lucked,8.128305161640995e-05,4.91
lucks,8.128305161640995e-05,4.91
luck,8.128305161640995e-05,4.91
lucking,8.128305161640995e-05,4.91
marriages,8.128305161640995e-05,4.91
marriage,8.128305161640995e-05,4.91
necessaries,8.128305161640995e-05,4.91
necessary,8.128305161640995e-05,4.91
patients,8.128305161640995e-05,4.91
resources,8.128305161640995e-05,4.91
rich,8.128305161640995e-05,4.91
richest,8.128305161640995e-05,4.91
richer,8.128305161640995e-05,4.91
skin,8.128305161640995e-05,4.91
skinning,8.128305161640995e-05,4.91
skinned,8.128305161640995e-05,4.91
skins,8.128305161640995e-05,4.91
supposed,8.128305161640995e-05,4.91
sweetest,8.128305161640995e-05,4.91
sweet,8.128305161640995e-05,4.91
sweeter,8.128305161640995e-05,4.91
sweets,8.128305161640995e-05,4.91
thus,8.128305161640995e-05,4.91
touching,8.128305161640995e-05,4.91
touch,8.128305161640995e-05,4.91
touched,8.128305161640995e-05,4.91
touches,8.128305161640995e-05,4.91
yesterday,8.128305161640995e-05,4.91
yesterdays,8.128305161640995e-05,4.91
caught,7.943282347242822e-05,4.9
congressing,7.943282347242822e-05,4.9
congresses,7.943282347242822e-05,4.9
congressed,7.943282347242822e-05,4.9
congress,7.943282347242822e-05,4.9
damaging,7.943282347242822e-05,4.9
damage,7.943282347242822e-05,4.9
damaged,7.943282347242822e-05,4.9
damages,7.943282347242822e-05,4.9
directly,7.943282347242822e-05,4.9
diseases,7.943282347242822e-05,4.9
disease,7.943282347242822e-05,4.9
doctors,7.943282347242822e-05,4.9
doctor,7.943282347242822e-05,4.9
doctoring,7.943282347242822e-05,4.9
doctored,7.943282347242822e-05,4.9
doubt,7.943282347242822e-05,4.9
doubted,7.943282347242822e-05,4.9
doubting,7.943282347242822e-05,4.9
doubts,7.943282347242822e-05,4.9
drink,7.943282347242822e-05,4.9
drinking,7.943282347242822e-05,4.9
drunk,7.943282347242822e-05,4.9
drinks,7.943282347242822e-05,4.9
drank,7.943282347242822e-05,4.9
established,7.943282347242822e-05,4.9
facebook,7.943282347242822e-05,4.9
fishes,7.943282347242822e-05,4.9
fished,7.943282347242822e-05,4.9
fishing,7.943282347242822e-05,4.9
fish,7.943282347242822e-05,4.9
gayest,7.943282347242822e-05,4.9
gay,7.943282347242822e-05,4.9
gayer,7.943282347242822e-05,4.9
gays,7.943282347242822e-05,4.9
germany,7.943282347242822e-05,4.9
gladder,7.943282347242822e-05,4.9
glad,7.943282347242822e-05,4.9
gladdest,7.943282347242822e-05,4.9
grew,7.943282347242822e-05,4.9
grown,7.943282347242822e-05,4.9
grows,7.943282347242822e-05,4.9
grow,7.943282347242822e-05,4.9
machines,7.943282347242822e-05,4.9
machine,7.943282347242822e-05,4.9
machining,7.943282347242822e-05,4.9
machined,7.943282347242822e-05,4.9
noticed,7.943282347242822e-05,4.9
noticing,7.943282347242822e-05,4.9
notice,7.943282347242822e-05,4.9
notices,7.943282347242822e-05,4.9
overall,7.943282347242822e-05,4.9
plannings,7.943282347242822e-05,4.9
professor,7.943282347242822e-05,4.9
professors,7.943282347242822e-05,4.9
sat,7.943282347242822e-05,4.9
sit,7.943282347242822e-05,4.9
sits,7.943282347242822e-05,4.9
sitting,7.943282347242822e-05,4.9
tripping,7.943282347242822e-05,4.9
tripped,7.943282347242822e-05,4.9
trips,7.943282347242822e-05,4.9
trip,7.943282347242822e-05,4.9
associated,7.762471166286911e-05,4.89
basic,7.762471166286911e-05,4.89
captaining,7.762471166286911e-05,4.89
captains,7.762471166286911e-05,4.89
captain,7.762471166286911e-05,4.89
captained,7.762471166286911e-05,4.89
carries,7.762471166286911e-05,4.89
carry,7.762471166286911e-05,4.89
carried,7.762471166286911e-05,4.89
carrying,7.762471166286911e-05,4.89
crime,7.762471166286911e-05,4.89
crimes,7.762471166286911e-05,4.89
effective,7.762471166286911e-05,4.89
explaining,7.762471166286911e-05,4.89
explain,7.762471166286911e-05,4.89
explained,7.762471166286911e-05,4.89
explains,7.762471166286911e-05,4.89
fully,7.762471166286911e-05,4.89
highly,7.762471166286911e-05,4.89
holdings,7.762471166286911e-05,4.89
japan,7.762471166286911e-05,4.89
male,7.762471166286911e-05,4.89
males,7.762471166286911e-05,4.89
mrs,7.762471166286911e-05,4.89
planting,7.762471166286911e-05,4.89
plants,7.762471166286911e-05,4.89
planted,7.762471166286911e-05,4.89
plant,7.762471166286911e-05,4.89
realities,7.762471166286911e-05,4.89
reality,7.762471166286911e-05,4.89
smiths,7.762471166286911e-05,4.89
smith,7.762471166286911e-05,4.89
spotting,7.762471166286911e-05,4.89
spot,7.762471166286911e-05,4.89
spotted,7.762471166286911e-05,4.89
spots,7.762471166286911e-05,4.89
texas,7.762471166286911e-05,4.89
we'll,7.762471166286911e-05,4.89
wintered,7.762471166286911e-05,4.89
wintering,7.762471166286911e-05,4.89
winters,7.762471166286911e-05,4.89
winter,7.762471166286911e-05,4.89
worses,7.762471166286911e-05,4.89
worsing,7.762471166286911e-05,4.89
worsed,7.762471166286911e-05,4.89
advice,7.585775750291836e-05,4.88
advices,7.585775750291836e-05,4.88
agreements,7.585775750291836e-05,4.88
agreement,7.585775750291836e-05,4.88
ain't,7.585775750291836e-05,4.88
awarding,7.585775750291836e-05,4.88
awarded,7.585775750291836e-05,4.88
award,7.585775750291836e-05,4.88
awards,7.585775750291836e-05,4.88
blocks,7.585775750291836e-05,4.88
blocking,7.585775750291836e-05,4.88
blocked,7.585775750291836e-05,4.88
block,7.585775750291836e-05,4.88
challenges,7.585775750291836e-05,4.88
challenging,7.585775750291836e-05,4.88
challenge,7.585775750291836e-05,4.88
challenged,7.585775750291836e-05,4.88
christian,7.585775750291836e-05,4.88
commenting,7.585775750291836e-05,4.88
comments,7.585775750291836e-05,4.88
comment,7.585775750291836e-05,4.88
commented,7.585775750291836e-05,4.88
equipment,7.585775750291836e-05,4.88
equipments,7.585775750291836e-05,4.88
eventually,7.585775750291836e-05,4.88
holy,7.585775750291836e-05,4.88
holier,7.585775750291836e-05,4.88
holiest,7.585775750291836e-05,4.88
killings,7.585775750291836e-05,4.88
nations,7.585775750291836e-05,4.88
nation,7.585775750291836e-05,4.88
otherwise,7.585775750291836e-05,4.88
peters,7.585775750291836e-05,4.88
peter,7.585775750291836e-05,4.88
petered,7.585775750291836e-05,4.88
petering,7.585775750291836e-05,4.88
primary,7.585775750291836e-05,4.88
primaries,7.585775750291836e-05,4.88
purposes,7.585775750291836e-05,4.88
purposed,7.585775750291836e-05,4.88
purpose,7.585775750291836e-05,4.88
purposing,7.585775750291836e-05,4.88
responsible,7.585775750291836e-05,4.88
responsibles,7.585775750291836e-05,4.88
shopping,7.585775750291836e-05,4.88
shop,7.585775750291836e-05,4.88
shopped,7.585775750291836e-05,4.88
shops,7.585775750291836e-05,4.88
sicker,7.585775750291836e-05,4.88
sickest,7.585775750291836e-05,4.88
sick,7.585775750291836e-05,4.88
teachers,7.585775750291836e-05,4.88
teacher,7.585775750291836e-05,4.88
theory,7.585775750291836e-05,4.88
theories,7.585775750291836e-05,4.88
william,7.585775750291836e-05,4.88
00000,7.413102413009176e-05,4.87
agency,7.413102413009176e-05,4.87
agencies,7.413102413009176e-05,4.87
avoid,7.413102413009176e-05,4.87
avoided,7.413102413009176e-05,4.87
avoiding,7.413102413009176e-05,4.87
avoids,7.413102413009176e-05,4.87
camerae,7.413102413009176e-05,4.87
cameras,7.413102413009176e-05,4.87
camera,7.413102413009176e-05,4.87
catch,7.413102413009176e-05,4.87
catching,7.413102413009176e-05,4.87
catches,7.413102413009176e-05,4.87
cells,7.413102413009176e-05,4.87
cell,7.413102413009176e-05,4.87
coasting,7.413102413009176e-05,4.87
coasts,7.413102413009176e-05,4.87
coast,7.413102413009176e-05,4.87
coasted,7.413102413009176e-05,4.87
drugging,7.413102413009176e-05,4.87
drugs,7.413102413009176e-05,4.87
drug,7.413102413009176e-05,4.87
drugged,7.413102413009176e-05,4.87
economy,7.413102413009176e-05,4.87
economies,7.413102413009176e-05,4.87
environment,7.413102413009176e-05,4.87
environments,7.413102413009176e-05,4.87
executives,7.413102413009176e-05,4.87
executive,7.413102413009176e-05,4.87
foots,7.413102413009176e-05,4.87
footing,7.413102413009176e-05,4.87
foot,7.413102413009176e-05,4.87
footed,7.413102413009176e-05,4.87
halls,7.413102413009176e-05,4.87
hall,7.413102413009176e-05,4.87
massing,7.413102413009176e-05,4.87
massed,7.413102413009176e-05,4.87
mass,7.413102413009176e-05,4.87
masses,7.413102413009176e-05,4.87
meanings,7.413102413009176e-05,4.87
missions,7.413102413009176e-05,4.87
mission,7.413102413009176e-05,4.87
nine,7.413102413009176e-05,4.87
politics,7.413102413009176e-05,4.87
popped,7.413102413009176e-05,4.87
popping,7.413102413009176e-05,4.87
pops,7.413102413009176e-05,4.87
pop,7.413102413009176e-05,4.87
produced,7.413102413009176e-05,4.87
saturday,7.413102413009176e-05,4.87
status,7.413102413009176e-05,4.87
statuses,7.413102413009176e-05,4.87
therefore,7.413102413009176e-05,4.87
trials,7.413102413009176e-05,4.87
trial,7.413102413009176e-05,4.87
trialing,7.413102413009176e-05,4.87
trialed,7.413102413009176e-05,4.87
truly,7.413102413009176e-05,4.87
weathering,7.413102413009176e-05,4.87
weathered,7.413102413009176e-05,4.87
weathers,7.413102413009176e-05,4.87
weather,7.413102413009176e-05,4.87
activity,7.244359600749906e-05,4.86
app,7.244359600749906e-05,4.86
applications,7.244359600749906e-05,4.86
application,7.244359600749906e-05,4.86
coffee,7.244359600749906e-05,4.86
coffees,7.244359600749906e-05,4.86
complexing,7.244359600749906e-05,4.86
complexes,7.244359600749906e-05,4.86
complex,7.244359600749906e-05,4.86
complexed,7.244359600749906e-05,4.86
conditioning,7.244359600749906e-05,4.86
condition,7.244359600749906e-05,4.86
conditioned,7.244359600749906e-05,4.86
divisions,7.244359600749906e-05,4.86
division,7.244359600749906e-05,4.86
evenings,7.244359600749906e-05,4.86
flights,7.244359600749906e-05,4.86
flight,7.244359600749906e-05,4.86
freedom,7.244359600749906e-05,4.86
freedoms,7.244359600749906e-05,4.86
googling,7.244359600749906e-05,4.86
googled,7.244359600749906e-05,4.86
googles,7.244359600749906e-05,4.86
google,7.244359600749906e-05,4.86
heating,7.244359600749906e-05,4.86
heats,7.244359600749906e-05,4.86
heated,7.244359600749906e-05,4.86
heat,7.244359600749906e-05,4.86
interviewed,7.244359600749906e-05,4.86
interviewing,7.244359600749906e-05,4.86
interviews,7.244359600749906e-05,4.86
interview,7.244359600749906e-05,4.86
library,7.244359600749906e-05,4.86
libraries,7.244359600749906e-05,4.86
located,7.244359600749906e-05,4.86
location,7.244359600749906e-05,4.86
locations,7.244359600749906e-05,4.86
murdered,7.244359600749906e-05,4.86
murdering,7.244359600749906e-05,4.86
murders,7.244359600749906e-05,4.86
murder,7.244359600749906e-05,4.86
obama,7.244359600749906e-05,4.86
queening,7.244359600749906e-05,4.86
queened,7.244359600749906e-05,4.86
queens,7.244359600749906e-05,4.86
queen,7.244359600749906e-05,4.86
sittings,7.244359600749906e-05,4.86
standings,7.244359600749906e-05,4.86
accepted,7.079457843841373e-05,4.85
accepting,7.079457843841373e-05,4.85
accepts,7.079457843841373e-05,4.85
accept,7.079457843841373e-05,4.85
actual,7.079457843841373e-05,4.85
appearing,7.079457843841373e-05,4.85
appeared,7.079457843841373e-05,4.85
appear,7.079457843841373e-05,4.85
appears,7.079457843841373e-05,4.85
attempted,7.079457843841373e-05,4.85
attempting,7.079457843841373e-05,4.85
attempts,7.079457843841373e-05,4.85
attempt,7.079457843841373e-05,4.85
channeled,7.079457843841373e-05,4.85
channel,7.079457843841373e-05,4.85
channelled,7.079457843841373e-05,4.85
channelling,7.079457843841373e-05,4.85
channeling,7.079457843841373e-05,4.85
channels,7.079457843841373e-05,4.85
distances,7.079457843841373e-05,4.85
distancing,7.079457843841373e-05,4.85
distance,7.079457843841373e-05,4.85
distanced,7.079457843841373e-05,4.85
exchange,7.079457843841373e-05,4.85
exchanged,7.079457843841373e-05,4.85
exchanges,7.079457843841373e-05,4.85
exchanging,7.079457843841373e-05,4.85
fatting,7.079457843841373e-05,4.85
fatted,7.079457843841373e-05,4.85
fattest,7.079457843841373e-05,4.85
fatter,7.079457843841373e-05,4.85
fat,7.079457843841373e-05,4.85
fats,7.079457843841373e-05,4.85
fells,7.079457843841373e-05,4.85
felling,7.079457843841373e-05,4.85
felled,7.079457843841373e-05,4.85
findings,7.079457843841373e-05,4.85
glassed,7.079457843841373e-05,4.85
glassing,7.079457843841373e-05,4.85
glass,7.079457843841373e-05,4.85
glasses,7.079457843841373e-05,4.85
mobile,7.079457843841373e-05,4.85
mobiles,7.079457843841373e-05,4.85
northern,7.079457843841373e-05,4.85
powerful,7.079457843841373e-05,4.85
prior,7.079457843841373e-05,4.85
priors,7.079457843841373e-05,4.85
protections,7.079457843841373e-05,4.85
protection,7.079457843841373e-05,4.85
receiving,7.079457843841373e-05,4.85
receive,7.079457843841373e-05,4.85
receives,7.079457843841373e-05,4.85
religious,7.079457843841373e-05,4.85
rides,7.079457843841373e-05,4.85
ridden,7.079457843841373e-05,4.85
rode,7.079457843841373e-05,4.85
ride,7.079457843841373e-05,4.85
riding,7.079457843841373e-05,4.85
robert,7.079457843841373e-05,4.85
royal,7.079457843841373e-05,4.85
royals,7.079457843841373e-05,4.85
screens,7.079457843841373e-05,4.85
screening,7.079457843841373e-05,4.85
screened,7.079457843841373e-05,4.85
screen,7.079457843841373e-05,4.85
serves,7.079457843841373e-05,4.85
serving,7.079457843841373e-05,4.85
serve,7.079457843841373e-05,4.85
served,7.079457843841373e-05,4.85
slowed,7.079457843841373e-05,4.85
slows,7.079457843841373e-05,4.85
slowest,7.079457843841373e-05,4.85
slow,7.079457843841373e-05,4.85
slower,7.079457843841373e-05,4.85
slowing,7.079457843841373e-05,4.85
species,7.079457843841373e-05,4.85
speech,7.079457843841373e-05,4.85
speeches,7.079457843841373e-05,4.85
traffic,7.079457843841373e-05,4.85
traffics,7.079457843841373e-05,4.85
trafficked,7.079457843841373e-05,4.85
trafficking,7.079457843841373e-05,4.85
treeing,7.079457843841373e-05,4.85
trees,7.079457843841373e-05,4.85
tree,7.079457843841373e-05,4.85
treed,7.079457843841373e-05,4.85
vs,7.079457843841373e-05,4.85
who's,7.079457843841373e-05,4.85
whom,7.079457843841373e-05,4.85
wonderful,7.079457843841373e-05,4.85
airport,6.918309709189363e-05,4.84
airports,6.918309709189363e-05,4.84
animals,6.918309709189363e-05,4.84
begins,6.918309709189363e-05,4.84
begun,6.918309709189363e-05,4.84
begin,6.918309709189363e-05,4.84
benefits,6.918309709189363e-05,4.84
bottoms,6.918309709189363e-05,4.84
bottoming,6.918309709189363e-05,4.84
bottomed,6.918309709189363e-05,4.84
bottom,6.918309709189363e-05,4.84
demand,6.918309709189363e-05,4.84
demanding,6.918309709189363e-05,4.84
demands,6.918309709189363e-05,4.84
demanded,6.918309709189363e-05,4.84
engine,6.918309709189363e-05,4.84
engines,6.918309709189363e-05,4.84
everybody,6.918309709189363e-05,4.84
famous,6.918309709189363e-05,4.84
investment,6.918309709189363e-05,4.84
investments,6.918309709189363e-05,4.84
lay,6.918309709189363e-05,4.84
lies,6.918309709189363e-05,4.84
lie,6.918309709189363e-05,4.84
lying,6.918309709189363e-05,4.84
lied,6.918309709189363e-05,4.84
partnered,6.918309709189363e-05,4.84
partners,6.918309709189363e-05,4.84
partner,6.918309709189363e-05,4.84
partnering,6.918309709189363e-05,4.84
raised,6.918309709189363e-05,4.84
sad,6.918309709189363e-05,4.84
sadder,6.918309709189363e-05,4.84
saddest,6.918309709189363e-05,4.84
solutions,6.918309709189363e-05,4.84
solution,6.918309709189363e-05,4.84
southern,6.918309709189363e-05,4.84
square,6.918309709189363e-05,4.84
squarer,6.918309709189363e-05,4.84
squarest,6.918309709189363e-05,4.84
squaring,6.918309709189363e-05,4.84
squares,6.918309709189363e-05,4.84
squared,6.918309709189363e-05,4.84
structuring,6.918309709189363e-05,4.84
structured,6.918309709189363e-05,4.84
structure,6.918309709189363e-05,4.84
structures,6.918309709189363e-05,4.84
thomas,6.918309709189363e-05,4.84
traditional,6.918309709189363e-05,4.84
twice,6.918309709189363e-05,4.84
wound,6.918309709189363e-05,4.84
winds,6.918309709189363e-05,4.84
winding,6.918309709189363e-05,4.84
wind,6.918309709189363e-05,4.84
winded,6.918309709189363e-05,4.84
worries,6.918309709189363e-05,4.84
worrying,6.918309709189363e-05,4.84
worry,6.918309709189363e-05,4.84
worried,6.918309709189363e-05,4.84
00s,6.760829753919819e-05,4.83
1st,6.760829753919819e-05,4.83
americans,6.760829753919819e-05,4.83
brand,6.760829753919819e-05,4.83
brands,6.760829753919819e-05,4.83
branded,6.760829753919819e-05,4.83
branding,6.760829753919819e-05,4.83
bus,6.760829753919819e-05,4.83
bussing,6.760829753919819e-05,4.83
buses,6.760829753919819e-05,4.83
busing,6.760829753919819e-05,4.83
bussed,6.760829753919819e-05,4.83
bused,6.760829753919819e-05,4.83
busses,6.760829753919819e-05,4.83
cent,6.760829753919819e-05,4.83
cents,6.760829753919819e-05,4.83
chicago,6.760829753919819e-05,4.83
counts,6.760829753919819e-05,4.83
counting,6.760829753919819e-05,4.83
counted,6.760829753919819e-05,4.83
count,6.760829753919819e-05,4.83
critical,6.760829753919819e-05,4.83
digital,6.760829753919819e-05,4.83
fourths,6.760829753919819e-05,4.83
fourth,6.760829753919819e-05,4.83
fresher,6.760829753919819e-05,4.83
freshest,6.760829753919819e-05,4.83
fresh,6.760829753919819e-05,4.83
laked,6.760829753919819e-05,4.83
laking,6.760829753919819e-05,4.83
lake,6.760829753919819e-05,4.83
lakes,6.760829753919819e-05,4.83
mental,6.760829753919819e-05,4.83
mentioned,6.760829753919819e-05,4.83
mostly,6.760829753919819e-05,4.83
mouthing,6.760829753919819e-05,4.83
mouthed,6.760829753919819e-05,4.83
mouths,6.760829753919819e-05,4.83
mouth,6.760829753919819e-05,4.83
owner,6.760829753919819e-05,4.83
owners,6.760829753919819e-05,4.83
previously,6.760829753919819e-05,4.83
realized,6.760829753919819e-05,4.83
realizing,6.760829753919819e-05,4.83
realize,6.760829753919819e-05,4.83
realizes,6.760829753919819e-05,4.83
remains,6.760829753919819e-05,4.83
remained,6.760829753919819e-05,4.83
remaining,6.760829753919819e-05,4.83
remain,6.760829753919819e-05,4.83
scaling,6.760829753919819e-05,4.83
scaled,6.760829753919819e-05,4.83
scales,6.760829753919819e-05,4.83
scale,6.760829753919819e-05,4.83
scores,6.760829753919819e-05,4.83
score,6.760829753919819e-05,4.83
scoring,6.760829753919819e-05,4.83
scored,6.760829753919819e-05,4.83
separate,6.760829753919819e-05,4.83
separating,6.760829753919819e-05,4.83
separated,6.760829753919819e-05,4.83
separates,6.760829753919819e-05,4.83
smart,6.760829753919819e-05,4.83
smarter,6.760829753919819e-05,4.83
smarting,6.760829753919819e-05,4.83
smarts,6.760829753919819e-05,4.83
smarted,6.760829753919819e-05,4.83
smartest,6.760829753919819e-05,4.83
surfaces,6.760829753919819e-05,4.83
surfaced,6.760829753919819e-05,4.83
surfacing,6.760829753919819e-05,4.83
surface,6.760829753919819e-05,4.83
thrown,6.760829753919819e-05,4.83
throws,6.760829753919819e-05,4.83
threw,6.760829753919819e-05,4.83
throwing,6.760829753919819e-05,4.83
throw,6.760829753919819e-05,4.83
toms,6.760829753919819e-05,4.83
tom,6.760829753919819e-05,4.83
totally,6.760829753919819e-05,4.83
twittering,6.760829753919819e-05,4.83
twitters,6.760829753919819e-05,4.83
twitter,6.760829753919819e-05,4.83
twittered,6.760829753919819e-05,4.83
wedding,6.760829753919819e-05,4.83
weddings,6.760829753919819e-05,4.83
you'd,6.760829753919819e-05,4.83
african,6.606934480075965e-05,4.82
arms,6.606934480075965e-05,4.82
benefiting,6.606934480075965e-05,4.82
benefit,6.606934480075965e-05,4.82
benefitting,6.606934480075965e-05,4.82
benefitted,6.606934480075965e-05,4.82
benefited,6.606934480075965e-05,4.82
budgeting,6.606934480075965e-05,4.82
budgets,6.606934480075965e-05,4.82
budgeted,6.606934480075965e-05,4.82
budget,6.606934480075965e-05,4.82
click,6.606934480075965e-05,4.82
clicked,6.606934480075965e-05,4.82
clicks,6.606934480075965e-05,4.82
clicking,6.606934480075965e-05,4.82
estate,6.606934480075965e-05,4.82
estates,6.606934480075965e-05,4.82
failed,6.606934480075965e-05,4.82
faiths,6.606934480075965e-05,4.82
faith,6.606934480075965e-05,4.82
fashion,6.606934480075965e-05,4.82
fashions,6.606934480075965e-05,4.82
fashioning,6.606934480075965e-05,4.82
fashioned,6.606934480075965e-05,4.82
featured,6.606934480075965e-05,4.82
feature,6.606934480075965e-05,4.82
featuring,6.606934480075965e-05,4.82
funding,6.606934480075965e-05,4.82
funds,6.606934480075965e-05,4.82
fund,6.606934480075965e-05,4.82
funded,6.606934480075965e-05,4.82
generations,6.606934480075965e-05,4.82
generation,6.606934480075965e-05,4.82
hearings,6.606934480075965e-05,4.82
hills,6.606934480075965e-05,4.82
hill,6.606934480075965e-05,4.82
jacking,6.606934480075965e-05,4.82
jacks,6.606934480075965e-05,4.82
jack,6.606934480075965e-05,4.82
jacked,6.606934480075965e-05,4.82
louis,6.606934480075965e-05,4.82
metaled,6.606934480075965e-05,4.82
metaling,6.606934480075965e-05,4.82
metalling,6.606934480075965e-05,4.82
metalled,6.606934480075965e-05,4.82
metal,6.606934480075965e-05,4.82
metals,6.606934480075965e-05,4.82
mid,6.606934480075965e-05,4.82
paris,6.606934480075965e-05,4.82
profiled,6.606934480075965e-05,4.82
profile,6.606934480075965e-05,4.82
profiles,6.606934480075965e-05,4.82
profiling,6.606934480075965e-05,4.82
pulled,6.606934480075965e-05,4.82
pulling,6.606934480075965e-05,4.82
pull,6.606934480075965e-05,4.82
pulls,6.606934480075965e-05,4.82
pushed,6.606934480075965e-05,4.82
push,6.606934480075965e-05,4.82
pushes,6.606934480075965e-05,4.82
pushing,6.606934480075965e-05,4.82
roses,6.606934480075965e-05,4.82
rose,6.606934480075965e-05,4.82
seated,6.606934480075965e-05,4.82
seats,6.606934480075965e-05,4.82
seating,6.606934480075965e-05,4.82
seat,6.606934480075965e-05,4.82
sexuals,6.606934480075965e-05,4.82
sexual,6.606934480075965e-05,4.82
shouldn't,6.606934480075965e-05,4.82
targets,6.606934480075965e-05,4.82
targetted,6.606934480075965e-05,4.82
target,6.606934480075965e-05,4.82
targeting,6.606934480075965e-05,4.82
targetting,6.606934480075965e-05,4.82
targeted,6.606934480075965e-05,4.82
understandings,6.606934480075965e-05,4.82
villages,6.606934480075965e-05,4.82
village,6.606934480075965e-05,4.82
agent,6.456542290346549e-05,4.81
agents,6.456542290346549e-05,4.81
animal,6.456542290346549e-05,4.81
apply,6.456542290346549e-05,4.81
applying,6.456542290346549e-05,4.81
applies,6.456542290346549e-05,4.81
applied,6.456542290346549e-05,4.81
authority,6.456542290346549e-05,4.81
authorities,6.456542290346549e-05,4.81
basis,6.456542290346549e-05,4.81
chris,6.456542290346549e-05,4.81
draw,6.456542290346549e-05,4.81
drawn,6.456542290346549e-05,4.81
drew,6.456542290346549e-05,4.81
drawing,6.456542290346549e-05,4.81
draws,6.456542290346549e-05,4.81
dudes,6.456542290346549e-05,4.81
dude,6.456542290346549e-05,4.81
employees,6.456542290346549e-05,4.81
entering,6.456542290346549e-05,4.81
enters,6.456542290346549e-05,4.81
enter,6.456542290346549e-05,4.81
entered,6.456542290346549e-05,4.81
ex,6.456542290346549e-05,4.81
exes,6.456542290346549e-05,4.81
foundations,6.456542290346549e-05,4.81
foundation,6.456542290346549e-05,4.81
gain,6.456542290346549e-05,4.81
gained,6.456542290346549e-05,4.81
gaining,6.456542290346549e-05,4.81
gains,6.456542290346549e-05,4.81
http,6.456542290346549e-05,4.81
japanese,6.456542290346549e-05,4.81
memories,6.456542290346549e-05,4.81
memory,6.456542290346549e-05,4.81
primes,6.456542290346549e-05,4.81
priming,6.456542290346549e-05,4.81
primed,6.456542290346549e-05,4.81
prime,6.456542290346549e-05,4.81
rung,6.456542290346549e-05,4.81
rings,6.456542290346549e-05,4.81
ringing,6.456542290346549e-05,4.81
ring,6.456542290346549e-05,4.81
rang,6.456542290346549e-05,4.81
rises,6.456542290346549e-05,4.81
rising,6.456542290346549e-05,4.81
risen,6.456542290346549e-05,4.81
rise,6.456542290346549e-05,4.81
silver,6.456542290346549e-05,4.81
silvering,6.456542290346549e-05,4.81
silvered,6.456542290346549e-05,4.81
silvers,6.456542290346549e-05,4.81
souls,6.456542290346549e-05,4.81
soul,6.456542290346549e-05,4.81
spreads,6.456542290346549e-05,4.81
spread,6.456542290346549e-05,4.81
spreading,6.456542290346549e-05,4.81
supplies,6.456542290346549e-05,4.81
supplying,6.456542290346549e-05,4.81
supply,6.456542290346549e-05,4.81
supplied,6.456542290346549e-05,4.81
wastes,6.456542290346549e-05,4.81
waste,6.456542290346549e-05,4.81
wasted,6.456542290346549e-05,4.81
wasting,6.456542290346549e-05,4.81
weirder,6.456542290346549e-05,4.81
weirdest,6.456542290346549e-05,4.81
weird,6.456542290346549e-05,4.81
adult,6.309573444801929e-05,4.8
adults,6.309573444801929e-05,4.8
apparently,6.309573444801929e-05,4.8
artist,6.309573444801929e-05,4.8
artists,6.309573444801929e-05,4.8
chairmen,6.309573444801929e-05,4.8
chairman,6.309573444801929e-05,4.8
edition,6.309573444801929e-05,4.8
editions,6.309573444801929e-05,4.8
engineering,6.309573444801929e-05,4.8
grading,6.309573444801929e-05,4.8
graded,6.309573444801929e-05,4.8
grades,6.309573444801929e-05,4.8
grade,6.309573444801929e-05,4.8
happenings,6.309573444801929e-05,4.8
healthy,6.309573444801929e-05,4.8
healthier,6.309573444801929e-05,4.8
healthiest,6.309573444801929e-05,4.8
institute,6.309573444801929e-05,4.8
instituted,6.309573444801929e-05,4.8
institutes,6.309573444801929e-05,4.8
instituting,6.309573444801929e-05,4.8
methods,6.309573444801929e-05,4.8
method,6.309573444801929e-05,4.8
mike,6.309573444801929e-05,4.8
miking,6.309573444801929e-05,4.8
mikes,6.309573444801929e-05,4.8
miked,6.309573444801929e-05,4.8
monday,6.309573444801929e-05,4.8
obviously,6.309573444801929e-05,4.8
optioned,6.309573444801929e-05,4.8
option,6.309573444801929e-05,4.8
options,6.309573444801929e-05,4.8
optioning,6.309573444801929e-05,4.8
prisons,6.309573444801929e-05,4.8
prison,6.309573444801929e-05,4.8
senates,6.309573444801929e-05,4.8
senate,6.309573444801929e-05,4.8
somebody,6.309573444801929e-05,4.8
stoned,6.309573444801929e-05,4.8
stoning,6.309573444801929e-05,4.8
stone,6.309573444801929e-05,4.8
stones,6.309573444801929e-05,4.8
strength,6.309573444801929e-05,4.8
strengths,6.309573444801929e-05,4.8
users,6.309573444801929e-05,4.8
wilds,6.309573444801929e-05,4.8
wilder,6.309573444801929e-05,4.8
wildest,6.309573444801929e-05,4.8
wild,6.309573444801929e-05,4.8
windowed,6.309573444801929e-05,4.8
windowing,6.309573444801929e-05,4.8
window,6.309573444801929e-05,4.8
windows,6.309573444801929e-05,4.8
winner,6.309573444801929e-05,4.8
winners,6.309573444801929e-05,4.8
arrived,6.165950018614822e-05,4.79
bags,6.165950018614822e-05,4.79
bag,6.165950018614822e-05,4.79
bagged,6.165950018614822e-05,4.79
bagging,6.165950018614822e-05,4.79
betting,6.165950018614822e-05,4.79
bets,6.165950018614822e-05,4.79
betted,6.165950018614822e-05,4.79
bet,6.165950018614822e-05,4.79
camp,6.165950018614822e-05,4.79
camps,6.165950018614822e-05,4.79
camped,6.165950018614822e-05,4.79
camping,6.165950018614822e-05,4.79
casting,6.165950018614822e-05,4.79
casts,6.165950018614822e-05,4.79
cast,6.165950018614822e-05,4.79
christs,6.165950018614822e-05,4.79
christ,6.165950018614822e-05,4.79
corrected,6.165950018614822e-05,4.79
corrects,6.165950018614822e-05,4.79
correcting,6.165950018614822e-05,4.79
correct,6.165950018614822e-05,4.79
dangerous,6.165950018614822e-05,4.79
ed,6.165950018614822e-05,4.79
extremely,6.165950018614822e-05,4.79
firm,6.165950018614822e-05,4.79
firmer,6.165950018614822e-05,4.79
firming,6.165950018614822e-05,4.79
firms,6.165950018614822e-05,4.79
firmed,6.165950018614822e-05,4.79
firmest,6.165950018614822e-05,4.79
handle,6.165950018614822e-05,4.79
handled,6.165950018614822e-05,4.79
handling,6.165950018614822e-05,4.79
handles,6.165950018614822e-05,4.79
improved,6.165950018614822e-05,4.79
improves,6.165950018614822e-05,4.79
improving,6.165950018614822e-05,4.79
improve,6.165950018614822e-05,4.79
indeed,6.165950018614822e-05,4.79
negatived,6.165950018614822e-05,4.79
negative,6.165950018614822e-05,4.79
negativing,6.165950018614822e-05,4.79
negatives,6.165950018614822e-05,4.79
prevented,6.165950018614822e-05,4.79
prevents,6.165950018614822e-05,4.79
preventing,6.165950018614822e-05,4.79
prevent,6.165950018614822e-05,4.79
removed,6.165950018614822e-05,4.79
richard,6.165950018614822e-05,4.79
spirits,6.165950018614822e-05,4.79
spirit,6.165950018614822e-05,4.79
spirited,6.165950018614822e-05,4.79
spiriting,6.165950018614822e-05,4.79
televisions,6.165950018614822e-05,4.79
television,6.165950018614822e-05,4.79
till,6.165950018614822e-05,4.79
tilling,6.165950018614822e-05,4.79
tills,6.165950018614822e-05,4.79
tilled,6.165950018614822e-05,4.79
troubles,6.165950018614822e-05,4.79
troubling,6.165950018614822e-05,4.79
trouble,6.165950018614822e-05,4.79
troubled,6.165950018614822e-05,4.79
usa,6.165950018614822e-05,4.79
advantaging,6.0255958607435806e-05,4.78
advantages,6.0255958607435806e-05,4.78
advantaged,6.0255958607435806e-05,4.78
advantage,6.0255958607435806e-05,4.78
apart,6.0255958607435806e-05,4.78
aware,6.0255958607435806e-05,4.78
cats,6.0255958607435806e-05,4.78
catting,6.0255958607435806e-05,4.78
catted,6.0255958607435806e-05,4.78
cat,6.0255958607435806e-05,4.78
customers,6.0255958607435806e-05,4.78
decide,6.0255958607435806e-05,4.78
deciding,6.0255958607435806e-05,4.78
decides,6.0255958607435806e-05,4.78
dinners,6.0255958607435806e-05,4.78
dinner,6.0255958607435806e-05,4.78
dollars,6.0255958607435806e-05,4.78
eastern,6.0255958607435806e-05,4.78
fifth,6.0255958607435806e-05,4.78
fifths,6.0255958607435806e-05,4.78
function,6.0255958607435806e-05,4.78
functions,6.0255958607435806e-05,4.78
functioned,6.0255958607435806e-05,4.78
functioning,6.0255958607435806e-05,4.78
gift,6.0255958607435806e-05,4.78
gifting,6.0255958607435806e-05,4.78
gifts,6.0255958607435806e-05,4.78
gifted,6.0255958607435806e-05,4.78
helpings,6.0255958607435806e-05,4.78
herself,6.0255958607435806e-05,4.78
impossible,6.0255958607435806e-05,4.78
influencing,6.0255958607435806e-05,4.78
influences,6.0255958607435806e-05,4.78
influence,6.0255958607435806e-05,4.78
influenced,6.0255958607435806e-05,4.78
items,6.0255958607435806e-05,4.78
joe,6.0255958607435806e-05,4.78
los,6.0255958607435806e-05,4.78
marketings,6.0255958607435806e-05,4.78
mary,6.0255958607435806e-05,4.78
nor,6.0255958607435806e-05,4.78
produce,6.0255958607435806e-05,4.78
produces,6.0255958607435806e-05,4.78
producing,6.0255958607435806e-05,4.78
progressed,6.0255958607435806e-05,4.78
progressing,6.0255958607435806e-05,4.78
progresses,6.0255958607435806e-05,4.78
progress,6.0255958607435806e-05,4.78
proud,6.0255958607435806e-05,4.78
prouder,6.0255958607435806e-05,4.78
proudest,6.0255958607435806e-05,4.78
requiring,6.0255958607435806e-05,4.78
requires,6.0255958607435806e-05,4.78
require,6.0255958607435806e-05,4.78
shooting,6.0255958607435806e-05,4.78
shootings,6.0255958607435806e-05,4.78
shutting,6.0255958607435806e-05,4.78
shuts,6.0255958607435806e-05,4.78
shut,6.0255958607435806e-05,4.78
vans,6.0255958607435806e-05,4.78
van,6.0255958607435806e-05,4.78
wood,6.0255958607435806e-05,4.78
woods,6.0255958607435806e-05,4.78
wooding,6.0255958607435806e-05,4.78
wooded,6.0255958607435806e-05,4.78
backgrounded,5.888436553555884e-05,4.77
backgrounds,5.888436553555884e-05,4.77
background,5.888436553555884e-05,4.77
backgrounding,5.888436553555884e-05,4.77
births,5.888436553555884e-05,4.77
birth,5.888436553555884e-05,4.77
bridged,5.888436553555884e-05,4.77
bridging,5.888436553555884e-05,4.77
bridge,5.888436553555884e-05,4.77
bridges,5.888436553555884e-05,4.77
charles,5.888436553555884e-05,4.77
concept,5.888436553555884e-05,4.77
concepts,5.888436553555884e-05,4.77
copying,5.888436553555884e-05,4.77
copy,5.888436553555884e-05,4.77
copied,5.888436553555884e-05,4.77
copies,5.888436553555884e-05,4.77
dears,5.888436553555884e-05,4.77
dearest,5.888436553555884e-05,4.77
dearer,5.888436553555884e-05,4.77
dear,5.888436553555884e-05,4.77
gardened,5.888436553555884e-05,4.77
gardening,5.888436553555884e-05,4.77
gardens,5.888436553555884e-05,4.77
garden,5.888436553555884e-05,4.77
hosted,5.888436553555884e-05,4.77
hosting,5.888436553555884e-05,4.77
host,5.888436553555884e-05,4.77
hosts,5.888436553555884e-05,4.77
housings,5.888436553555884e-05,4.77
inc,5.888436553555884e-05,4.77
israel,5.888436553555884e-05,4.77
journals,5.888436553555884e-05,4.77
journal,5.888436553555884e-05,4.77
journaling,5.888436553555884e-05,4.77
journaled,5.888436553555884e-05,4.77
laboring,5.888436553555884e-05,4.77
labored,5.888436553555884e-05,4.77
labor,5.888436553555884e-05,4.77
labors,5.888436553555884e-05,4.77
leaderships,5.888436553555884e-05,4.77
leadership,5.888436553555884e-05,4.77
lengths,5.888436553555884e-05,4.77
length,5.888436553555884e-05,4.77
luckiest,5.888436553555884e-05,4.77
lucky,5.888436553555884e-05,4.77
luckier,5.888436553555884e-05,4.77
neither,5.888436553555884e-05,4.77
onto,5.888436553555884e-05,4.77
patient,5.888436553555884e-05,4.77
possibly,5.888436553555884e-05,4.77
proving,5.888436553555884e-05,4.77
prove,5.888436553555884e-05,4.77
proves,5.888436553555884e-05,4.77
proved,5.888436553555884e-05,4.77
rarer,5.888436553555884e-05,4.77
rarest,5.888436553555884e-05,4.77
rare,5.888436553555884e-05,4.77
settings,5.888436553555884e-05,4.77
skills,5.888436553555884e-05,4.77
software,5.888436553555884e-05,4.77
softwares,5.888436553555884e-05,4.77
thousands,5.888436553555884e-05,4.77
tougher,5.888436553555884e-05,4.77
toughing,5.888436553555884e-05,4.77
tough,5.888436553555884e-05,4.77
toughest,5.888436553555884e-05,4.77
toughs,5.888436553555884e-05,4.77
toughed,5.888436553555884e-05,4.77
ad,5.7543993733715664e-05,4.76
alive,5.7543993733715664e-05,4.76
apples,5.7543993733715664e-05,4.76
apple,5.7543993733715664e-05,4.76
balance,5.7543993733715664e-05,4.76
balanced,5.7543993733715664e-05,4.76
balances,5.7543993733715664e-05,4.76
balancing,5.7543993733715664e-05,4.76
birthday,5.7543993733715664e-05,4.76
birthdays,5.7543993733715664e-05,4.76
bitch,5.7543993733715664e-05,4.76
bitching,5.7543993733715664e-05,4.76
bitched,5.7543993733715664e-05,4.76
bitches,5.7543993733715664e-05,4.76
boss,5.7543993733715664e-05,4.76
bossing,5.7543993733715664e-05,4.76
bossed,5.7543993733715664e-05,4.76
bosses,5.7543993733715664e-05,4.76
connections,5.7543993733715664e-05,4.76
connection,5.7543993733715664e-05,4.76
dressing,5.7543993733715664e-05,4.76
dresses,5.7543993733715664e-05,4.76
dress,5.7543993733715664e-05,4.76
dressed,5.7543993733715664e-05,4.76
fellows,5.7543993733715664e-05,4.76
fellow,5.7543993733715664e-05,4.76
florida,5.7543993733715664e-05,4.76
horse,5.7543993733715664e-05,4.76
horsed,5.7543993733715664e-05,4.76
horses,5.7543993733715664e-05,4.76
horsing,5.7543993733715664e-05,4.76
magic,5.7543993733715664e-05,4.76
magics,5.7543993733715664e-05,4.76
managed,5.7543993733715664e-05,4.76
maps,5.7543993733715664e-05,4.76
mapping,5.7543993733715664e-05,4.76
mapped,5.7543993733715664e-05,4.76
map,5.7543993733715664e-05,4.76
net,5.7543993733715664e-05,4.76
netting,5.7543993733715664e-05,4.76
netted,5.7543993733715664e-05,4.76
nets,5.7543993733715664e-05,4.76
requesting,5.7543993733715664e-05,4.76
request,5.7543993733715664e-05,4.76
requested,5.7543993733715664e-05,4.76
requests,5.7543993733715664e-05,4.76
stuck,5.7543993733715664e-05,4.76
sticks,5.7543993733715664e-05,4.76
stick,5.7543993733715664e-05,4.76
sticking,5.7543993733715664e-05,4.76
they've,5.7543993733715664e-05,4.76
vehicle,5.7543993733715664e-05,4.76
vehicles,5.7543993733715664e-05,4.76
volume,5.7543993733715664e-05,4.76
volumes,5.7543993733715664e-05,4.76
voluming,5.7543993733715664e-05,4.76
volumed,5.7543993733715664e-05,4.76
woke,5.7543993733715664e-05,4.76
waked,5.7543993733715664e-05,4.76
wakes,5.7543993733715664e-05,4.76
waking,5.7543993733715664e-05,4.76
woken,5.7543993733715664e-05,4.76
wake,5.7543993733715664e-05,4.76
aided,5.623413251903491e-05,4.75
aid,5.623413251903491e-05,4.75
aiding,5.623413251903491e-05,4.75
aids,5.623413251903491e-05,4.75
beauty,5.623413251903491e-05,4.75
beauties,5.623413251903491e-05,4.75
billion,5.623413251903491e-05,4.75
billions,5.623413251903491e-05,4.75
busied,5.623413251903491e-05,4.75
busies,5.623413251903491e-05,4.75
busy,5.623413251903491e-05,4.75
busying,5.623413251903491e-05,4.75
busiest,5.623413251903491e-05,4.75
busier,5.623413251903491e-05,4.75
concerned,5.623413251903491e-05,4.75
conversation,5.623413251903491e-05,4.75
conversations,5.623413251903491e-05,4.75
corner,5.623413251903491e-05,4.75
cornered,5.623413251903491e-05,4.75
corners,5.623413251903491e-05,4.75
cornering,5.623413251903491e-05,4.75
criminal,5.623413251903491e-05,4.75
criminals,5.623413251903491e-05,4.75
cultural,5.623413251903491e-05,4.75
develop,5.623413251903491e-05,4.75
developing,5.623413251903491e-05,4.75
develops,5.623413251903491e-05,4.75
drivers,5.623413251903491e-05,4.75
driver,5.623413251903491e-05,4.75
existing,5.623413251903491e-05,4.75
farming,5.623413251903491e-05,4.75
farm,5.623413251903491e-05,4.75
farmed,5.623413251903491e-05,4.75
farms,5.623413251903491e-05,4.75
files,5.623413251903491e-05,4.75
filing,5.623413251903491e-05,4.75
filed,5.623413251903491e-05,4.75
file,5.623413251903491e-05,4.75
fixes,5.623413251903491e-05,4.75
fixing,5.623413251903491e-05,4.75
fixed,5.623413251903491e-05,4.75
fix,5.623413251903491e-05,4.75
flying,5.623413251903491e-05,4.75
flown,5.623413251903491e-05,4.75
flied,5.623413251903491e-05,4.75
flies,5.623413251903491e-05,4.75
flew,5.623413251903491e-05,4.75
fly,5.623413251903491e-05,4.75
frank,5.623413251903491e-05,4.75
frankest,5.623413251903491e-05,4.75
franker,5.623413251903491e-05,4.75
franks,5.623413251903491e-05,4.75
franking,5.623413251903491e-05,4.75
franked,5.623413251903491e-05,4.75
guide,5.623413251903491e-05,4.75
guiding,5.623413251903491e-05,4.75
guides,5.623413251903491e-05,4.75
guided,5.623413251903491e-05,4.75
investigation,5.623413251903491e-05,4.75
investigations,5.623413251903491e-05,4.75
mexico,5.623413251903491e-05,4.75
operating,5.623413251903491e-05,4.75
raise,5.623413251903491e-05,4.75
raises,5.623413251903491e-05,4.75
raising,5.623413251903491e-05,4.75
responsibilities,5.623413251903491e-05,4.75
responsibility,5.623413251903491e-05,4.75
rolled,5.623413251903491e-05,4.75
rolling,5.623413251903491e-05,4.75
rolls,5.623413251903491e-05,4.75
roll,5.623413251903491e-05,4.75
slightly,5.623413251903491e-05,4.75
suggesting,5.623413251903491e-05,4.75
suggest,5.623413251903491e-05,4.75
suggested,5.623413251903491e-05,4.75
suggests,5.623413251903491e-05,4.75
surprising,5.623413251903491e-05,4.75
surprise,5.623413251903491e-05,4.75
surprises,5.623413251903491e-05,4.75
surprised,5.623413251903491e-05,4.75
technical,5.623413251903491e-05,4.75
treated,5.623413251903491e-05,4.75
treats,5.623413251903491e-05,4.75
treat,5.623413251903491e-05,4.75
treating,5.623413251903491e-05,4.75
unique,5.623413251903491e-05,4.75
variety,5.623413251903491e-05,4.75
varieties,5.623413251903491e-05,4.75
violence,5.623413251903491e-05,4.75
weapons,5.623413251903491e-05,4.75
yours,5.623413251903491e-05,4.75
youth,5.623413251903491e-05,4.75
youths,5.623413251903491e-05,4.75
2nd,5.495408738576248e-05,4.74
appreciate,5.495408738576248e-05,4.74
appreciated,5.495408738576248e-05,4.74
appreciating,5.495408738576248e-05,4.74
appreciates,5.495408738576248e-05,4.74
discovered,5.495408738576248e-05,4.74
dont,5.495408738576248e-05,4.74
drier,5.495408738576248e-05,4.74
dried,5.495408738576248e-05,4.74
driest,5.495408738576248e-05,4.74
dry,5.495408738576248e-05,4.74
dries,5.495408738576248e-05,4.74
drying,5.495408738576248e-05,4.74
edged,5.495408738576248e-05,4.74
edge,5.495408738576248e-05,4.74
edges,5.495408738576248e-05,4.74
edging,5.495408738576248e-05,4.74
evils,5.495408738576248e-05,4.74
evil,5.495408738576248e-05,4.74
excited,5.495408738576248e-05,4.74
forever,5.495408738576248e-05,4.74
henry,5.495408738576248e-05,4.74
injuries,5.495408738576248e-05,4.74
injury,5.495408738576248e-05,4.74
ironed,5.495408738576248e-05,4.74
iron,5.495408738576248e-05,4.74
ironing,5.495408738576248e-05,4.74
irons,5.495408738576248e-05,4.74
loveliest,5.495408738576248e-05,4.74
lovely,5.495408738576248e-05,4.74
lovelier,5.495408738576248e-05,4.74
lovelies,5.495408738576248e-05,4.74
madder,5.495408738576248e-05,4.74
maddest,5.495408738576248e-05,4.74
mad,5.495408738576248e-05,4.74
magazine,5.495408738576248e-05,4.74
magazines,5.495408738576248e-05,4.74
martins,5.495408738576248e-05,4.74
martin,5.495408738576248e-05,4.74
parliament,5.495408738576248e-05,4.74
parliaments,5.495408738576248e-05,4.74
prepared,5.495408738576248e-05,4.74
referencing,5.495408738576248e-05,4.74
references,5.495408738576248e-05,4.74
referenced,5.495408738576248e-05,4.74
reference,5.495408738576248e-05,4.74
religions,5.495408738576248e-05,4.74
religion,5.495408738576248e-05,4.74
somewhere,5.495408738576248e-05,4.74
strategies,5.495408738576248e-05,4.74
strategy,5.495408738576248e-05,4.74
web,5.495408738576248e-05,4.74
webs,5.495408738576248e-05,4.74
webbing,5.495408738576248e-05,4.74
webbed,5.495408738576248e-05,4.74
wine,5.495408738576248e-05,4.74
wines,5.495408738576248e-05,4.74
angeles,5.370317963702533e-05,4.73
arm,5.370317963702533e-05,4.73
arming,5.370317963702533e-05,4.73
armed,5.370317963702533e-05,4.73
audience,5.370317963702533e-05,4.73
audiences,5.370317963702533e-05,4.73
baying,5.370317963702533e-05,4.73
bayed,5.370317963702533e-05,4.73
bay,5.370317963702533e-05,4.73
bays,5.370317963702533e-05,4.73
blog,5.370317963702533e-05,4.73
closers,5.370317963702533e-05,4.73
cored,5.370317963702533e-05,4.73
core,5.370317963702533e-05,4.73
cores,5.370317963702533e-05,4.73
coring,5.370317963702533e-05,4.73
democratic,5.370317963702533e-05,4.73
description,5.370317963702533e-05,4.73
descriptions,5.370317963702533e-05,4.73
excellent,5.370317963702533e-05,4.73
existed,5.370317963702533e-05,4.73
exist,5.370317963702533e-05,4.73
exists,5.370317963702533e-05,4.73
guard,5.370317963702533e-05,4.73
guards,5.370317963702533e-05,4.73
guarded,5.370317963702533e-05,4.73
guarding,5.370317963702533e-05,4.73
honest,5.370317963702533e-05,4.73
jones,5.370317963702533e-05,4.73
lee,5.370317963702533e-05,4.73
lees,5.370317963702533e-05,4.73
medicine,5.370317963702533e-05,4.73
medicines,5.370317963702533e-05,4.73
mentioning,5.370317963702533e-05,4.73
mention,5.370317963702533e-05,4.73
mentions,5.370317963702533e-05,4.73
mountains,5.370317963702533e-05,4.73
mountain,5.370317963702533e-05,4.73
nuclear,5.370317963702533e-05,4.73
ports,5.370317963702533e-05,4.73
porting,5.370317963702533e-05,4.73
port,5.370317963702533e-05,4.73
ported,5.370317963702533e-05,4.73
presence,5.370317963702533e-05,4.73
presences,5.370317963702533e-05,4.73
reaction,5.370317963702533e-05,4.73
reactions,5.370317963702533e-05,4.73
reduce,5.370317963702533e-05,4.73
reducing,5.370317963702533e-05,4.73
reduces,5.370317963702533e-05,4.73
reduced,5.370317963702533e-05,4.73
shoots,5.370317963702533e-05,4.73
shoot,5.370317963702533e-05,4.73
solids,5.370317963702533e-05,4.73
solid,5.370317963702533e-05,4.73
spanish,5.370317963702533e-05,4.73
sporting,5.370317963702533e-05,4.73
sported,5.370317963702533e-05,4.73
sport,5.370317963702533e-05,4.73
stress,5.370317963702533e-05,4.73
stressing,5.370317963702533e-05,4.73
stresses,5.370317963702533e-05,4.73
stressed,5.370317963702533e-05,4.73
taste,5.370317963702533e-05,4.73
tastes,5.370317963702533e-05,4.73
tasted,5.370317963702533e-05,4.73
tasting,5.370317963702533e-05,4.73
teas,5.370317963702533e-05,4.73
tea,5.370317963702533e-05,4.73
victory,5.370317963702533e-05,4.73
victories,5.370317963702533e-05,4.73
afternoon,5.248074602497723e-05,4.72
afternoons,5.248074602497723e-05,4.72
assistant,5.248074602497723e-05,4.72
assistants,5.248074602497723e-05,4.72
britain,5.248074602497723e-05,4.72
citizens,5.248074602497723e-05,4.72
classics,5.248074602497723e-05,4.72
classic,5.248074602497723e-05,4.72
clothes,5.248074602497723e-05,4.72
electric,5.248074602497723e-05,4.72
emergency,5.248074602497723e-05,4.72
emergencies,5.248074602497723e-05,4.72
entirely,5.248074602497723e-05,4.72
failure,5.248074602497723e-05,4.72
failures,5.248074602497723e-05,4.72
festivals,5.248074602497723e-05,4.72
festival,5.248074602497723e-05,4.72
flats,5.248074602497723e-05,4.72
flattest,5.248074602497723e-05,4.72
flat,5.248074602497723e-05,4.72
flatter,5.248074602497723e-05,4.72
fuelled,5.248074602497723e-05,4.72
fuelling,5.248074602497723e-05,4.72
fuels,5.248074602497723e-05,4.72
fuel,5.248074602497723e-05,4.72
fueled,5.248074602497723e-05,4.72
fueling,5.248074602497723e-05,4.72
harrying,5.248074602497723e-05,4.72
harry,5.248074602497723e-05,4.72
harried,5.248074602497723e-05,4.72
harries,5.248074602497723e-05,4.72
hellos,5.248074602497723e-05,4.72
hello,5.248074602497723e-05,4.72
ills,5.248074602497723e-05,4.72
iller,5.248074602497723e-05,4.72
ill,5.248074602497723e-05,4.72
illest,5.248074602497723e-05,4.72
initialling,5.248074602497723e-05,4.72
initialled,5.248074602497723e-05,4.72
initialing,5.248074602497723e-05,4.72
initials,5.248074602497723e-05,4.72
initial,5.248074602497723e-05,4.72
initialed,5.248074602497723e-05,4.72
introduced,5.248074602497723e-05,4.72
johnson,5.248074602497723e-05,4.72
kicking,5.248074602497723e-05,4.72
kicked,5.248074602497723e-05,4.72
kicks,5.248074602497723e-05,4.72
kick,5.248074602497723e-05,4.72
mailed,5.248074602497723e-05,4.72
mailing,5.248074602497723e-05,4.72
mail,5.248074602497723e-05,4.72
mails,5.248074602497723e-05,4.72
massive,5.248074602497723e-05,4.72
pairs,5.248074602497723e-05,4.72
paired,5.248074602497723e-05,4.72
pairing,5.248074602497723e-05,4.72
pair,5.248074602497723e-05,4.72
plane,5.248074602497723e-05,4.72
planed,5.248074602497723e-05,4.72
planes,5.248074602497723e-05,4.72
planing,5.248074602497723e-05,4.72
plenty,5.248074602497723e-05,4.72
princes,5.248074602497723e-05,4.72
prince,5.248074602497723e-05,4.72
proper,5.248074602497723e-05,4.72
quarter,5.248074602497723e-05,4.72
quarters,5.248074602497723e-05,4.72
quartered,5.248074602497723e-05,4.72
quartering,5.248074602497723e-05,4.72
regional,5.248074602497723e-05,4.72
regionals,5.248074602497723e-05,4.72
scott,5.248074602497723e-05,4.72
sessions,5.248074602497723e-05,4.72
session,5.248074602497723e-05,4.72
shaped,5.248074602497723e-05,4.72
shape,5.248074602497723e-05,4.72
shapes,5.248074602497723e-05,4.72
shaping,5.248074602497723e-05,4.72
sky,5.248074602497723e-05,4.72
skies,5.248074602497723e-05,4.72
skying,5.248074602497723e-05,4.72
skied,5.248074602497723e-05,4.72
teachings,5.248074602497723e-05,4.72
teaching,5.248074602497723e-05,4.72
toward,5.248074602497723e-05,4.72
transferring,5.248074602497723e-05,4.72
transfer,5.248074602497723e-05,4.72
transfers,5.248074602497723e-05,4.72
transferred,5.248074602497723e-05,4.72
uppers,5.248074602497723e-05,4.72
upper,5.248074602497723e-05,4.72
useful,5.248074602497723e-05,4.72
valley,5.248074602497723e-05,4.72
valleys,5.248074602497723e-05,4.72
willing,5.248074602497723e-05,4.72
zone,5.248074602497723e-05,4.72
zones,5.248074602497723e-05,4.72
zoned,5.248074602497723e-05,4.72
zoning,5.248074602497723e-05,4.72
accident,5.128613839913648e-05,4.71
accidents,5.128613839913648e-05,4.71
advanced,5.128613839913648e-05,4.71
alternatives,5.128613839913648e-05,4.71
alternative,5.128613839913648e-05,4.71
anywhere,5.128613839913648e-05,4.71
bearing,5.128613839913648e-05,4.71
bore,5.128613839913648e-05,4.71
bear,5.128613839913648e-05,4.71
borne,5.128613839913648e-05,4.71
bears,5.128613839913648e-05,4.71
boating,5.128613839913648e-05,4.71
boat,5.128613839913648e-05,4.71
boated,5.128613839913648e-05,4.71
boats,5.128613839913648e-05,4.71
capacity,5.128613839913648e-05,4.71
capacities,5.128613839913648e-05,4.71
cheapest,5.128613839913648e-05,4.71
cheaper,5.128613839913648e-05,4.71
cheap,5.128613839913648e-05,4.71
climate,5.128613839913648e-05,4.71
climates,5.128613839913648e-05,4.71
discussions,5.128613839913648e-05,4.71
discussion,5.128613839913648e-05,4.71
duties,5.128613839913648e-05,4.71
duty,5.128613839913648e-05,4.71
fantastic,5.128613839913648e-05,4.71
governors,5.128613839913648e-05,4.71
governor,5.128613839913648e-05,4.71
hasn't,5.128613839913648e-05,4.71
hundred,5.128613839913648e-05,4.71
hundreds,5.128613839913648e-05,4.71
industrials,5.128613839913648e-05,4.71
industrial,5.128613839913648e-05,4.71
jointed,5.128613839913648e-05,4.71
jointing,5.128613839913648e-05,4.71
joint,5.128613839913648e-05,4.71
joints,5.128613839913648e-05,4.71
mix,5.128613839913648e-05,4.71
mixes,5.128613839913648e-05,4.71
mixing,5.128613839913648e-05,4.71
mixed,5.128613839913648e-05,4.71
museum,5.128613839913648e-05,4.71
museums,5.128613839913648e-05,4.71
path,5.128613839913648e-05,4.71
paths,5.128613839913648e-05,4.71
promise,5.128613839913648e-05,4.71
promises,5.128613839913648e-05,4.71
promised,5.128613839913648e-05,4.71
promising,5.128613839913648e-05,4.71
proposed,5.128613839913648e-05,4.71
purchased,5.128613839913648e-05,4.71
purchase,5.128613839913648e-05,4.71
purchasing,5.128613839913648e-05,4.71
purchases,5.128613839913648e-05,4.71
rain,5.128613839913648e-05,4.71
rains,5.128613839913648e-05,4.71
rained,5.128613839913648e-05,4.71
raining,5.128613839913648e-05,4.71
removes,5.128613839913648e-05,4.71
removing,5.128613839913648e-05,4.71
remove,5.128613839913648e-05,4.71
steeled,5.128613839913648e-05,4.71
steeling,5.128613839913648e-05,4.71
steels,5.128613839913648e-05,4.71
steel,5.128613839913648e-05,4.71
steve,5.128613839913648e-05,4.71
terrible,5.128613839913648e-05,4.71
they'll,5.128613839913648e-05,4.71
tired,5.128613839913648e-05,4.71
turnings,5.128613839913648e-05,4.71
vice,5.128613839913648e-05,4.71
vices,5.128613839913648e-05,4.71
warming,5.128613839913648e-05,4.71
warm,5.128613839913648e-05,4.71
warmed,5.128613839913648e-05,4.71
warmer,5.128613839913648e-05,4.71
warmest,5.128613839913648e-05,4.71
warms,5.128613839913648e-05,4.71
°,5.128613839913648e-05,4.71
afraid,5.011872336272725e-05,4.7
beers,5.011872336272725e-05,4.7
beer,5.011872336272725e-05,4.7
bordered,5.011872336272725e-05,4.7
border,5.011872336272725e-05,4.7
borders,5.011872336272725e-05,4.7
bordering,5.011872336272725e-05,4.7
canadian,5.011872336272725e-05,4.7
commanding,5.011872336272725e-05,4.7
commands,5.011872336272725e-05,4.7
command,5.011872336272725e-05,4.7
commanded,5.011872336272725e-05,4.7
crew,5.011872336272725e-05,4.7
crewing,5.011872336272725e-05,4.7
crewed,5.011872336272725e-05,4.7
crews,5.011872336272725e-05,4.7
crowd,5.011872336272725e-05,4.7
crowds,5.011872336272725e-05,4.7
crowded,5.011872336272725e-05,4.7
crowding,5.011872336272725e-05,4.7
dick,5.011872336272725e-05,4.7
elements,5.011872336272725e-05,4.7
enemy,5.011872336272725e-05,4.7
enemies,5.011872336272725e-05,4.7
ensuring,5.011872336272725e-05,4.7
ensures,5.011872336272725e-05,4.7
ensured,5.011872336272725e-05,4.7
ensure,5.011872336272725e-05,4.7
environmental,5.011872336272725e-05,4.7
filled,5.011872336272725e-05,4.7
forested,5.011872336272725e-05,4.7
forest,5.011872336272725e-05,4.7
foresting,5.011872336272725e-05,4.7
forests,5.011872336272725e-05,4.7
intelligence,5.011872336272725e-05,4.7
intended,5.011872336272725e-05,4.7
labouring,5.011872336272725e-05,4.7
laboured,5.011872336272725e-05,4.7
labours,5.011872336272725e-05,4.7
labour,5.011872336272725e-05,4.7
limits,5.011872336272725e-05,4.7
limiting,5.011872336272725e-05,4.7
limit,5.011872336272725e-05,4.7
mooning,5.011872336272725e-05,4.7
mooned,5.011872336272725e-05,4.7
moon,5.011872336272725e-05,4.7
moons,5.011872336272725e-05,4.7
ocean,5.011872336272725e-05,4.7
oceans,5.011872336272725e-05,4.7
profited,5.011872336272725e-05,4.7
profiting,5.011872336272725e-05,4.7
profit,5.011872336272725e-05,4.7
profits,5.011872336272725e-05,4.7
proofs,5.011872336272725e-05,4.7
proof,5.011872336272725e-05,4.7
proofing,5.011872336272725e-05,4.7
proofed,5.011872336272725e-05,4.7
republican,5.011872336272725e-05,4.7
republicans,5.011872336272725e-05,4.7
soldiers,5.011872336272725e-05,4.7
suited,5.011872336272725e-05,4.7
suit,5.011872336272725e-05,4.7
suiting,5.011872336272725e-05,4.7
suits,5.011872336272725e-05,4.7
women's,5.011872336272725e-05,4.7
appearance,4.897788193684466e-05,4.69
appearances,4.897788193684466e-05,4.69
asian,4.897788193684466e-05,4.69
attorney,4.897788193684466e-05,4.69
attorneys,4.897788193684466e-05,4.69
behaviors,4.897788193684466e-05,4.69
behavior,4.897788193684466e-05,4.69
ben,4.897788193684466e-05,4.69
chairs,4.897788193684466e-05,4.69
chaired,4.897788193684466e-05,4.69
chair,4.897788193684466e-05,4.69
chairing,4.897788193684466e-05,4.69
debts,4.897788193684466e-05,4.69
debt,4.897788193684466e-05,4.69
domestic,4.897788193684466e-05,4.69
domestics,4.897788193684466e-05,4.69
expensive,4.897788193684466e-05,4.69
historical,4.897788193684466e-05,4.69
honestly,4.897788193684466e-05,4.69
honor,4.897788193684466e-05,4.69
honored,4.897788193684466e-05,4.69
honoring,4.897788193684466e-05,4.69
honors,4.897788193684466e-05,4.69
im,4.897788193684466e-05,4.69
jump,4.897788193684466e-05,4.69
jumping,4.897788193684466e-05,4.69
jumped,4.897788193684466e-05,4.69
jumps,4.897788193684466e-05,4.69
launch,4.897788193684466e-05,4.69
launching,4.897788193684466e-05,4.69
launches,4.897788193684466e-05,4.69
launched,4.897788193684466e-05,4.69
minimums,4.897788193684466e-05,4.69
minima,4.897788193684466e-05,4.69
minimum,4.897788193684466e-05,4.69
native,4.897788193684466e-05,4.69
natives,4.897788193684466e-05,4.69
originally,4.897788193684466e-05,4.69
pm,4.897788193684466e-05,4.69
rays,4.897788193684466e-05,4.69
ray,4.897788193684466e-05,4.69
raying,4.897788193684466e-05,4.69
rayed,4.897788193684466e-05,4.69
suddenly,4.897788193684466e-05,4.69
supreme,4.897788193684466e-05,4.69
surveys,4.897788193684466e-05,4.69
survey,4.897788193684466e-05,4.69
surveying,4.897788193684466e-05,4.69
surveyed,4.897788193684466e-05,4.69
tech,4.897788193684466e-05,4.69
updates,4.897788193684466e-05,4.69
updated,4.897788193684466e-05,4.69
updating,4.897788193684466e-05,4.69
update,4.897788193684466e-05,4.69
user,4.897788193684466e-05,4.69
writer,4.897788193684466e-05,4.69
writers,4.897788193684466e-05,4.69
yellower,4.897788193684466e-05,4.69
yellows,4.897788193684466e-05,4.69
yellow,4.897788193684466e-05,4.69
yellowed,4.897788193684466e-05,4.69
yellowest,4.897788193684466e-05,4.69
yellowing,4.897788193684466e-05,4.69
ancient,4.786300923226381e-05,4.68
ancients,4.786300923226381e-05,4.68
combined,4.786300923226381e-05,4.68
communications,4.786300923226381e-05,4.68
communication,4.786300923226381e-05,4.68
connected,4.786300923226381e-05,4.68
contains,4.786300923226381e-05,4.68
downloaded,4.786300923226381e-05,4.68
download,4.786300923226381e-05,4.68
downloading,4.786300923226381e-05,4.68
downloads,4.786300923226381e-05,4.68
emailing,4.786300923226381e-05,4.68
emailed,4.786300923226381e-05,4.68
emails,4.786300923226381e-05,4.68
email,4.786300923226381e-05,4.68
endings,4.786300923226381e-05,4.68
exercise,4.786300923226381e-05,4.68
exercised,4.786300923226381e-05,4.68
exercises,4.786300923226381e-05,4.68
exercising,4.786300923226381e-05,4.68
expresses,4.786300923226381e-05,4.68
expressed,4.786300923226381e-05,4.68
expressing,4.786300923226381e-05,4.68
express,4.786300923226381e-05,4.68
flowing,4.786300923226381e-05,4.68
flowed,4.786300923226381e-05,4.68
flows,4.786300923226381e-05,4.68
flow,4.786300923226381e-05,4.68
girlfriend,4.786300923226381e-05,4.68
girlfriends,4.786300923226381e-05,4.68
hero,4.786300923226381e-05,4.68
heroes,4.786300923226381e-05,4.68
illegal,4.786300923226381e-05,4.68
illegals,4.786300923226381e-05,4.68
joking,4.786300923226381e-05,4.68
joked,4.786300923226381e-05,4.68
jokes,4.786300923226381e-05,4.68
joke,4.786300923226381e-05,4.68
loans,4.786300923226381e-05,4.68
loaned,4.786300923226381e-05,4.68
loaning,4.786300923226381e-05,4.68
loan,4.786300923226381e-05,4.68
people's,4.786300923226381e-05,4.68
performed,4.786300923226381e-05,4.68
planets,4.786300923226381e-05,4.68
planet,4.786300923226381e-05,4.68
restaurants,4.786300923226381e-05,4.68
restaurant,4.786300923226381e-05,4.68
scotland,4.786300923226381e-05,4.68
selected,4.786300923226381e-05,4.68
shoppings,4.786300923226381e-05,4.68
softest,4.786300923226381e-05,4.68
soft,4.786300923226381e-05,4.68
softer,4.786300923226381e-05,4.68
sugars,4.786300923226381e-05,4.68
sugar,4.786300923226381e-05,4.68
sugaring,4.786300923226381e-05,4.68
sugared,4.786300923226381e-05,4.68
taught,4.786300923226381e-05,4.68
transports,4.786300923226381e-05,4.68
transporting,4.786300923226381e-05,4.68
transport,4.786300923226381e-05,4.68
transported,4.786300923226381e-05,4.68
weren't,4.786300923226381e-05,4.68
affairs,4.677351412871981e-05,4.67
appeals,4.677351412871981e-05,4.67
appealing,4.677351412871981e-05,4.67
appealed,4.677351412871981e-05,4.67
appeal,4.677351412871981e-05,4.67
appropriates,4.677351412871981e-05,4.67
appropriate,4.677351412871981e-05,4.67
appropriated,4.677351412871981e-05,4.67
appropriating,4.677351412871981e-05,4.67
boston,4.677351412871981e-05,4.67
ca,4.677351412871981e-05,4.67
confirmed,4.677351412871981e-05,4.67
devices,4.677351412871981e-05,4.67
device,4.677351412871981e-05,4.67
dramas,4.677351412871981e-05,4.67
drama,4.677351412871981e-05,4.67
entries,4.677351412871981e-05,4.67
entry,4.677351412871981e-05,4.67
eras,4.677351412871981e-05,4.67
era,4.677351412871981e-05,4.67
factors,4.677351412871981e-05,4.67
factor,4.677351412871981e-05,4.67
factoring,4.677351412871981e-05,4.67
factored,4.677351412871981e-05,4.67
feed,4.677351412871981e-05,4.67
fed,4.677351412871981e-05,4.67
feeds,4.677351412871981e-05,4.67
feeding,4.677351412871981e-05,4.67
golden,4.677351412871981e-05,4.67
goldenest,4.677351412871981e-05,4.67
goldener,4.677351412871981e-05,4.67
granted,4.677351412871981e-05,4.67
grants,4.677351412871981e-05,4.67
granting,4.677351412871981e-05,4.67
grant,4.677351412871981e-05,4.67
lawyer,4.677351412871981e-05,4.67
lawyers,4.677351412871981e-05,4.67
legs,4.677351412871981e-05,4.67
measures,4.677351412871981e-05,4.67
mistaken,4.677351412871981e-05,4.67
mistook,4.677351412871981e-05,4.67
mistaking,4.677351412871981e-05,4.67
mistake,4.677351412871981e-05,4.67
mistakes,4.677351412871981e-05,4.67
ms,4.677351412871981e-05,4.67
muslim,4.677351412871981e-05,4.67
platform,4.677351412871981e-05,4.67
platforms,4.677351412871981e-05,4.67
pooling,4.677351412871981e-05,4.67
pooled,4.677351412871981e-05,4.67
pools,4.677351412871981e-05,4.67
pool,4.677351412871981e-05,4.67
regarding,4.677351412871981e-05,4.67
relations,4.677351412871981e-05,4.67
routed,4.677351412871981e-05,4.67
route,4.677351412871981e-05,4.67
routes,4.677351412871981e-05,4.67
routing,4.677351412871981e-05,4.67
schedule,4.677351412871981e-05,4.67
scheduled,4.677351412871981e-05,4.67
schedules,4.677351412871981e-05,4.67
scheduling,4.677351412871981e-05,4.67
scientific,4.677351412871981e-05,4.67
shoes,4.677351412871981e-05,4.67
smoked,4.677351412871981e-05,4.67
smoking,4.677351412871981e-05,4.67
smokes,4.677351412871981e-05,4.67
smoke,4.677351412871981e-05,4.67
squads,4.677351412871981e-05,4.67
squad,4.677351412871981e-05,4.67
teach,4.677351412871981e-05,4.67
teaches,4.677351412871981e-05,4.67
testings,4.677351412871981e-05,4.67
williams,4.677351412871981e-05,4.67
ya,4.677351412871981e-05,4.67
abusing,4.570881896148752e-05,4.66
abused,4.570881896148752e-05,4.66
abuse,4.570881896148752e-05,4.66
abuses,4.570881896148752e-05,4.66
angrier,4.570881896148752e-05,4.66
angry,4.570881896148752e-05,4.66
angriest,4.570881896148752e-05,4.66
candidates,4.570881896148752e-05,4.66
candidate,4.570881896148752e-05,4.66
candidating,4.570881896148752e-05,4.66
candidated,4.570881896148752e-05,4.66
comfortable,4.570881896148752e-05,4.66
concerns,4.570881896148752e-05,4.66
concerning,4.570881896148752e-05,4.66
concern,4.570881896148752e-05,4.66
discusses,4.570881896148752e-05,4.66
discuss,4.570881896148752e-05,4.66
discussing,4.570881896148752e-05,4.66
discussed,4.570881896148752e-05,4.66
emotional,4.570881896148752e-05,4.66
et,4.570881896148752e-05,4.66
everywhere,4.570881896148752e-05,4.66
facilities,4.570881896148752e-05,4.66
foxes,4.570881896148752e-05,4.66
foxed,4.570881896148752e-05,4.66
fox,4.570881896148752e-05,4.66
foxing,4.570881896148752e-05,4.66
holed,4.570881896148752e-05,4.66
holes,4.570881896148752e-05,4.66
holing,4.570881896148752e-05,4.66
hole,4.570881896148752e-05,4.66
holidaying,4.570881896148752e-05,4.66
holidays,4.570881896148752e-05,4.66
holidayed,4.570881896148752e-05,4.66
holiday,4.570881896148752e-05,4.66
internals,4.570881896148752e-05,4.66
internal,4.570881896148752e-05,4.66
ireland,4.570881896148752e-05,4.66
italian,4.570881896148752e-05,4.66
italy,4.570881896148752e-05,4.66
jerseys,4.570881896148752e-05,4.66
jersey,4.570881896148752e-05,4.66
laughing,4.570881896148752e-05,4.66
laughs,4.570881896148752e-05,4.66
laughed,4.570881896148752e-05,4.66
laugh,4.570881896148752e-05,4.66
leg,4.570881896148752e-05,4.66
liberal,4.570881896148752e-05,4.66
liberals,4.570881896148752e-05,4.66
ll,4.570881896148752e-05,4.66
lunch,4.570881896148752e-05,4.66
lunches,4.570881896148752e-05,4.66
lunching,4.570881896148752e-05,4.66
lunched,4.570881896148752e-05,4.66
max,4.570881896148752e-05,4.66
milked,4.570881896148752e-05,4.66
milks,4.570881896148752e-05,4.66
milking,4.570881896148752e-05,4.66
milk,4.570881896148752e-05,4.66
packed,4.570881896148752e-05,4.66
pack,4.570881896148752e-05,4.66
packs,4.570881896148752e-05,4.66
packing,4.570881896148752e-05,4.66
payments,4.570881896148752e-05,4.66
payment,4.570881896148752e-05,4.66
performs,4.570881896148752e-05,4.66
perform,4.570881896148752e-05,4.66
performing,4.570881896148752e-05,4.66
relatively,4.570881896148752e-05,4.66
sectoring,4.570881896148752e-05,4.66
sectored,4.570881896148752e-05,4.66
sector,4.570881896148752e-05,4.66
sectors,4.570881896148752e-05,4.66
snow,4.570881896148752e-05,4.66
snowed,4.570881896148752e-05,4.66
snowing,4.570881896148752e-05,4.66
snows,4.570881896148752e-05,4.66
storming,4.570881896148752e-05,4.66
storms,4.570881896148752e-05,4.66
stormed,4.570881896148752e-05,4.66
storm,4.570881896148752e-05,4.66
struck,4.570881896148752e-05,4.66
strikes,4.570881896148752e-05,4.66
stricken,4.570881896148752e-05,4.66
strike,4.570881896148752e-05,4.66
striking,4.570881896148752e-05,4.66
studios,4.570881896148752e-05,4.66
studio,4.570881896148752e-05,4.66
subs,4.570881896148752e-05,4.66
sub,4.570881896148752e-05,4.66
subbing,4.570881896148752e-05,4.66
subbed,4.570881896148752e-05,4.66
weak,4.570881896148752e-05,4.66
weakest,4.570881896148752e-05,4.66
weaker,4.570881896148752e-05,4.66
youtube,4.570881896148752e-05,4.66
3rd,4.466835921509635e-05,4.65
actor,4.466835921509635e-05,4.65
actors,4.466835921509635e-05,4.65
advance,4.466835921509635e-05,4.65
advancing,4.466835921509635e-05,4.65
advances,4.466835921509635e-05,4.65
apartment,4.466835921509635e-05,4.65
apartments,4.466835921509635e-05,4.65
asia,4.466835921509635e-05,4.65
chaining,4.466835921509635e-05,4.65
chained,4.466835921509635e-05,4.65
chains,4.466835921509635e-05,4.65
chain,4.466835921509635e-05,4.65
chapters,4.466835921509635e-05,4.65
chapter,4.466835921509635e-05,4.65
committed,4.466835921509635e-05,4.65
confidence,4.466835921509635e-05,4.65
confidences,4.466835921509635e-05,4.65
cooks,4.466835921509635e-05,4.65
cooking,4.466835921509635e-05,4.65
cooked,4.466835921509635e-05,4.65
cook,4.466835921509635e-05,4.65
cuter,4.466835921509635e-05,4.65
cutest,4.466835921509635e-05,4.65
cute,4.466835921509635e-05,4.65
equaling,4.466835921509635e-05,4.65
equaled,4.466835921509635e-05,4.65
equals,4.466835921509635e-05,4.65
equalled,4.466835921509635e-05,4.65
equalling,4.466835921509635e-05,4.65
equal,4.466835921509635e-05,4.65
faked,4.466835921509635e-05,4.65
fakes,4.466835921509635e-05,4.65
faking,4.466835921509635e-05,4.65
fake,4.466835921509635e-05,4.65
finance,4.466835921509635e-05,4.65
financing,4.466835921509635e-05,4.65
finances,4.466835921509635e-05,4.65
financed,4.466835921509635e-05,4.65
identity,4.466835921509635e-05,4.65
identities,4.466835921509635e-05,4.65
journeying,4.466835921509635e-05,4.65
journeyed,4.466835921509635e-05,4.65
journeys,4.466835921509635e-05,4.65
journey,4.466835921509635e-05,4.65
kitchens,4.466835921509635e-05,4.65
kitchen,4.466835921509635e-05,4.65
korea,4.466835921509635e-05,4.65
maintaining,4.466835921509635e-05,4.65
maintain,4.466835921509635e-05,4.65
maintains,4.466835921509635e-05,4.65
maintained,4.466835921509635e-05,4.65
measure,4.466835921509635e-05,4.65
measured,4.466835921509635e-05,4.65
measuring,4.466835921509635e-05,4.65
mm,4.466835921509635e-05,4.65
numerous,4.466835921509635e-05,4.65
quieter,4.466835921509635e-05,4.65
quieted,4.466835921509635e-05,4.65
quietest,4.466835921509635e-05,4.65
quiets,4.466835921509635e-05,4.65
quiet,4.466835921509635e-05,4.65
quieting,4.466835921509635e-05,4.65
revealed,4.466835921509635e-05,4.65
specifically,4.466835921509635e-05,4.65
split,4.466835921509635e-05,4.65
splitting,4.466835921509635e-05,4.65
splits,4.466835921509635e-05,4.65
tasked,4.466835921509635e-05,4.65
tasking,4.466835921509635e-05,4.65
tasks,4.466835921509635e-05,4.65
task,4.466835921509635e-05,4.65
taylor,4.466835921509635e-05,4.65
twenty,4.466835921509635e-05,4.65
urban,4.466835921509635e-05,4.65
affected,4.3651583224016566e-05,4.64
affecteds,4.3651583224016566e-05,4.64
aircraft,4.3651583224016566e-05,4.64
aircrafts,4.3651583224016566e-05,4.64
approved,4.3651583224016566e-05,4.64
approximately,4.3651583224016566e-05,4.64
argument,4.3651583224016566e-05,4.64
arguments,4.3651583224016566e-05,4.64
arrested,4.3651583224016566e-05,4.64
conflicted,4.3651583224016566e-05,4.64
conflicts,4.3651583224016566e-05,4.64
conflict,4.3651583224016566e-05,4.64
conflicting,4.3651583224016566e-05,4.64
corporate,4.3651583224016566e-05,4.64
debates,4.3651583224016566e-05,4.64
debating,4.3651583224016566e-05,4.64
debate,4.3651583224016566e-05,4.64
debated,4.3651583224016566e-05,4.64
determined,4.3651583224016566e-05,4.64
distributions,4.3651583224016566e-05,4.64
distribution,4.3651583224016566e-05,4.64
documents,4.3651583224016566e-05,4.64
escaped,4.3651583224016566e-05,4.64
escape,4.3651583224016566e-05,4.64
escapes,4.3651583224016566e-05,4.64
escaping,4.3651583224016566e-05,4.64
extended,4.3651583224016566e-05,4.64
faulted,4.3651583224016566e-05,4.64
faulting,4.3651583224016566e-05,4.64
faults,4.3651583224016566e-05,4.64
fault,4.3651583224016566e-05,4.64
fill,4.3651583224016566e-05,4.64
filling,4.3651583224016566e-05,4.64
fills,4.3651583224016566e-05,4.64
flowers,4.3651583224016566e-05,4.64
friendlier,4.3651583224016566e-05,4.64
friendliest,4.3651583224016566e-05,4.64
friendly,4.3651583224016566e-05,4.64
laying,4.3651583224016566e-05,4.64
lays,4.3651583224016566e-05,4.64
laid,4.3651583224016566e-05,4.64
phasing,4.3651583224016566e-05,4.64
phased,4.3651583224016566e-05,4.64
phases,4.3651583224016566e-05,4.64
phase,4.3651583224016566e-05,4.64
properly,4.3651583224016566e-05,4.64
purest,4.3651583224016566e-05,4.64
pure,4.3651583224016566e-05,4.64
purer,4.3651583224016566e-05,4.64
requirements,4.3651583224016566e-05,4.64
residents,4.3651583224016566e-05,4.64
revenue,4.3651583224016566e-05,4.64
revenues,4.3651583224016566e-05,4.64
sam,4.3651583224016566e-05,4.64
securest,4.3651583224016566e-05,4.64
securer,4.3651583224016566e-05,4.64
secures,4.3651583224016566e-05,4.64
secure,4.3651583224016566e-05,4.64
securing,4.3651583224016566e-05,4.64
secured,4.3651583224016566e-05,4.64
smiled,4.3651583224016566e-05,4.64
smiling,4.3651583224016566e-05,4.64
smile,4.3651583224016566e-05,4.64
smiles,4.3651583224016566e-05,4.64
strange,4.3651583224016566e-05,4.64
strangest,4.3651583224016566e-05,4.64
stranger,4.3651583224016566e-05,4.64
talent,4.3651583224016566e-05,4.64
talents,4.3651583224016566e-05,4.64
temperature,4.3651583224016566e-05,4.64
temperatures,4.3651583224016566e-05,4.64
thousand,4.3651583224016566e-05,4.64
tony,4.3651583224016566e-05,4.64
troops,4.3651583224016566e-05,4.64
trucks,4.3651583224016566e-05,4.64
trucked,4.3651583224016566e-05,4.64
truck,4.3651583224016566e-05,4.64
trucking,4.3651583224016566e-05,4.64
ah,4.265795188015926e-05,4.63
basically,4.265795188015926e-05,4.63
besides,4.265795188015926e-05,4.63
bird,4.265795188015926e-05,4.63
birds,4.265795188015926e-05,4.63
blamed,4.265795188015926e-05,4.63
blame,4.265795188015926e-05,4.63
blames,4.265795188015926e-05,4.63
blaming,4.265795188015926e-05,4.63
bob,4.265795188015926e-05,4.63
bobbed,4.265795188015926e-05,4.63
bobs,4.265795188015926e-05,4.63
bobbing,4.265795188015926e-05,4.63
bowls,4.265795188015926e-05,4.63
bowled,4.265795188015926e-05,4.63
bowling,4.265795188015926e-05,4.63
bowl,4.265795188015926e-05,4.63
chickening,4.265795188015926e-05,4.63
chickened,4.265795188015926e-05,4.63
chickens,4.265795188015926e-05,4.63
chicken,4.265795188015926e-05,4.63
collected,4.265795188015926e-05,4.63
context,4.265795188015926e-05,4.63
contexts,4.265795188015926e-05,4.63
coverages,4.265795188015926e-05,4.63
coverage,4.265795188015926e-05,4.63
determines,4.265795188015926e-05,4.63
determining,4.265795188015926e-05,4.63
determine,4.265795188015926e-05,4.63
displayed,4.265795188015926e-05,4.63
displaying,4.265795188015926e-05,4.63
display,4.265795188015926e-05,4.63
displays,4.265795188015926e-05,4.63
elected,4.265795188015926e-05,4.63
false,4.265795188015926e-05,4.63
fundings,4.265795188015926e-05,4.63
identified,4.265795188015926e-05,4.63
iii,4.265795188015926e-05,4.63
incredible,4.265795188015926e-05,4.63
inspired,4.265795188015926e-05,4.63
ma,4.265795188015926e-05,4.63
meat,4.265795188015926e-05,4.63
meats,4.265795188015926e-05,4.63
ministries,4.265795188015926e-05,4.63
ministry,4.265795188015926e-05,4.63
modes,4.265795188015926e-05,4.63
mode,4.265795188015926e-05,4.63
necking,4.265795188015926e-05,4.63
neck,4.265795188015926e-05,4.63
necked,4.265795188015926e-05,4.63
necks,4.265795188015926e-05,4.63
novels,4.265795188015926e-05,4.63
novel,4.265795188015926e-05,4.63
obvious,4.265795188015926e-05,4.63
shirt,4.265795188015926e-05,4.63
shirts,4.265795188015926e-05,4.63
slowly,4.265795188015926e-05,4.63
stadiums,4.265795188015926e-05,4.63
stadia,4.265795188015926e-05,4.63
stadium,4.265795188015926e-05,4.63
surgery,4.265795188015926e-05,4.63
surgeries,4.265795188015926e-05,4.63
tuesday,4.265795188015926e-05,4.63
vision,4.265795188015926e-05,4.63
visioned,4.265795188015926e-05,4.63
visions,4.265795188015926e-05,4.63
visioning,4.265795188015926e-05,4.63
whenever,4.265795188015926e-05,4.63
zeroes,4.265795188015926e-05,4.63
zeroing,4.265795188015926e-05,4.63
zero,4.265795188015926e-05,4.63
zeroed,4.265795188015926e-05,4.63
zeros,4.265795188015926e-05,4.63
alex,4.168693834703355e-05,4.62
championed,4.168693834703355e-05,4.62
champion,4.168693834703355e-05,4.62
champions,4.168693834703355e-05,4.62
championing,4.168693834703355e-05,4.62
creamed,4.168693834703355e-05,4.62
creaming,4.168693834703355e-05,4.62
cream,4.168693834703355e-05,4.62
creams,4.168693834703355e-05,4.62
crises,4.168693834703355e-05,4.62
crisis,4.168693834703355e-05,4.62
daniel,4.168693834703355e-05,4.62
delivered,4.168693834703355e-05,4.62
editors,4.168693834703355e-05,4.62
editor,4.168693834703355e-05,4.62
estimated,4.168693834703355e-05,4.62
eu,4.168693834703355e-05,4.62
giants,4.168693834703355e-05,4.62
giant,4.168693834703355e-05,4.62
iran,4.168693834703355e-05,4.62
jail,4.168693834703355e-05,4.62
jailed,4.168693834703355e-05,4.62
jailing,4.168693834703355e-05,4.62
jails,4.168693834703355e-05,4.62
jim,4.168693834703355e-05,4.62
kingdom,4.168693834703355e-05,4.62
kingdoms,4.168693834703355e-05,4.62
literatures,4.168693834703355e-05,4.62
literature,4.168693834703355e-05,4.62
mayor,4.168693834703355e-05,4.62
mayors,4.168693834703355e-05,4.62
minoring,4.168693834703355e-05,4.62
minors,4.168693834703355e-05,4.62
minored,4.168693834703355e-05,4.62
minor,4.168693834703355e-05,4.62
opposite,4.168693834703355e-05,4.62
opposites,4.168693834703355e-05,4.62
oranges,4.168693834703355e-05,4.62
orange,4.168693834703355e-05,4.62
ourselves,4.168693834703355e-05,4.62
selections,4.168693834703355e-05,4.62
selection,4.168693834703355e-05,4.62
servings,4.168693834703355e-05,4.62
signaled,4.168693834703355e-05,4.62
signalling,4.168693834703355e-05,4.62
signalled,4.168693834703355e-05,4.62
signaling,4.168693834703355e-05,4.62
signal,4.168693834703355e-05,4.62
signals,4.168693834703355e-05,4.62
stream,4.168693834703355e-05,4.62
streamed,4.168693834703355e-05,4.62
streams,4.168693834703355e-05,4.62
streaming,4.168693834703355e-05,4.62
struggles,4.168693834703355e-05,4.62
struggling,4.168693834703355e-05,4.62
struggled,4.168693834703355e-05,4.62
struggle,4.168693834703355e-05,4.62
suiciding,4.168693834703355e-05,4.62
suicides,4.168693834703355e-05,4.62
suicide,4.168693834703355e-05,4.62
suicided,4.168693834703355e-05,4.62
theme,4.168693834703355e-05,4.62
themes,4.168693834703355e-05,4.62
thursday,4.168693834703355e-05,4.62
tiniest,4.168693834703355e-05,4.62
tinier,4.168693834703355e-05,4.62
tiny,4.168693834703355e-05,4.62
typically,4.168693834703355e-05,4.62
un,4.168693834703355e-05,4.62
unfortunately,4.168693834703355e-05,4.62
usual,4.168693834703355e-05,4.62
virginia,4.168693834703355e-05,4.62
waves,4.168693834703355e-05,4.62
wave,4.168693834703355e-05,4.62
waved,4.168693834703355e-05,4.62
waving,4.168693834703355e-05,4.62
alcohol,4.07380277804113e-05,4.61
alcohols,4.07380277804113e-05,4.61
assemblies,4.07380277804113e-05,4.61
assembly,4.07380277804113e-05,4.61
breakfast,4.07380277804113e-05,4.61
breakfasted,4.07380277804113e-05,4.61
breakfasts,4.07380277804113e-05,4.61
breakfasting,4.07380277804113e-05,4.61
brighter,4.07380277804113e-05,4.61
bright,4.07380277804113e-05,4.61
brightest,4.07380277804113e-05,4.61
capable,4.07380277804113e-05,4.61
combinations,4.07380277804113e-05,4.61
combination,4.07380277804113e-05,4.61
conservatives,4.07380277804113e-05,4.61
conservative,4.07380277804113e-05,4.61
customer,4.07380277804113e-05,4.61
cuttings,4.07380277804113e-05,4.61
desire,4.07380277804113e-05,4.61
desired,4.07380277804113e-05,4.61
desires,4.07380277804113e-05,4.61
desiring,4.07380277804113e-05,4.61
destroyed,4.07380277804113e-05,4.61
drafting,4.07380277804113e-05,4.61
drafted,4.07380277804113e-05,4.61
draft,4.07380277804113e-05,4.61
drafts,4.07380277804113e-05,4.61
drunker,4.07380277804113e-05,4.61
drunks,4.07380277804113e-05,4.61
drunkest,4.07380277804113e-05,4.61
essential,4.07380277804113e-05,4.61
essentials,4.07380277804113e-05,4.61
failing,4.07380277804113e-05,4.61
fail,4.07380277804113e-05,4.61
fails,4.07380277804113e-05,4.61
familiar,4.07380277804113e-05,4.61
familiars,4.07380277804113e-05,4.61
guilty,4.07380277804113e-05,4.61
guiltier,4.07380277804113e-05,4.61
guiltiest,4.07380277804113e-05,4.61
ids,4.07380277804113e-05,4.61
id,4.07380277804113e-05,4.61
jewish,4.07380277804113e-05,4.61
largely,4.07380277804113e-05,4.61
mediums,4.07380277804113e-05,4.61
medium,4.07380277804113e-05,4.61
ohio,4.07380277804113e-05,4.61
perfectly,4.07380277804113e-05,4.61
recommend,4.07380277804113e-05,4.61
recommends,4.07380277804113e-05,4.61
recommending,4.07380277804113e-05,4.61
recommended,4.07380277804113e-05,4.61
referred,4.07380277804113e-05,4.61
relevant,4.07380277804113e-05,4.61
seeking,4.07380277804113e-05,4.61
seeks,4.07380277804113e-05,4.61
sought,4.07380277804113e-05,4.61
seek,4.07380277804113e-05,4.61
soli,4.07380277804113e-05,4.61
solos,4.07380277804113e-05,4.61
soloed,4.07380277804113e-05,4.61
solo,4.07380277804113e-05,4.61
soloing,4.07380277804113e-05,4.61
spokes,4.07380277804113e-05,4.61
ticket,4.07380277804113e-05,4.61
ticketed,4.07380277804113e-05,4.61
ticketing,4.07380277804113e-05,4.61
tickets,4.07380277804113e-05,4.61
unable,4.07380277804113e-05,4.61
upset,4.07380277804113e-05,4.61
upsets,4.07380277804113e-05,4.61
upsetting,4.07380277804113e-05,4.61
wings,4.07380277804113e-05,4.61
winging,4.07380277804113e-05,4.61
wing,4.07380277804113e-05,4.61
winged,4.07380277804113e-05,4.61
world's,4.07380277804113e-05,4.61
bomb,3.9810717055349695e-05,4.6
bombed,3.9810717055349695e-05,4.6
bombing,3.9810717055349695e-05,4.6
bombs,3.9810717055349695e-05,4.6
creatives,3.9810717055349695e-05,4.6
creative,3.9810717055349695e-05,4.6
cycled,3.9810717055349695e-05,4.6
cycle,3.9810717055349695e-05,4.6
cycles,3.9810717055349695e-05,4.6
cycling,3.9810717055349695e-05,4.6
donned,3.9810717055349695e-05,4.6
donning,3.9810717055349695e-05,4.6
dons,3.9810717055349695e-05,4.6
don,3.9810717055349695e-05,4.6
educational,3.9810717055349695e-05,4.6
entertainments,3.9810717055349695e-05,4.6
entertainment,3.9810717055349695e-05,4.6
extremes,3.9810717055349695e-05,4.6
extreme,3.9810717055349695e-05,4.6
facility,3.9810717055349695e-05,4.6
hanging,3.9810717055349695e-05,4.6
hung,3.9810717055349695e-05,4.6
hang,3.9810717055349695e-05,4.6
hanged,3.9810717055349695e-05,4.6
hangs,3.9810717055349695e-05,4.6
info,3.9810717055349695e-05,4.6
mainly,3.9810717055349695e-05,4.6
maximum,3.9810717055349695e-05,4.6
maximums,3.9810717055349695e-05,4.6
maxima,3.9810717055349695e-05,4.6
newspapers,3.9810717055349695e-05,4.6
newspaper,3.9810717055349695e-05,4.6
offerings,3.9810717055349695e-05,4.6
paintings,3.9810717055349695e-05,4.6
painting,3.9810717055349695e-05,4.6
republic,3.9810717055349695e-05,4.6
republics,3.9810717055349695e-05,4.6
reserve,3.9810717055349695e-05,4.6
reserves,3.9810717055349695e-05,4.6
reserved,3.9810717055349695e-05,4.6
reserving,3.9810717055349695e-05,4.6
rows,3.9810717055349695e-05,4.6
rowed,3.9810717055349695e-05,4.6
rowing,3.9810717055349695e-05,4.6
row,3.9810717055349695e-05,4.6
salting,3.9810717055349695e-05,4.6
salted,3.9810717055349695e-05,4.6
salt,3.9810717055349695e-05,4.6
salts,3.9810717055349695e-05,4.6
scared,3.9810717055349695e-05,4.6
scottish,3.9810717055349695e-05,4.6
statistics,3.9810717055349695e-05,4.6
switches,3.9810717055349695e-05,4.6
switching,3.9810717055349695e-05,4.6
switched,3.9810717055349695e-05,4.6
switch,3.9810717055349695e-05,4.6
territory,3.9810717055349695e-05,4.6
territories,3.9810717055349695e-05,4.6
threat,3.9810717055349695e-05,4.6
threats,3.9810717055349695e-05,4.6
wales,3.9810717055349695e-05,4.6
affects,3.8904514499428046e-05,4.59
affecting,3.8904514499428046e-05,4.59
affect,3.8904514499428046e-05,4.59
appointed,3.8904514499428046e-05,4.59
asides,3.8904514499428046e-05,4.59
aside,3.8904514499428046e-05,4.59
assistance,3.8904514499428046e-05,4.59
belled,3.8904514499428046e-05,4.59
bell,3.8904514499428046e-05,4.59
belling,3.8904514499428046e-05,4.59
bells,3.8904514499428046e-05,4.59
blown,3.8904514499428046e-05,4.59
blew,3.8904514499428046e-05,4.59
blow,3.8904514499428046e-05,4.59
blows,3.8904514499428046e-05,4.59
blowing,3.8904514499428046e-05,4.59
bond,3.8904514499428046e-05,4.59
bonds,3.8904514499428046e-05,4.59
bonding,3.8904514499428046e-05,4.59
bonded,3.8904514499428046e-05,4.59
boyfriends,3.8904514499428046e-05,4.59
boyfriend,3.8904514499428046e-05,4.59
careful,3.8904514499428046e-05,4.59
circumstances,3.8904514499428046e-05,4.59
corporation,3.8904514499428046e-05,4.59
corporations,3.8904514499428046e-05,4.59
cry,3.8904514499428046e-05,4.59
cried,3.8904514499428046e-05,4.59
crying,3.8904514499428046e-05,4.59
cries,3.8904514499428046e-05,4.59
dangers,3.8904514499428046e-05,4.59
danger,3.8904514499428046e-05,4.59
delivery,3.8904514499428046e-05,4.59
deliveries,3.8904514499428046e-05,4.59
deserving,3.8904514499428046e-05,4.59
deserves,3.8904514499428046e-05,4.59
deserve,3.8904514499428046e-05,4.59
deserved,3.8904514499428046e-05,4.59
dollar,3.8904514499428046e-05,4.59
empties,3.8904514499428046e-05,4.59
emptier,3.8904514499428046e-05,4.59
emptying,3.8904514499428046e-05,4.59
emptiest,3.8904514499428046e-05,4.59
empty,3.8904514499428046e-05,4.59
emptied,3.8904514499428046e-05,4.59
folks,3.8904514499428046e-05,4.59
fucked,3.8904514499428046e-05,4.59
gendered,3.8904514499428046e-05,4.59
gendering,3.8904514499428046e-05,4.59
gender,3.8904514499428046e-05,4.59
genders,3.8904514499428046e-05,4.59
instancing,3.8904514499428046e-05,4.59
instance,3.8904514499428046e-05,4.59
instances,3.8904514499428046e-05,4.59
instanced,3.8904514499428046e-05,4.59
kim,3.8904514499428046e-05,4.59
kinda,3.8904514499428046e-05,4.59
mile,3.8904514499428046e-05,4.59
motions,3.8904514499428046e-05,4.59
motion,3.8904514499428046e-05,4.59
motioning,3.8904514499428046e-05,4.59
motioned,3.8904514499428046e-05,4.59
nicking,3.8904514499428046e-05,4.59
nick,3.8904514499428046e-05,4.59
nicked,3.8904514499428046e-05,4.59
nicks,3.8904514499428046e-05,4.59
pacific,3.8904514499428046e-05,4.59
prize,3.8904514499428046e-05,4.59
prizes,3.8904514499428046e-05,4.59
prizing,3.8904514499428046e-05,4.59
prized,3.8904514499428046e-05,4.59
reasonable,3.8904514499428046e-05,4.59
registers,3.8904514499428046e-05,4.59
register,3.8904514499428046e-05,4.59
registered,3.8904514499428046e-05,4.59
registering,3.8904514499428046e-05,4.59
resolutions,3.8904514499428046e-05,4.59
resolution,3.8904514499428046e-05,4.59
rural,3.8904514499428046e-05,4.59
rurals,3.8904514499428046e-05,4.59
ryan,3.8904514499428046e-05,4.59
singing,3.8904514499428046e-05,4.59
spain,3.8904514499428046e-05,4.59
tools,3.8904514499428046e-05,4.59
typical,3.8904514499428046e-05,4.59
universes,3.8904514499428046e-05,4.59
universe,3.8904514499428046e-05,4.59
warning,3.8904514499428046e-05,4.59
warnings,3.8904514499428046e-05,4.59
wednesday,3.8904514499428046e-05,4.59
admits,3.801893963205613e-05,4.58
admitting,3.801893963205613e-05,4.58
admit,3.801893963205613e-05,4.58
admitted,3.801893963205613e-05,4.58
attitude,3.801893963205613e-05,4.58
attitudes,3.801893963205613e-05,4.58
branch,3.801893963205613e-05,4.58
branching,3.801893963205613e-05,4.58
branched,3.801893963205613e-05,4.58
branches,3.801893963205613e-05,4.58
brazil,3.801893963205613e-05,4.58
conducted,3.801893963205613e-05,4.58
decades,3.801893963205613e-05,4.58
dedicated,3.801893963205613e-05,4.58
definitions,3.801893963205613e-05,4.58
definition,3.801893963205613e-05,4.58
drawings,3.801893963205613e-05,4.58
favored,3.801893963205613e-05,4.58
favoring,3.801893963205613e-05,4.58
favor,3.801893963205613e-05,4.58
favors,3.801893963205613e-05,4.58
flagging,3.801893963205613e-05,4.58
flag,3.801893963205613e-05,4.58
flags,3.801893963205613e-05,4.58
flagged,3.801893963205613e-05,4.58
frames,3.801893963205613e-05,4.58
frame,3.801893963205613e-05,4.58
framing,3.801893963205613e-05,4.58
framed,3.801893963205613e-05,4.58
guests,3.801893963205613e-05,4.58
guested,3.801893963205613e-05,4.58
guesting,3.801893963205613e-05,4.58
guest,3.801893963205613e-05,4.58
ha,3.801893963205613e-05,4.58
heavens,3.801893963205613e-05,4.58
heaven,3.801893963205613e-05,4.58
independence,3.801893963205613e-05,4.58
independences,3.801893963205613e-05,4.58
institutions,3.801893963205613e-05,4.58
it'll,3.801893963205613e-05,4.58
jackson,3.801893963205613e-05,4.58
kiss,3.801893963205613e-05,4.58
kisses,3.801893963205613e-05,4.58
kissed,3.801893963205613e-05,4.58
kissing,3.801893963205613e-05,4.58
loaded,3.801893963205613e-05,4.58
loading,3.801893963205613e-05,4.58
load,3.801893963205613e-05,4.58
loads,3.801893963205613e-05,4.58
plots,3.801893963205613e-05,4.58
plotting,3.801893963205613e-05,4.58
plotted,3.801893963205613e-05,4.58
plot,3.801893963205613e-05,4.58
possibilities,3.801893963205613e-05,4.58
possibility,3.801893963205613e-05,4.58
random,3.801893963205613e-05,4.58
recovery,3.801893963205613e-05,4.58
recoveries,3.801893963205613e-05,4.58
rented,3.801893963205613e-05,4.58
rents,3.801893963205613e-05,4.58
rent,3.801893963205613e-05,4.58
renting,3.801893963205613e-05,4.58
replaced,3.801893963205613e-05,4.58
replace,3.801893963205613e-05,4.58
replacing,3.801893963205613e-05,4.58
replaces,3.801893963205613e-05,4.58
represented,3.801893963205613e-05,4.58
represent,3.801893963205613e-05,4.58
representing,3.801893963205613e-05,4.58
represents,3.801893963205613e-05,4.58
senators,3.801893963205613e-05,4.58
senator,3.801893963205613e-05,4.58
sentenced,3.801893963205613e-05,4.58
sentences,3.801893963205613e-05,4.58
sentence,3.801893963205613e-05,4.58
sentencing,3.801893963205613e-05,4.58
teeth,3.801893963205613e-05,4.58
tips,3.801893963205613e-05,4.58
academic,3.715352290971728e-05,4.57
academics,3.715352290971728e-05,4.57
academies,3.715352290971728e-05,4.57
academy,3.715352290971728e-05,4.57
accurate,3.715352290971728e-05,4.57
achieving,3.715352290971728e-05,4.57
achieve,3.715352290971728e-05,4.57
achieves,3.715352290971728e-05,4.57
achieved,3.715352290971728e-05,4.57
adam,3.715352290971728e-05,4.57
affording,3.715352290971728e-05,4.57
afford,3.715352290971728e-05,4.57
afforded,3.715352290971728e-05,4.57
affords,3.715352290971728e-05,4.57
andrew,3.715352290971728e-05,4.57
assumes,3.715352290971728e-05,4.57
assumed,3.715352290971728e-05,4.57
assume,3.715352290971728e-05,4.57
assuming,3.715352290971728e-05,4.57
bbc,3.715352290971728e-05,4.57
bottling,3.715352290971728e-05,4.57
bottles,3.715352290971728e-05,4.57
bottled,3.715352290971728e-05,4.57
bottle,3.715352290971728e-05,4.57
bunched,3.715352290971728e-05,4.57
bunch,3.715352290971728e-05,4.57
bunching,3.715352290971728e-05,4.57
bunches,3.715352290971728e-05,4.57
category,3.715352290971728e-05,4.57
categories,3.715352290971728e-05,4.57
chat,3.715352290971728e-05,4.57
chats,3.715352290971728e-05,4.57
chatted,3.715352290971728e-05,4.57
chatting,3.715352290971728e-05,4.57
cheeses,3.715352290971728e-05,4.57
cheese,3.715352290971728e-05,4.57
chemicals,3.715352290971728e-05,4.57
chemical,3.715352290971728e-05,4.57
clinton,3.715352290971728e-05,4.57
competitive,3.715352290971728e-05,4.57
detailing,3.715352290971728e-05,4.57
detail,3.715352290971728e-05,4.57
detailed,3.715352290971728e-05,4.57
diet,3.715352290971728e-05,4.57
dieted,3.715352290971728e-05,4.57
dieting,3.715352290971728e-05,4.57
diets,3.715352290971728e-05,4.57
em,3.715352290971728e-05,4.57
favourite,3.715352290971728e-05,4.57
favourites,3.715352290971728e-05,4.57
fruits,3.715352290971728e-05,4.57
fruited,3.715352290971728e-05,4.57
fruiting,3.715352290971728e-05,4.57
fruit,3.715352290971728e-05,4.57
he'd,3.715352290971728e-05,4.57
indexing,3.715352290971728e-05,4.57
indices,3.715352290971728e-05,4.57
indexed,3.715352290971728e-05,4.57
indexes,3.715352290971728e-05,4.57
index,3.715352290971728e-05,4.57
item,3.715352290971728e-05,4.57
lane,3.715352290971728e-05,4.57
lanes,3.715352290971728e-05,4.57
messes,3.715352290971728e-05,4.57
messed,3.715352290971728e-05,4.57
messing,3.715352290971728e-05,4.57
mess,3.715352290971728e-05,4.57
navy,3.715352290971728e-05,4.57
navies,3.715352290971728e-05,4.57
normally,3.715352290971728e-05,4.57
occurred,3.715352290971728e-05,4.57
opposition,3.715352290971728e-05,4.57
oppositions,3.715352290971728e-05,4.57
parent,3.715352290971728e-05,4.57
permanent,3.715352290971728e-05,4.57
permanents,3.715352290971728e-05,4.57
personally,3.715352290971728e-05,4.57
pleasured,3.715352290971728e-05,4.57
pleasuring,3.715352290971728e-05,4.57
pleasure,3.715352290971728e-05,4.57
pleasures,3.715352290971728e-05,4.57
preferred,3.715352290971728e-05,4.57
prefers,3.715352290971728e-05,4.57
prefer,3.715352290971728e-05,4.57
preferring,3.715352290971728e-05,4.57
programming,3.715352290971728e-05,4.57
programmed,3.715352290971728e-05,4.57
programme,3.715352290971728e-05,4.57
programmes,3.715352290971728e-05,4.57
representatives,3.715352290971728e-05,4.57
representative,3.715352290971728e-05,4.57
scheme,3.715352290971728e-05,4.57
schemed,3.715352290971728e-05,4.57
schemes,3.715352290971728e-05,4.57
scheming,3.715352290971728e-05,4.57
shift,3.715352290971728e-05,4.57
shifted,3.715352290971728e-05,4.57
shifts,3.715352290971728e-05,4.57
shifting,3.715352290971728e-05,4.57
storage,3.715352290971728e-05,4.57
storages,3.715352290971728e-05,4.57
tanking,3.715352290971728e-05,4.57
tanks,3.715352290971728e-05,4.57
tank,3.715352290971728e-05,4.57
tanked,3.715352290971728e-05,4.57
tending,3.715352290971728e-05,4.57
tend,3.715352290971728e-05,4.57
tended,3.715352290971728e-05,4.57
tends,3.715352290971728e-05,4.57
tightest,3.715352290971728e-05,4.57
tight,3.715352290971728e-05,4.57
tighter,3.715352290971728e-05,4.57
transportation,3.715352290971728e-05,4.57
transportations,3.715352290971728e-05,4.57
ultimately,3.715352290971728e-05,4.57
unlike,3.715352290971728e-05,4.57
weeklies,3.715352290971728e-05,4.57
weekly,3.715352290971728e-05,4.57
yarded,3.715352290971728e-05,4.57
yarding,3.715352290971728e-05,4.57
yards,3.715352290971728e-05,4.57
yard,3.715352290971728e-05,4.57
000000,3.63078054770101e-05,4.56
anybody,3.63078054770101e-05,4.56
assets,3.63078054770101e-05,4.56
basketball,3.63078054770101e-05,4.56
basketballs,3.63078054770101e-05,4.56
buttoned,3.63078054770101e-05,4.56
buttons,3.63078054770101e-05,4.56
buttoning,3.63078054770101e-05,4.56
button,3.63078054770101e-05,4.56
combatted,3.63078054770101e-05,4.56
combatting,3.63078054770101e-05,4.56
combating,3.63078054770101e-05,4.56
combated,3.63078054770101e-05,4.56
combat,3.63078054770101e-05,4.56
combats,3.63078054770101e-05,4.56
constitution,3.63078054770101e-05,4.56
constitutions,3.63078054770101e-05,4.56
consumers,3.63078054770101e-05,4.56
consumer,3.63078054770101e-05,4.56
counters,3.63078054770101e-05,4.56
counter,3.63078054770101e-05,4.56
countered,3.63078054770101e-05,4.56
countering,3.63078054770101e-05,4.56
creations,3.63078054770101e-05,4.56
creation,3.63078054770101e-05,4.56
crown,3.63078054770101e-05,4.56
crowns,3.63078054770101e-05,4.56
crowned,3.63078054770101e-05,4.56
crowning,3.63078054770101e-05,4.56
dc,3.63078054770101e-05,4.56
defined,3.63078054770101e-05,4.56
depending,3.63078054770101e-05,4.56
depressions,3.63078054770101e-05,4.56
depression,3.63078054770101e-05,4.56
describing,3.63078054770101e-05,4.56
describe,3.63078054770101e-05,4.56
describes,3.63078054770101e-05,4.56
el,3.63078054770101e-05,4.56
employments,3.63078054770101e-05,4.56
employment,3.63078054770101e-05,4.56
exclusives,3.63078054770101e-05,4.56
exclusive,3.63078054770101e-05,4.56
excuses,3.63078054770101e-05,4.56
excused,3.63078054770101e-05,4.56
excusing,3.63078054770101e-05,4.56
excuse,3.63078054770101e-05,4.56
expert,3.63078054770101e-05,4.56
experts,3.63078054770101e-05,4.56
frequently,3.63078054770101e-05,4.56
golfing,3.63078054770101e-05,4.56
golf,3.63078054770101e-05,4.56
golfs,3.63078054770101e-05,4.56
golfed,3.63078054770101e-05,4.56
graces,3.63078054770101e-05,4.56
graced,3.63078054770101e-05,4.56
gracing,3.63078054770101e-05,4.56
grace,3.63078054770101e-05,4.56
hopefully,3.63078054770101e-05,4.56
identifies,3.63078054770101e-05,4.56
identifying,3.63078054770101e-05,4.56
identify,3.63078054770101e-05,4.56
importance,3.63078054770101e-05,4.56
importances,3.63078054770101e-05,4.56
kevin,3.63078054770101e-05,4.56
latter,3.63078054770101e-05,4.56
manufacturing,3.63078054770101e-05,4.56
objected,3.63078054770101e-05,4.56
object,3.63078054770101e-05,4.56
objecting,3.63078054770101e-05,4.56
objects,3.63078054770101e-05,4.56
pattern,3.63078054770101e-05,4.56
patterns,3.63078054770101e-05,4.56
patterning,3.63078054770101e-05,4.56
patterned,3.63078054770101e-05,4.56
personnel,3.63078054770101e-05,4.56
perspectives,3.63078054770101e-05,4.56
perspective,3.63078054770101e-05,4.56
pregnants,3.63078054770101e-05,4.56
pregnant,3.63078054770101e-05,4.56
premiers,3.63078054770101e-05,4.56
premier,3.63078054770101e-05,4.56
premiered,3.63078054770101e-05,4.56
premiering,3.63078054770101e-05,4.56
promotes,3.63078054770101e-05,4.56
promoted,3.63078054770101e-05,4.56
promote,3.63078054770101e-05,4.56
promoting,3.63078054770101e-05,4.56
q,3.63078054770101e-05,4.56
revolutions,3.63078054770101e-05,4.56
revolution,3.63078054770101e-05,4.56
severer,3.63078054770101e-05,4.56
severe,3.63078054770101e-05,4.56
severest,3.63078054770101e-05,4.56
supposing,3.63078054770101e-05,4.56
supposes,3.63078054770101e-05,4.56
suppose,3.63078054770101e-05,4.56
tooling,3.63078054770101e-05,4.56
tooled,3.63078054770101e-05,4.56
tool,3.63078054770101e-05,4.56
tournaments,3.63078054770101e-05,4.56
tournament,3.63078054770101e-05,4.56
turkey,3.63078054770101e-05,4.56
turkeys,3.63078054770101e-05,4.56
ve,3.63078054770101e-05,4.56
victim,3.63078054770101e-05,4.56
victims,3.63078054770101e-05,4.56
4th,3.5481338923357534e-05,4.55
amazon,3.5481338923357534e-05,4.55
arrests,3.5481338923357534e-05,4.55
arresting,3.5481338923357534e-05,4.55
arrest,3.5481338923357534e-05,4.55
attended,3.5481338923357534e-05,4.55
attend,3.5481338923357534e-05,4.55
attending,3.5481338923357534e-05,4.55
attends,3.5481338923357534e-05,4.55
ban,3.5481338923357534e-05,4.55
banned,3.5481338923357534e-05,4.55
bans,3.5481338923357534e-05,4.55
banning,3.5481338923357534e-05,4.55
brilliants,3.5481338923357534e-05,4.55
brilliant,3.5481338923357534e-05,4.55
carbon,3.5481338923357534e-05,4.55
carbons,3.5481338923357534e-05,4.55
catholic,3.5481338923357534e-05,4.55
circle,3.5481338923357534e-05,4.55
circles,3.5481338923357534e-05,4.55
circled,3.5481338923357534e-05,4.55
circling,3.5481338923357534e-05,4.55
concerts,3.5481338923357534e-05,4.55
concert,3.5481338923357534e-05,4.55
crash,3.5481338923357534e-05,4.55
crashed,3.5481338923357534e-05,4.55
crashes,3.5481338923357534e-05,4.55
crashing,3.5481338923357534e-05,4.55
declared,3.5481338923357534e-05,4.55
delivers,3.5481338923357534e-05,4.55
deliver,3.5481338923357534e-05,4.55
delivering,3.5481338923357534e-05,4.55
depths,3.5481338923357534e-05,4.55
depth,3.5481338923357534e-05,4.55
deputy,3.5481338923357534e-05,4.55
deputies,3.5481338923357534e-05,4.55
dirtied,3.5481338923357534e-05,4.55
dirty,3.5481338923357534e-05,4.55
dirtying,3.5481338923357534e-05,4.55
dirtiest,3.5481338923357534e-05,4.55
dirtier,3.5481338923357534e-05,4.55
dirties,3.5481338923357534e-05,4.55
earned,3.5481338923357534e-05,4.55
electronic,3.5481338923357534e-05,4.55
errors,3.5481338923357534e-05,4.55
error,3.5481338923357534e-05,4.55
existence,3.5481338923357534e-05,4.55
existences,3.5481338923357534e-05,4.55
expressions,3.5481338923357534e-05,4.55
expression,3.5481338923357534e-05,4.55
factory,3.5481338923357534e-05,4.55
factories,3.5481338923357534e-05,4.55
interior,3.5481338923357534e-05,4.55
interiors,3.5481338923357534e-05,4.55
joy,3.5481338923357534e-05,4.55
joys,3.5481338923357534e-05,4.55
jr,3.5481338923357534e-05,4.55
legislations,3.5481338923357534e-05,4.55
legislation,3.5481338923357534e-05,4.55
maintenance,3.5481338923357534e-05,4.55
manners,3.5481338923357534e-05,4.55
manner,3.5481338923357534e-05,4.55
mates,3.5481338923357534e-05,4.55
mating,3.5481338923357534e-05,4.55
mate,3.5481338923357534e-05,4.55
mated,3.5481338923357534e-05,4.55
matt,3.5481338923357534e-05,4.55
nearby,3.5481338923357534e-05,4.55
noised,3.5481338923357534e-05,4.55
noising,3.5481338923357534e-05,4.55
noises,3.5481338923357534e-05,4.55
noise,3.5481338923357534e-05,4.55
origin,3.5481338923357534e-05,4.55
origins,3.5481338923357534e-05,4.55
pakistan,3.5481338923357534e-05,4.55
panel,3.5481338923357534e-05,4.55
paneled,3.5481338923357534e-05,4.55
panelled,3.5481338923357534e-05,4.55
panelling,3.5481338923357534e-05,4.55
panels,3.5481338923357534e-05,4.55
personalities,3.5481338923357534e-05,4.55
personality,3.5481338923357534e-05,4.55
plating,3.5481338923357534e-05,4.55
plates,3.5481338923357534e-05,4.55
plate,3.5481338923357534e-05,4.55
plated,3.5481338923357534e-05,4.55
preparing,3.5481338923357534e-05,4.55
prepare,3.5481338923357534e-05,4.55
prepares,3.5481338923357534e-05,4.55
reliefs,3.5481338923357534e-05,4.55
relief,3.5481338923357534e-05,4.55
resistance,3.5481338923357534e-05,4.55
resistances,3.5481338923357534e-05,4.55
retailed,3.5481338923357534e-05,4.55
retailing,3.5481338923357534e-05,4.55
retail,3.5481338923357534e-05,4.55
retails,3.5481338923357534e-05,4.55
rices,3.5481338923357534e-05,4.55
rice,3.5481338923357534e-05,4.55
roofed,3.5481338923357534e-05,4.55
roof,3.5481338923357534e-05,4.55
rooves,3.5481338923357534e-05,4.55
roofs,3.5481338923357534e-05,4.55
roofing,3.5481338923357534e-05,4.55
shamed,3.5481338923357534e-05,4.55
shaming,3.5481338923357534e-05,4.55
shames,3.5481338923357534e-05,4.55
shame,3.5481338923357534e-05,4.55
somewhat,3.5481338923357534e-05,4.55
surely,3.5481338923357534e-05,4.55
tipping,3.5481338923357534e-05,4.55
tipped,3.5481338923357534e-05,4.55
tip,3.5481338923357534e-05,4.55
absolutes,3.467368504525317e-05,4.54
absolute,3.467368504525317e-05,4.54
advertising,3.467368504525317e-05,4.54
baseball,3.467368504525317e-05,4.54
baseballs,3.467368504525317e-05,4.54
bathrooms,3.467368504525317e-05,4.54
bathroom,3.467368504525317e-05,4.54
bible,3.467368504525317e-05,4.54
cabling,3.467368504525317e-05,4.54
cabled,3.467368504525317e-05,4.54
cable,3.467368504525317e-05,4.54
cables,3.467368504525317e-05,4.54
calm,3.467368504525317e-05,4.54
calmest,3.467368504525317e-05,4.54
calmer,3.467368504525317e-05,4.54
calming,3.467368504525317e-05,4.54
calms,3.467368504525317e-05,4.54
calmed,3.467368504525317e-05,4.54
championship,3.467368504525317e-05,4.54
championships,3.467368504525317e-05,4.54
clients,3.467368504525317e-05,4.54
client,3.467368504525317e-05,4.54
constants,3.467368504525317e-05,4.54
constant,3.467368504525317e-05,4.54
da,3.467368504525317e-05,4.54
democrats,3.467368504525317e-05,4.54
dumbest,3.467368504525317e-05,4.54
dumb,3.467368504525317e-05,4.54
dumber,3.467368504525317e-05,4.54
empire,3.467368504525317e-05,4.54
exciting,3.467368504525317e-05,4.54
expansion,3.467368504525317e-05,4.54
expansions,3.467368504525317e-05,4.54
he'll,3.467368504525317e-05,4.54
heavily,3.467368504525317e-05,4.54
hid,3.467368504525317e-05,4.54
hidden,3.467368504525317e-05,4.54
hide,3.467368504525317e-05,4.54
hiding,3.467368504525317e-05,4.54
hides,3.467368504525317e-05,4.54
incidents,3.467368504525317e-05,4.54
incident,3.467368504525317e-05,4.54
irish,3.467368504525317e-05,4.54
manage,3.467368504525317e-05,4.54
manages,3.467368504525317e-05,4.54
managing,3.467368504525317e-05,4.54
michigan,3.467368504525317e-05,4.54
multi,3.467368504525317e-05,4.54
nfl,3.467368504525317e-05,4.54
politicians,3.467368504525317e-05,4.54
printed,3.467368504525317e-05,4.54
print,3.467368504525317e-05,4.54
printing,3.467368504525317e-05,4.54
prints,3.467368504525317e-05,4.54
quitting,3.467368504525317e-05,4.54
quit,3.467368504525317e-05,4.54
quits,3.467368504525317e-05,4.54
quitted,3.467368504525317e-05,4.54
refused,3.467368504525317e-05,4.54
reportings,3.467368504525317e-05,4.54
sight,3.467368504525317e-05,4.54
sights,3.467368504525317e-05,4.54
sighting,3.467368504525317e-05,4.54
sighted,3.467368504525317e-05,4.54
significantly,3.467368504525317e-05,4.54
sung,3.467368504525317e-05,4.54
sing,3.467368504525317e-05,4.54
sings,3.467368504525317e-05,4.54
sang,3.467368504525317e-05,4.54
soviet,3.467368504525317e-05,4.54
weapon,3.467368504525317e-05,4.54
wet,3.467368504525317e-05,4.54
wettest,3.467368504525317e-05,4.54
wets,3.467368504525317e-05,4.54
wetter,3.467368504525317e-05,4.54
wetted,3.467368504525317e-05,4.54
wetting,3.467368504525317e-05,4.54
widely,3.467368504525317e-05,4.54
worldwide,3.467368504525317e-05,4.54
anniversary,3.388441561392028e-05,4.53
anniversaries,3.388441561392028e-05,4.53
attractive,3.388441561392028e-05,4.53
bike,3.388441561392028e-05,4.53
biked,3.388441561392028e-05,4.53
biking,3.388441561392028e-05,4.53
bikes,3.388441561392028e-05,4.53
broad,3.388441561392028e-05,4.53
broadest,3.388441561392028e-05,4.53
broader,3.388441561392028e-05,4.53
broads,3.388441561392028e-05,4.53
burning,3.388441561392028e-05,4.53
burned,3.388441561392028e-05,4.53
burns,3.388441561392028e-05,4.53
burn,3.388441561392028e-05,4.53
burnt,3.388441561392028e-05,4.53
cakes,3.388441561392028e-05,4.53
cake,3.388441561392028e-05,4.53
caking,3.388441561392028e-05,4.53
caked,3.388441561392028e-05,4.53
closely,3.388441561392028e-05,4.53
constantly,3.388441561392028e-05,4.53
contest,3.388441561392028e-05,4.53
contesting,3.388441561392028e-05,4.53
contests,3.388441561392028e-05,4.53
contested,3.388441561392028e-05,4.53
depends,3.388441561392028e-05,4.53
e.g,3.388441561392028e-05,4.53
fees,3.388441561392028e-05,4.53
francisco,3.388441561392028e-05,4.53
haha,3.388441561392028e-05,4.53
hardly,3.388441561392028e-05,4.53
hat,3.388441561392028e-05,4.53
hats,3.388441561392028e-05,4.53
height,3.388441561392028e-05,4.53
heights,3.388441561392028e-05,4.53
hong,3.388441561392028e-05,4.53
invited,3.388441561392028e-05,4.53
loud,3.388441561392028e-05,4.53
loudest,3.388441561392028e-05,4.53
louder,3.388441561392028e-05,4.53
manchester,3.388441561392028e-05,4.53
marine,3.388441561392028e-05,4.53
marines,3.388441561392028e-05,4.53
motoring,3.388441561392028e-05,4.53
motored,3.388441561392028e-05,4.53
motors,3.388441561392028e-05,4.53
motor,3.388441561392028e-05,4.53
officially,3.388441561392028e-05,4.53
pc,3.388441561392028e-05,4.53
peaked,3.388441561392028e-05,4.53
peaking,3.388441561392028e-05,4.53
peaks,3.388441561392028e-05,4.53
peak,3.388441561392028e-05,4.53
portions,3.388441561392028e-05,4.53
portioning,3.388441561392028e-05,4.53
portioned,3.388441561392028e-05,4.53
portion,3.388441561392028e-05,4.53
pounds,3.388441561392028e-05,4.53
princesses,3.388441561392028e-05,4.53
princess,3.388441561392028e-05,4.53
protein,3.388441561392028e-05,4.53
proteins,3.388441561392028e-05,4.53
raw,3.388441561392028e-05,4.53
reform,3.388441561392028e-05,4.53
reforming,3.388441561392028e-05,4.53
reforms,3.388441561392028e-05,4.53
reformed,3.388441561392028e-05,4.53
respond,3.388441561392028e-05,4.53
responding,3.388441561392028e-05,4.53
responded,3.388441561392028e-05,4.53
responds,3.388441561392028e-05,4.53
retirement,3.388441561392028e-05,4.53
retirements,3.388441561392028e-05,4.53
samples,3.388441561392028e-05,4.53
sample,3.388441561392028e-05,4.53
sampling,3.388441561392028e-05,4.53
sampled,3.388441561392028e-05,4.53
secondaries,3.388441561392028e-05,4.53
secondary,3.388441561392028e-05,4.53
solar,3.388441561392028e-05,4.53
somehow,3.388441561392028e-05,4.53
suffering,3.388441561392028e-05,4.53
sufferings,3.388441561392028e-05,4.53
sydney,3.388441561392028e-05,4.53
today's,3.388441561392028e-05,4.53
ultimate,3.388441561392028e-05,4.53
unknown,3.388441561392028e-05,4.53
unknowns,3.388441561392028e-05,4.53
wilson,3.388441561392028e-05,4.53
attached,3.311311214825908e-05,4.52
automatically,3.311311214825908e-05,4.52
batteries,3.311311214825908e-05,4.52
battery,3.311311214825908e-05,4.52
blindest,3.311311214825908e-05,4.52
blinder,3.311311214825908e-05,4.52
blinding,3.311311214825908e-05,4.52
blinds,3.311311214825908e-05,4.52
blind,3.311311214825908e-05,4.52
blinded,3.311311214825908e-05,4.52
breath,3.311311214825908e-05,4.52
breaths,3.311311214825908e-05,4.52
briefed,3.311311214825908e-05,4.52
briefing,3.311311214825908e-05,4.52
briefest,3.311311214825908e-05,4.52
brief,3.311311214825908e-05,4.52
briefer,3.311311214825908e-05,4.52
briefs,3.311311214825908e-05,4.52
carolina,3.311311214825908e-05,4.52
chests,3.311311214825908e-05,4.52
chest,3.311311214825908e-05,4.52
conduct,3.311311214825908e-05,4.52
conducts,3.311311214825908e-05,4.52
conducting,3.311311214825908e-05,4.52
debut,3.311311214825908e-05,4.52
debuted,3.311311214825908e-05,4.52
debuting,3.311311214825908e-05,4.52
debuts,3.311311214825908e-05,4.52
decade,3.311311214825908e-05,4.52
destroying,3.311311214825908e-05,4.52
destroys,3.311311214825908e-05,4.52
destroy,3.311311214825908e-05,4.52
edward,3.311311214825908e-05,4.52
engaged,3.311311214825908e-05,4.52
externals,3.311311214825908e-05,4.52
external,3.311311214825908e-05,4.52
fantasied,3.311311214825908e-05,4.52
fantasy,3.311311214825908e-05,4.52
fantasies,3.311311214825908e-05,4.52
fantasying,3.311311214825908e-05,4.52
ft,3.311311214825908e-05,4.52
grabbing,3.311311214825908e-05,4.52
grab,3.311311214825908e-05,4.52
grabbed,3.311311214825908e-05,4.52
grabs,3.311311214825908e-05,4.52
hollywood,3.311311214825908e-05,4.52
i.e,3.311311214825908e-05,4.52
immediate,3.311311214825908e-05,4.52
introduction,3.311311214825908e-05,4.52
introductions,3.311311214825908e-05,4.52
joseph,3.311311214825908e-05,4.52
license,3.311311214825908e-05,4.52
licenses,3.311311214825908e-05,4.52
licensing,3.311311214825908e-05,4.52
licensed,3.311311214825908e-05,4.52
painted,3.311311214825908e-05,4.52
paint,3.311311214825908e-05,4.52
paints,3.311311214825908e-05,4.52
piloting,3.311311214825908e-05,4.52
piloted,3.311311214825908e-05,4.52
pilot,3.311311214825908e-05,4.52
pilots,3.311311214825908e-05,4.52
pinking,3.311311214825908e-05,4.52
pinked,3.311311214825908e-05,4.52
pink,3.311311214825908e-05,4.52
pinker,3.311311214825908e-05,4.52
pinks,3.311311214825908e-05,4.52
pinkest,3.311311214825908e-05,4.52
presidential,3.311311214825908e-05,4.52
principal,3.311311214825908e-05,4.52
principals,3.311311214825908e-05,4.52
recognizes,3.311311214825908e-05,4.52
recognized,3.311311214825908e-05,4.52
recognize,3.311311214825908e-05,4.52
recognizing,3.311311214825908e-05,4.52
regularly,3.311311214825908e-05,4.52
singers,3.311311214825908e-05,4.52
singer,3.311311214825908e-05,4.52
steamed,3.311311214825908e-05,4.52
steams,3.311311214825908e-05,4.52
steaming,3.311311214825908e-05,4.52
steam,3.311311214825908e-05,4.52
suffered,3.311311214825908e-05,4.52
surviving,3.311311214825908e-05,4.52
survived,3.311311214825908e-05,4.52
survives,3.311311214825908e-05,4.52
survive,3.311311214825908e-05,4.52
taller,3.311311214825908e-05,4.52
tall,3.311311214825908e-05,4.52
tallest,3.311311214825908e-05,4.52
thats,3.311311214825908e-05,4.52
theatre,3.311311214825908e-05,4.52
theatres,3.311311214825908e-05,4.52
therapies,3.311311214825908e-05,4.52
therapy,3.311311214825908e-05,4.52
witnessing,3.311311214825908e-05,4.52
witnessed,3.311311214825908e-05,4.52
witness,3.311311214825908e-05,4.52
witnesses,3.311311214825908e-05,4.52
adopted,3.235936569296281e-05,4.51
aiming,3.235936569296281e-05,4.51
aims,3.235936569296281e-05,4.51
aim,3.235936569296281e-05,4.51
aimed,3.235936569296281e-05,4.51
campus,3.235936569296281e-05,4.51
campi,3.235936569296281e-05,4.51
campuses,3.235936569296281e-05,4.51
capping,3.235936569296281e-05,4.51
capped,3.235936569296281e-05,4.51
caps,3.235936569296281e-05,4.51
cap,3.235936569296281e-05,4.51
childhood,3.235936569296281e-05,4.51
childhoods,3.235936569296281e-05,4.51
clinical,3.235936569296281e-05,4.51
clinicals,3.235936569296281e-05,4.51
comedy,3.235936569296281e-05,4.51
comedies,3.235936569296281e-05,4.51
commander,3.235936569296281e-05,4.51
commanders,3.235936569296281e-05,4.51
comparison,3.235936569296281e-05,4.51
comparisons,3.235936569296281e-05,4.51
dan,3.235936569296281e-05,4.51
defeated,3.235936569296281e-05,4.51
defeats,3.235936569296281e-05,4.51
defeating,3.235936569296281e-05,4.51
defeat,3.235936569296281e-05,4.51
defence,3.235936569296281e-05,4.51
defences,3.235936569296281e-05,4.51
democracy,3.235936569296281e-05,4.51
democracies,3.235936569296281e-05,4.51
entitled,3.235936569296281e-05,4.51
exacting,3.235936569296281e-05,4.51
exacter,3.235936569296281e-05,4.51
exacted,3.235936569296281e-05,4.51
exact,3.235936569296281e-05,4.51
exacts,3.235936569296281e-05,4.51
exactest,3.235936569296281e-05,4.51
exposed,3.235936569296281e-05,4.51
fee'd,3.235936569296281e-05,4.51
fee,3.235936569296281e-05,4.51
feeing,3.235936569296281e-05,4.51
injured,3.235936569296281e-05,4.51
jan,3.235936569296281e-05,4.51
jordan,3.235936569296281e-05,4.51
locking,3.235936569296281e-05,4.51
locked,3.235936569296281e-05,4.51
lock,3.235936569296281e-05,4.51
locks,3.235936569296281e-05,4.51
musicals,3.235936569296281e-05,4.51
musical,3.235936569296281e-05,4.51
nosing,3.235936569296281e-05,4.51
nose,3.235936569296281e-05,4.51
noses,3.235936569296281e-05,4.51
nosed,3.235936569296281e-05,4.51
opposed,3.235936569296281e-05,4.51
organized,3.235936569296281e-05,4.51
plastics,3.235936569296281e-05,4.51
plastic,3.235936569296281e-05,4.51
quoted,3.235936569296281e-05,4.51
quotes,3.235936569296281e-05,4.51
quoting,3.235936569296281e-05,4.51
quote,3.235936569296281e-05,4.51
recordings,3.235936569296281e-05,4.51
semi,3.235936569296281e-05,4.51
semis,3.235936569296281e-05,4.51
suspecting,3.235936569296281e-05,4.51
suspected,3.235936569296281e-05,4.51
suspects,3.235936569296281e-05,4.51
suspect,3.235936569296281e-05,4.51
swears,3.235936569296281e-05,4.51
swearing,3.235936569296281e-05,4.51
sworn,3.235936569296281e-05,4.51
swore,3.235936569296281e-05,4.51
swear,3.235936569296281e-05,4.51
techniques,3.235936569296281e-05,4.51
tieing,3.235936569296281e-05,4.51
tying,3.235936569296281e-05,4.51
tie,3.235936569296281e-05,4.51
ties,3.235936569296281e-05,4.51
tied,3.235936569296281e-05,4.51
tim,3.235936569296281e-05,4.51
trend,3.235936569296281e-05,4.51
trending,3.235936569296281e-05,4.51
trended,3.235936569296281e-05,4.51
trends,3.235936569296281e-05,4.51
valuables,3.235936569296281e-05,4.51
valuable,3.235936569296281e-05,4.51
wealth,3.235936569296281e-05,4.51
wise,3.235936569296281e-05,4.51
wised,3.235936569296281e-05,4.51
wiser,3.235936569296281e-05,4.51
wisest,3.235936569296281e-05,4.51
wising,3.235936569296281e-05,4.51
wises,3.235936569296281e-05,4.51
approvals,3.1622776601683795e-05,4.5
approval,3.1622776601683795e-05,4.5
aspects,3.1622776601683795e-05,4.5
bread,3.1622776601683795e-05,4.5
breads,3.1622776601683795e-05,4.5
burnings,3.1622776601683795e-05,4.5
containing,3.1622776601683795e-05,4.5
contained,3.1622776601683795e-05,4.5
contain,3.1622776601683795e-05,4.5
conventions,3.1622776601683795e-05,4.5
convention,3.1622776601683795e-05,4.5
documented,3.1622776601683795e-05,4.5
documenting,3.1622776601683795e-05,4.5
document,3.1622776601683795e-05,4.5
eggs,3.1622776601683795e-05,4.5
employee,3.1622776601683795e-05,4.5
en,3.1622776601683795e-05,4.5
engineers,3.1622776601683795e-05,4.5
engineered,3.1622776601683795e-05,4.5
engineer,3.1622776601683795e-05,4.5
equivalent,3.1622776601683795e-05,4.5
equivalents,3.1622776601683795e-05,4.5
facings,3.1622776601683795e-05,4.5
fairly,3.1622776601683795e-05,4.5
fingers,3.1622776601683795e-05,4.5
fording,3.1622776601683795e-05,4.5
fords,3.1622776601683795e-05,4.5
forded,3.1622776601683795e-05,4.5
ford,3.1622776601683795e-05,4.5
gangs,3.1622776601683795e-05,4.5
ganging,3.1622776601683795e-05,4.5
ganged,3.1622776601683795e-05,4.5
gang,3.1622776601683795e-05,4.5
graduating,3.1622776601683795e-05,4.5
graduate,3.1622776601683795e-05,4.5
graduates,3.1622776601683795e-05,4.5
graduated,3.1622776601683795e-05,4.5
greek,3.1622776601683795e-05,4.5
hangings,3.1622776601683795e-05,4.5
inner,3.1622776601683795e-05,4.5
le,3.1622776601683795e-05,4.5
lifts,3.1622776601683795e-05,4.5
lifted,3.1622776601683795e-05,4.5
lifting,3.1622776601683795e-05,4.5
lift,3.1622776601683795e-05,4.5
millers,3.1622776601683795e-05,4.5
miller,3.1622776601683795e-05,4.5
monthlies,3.1622776601683795e-05,4.5
monthly,3.1622776601683795e-05,4.5
neighborhoods,3.1622776601683795e-05,4.5
neighborhood,3.1622776601683795e-05,4.5
operates,3.1622776601683795e-05,4.5
operate,3.1622776601683795e-05,4.5
operated,3.1622776601683795e-05,4.5
outstanding,3.1622776601683795e-05,4.5
permissions,3.1622776601683795e-05,4.5
permission,3.1622776601683795e-05,4.5
porn,3.1622776601683795e-05,4.5
regulations,3.1622776601683795e-05,4.5
replies,3.1622776601683795e-05,4.5
replying,3.1622776601683795e-05,4.5
reply,3.1622776601683795e-05,4.5
replied,3.1622776601683795e-05,4.5
rid,3.1622776601683795e-05,4.5
rids,3.1622776601683795e-05,4.5
ridding,3.1622776601683795e-05,4.5
ridded,3.1622776601683795e-05,4.5
roman,3.1622776601683795e-05,4.5
scientists,3.1622776601683795e-05,4.5
shoulder,3.1622776601683795e-05,4.5
shouldered,3.1622776601683795e-05,4.5
shouldering,3.1622776601683795e-05,4.5
shoulders,3.1622776601683795e-05,4.5
shower,3.1622776601683795e-05,4.5
showers,3.1622776601683795e-05,4.5
showering,3.1622776601683795e-05,4.5
showered,3.1622776601683795e-05,4.5
stephen,3.1622776601683795e-05,4.5
towered,3.1622776601683795e-05,4.5
towering,3.1622776601683795e-05,4.5
towers,3.1622776601683795e-05,4.5
tower,3.1622776601683795e-05,4.5
traditions,3.1622776601683795e-05,4.5
tradition,3.1622776601683795e-05,4.5
visuals,3.1622776601683795e-05,4.5
visual,3.1622776601683795e-05,4.5
wheel,3.1622776601683795e-05,4.5
wheeling,3.1622776601683795e-05,4.5
wheeled,3.1622776601683795e-05,4.5
wheels,3.1622776601683795e-05,4.5
zealand,3.1622776601683795e-05,4.5
appointments,3.090295432513592e-05,4.49
appointment,3.090295432513592e-05,4.49
barely,3.090295432513592e-05,4.49
bc,3.090295432513592e-05,4.49
bushes,3.090295432513592e-05,4.49
bush,3.090295432513592e-05,4.49
cabinets,3.090295432513592e-05,4.49
cabinet,3.090295432513592e-05,4.49
celebrates,3.090295432513592e-05,4.49
celebrating,3.090295432513592e-05,4.49
celebrated,3.090295432513592e-05,4.49
celebrate,3.090295432513592e-05,4.49
chocolate,3.090295432513592e-05,4.49
chocolates,3.090295432513592e-05,4.49
coals,3.090295432513592e-05,4.49
coal,3.090295432513592e-05,4.49
coloured,3.090295432513592e-05,4.49
colouring,3.090295432513592e-05,4.49
colours,3.090295432513592e-05,4.49
colour,3.090295432513592e-05,4.49
contemporary,3.090295432513592e-05,4.49
contemporaries,3.090295432513592e-05,4.49
criticism,3.090295432513592e-05,4.49
criticisms,3.090295432513592e-05,4.49
davis,3.090295432513592e-05,4.49
dna,3.090295432513592e-05,4.49
effectively,3.090295432513592e-05,4.49
eric,3.090295432513592e-05,4.49
extensive,3.090295432513592e-05,4.49
formations,3.090295432513592e-05,4.49
formation,3.090295432513592e-05,4.49
gallery,3.090295432513592e-05,4.49
highways,3.090295432513592e-05,4.49
highway,3.090295432513592e-05,4.49
historic,3.090295432513592e-05,4.49
hunted,3.090295432513592e-05,4.49
hunting,3.090295432513592e-05,4.49
hunt,3.090295432513592e-05,4.49
hunts,3.090295432513592e-05,4.49
improvement,3.090295432513592e-05,4.49
improvements,3.090295432513592e-05,4.49
inching,3.090295432513592e-05,4.49
inch,3.090295432513592e-05,4.49
inches,3.090295432513592e-05,4.49
inched,3.090295432513592e-05,4.49
initially,3.090295432513592e-05,4.49
junior,3.090295432513592e-05,4.49
juniors,3.090295432513592e-05,4.49
juries,3.090295432513592e-05,4.49
jury,3.090295432513592e-05,4.49
kong,3.090295432513592e-05,4.49
korean,3.090295432513592e-05,4.49
monster,3.090295432513592e-05,4.49
monsters,3.090295432513592e-05,4.49
obtained,3.090295432513592e-05,4.49
olympic,3.090295432513592e-05,4.49
philosophy,3.090295432513592e-05,4.49
philosophies,3.090295432513592e-05,4.49
prided,3.090295432513592e-05,4.49
pride,3.090295432513592e-05,4.49
priding,3.090295432513592e-05,4.49
prides,3.090295432513592e-05,4.49
repeated,3.090295432513592e-05,4.49
repeats,3.090295432513592e-05,4.49
repeat,3.090295432513592e-05,4.49
repeating,3.090295432513592e-05,4.49
rougher,3.090295432513592e-05,4.49
roughed,3.090295432513592e-05,4.49
roughing,3.090295432513592e-05,4.49
rough,3.090295432513592e-05,4.49
roughest,3.090295432513592e-05,4.49
roughs,3.090295432513592e-05,4.49
santa,3.090295432513592e-05,4.49
settlement,3.090295432513592e-05,4.49
settlements,3.090295432513592e-05,4.49
smelt,3.090295432513592e-05,4.49
smelling,3.090295432513592e-05,4.49
smelled,3.090295432513592e-05,4.49
smell,3.090295432513592e-05,4.49
smells,3.090295432513592e-05,4.49
speakers,3.090295432513592e-05,4.49
speaker,3.090295432513592e-05,4.49
surrounding,3.090295432513592e-05,4.49
tone,3.090295432513592e-05,4.49
tones,3.090295432513592e-05,4.49
toned,3.090295432513592e-05,4.49
toning,3.090295432513592e-05,4.49
topic,3.090295432513592e-05,4.49
topics,3.090295432513592e-05,4.49
toronto,3.090295432513592e-05,4.49
universal,3.090295432513592e-05,4.49
universals,3.090295432513592e-05,4.49
vast,3.090295432513592e-05,4.49
vaster,3.090295432513592e-05,4.49
vastest,3.090295432513592e-05,4.49
visitors,3.090295432513592e-05,4.49
auto,3.0199517204020192e-05,4.48
autos,3.0199517204020192e-05,4.48
consistent,3.0199517204020192e-05,4.48
earn,3.0199517204020192e-05,4.48
earns,3.0199517204020192e-05,4.48
earning,3.0199517204020192e-05,4.48
fingered,3.0199517204020192e-05,4.48
finger,3.0199517204020192e-05,4.48
fingering,3.0199517204020192e-05,4.48
grey,3.0199517204020192e-05,4.48
greys,3.0199517204020192e-05,4.48
greyer,3.0199517204020192e-05,4.48
greying,3.0199517204020192e-05,4.48
greyest,3.0199517204020192e-05,4.48
greyed,3.0199517204020192e-05,4.48
guitar,3.0199517204020192e-05,4.48
guitars,3.0199517204020192e-05,4.48
headings,3.0199517204020192e-05,4.48
howard,3.0199517204020192e-05,4.48
ignore,3.0199517204020192e-05,4.48
ignoring,3.0199517204020192e-05,4.48
ignored,3.0199517204020192e-05,4.48
ignores,3.0199517204020192e-05,4.48
involving,3.0199517204020192e-05,4.48
latin,3.0199517204020192e-05,4.48
lewis,3.0199517204020192e-05,4.48
meal,3.0199517204020192e-05,4.48
mealing,3.0199517204020192e-05,4.48
meals,3.0199517204020192e-05,4.48
mealed,3.0199517204020192e-05,4.48
meanwhile,3.0199517204020192e-05,4.48
naturally,3.0199517204020192e-05,4.48
necessarily,3.0199517204020192e-05,4.48
pants,3.0199517204020192e-05,4.48
partnerships,3.0199517204020192e-05,4.48
partnership,3.0199517204020192e-05,4.48
percentages,3.0199517204020192e-05,4.48
percentage,3.0199517204020192e-05,4.48
pocket,3.0199517204020192e-05,4.48
pocketed,3.0199517204020192e-05,4.48
pockets,3.0199517204020192e-05,4.48
pocketing,3.0199517204020192e-05,4.48
practical,3.0199517204020192e-05,4.48
practicals,3.0199517204020192e-05,4.48
primarily,3.0199517204020192e-05,4.48
raping,3.0199517204020192e-05,4.48
raped,3.0199517204020192e-05,4.48
rape,3.0199517204020192e-05,4.48
rapes,3.0199517204020192e-05,4.48
regardless,3.0199517204020192e-05,4.48
relative,3.0199517204020192e-05,4.48
relatives,3.0199517204020192e-05,4.48
rescuing,3.0199517204020192e-05,4.48
rescued,3.0199517204020192e-05,4.48
rescue,3.0199517204020192e-05,4.48
rescues,3.0199517204020192e-05,4.48
rushed,3.0199517204020192e-05,4.48
rush,3.0199517204020192e-05,4.48
rushes,3.0199517204020192e-05,4.48
rushing,3.0199517204020192e-05,4.48
sarah,3.0199517204020192e-05,4.48
sharps,3.0199517204020192e-05,4.48
sharpest,3.0199517204020192e-05,4.48
sharp,3.0199517204020192e-05,4.48
sharper,3.0199517204020192e-05,4.48
simon,3.0199517204020192e-05,4.48
soccer,3.0199517204020192e-05,4.48
stablest,3.0199517204020192e-05,4.48
stabling,3.0199517204020192e-05,4.48
stables,3.0199517204020192e-05,4.48
stable,3.0199517204020192e-05,4.48
stabler,3.0199517204020192e-05,4.48
stabled,3.0199517204020192e-05,4.48
symptoms,3.0199517204020192e-05,4.48
temporary,3.0199517204020192e-05,4.48
temporaries,3.0199517204020192e-05,4.48
trick,3.0199517204020192e-05,4.48
tricks,3.0199517204020192e-05,4.48
tricked,3.0199517204020192e-05,4.48
tricking,3.0199517204020192e-05,4.48
audio,2.951209226666384e-05,4.47
boned,2.951209226666384e-05,4.47
bone,2.951209226666384e-05,4.47
bones,2.951209226666384e-05,4.47
boning,2.951209226666384e-05,4.47
brian,2.951209226666384e-05,4.47
bullshit,2.951209226666384e-05,4.47
chambers,2.951209226666384e-05,4.47
chamber,2.951209226666384e-05,4.47
charted,2.951209226666384e-05,4.47
chart,2.951209226666384e-05,4.47
charts,2.951209226666384e-05,4.47
charting,2.951209226666384e-05,4.47
children's,2.951209226666384e-05,4.47
circuits,2.951209226666384e-05,4.47
circuit,2.951209226666384e-05,4.47
clothing,2.951209226666384e-05,4.47
complicated,2.951209226666384e-05,4.47
confused,2.951209226666384e-05,4.47
consequences,2.951209226666384e-05,4.47
defend,2.951209226666384e-05,4.47
defended,2.951209226666384e-05,4.47
defending,2.951209226666384e-05,4.47
defends,2.951209226666384e-05,4.47
divided,2.951209226666384e-05,4.47
elizabeth,2.951209226666384e-05,4.47
everyday,2.951209226666384e-05,4.47
extents,2.951209226666384e-05,4.47
extent,2.951209226666384e-05,4.47
formatted,2.951209226666384e-05,4.47
formatting,2.951209226666384e-05,4.47
format,2.951209226666384e-05,4.47
formats,2.951209226666384e-05,4.47
gaps,2.951209226666384e-05,4.47
gapped,2.951209226666384e-05,4.47
gap,2.951209226666384e-05,4.47
gapping,2.951209226666384e-05,4.47
gate,2.951209226666384e-05,4.47
gating,2.951209226666384e-05,4.47
gated,2.951209226666384e-05,4.47
gates,2.951209226666384e-05,4.47
harmed,2.951209226666384e-05,4.47
harms,2.951209226666384e-05,4.47
harming,2.951209226666384e-05,4.47
harm,2.951209226666384e-05,4.47
healthcare,2.951209226666384e-05,4.47
households,2.951209226666384e-05,4.47
household,2.951209226666384e-05,4.47
immigrations,2.951209226666384e-05,4.47
immigration,2.951209226666384e-05,4.47
impressive,2.951209226666384e-05,4.47
jews,2.951209226666384e-05,4.47
joinings,2.951209226666384e-05,4.47
killers,2.951209226666384e-05,4.47
killer,2.951209226666384e-05,4.47
lessons,2.951209226666384e-05,4.47
lesson,2.951209226666384e-05,4.47
ltd,2.951209226666384e-05,4.47
memberships,2.951209226666384e-05,4.47
membership,2.951209226666384e-05,4.47
miami,2.951209226666384e-05,4.47
mirrors,2.951209226666384e-05,4.47
mirroring,2.951209226666384e-05,4.47
mirrored,2.951209226666384e-05,4.47
mirror,2.951209226666384e-05,4.47
mounted,2.951209226666384e-05,4.47
mounting,2.951209226666384e-05,4.47
mount,2.951209226666384e-05,4.47
mounts,2.951209226666384e-05,4.47
occuring,2.951209226666384e-05,4.47
occur,2.951209226666384e-05,4.47
occured,2.951209226666384e-05,4.47
occurs,2.951209226666384e-05,4.47
occurring,2.951209226666384e-05,4.47
proposals,2.951209226666384e-05,4.47
proposal,2.951209226666384e-05,4.47
province,2.951209226666384e-05,4.47
provinces,2.951209226666384e-05,4.47
recognition,2.951209226666384e-05,4.47
recognitions,2.951209226666384e-05,4.47
reputation,2.951209226666384e-05,4.47
reputations,2.951209226666384e-05,4.47
shortly,2.951209226666384e-05,4.47
strongly,2.951209226666384e-05,4.47
tears,2.951209226666384e-05,4.47
technique,2.951209226666384e-05,4.47
thinned,2.951209226666384e-05,4.47
thins,2.951209226666384e-05,4.47
thinning,2.951209226666384e-05,4.47
thinnest,2.951209226666384e-05,4.47
thinner,2.951209226666384e-05,4.47
thin,2.951209226666384e-05,4.47
z,2.951209226666384e-05,4.47
000.0,2.8840315031266056e-05,4.46
3d,2.8840315031266056e-05,4.46
accused,2.8840315031266056e-05,4.46
adventures,2.8840315031266056e-05,4.46
adventure,2.8840315031266056e-05,4.46
adventuring,2.8840315031266056e-05,4.46
adventured,2.8840315031266056e-05,4.46
argues,2.8840315031266056e-05,4.46
arguing,2.8840315031266056e-05,4.46
argue,2.8840315031266056e-05,4.46
argued,2.8840315031266056e-05,4.46
assessment,2.8840315031266056e-05,4.46
assessments,2.8840315031266056e-05,4.46
atmosphere,2.8840315031266056e-05,4.46
atmospheres,2.8840315031266056e-05,4.46
awful,2.8840315031266056e-05,4.46
bedrooms,2.8840315031266056e-05,4.46
bedroom,2.8840315031266056e-05,4.46
belief,2.8840315031266056e-05,4.46
beliefs,2.8840315031266056e-05,4.46
bounded,2.8840315031266056e-05,4.46
bound,2.8840315031266056e-05,4.46
bounding,2.8840315031266056e-05,4.46
bounds,2.8840315031266056e-05,4.46
carefully,2.8840315031266056e-05,4.46
ceo,2.8840315031266056e-05,4.46
closings,2.8840315031266056e-05,4.46
clouded,2.8840315031266056e-05,4.46
cloud,2.8840315031266056e-05,4.46
clouding,2.8840315031266056e-05,4.46
clouds,2.8840315031266056e-05,4.46
colorado,2.8840315031266056e-05,4.46
contrasting,2.8840315031266056e-05,4.46
contrast,2.8840315031266056e-05,4.46
contrasted,2.8840315031266056e-05,4.46
contrasts,2.8840315031266056e-05,4.46
donald,2.8840315031266056e-05,4.46
egged,2.8840315031266056e-05,4.46
egging,2.8840315031266056e-05,4.46
egg,2.8840315031266056e-05,4.46
element,2.8840315031266056e-05,4.46
elsewhere,2.8840315031266056e-05,4.46
establishes,2.8840315031266056e-05,4.46
establishing,2.8840315031266056e-05,4.46
establish,2.8840315031266056e-05,4.46
extensions,2.8840315031266056e-05,4.46
extension,2.8840315031266056e-05,4.46
foundered,2.8840315031266056e-05,4.46
founder,2.8840315031266056e-05,4.46
founders,2.8840315031266056e-05,4.46
foundering,2.8840315031266056e-05,4.46
gear,2.8840315031266056e-05,4.46
gearing,2.8840315031266056e-05,4.46
gears,2.8840315031266056e-05,4.46
geared,2.8840315031266056e-05,4.46
georgia,2.8840315031266056e-05,4.46
hippest,2.8840315031266056e-05,4.46
hipper,2.8840315031266056e-05,4.46
hips,2.8840315031266056e-05,4.46
hip,2.8840315031266056e-05,4.46
infrastructures,2.8840315031266056e-05,4.46
infrastructure,2.8840315031266056e-05,4.46
jason,2.8840315031266056e-05,4.46
loosed,2.8840315031266056e-05,4.46
loose,2.8840315031266056e-05,4.46
loosing,2.8840315031266056e-05,4.46
loosest,2.8840315031266056e-05,4.46
looser,2.8840315031266056e-05,4.46
looses,2.8840315031266056e-05,4.46
men's,2.8840315031266056e-05,4.46
morals,2.8840315031266056e-05,4.46
moral,2.8840315031266056e-05,4.46
offensives,2.8840315031266056e-05,4.46
offensive,2.8840315031266056e-05,4.46
pa,2.8840315031266056e-05,4.46
packages,2.8840315031266056e-05,4.46
package,2.8840315031266056e-05,4.46
packaged,2.8840315031266056e-05,4.46
packaging,2.8840315031266056e-05,4.46
poverty,2.8840315031266056e-05,4.46
processings,2.8840315031266056e-05,4.46
qualified,2.8840315031266056e-05,4.46
railway,2.8840315031266056e-05,4.46
railways,2.8840315031266056e-05,4.46
ridiculous,2.8840315031266056e-05,4.46
sensitives,2.8840315031266056e-05,4.46
sensitive,2.8840315031266056e-05,4.46
servers,2.8840315031266056e-05,4.46
server,2.8840315031266056e-05,4.46
shocked,2.8840315031266056e-05,4.46
shocking,2.8840315031266056e-05,4.46
shock,2.8840315031266056e-05,4.46
shocks,2.8840315031266056e-05,4.46
silences,2.8840315031266056e-05,4.46
silence,2.8840315031266056e-05,4.46
silenced,2.8840315031266056e-05,4.46
silencing,2.8840315031266056e-05,4.46
soldiering,2.8840315031266056e-05,4.46
soldiered,2.8840315031266056e-05,4.46
soldier,2.8840315031266056e-05,4.46
superiors,2.8840315031266056e-05,4.46
superior,2.8840315031266056e-05,4.46
supporters,2.8840315031266056e-05,4.46
thicker,2.8840315031266056e-05,4.46
thickest,2.8840315031266056e-05,4.46
thick,2.8840315031266056e-05,4.46
tons,2.8840315031266056e-05,4.46
transitions,2.8840315031266056e-05,4.46
transition,2.8840315031266056e-05,4.46
transitioning,2.8840315031266056e-05,4.46
transitioned,2.8840315031266056e-05,4.46
violent,2.8840315031266056e-05,4.46
voters,2.8840315031266056e-05,4.46
wash,2.8840315031266056e-05,4.46
washed,2.8840315031266056e-05,4.46
washes,2.8840315031266056e-05,4.46
washing,2.8840315031266056e-05,4.46
00st,2.818382931264455e-05,4.45
acids,2.818382931264455e-05,4.45
acid,2.818382931264455e-05,4.45
actress,2.818382931264455e-05,4.45
actresses,2.818382931264455e-05,4.45
administrative,2.818382931264455e-05,4.45
alan,2.818382931264455e-05,4.45
alongside,2.818382931264455e-05,4.45
angel,2.818382931264455e-05,4.45
angels,2.818382931264455e-05,4.45
anxiety,2.818382931264455e-05,4.45
anxieties,2.818382931264455e-05,4.45
bonuses,2.818382931264455e-05,4.45
bonus,2.818382931264455e-05,4.45
castled,2.818382931264455e-05,4.45
castles,2.818382931264455e-05,4.45
castling,2.818382931264455e-05,4.45
castle,2.818382931264455e-05,4.45
charities,2.818382931264455e-05,4.45
charity,2.818382931264455e-05,4.45
compare,2.818382931264455e-05,4.45
compares,2.818382931264455e-05,4.45
comparing,2.818382931264455e-05,4.45
coverings,2.818382931264455e-05,4.45
curious,2.818382931264455e-05,4.45
discoveries,2.818382931264455e-05,4.45
discovery,2.818382931264455e-05,4.45
dukes,2.818382931264455e-05,4.45
duke,2.818382931264455e-05,4.45
egypt,2.818382931264455e-05,4.45
encouraging,2.818382931264455e-05,4.45
encouraged,2.818382931264455e-05,4.45
encourages,2.818382931264455e-05,4.45
encourage,2.818382931264455e-05,4.45
enforcement,2.818382931264455e-05,4.45
flashing,2.818382931264455e-05,4.45
flashed,2.818382931264455e-05,4.45
flashes,2.818382931264455e-05,4.45
flash,2.818382931264455e-05,4.45
formal,2.818382931264455e-05,4.45
formulas,2.818382931264455e-05,4.45
formulæ,2.818382931264455e-05,4.45
formula,2.818382931264455e-05,4.45
formulae,2.818382931264455e-05,4.45
forts,2.818382931264455e-05,4.45
fort,2.818382931264455e-05,4.45
grayed,2.818382931264455e-05,4.45
gray,2.818382931264455e-05,4.45
grays,2.818382931264455e-05,4.45
grayest,2.818382931264455e-05,4.45
grayer,2.818382931264455e-05,4.45
graying,2.818382931264455e-05,4.45
grossest,2.818382931264455e-05,4.45
grossed,2.818382931264455e-05,4.45
grossing,2.818382931264455e-05,4.45
grosses,2.818382931264455e-05,4.45
grosser,2.818382931264455e-05,4.45
gross,2.818382931264455e-05,4.45
hungriest,2.818382931264455e-05,4.45
hungry,2.818382931264455e-05,4.45
hungrier,2.818382931264455e-05,4.45
informed,2.818382931264455e-05,4.45
innocent,2.818382931264455e-05,4.45
innocents,2.818382931264455e-05,4.45
jeff,2.818382931264455e-05,4.45
luke,2.818382931264455e-05,4.45
mac,2.818382931264455e-05,4.45
math,2.818382931264455e-05,4.45
maths,2.818382931264455e-05,4.45
mysteries,2.818382931264455e-05,4.45
mystery,2.818382931264455e-05,4.45
olympics,2.818382931264455e-05,4.45
palaces,2.818382931264455e-05,4.45
palace,2.818382931264455e-05,4.45
penalty,2.818382931264455e-05,4.45
penalties,2.818382931264455e-05,4.45
pets,2.818382931264455e-05,4.45
petted,2.818382931264455e-05,4.45
petting,2.818382931264455e-05,4.45
pet,2.818382931264455e-05,4.45
photographies,2.818382931264455e-05,4.45
photography,2.818382931264455e-05,4.45
protesting,2.818382931264455e-05,4.45
protests,2.818382931264455e-05,4.45
protested,2.818382931264455e-05,4.45
protest,2.818382931264455e-05,4.45
publication,2.818382931264455e-05,4.45
publications,2.818382931264455e-05,4.45
ratings,2.818382931264455e-05,4.45
refered,2.818382931264455e-05,4.45
refer,2.818382931264455e-05,4.45
referring,2.818382931264455e-05,4.45
refers,2.818382931264455e-05,4.45
refering,2.818382931264455e-05,4.45
respectively,2.818382931264455e-05,4.45
rome,2.818382931264455e-05,4.45
selects,2.818382931264455e-05,4.45
selecting,2.818382931264455e-05,4.45
select,2.818382931264455e-05,4.45
silent,2.818382931264455e-05,4.45
successfully,2.818382931264455e-05,4.45
suffer,2.818382931264455e-05,4.45
suffers,2.818382931264455e-05,4.45
temple,2.818382931264455e-05,4.45
temples,2.818382931264455e-05,4.45
trailed,2.818382931264455e-05,4.45
trailing,2.818382931264455e-05,4.45
trails,2.818382931264455e-05,4.45
trail,2.818382931264455e-05,4.45
uncles,2.818382931264455e-05,4.45
uncle,2.818382931264455e-05,4.45
unusual,2.818382931264455e-05,4.45
yo,2.818382931264455e-05,4.45
arrivals,2.754228703338169e-05,4.44
arrival,2.754228703338169e-05,4.44
assault,2.754228703338169e-05,4.44
assaults,2.754228703338169e-05,4.44
assaulted,2.754228703338169e-05,4.44
assaulting,2.754228703338169e-05,4.44
awarenesses,2.754228703338169e-05,4.44
awareness,2.754228703338169e-05,4.44
badly,2.754228703338169e-05,4.44
bathed,2.754228703338169e-05,4.44
bathing,2.754228703338169e-05,4.44
baths,2.754228703338169e-05,4.44
bath,2.754228703338169e-05,4.44
captured,2.754228703338169e-05,4.44
chasing,2.754228703338169e-05,4.44
chased,2.754228703338169e-05,4.44
chase,2.754228703338169e-05,4.44
chases,2.754228703338169e-05,4.44
components,2.754228703338169e-05,4.44
concreted,2.754228703338169e-05,4.44
concretes,2.754228703338169e-05,4.44
concrete,2.754228703338169e-05,4.44
concreting,2.754228703338169e-05,4.44
dave,2.754228703338169e-05,4.44
deeply,2.754228703338169e-05,4.44
expectations,2.754228703338169e-05,4.44
explanations,2.754228703338169e-05,4.44
explanation,2.754228703338169e-05,4.44
exposure,2.754228703338169e-05,4.44
exposures,2.754228703338169e-05,4.44
fictions,2.754228703338169e-05,4.44
fiction,2.754228703338169e-05,4.44
guaranteeing,2.754228703338169e-05,4.44
guaranteed,2.754228703338169e-05,4.44
guarantee,2.754228703338169e-05,4.44
guarantees,2.754228703338169e-05,4.44
happiness,2.754228703338169e-05,4.44
harris,2.754228703338169e-05,4.44
horrible,2.754228703338169e-05,4.44
ideals,2.754228703338169e-05,4.44
ideal,2.754228703338169e-05,4.44
illinois,2.754228703338169e-05,4.44
islamic,2.754228703338169e-05,4.44
jimmy,2.754228703338169e-05,4.44
jimmying,2.754228703338169e-05,4.44
jimmies,2.754228703338169e-05,4.44
jimmied,2.754228703338169e-05,4.44
kelly,2.754228703338169e-05,4.44
legend,2.754228703338169e-05,4.44
legends,2.754228703338169e-05,4.44
lieutenants,2.754228703338169e-05,4.44
lieutenant,2.754228703338169e-05,4.44
mini,2.754228703338169e-05,4.44
minis,2.754228703338169e-05,4.44
mood,2.754228703338169e-05,4.44
moods,2.754228703338169e-05,4.44
muscle,2.754228703338169e-05,4.44
muscling,2.754228703338169e-05,4.44
muscles,2.754228703338169e-05,4.44
muscled,2.754228703338169e-05,4.44
muslims,2.754228703338169e-05,4.44
p.m,2.754228703338169e-05,4.44
passion,2.754228703338169e-05,4.44
passions,2.754228703338169e-05,4.44
procedure,2.754228703338169e-05,4.44
procedures,2.754228703338169e-05,4.44
producer,2.754228703338169e-05,4.44
producers,2.754228703338169e-05,4.44
ranked,2.754228703338169e-05,4.44
ranking,2.754228703338169e-05,4.44
ranks,2.754228703338169e-05,4.44
rank,2.754228703338169e-05,4.44
replacement,2.754228703338169e-05,4.44
replacements,2.754228703338169e-05,4.44
retired,2.754228703338169e-05,4.44
sanded,2.754228703338169e-05,4.44
sands,2.754228703338169e-05,4.44
sand,2.754228703338169e-05,4.44
sanding,2.754228703338169e-05,4.44
savings,2.754228703338169e-05,4.44
settled,2.754228703338169e-05,4.44
shadows,2.754228703338169e-05,4.44
shadow,2.754228703338169e-05,4.44
shadowed,2.754228703338169e-05,4.44
shadowing,2.754228703338169e-05,4.44
tagged,2.754228703338169e-05,4.44
tag,2.754228703338169e-05,4.44
tags,2.754228703338169e-05,4.44
tagging,2.754228703338169e-05,4.44
taping,2.754228703338169e-05,4.44
taped,2.754228703338169e-05,4.44
tape,2.754228703338169e-05,4.44
tapes,2.754228703338169e-05,4.44
threaded,2.754228703338169e-05,4.44
threads,2.754228703338169e-05,4.44
threading,2.754228703338169e-05,4.44
thread,2.754228703338169e-05,4.44
victoria,2.754228703338169e-05,4.44
wage,2.754228703338169e-05,4.44
wages,2.754228703338169e-05,4.44
waged,2.754228703338169e-05,4.44
waging,2.754228703338169e-05,4.44
we'd,2.754228703338169e-05,4.44
andy,2.691534803926914e-05,4.43
avenues,2.691534803926914e-05,4.43
avenue,2.691534803926914e-05,4.43
beatings,2.691534803926914e-05,4.43
boring,2.691534803926914e-05,4.43
charlie,2.691534803926914e-05,4.43
clocks,2.691534803926914e-05,4.43
clock,2.691534803926914e-05,4.43
clocked,2.691534803926914e-05,4.43
clocking,2.691534803926914e-05,4.43
commissioner,2.691534803926914e-05,4.43
commissioners,2.691534803926914e-05,4.43
commitment,2.691534803926914e-05,4.43
commitments,2.691534803926914e-05,4.43
confident,2.691534803926914e-05,4.43
custom,2.691534803926914e-05,4.43
customs,2.691534803926914e-05,4.43
denied,2.691534803926914e-05,4.43
desk,2.691534803926914e-05,4.43
desks,2.691534803926914e-05,4.43
ear,2.691534803926914e-05,4.43
ears,2.691534803926914e-05,4.43
eared,2.691534803926914e-05,4.43
earing,2.691534803926914e-05,4.43
electricity,2.691534803926914e-05,4.43
farmers,2.691534803926914e-05,4.43
fbi,2.691534803926914e-05,4.43
gyms,2.691534803926914e-05,4.43
gym,2.691534803926914e-05,4.43
helpful,2.691534803926914e-05,4.43
horror,2.691534803926914e-05,4.43
horrors,2.691534803926914e-05,4.43
iphone,2.691534803926914e-05,4.43
iraq,2.691534803926914e-05,4.43
labeling,2.691534803926914e-05,4.43
labels,2.691534803926914e-05,4.43
labelled,2.691534803926914e-05,4.43
labelling,2.691534803926914e-05,4.43
labeled,2.691534803926914e-05,4.43
label,2.691534803926914e-05,4.43
liverpool,2.691534803926914e-05,4.43
naked,2.691534803926914e-05,4.43
ny,2.691534803926914e-05,4.43
outputted,2.691534803926914e-05,4.43
outputs,2.691534803926914e-05,4.43
outputting,2.691534803926914e-05,4.43
output,2.691534803926914e-05,4.43
pitches,2.691534803926914e-05,4.43
pitch,2.691534803926914e-05,4.43
pitching,2.691534803926914e-05,4.43
pitched,2.691534803926914e-05,4.43
pizzas,2.691534803926914e-05,4.43
pizza,2.691534803926914e-05,4.43
plains,2.691534803926914e-05,4.43
plain,2.691534803926914e-05,4.43
plainer,2.691534803926914e-05,4.43
plainest,2.691534803926914e-05,4.43
rears,2.691534803926914e-05,4.43
rearing,2.691534803926914e-05,4.43
rear,2.691534803926914e-05,4.43
reared,2.691534803926914e-05,4.43
reveals,2.691534803926914e-05,4.43
reveal,2.691534803926914e-05,4.43
revealing,2.691534803926914e-05,4.43
romantic,2.691534803926914e-05,4.43
romantics,2.691534803926914e-05,4.43
strategic,2.691534803926914e-05,4.43
swimming,2.691534803926914e-05,4.43
welfare,2.691534803926914e-05,4.43
wired,2.691534803926914e-05,4.43
wires,2.691534803926914e-05,4.43
wire,2.691534803926914e-05,4.43
wiring,2.691534803926914e-05,4.43
worker,2.691534803926914e-05,4.43
00k,2.630267991895381e-05,4.42
5th,2.630267991895381e-05,4.42
afterwards,2.630267991895381e-05,4.42
alright,2.630267991895381e-05,4.42
android,2.630267991895381e-05,4.42
androids,2.630267991895381e-05,4.42
angered,2.630267991895381e-05,4.42
angering,2.630267991895381e-05,4.42
angers,2.630267991895381e-05,4.42
anger,2.630267991895381e-05,4.42
architecture,2.630267991895381e-05,4.42
architectures,2.630267991895381e-05,4.42
assist,2.630267991895381e-05,4.42
assists,2.630267991895381e-05,4.42
assisted,2.630267991895381e-05,4.42
assisting,2.630267991895381e-05,4.42
behalf,2.630267991895381e-05,4.42
belts,2.630267991895381e-05,4.42
belt,2.630267991895381e-05,4.42
belting,2.630267991895381e-05,4.42
belted,2.630267991895381e-05,4.42
capture,2.630267991895381e-05,4.42
capturing,2.630267991895381e-05,4.42
captures,2.630267991895381e-05,4.42
ceremony,2.630267991895381e-05,4.42
ceremonies,2.630267991895381e-05,4.42
comics,2.630267991895381e-05,4.42
comic,2.630267991895381e-05,4.42
cops,2.630267991895381e-05,4.42
dallas,2.630267991895381e-05,4.42
designers,2.630267991895381e-05,4.42
designer,2.630267991895381e-05,4.42
diamonds,2.630267991895381e-05,4.42
diamond,2.630267991895381e-05,4.42
disappointed,2.630267991895381e-05,4.42
economics,2.630267991895381e-05,4.42
efficient,2.630267991895381e-05,4.42
electrical,2.630267991895381e-05,4.42
employed,2.630267991895381e-05,4.42
essentially,2.630267991895381e-05,4.42
establishment,2.630267991895381e-05,4.42
establishments,2.630267991895381e-05,4.42
flowered,2.630267991895381e-05,4.42
flower,2.630267991895381e-05,4.42
flowering,2.630267991895381e-05,4.42
ghosting,2.630267991895381e-05,4.42
ghost,2.630267991895381e-05,4.42
ghosted,2.630267991895381e-05,4.42
ghosts,2.630267991895381e-05,4.42
hockey,2.630267991895381e-05,4.42
houston,2.630267991895381e-05,4.42
https,2.630267991895381e-05,4.42
islam,2.630267991895381e-05,4.42
jane,2.630267991895381e-05,4.42
kits,2.630267991895381e-05,4.42
kit,2.630267991895381e-05,4.42
lab,2.630267991895381e-05,4.42
min,2.630267991895381e-05,4.42
morgan,2.630267991895381e-05,4.42
morgans,2.630267991895381e-05,4.42
moscow,2.630267991895381e-05,4.42
na,2.630267991895381e-05,4.42
nervous,2.630267991895381e-05,4.42
newly,2.630267991895381e-05,4.42
odder,2.630267991895381e-05,4.42
odd,2.630267991895381e-05,4.42
oddest,2.630267991895381e-05,4.42
op,2.630267991895381e-05,4.42
ordinary,2.630267991895381e-05,4.42
participating,2.630267991895381e-05,4.42
participates,2.630267991895381e-05,4.42
participated,2.630267991895381e-05,4.42
participate,2.630267991895381e-05,4.42
philadelphia,2.630267991895381e-05,4.42
prayer,2.630267991895381e-05,4.42
prayers,2.630267991895381e-05,4.42
principles,2.630267991895381e-05,4.42
racists,2.630267991895381e-05,4.42
racist,2.630267991895381e-05,4.42
rarely,2.630267991895381e-05,4.42
sexiest,2.630267991895381e-05,4.42
sexy,2.630267991895381e-05,4.42
sexier,2.630267991895381e-05,4.42
skilled,2.630267991895381e-05,4.42
skill,2.630267991895381e-05,4.42
skilling,2.630267991895381e-05,4.42
soiling,2.630267991895381e-05,4.42
soiled,2.630267991895381e-05,4.42
soil,2.630267991895381e-05,4.42
soils,2.630267991895381e-05,4.42
solve,2.630267991895381e-05,4.42
solved,2.630267991895381e-05,4.42
solves,2.630267991895381e-05,4.42
solving,2.630267991895381e-05,4.42
stomach,2.630267991895381e-05,4.42
stomachs,2.630267991895381e-05,4.42
stomaching,2.630267991895381e-05,4.42
stomached,2.630267991895381e-05,4.42
sucks,2.630267991895381e-05,4.42
sucked,2.630267991895381e-05,4.42
sucking,2.630267991895381e-05,4.42
suck,2.630267991895381e-05,4.42
trashed,2.630267991895381e-05,4.42
trashes,2.630267991895381e-05,4.42
trashing,2.630267991895381e-05,4.42
trash,2.630267991895381e-05,4.42
uglier,2.630267991895381e-05,4.42
ugly,2.630267991895381e-05,4.42
ugliest,2.630267991895381e-05,4.42
vegas,2.630267991895381e-05,4.42
viruses,2.630267991895381e-05,4.42
virus,2.630267991895381e-05,4.42
walkers,2.630267991895381e-05,4.42
walker,2.630267991895381e-05,4.42
whoever,2.630267991895381e-05,4.42
anthony,2.5703957827688645e-05,4.41
arthur,2.5703957827688645e-05,4.41
aspect,2.5703957827688645e-05,4.41
boosts,2.5703957827688645e-05,4.41
boost,2.5703957827688645e-05,4.41
boosted,2.5703957827688645e-05,4.41
boosting,2.5703957827688645e-05,4.41
bureaux,2.5703957827688645e-05,4.41
bureaus,2.5703957827688645e-05,4.41
bureau,2.5703957827688645e-05,4.41
colonels,2.5703957827688645e-05,4.41
colonel,2.5703957827688645e-05,4.41
comfort,2.5703957827688645e-05,4.41
comforted,2.5703957827688645e-05,4.41
comforting,2.5703957827688645e-05,4.41
comforts,2.5703957827688645e-05,4.41
cousin,2.5703957827688645e-05,4.41
cousins,2.5703957827688645e-05,4.41
cracking,2.5703957827688645e-05,4.41
cracked,2.5703957827688645e-05,4.41
cracks,2.5703957827688645e-05,4.41
crack,2.5703957827688645e-05,4.41
deck,2.5703957827688645e-05,4.41
decks,2.5703957827688645e-05,4.41
decking,2.5703957827688645e-05,4.41
decked,2.5703957827688645e-05,4.41
dragons,2.5703957827688645e-05,4.41
dragon,2.5703957827688645e-05,4.41
dramatic,2.5703957827688645e-05,4.41
dusted,2.5703957827688645e-05,4.41
dusting,2.5703957827688645e-05,4.41
dust,2.5703957827688645e-05,4.41
dusts,2.5703957827688645e-05,4.41
dutch,2.5703957827688645e-05,4.41
evolutions,2.5703957827688645e-05,4.41
evolution,2.5703957827688645e-05,4.41
hired,2.5703957827688645e-05,4.41
illnesses,2.5703957827688645e-05,4.41
illness,2.5703957827688645e-05,4.41
inspirations,2.5703957827688645e-05,4.41
inspiration,2.5703957827688645e-05,4.41
institution,2.5703957827688645e-05,4.41
knifed,2.5703957827688645e-05,4.41
knives,2.5703957827688645e-05,4.41
knifing,2.5703957827688645e-05,4.41
knifes,2.5703957827688645e-05,4.41
knife,2.5703957827688645e-05,4.41
lately,2.5703957827688645e-05,4.41
memorial,2.5703957827688645e-05,4.41
memorials,2.5703957827688645e-05,4.41
mexican,2.5703957827688645e-05,4.41
minorities,2.5703957827688645e-05,4.41
minority,2.5703957827688645e-05,4.41
mum,2.5703957827688645e-05,4.41
mums,2.5703957827688645e-05,4.41
priority,2.5703957827688645e-05,4.41
priorities,2.5703957827688645e-05,4.41
promotion,2.5703957827688645e-05,4.41
promotions,2.5703957827688645e-05,4.41
railed,2.5703957827688645e-05,4.41
rails,2.5703957827688645e-05,4.41
rail,2.5703957827688645e-05,4.41
railing,2.5703957827688645e-05,4.41
readers,2.5703957827688645e-05,4.41
remotest,2.5703957827688645e-05,4.41
remoter,2.5703957827688645e-05,4.41
remote,2.5703957827688645e-05,4.41
repairing,2.5703957827688645e-05,4.41
repair,2.5703957827688645e-05,4.41
repaired,2.5703957827688645e-05,4.41
repairs,2.5703957827688645e-05,4.41
roots,2.5703957827688645e-05,4.41
rooting,2.5703957827688645e-05,4.41
rooted,2.5703957827688645e-05,4.41
root,2.5703957827688645e-05,4.41
saints,2.5703957827688645e-05,4.41
saint,2.5703957827688645e-05,4.41
steal,2.5703957827688645e-05,4.41
stole,2.5703957827688645e-05,4.41
steals,2.5703957827688645e-05,4.41
stealing,2.5703957827688645e-05,4.41
stolen,2.5703957827688645e-05,4.41
telephoning,2.5703957827688645e-05,4.41
telephone,2.5703957827688645e-05,4.41
telephones,2.5703957827688645e-05,4.41
telephoned,2.5703957827688645e-05,4.41
tho,2.5703957827688645e-05,4.41
trans,2.5703957827688645e-05,4.41
vol,2.5703957827688645e-05,4.41
whereas,2.5703957827688645e-05,4.41
abandoned,2.5118864315095825e-05,4.4
acquired,2.5118864315095825e-05,4.4
alexander,2.5118864315095825e-05,4.4
alliances,2.5118864315095825e-05,4.4
alliance,2.5118864315095825e-05,4.4
annoying,2.5118864315095825e-05,4.4
ap,2.5118864315095825e-05,4.4
bids,2.5118864315095825e-05,4.4
bade,2.5118864315095825e-05,4.4
bid,2.5118864315095825e-05,4.4
bidden,2.5118864315095825e-05,4.4
bidding,2.5118864315095825e-05,4.4
bro,2.5118864315095825e-05,4.4
buddies,2.5118864315095825e-05,4.4
buddied,2.5118864315095825e-05,4.4
buddy,2.5118864315095825e-05,4.4
buddying,2.5118864315095825e-05,4.4
buried,2.5118864315095825e-05,4.4
butters,2.5118864315095825e-05,4.4
buttering,2.5118864315095825e-05,4.4
buttered,2.5118864315095825e-05,4.4
butter,2.5118864315095825e-05,4.4
columbia,2.5118864315095825e-05,4.4
conclusions,2.5118864315095825e-05,4.4
conclusion,2.5118864315095825e-05,4.4
confirms,2.5118864315095825e-05,4.4
confirm,2.5118864315095825e-05,4.4
confirming,2.5118864315095825e-05,4.4
congratulations,2.5118864315095825e-05,4.4
convinced,2.5118864315095825e-05,4.4
crap,2.5118864315095825e-05,4.4
crystals,2.5118864315095825e-05,4.4
crystal,2.5118864315095825e-05,4.4
deaned,2.5118864315095825e-05,4.4
deans,2.5118864315095825e-05,4.4
dean,2.5118864315095825e-05,4.4
deaning,2.5118864315095825e-05,4.4
decent,2.5118864315095825e-05,4.4
declines,2.5118864315095825e-05,4.4
declining,2.5118864315095825e-05,4.4
declined,2.5118864315095825e-05,4.4
decline,2.5118864315095825e-05,4.4
delay,2.5118864315095825e-05,4.4
delays,2.5118864315095825e-05,4.4
delayed,2.5118864315095825e-05,4.4
delaying,2.5118864315095825e-05,4.4
desert,2.5118864315095825e-05,4.4
deserting,2.5118864315095825e-05,4.4
deserted,2.5118864315095825e-05,4.4
deserts,2.5118864315095825e-05,4.4
downtown,2.5118864315095825e-05,4.4
downtowns,2.5118864315095825e-05,4.4
elite,2.5118864315095825e-05,4.4
elites,2.5118864315095825e-05,4.4
forth,2.5118864315095825e-05,4.4
hadn't,2.5118864315095825e-05,4.4
hires,2.5118864315095825e-05,4.4
hiring,2.5118864315095825e-05,4.4
hire,2.5118864315095825e-05,4.4
hopping,2.5118864315095825e-05,4.4
hop,2.5118864315095825e-05,4.4
hopped,2.5118864315095825e-05,4.4
hops,2.5118864315095825e-05,4.4
insane,2.5118864315095825e-05,4.4
installed,2.5118864315095825e-05,4.4
israeli,2.5118864315095825e-05,4.4
landings,2.5118864315095825e-05,4.4
layers,2.5118864315095825e-05,4.4
layered,2.5118864315095825e-05,4.4
layer,2.5118864315095825e-05,4.4
layering,2.5118864315095825e-05,4.4
marry,2.5118864315095825e-05,4.4
marrying,2.5118864315095825e-05,4.4
marries,2.5118864315095825e-05,4.4
nah,2.5118864315095825e-05,4.4
nowhere,2.5118864315095825e-05,4.4
nursing,2.5118864315095825e-05,4.4
nursed,2.5118864315095825e-05,4.4
nurses,2.5118864315095825e-05,4.4
nurse,2.5118864315095825e-05,4.4
obtain,2.5118864315095825e-05,4.4
obtains,2.5118864315095825e-05,4.4
obtaining,2.5118864315095825e-05,4.4
organics,2.5118864315095825e-05,4.4
organic,2.5118864315095825e-05,4.4
ownership,2.5118864315095825e-05,4.4
participants,2.5118864315095825e-05,4.4
pennsylvania,2.5118864315095825e-05,4.4
poetry,2.5118864315095825e-05,4.4
potting,2.5118864315095825e-05,4.4
pots,2.5118864315095825e-05,4.4
potted,2.5118864315095825e-05,4.4
pot,2.5118864315095825e-05,4.4
praying,2.5118864315095825e-05,4.4
prays,2.5118864315095825e-05,4.4
pray,2.5118864315095825e-05,4.4
prayed,2.5118864315095825e-05,4.4
recalls,2.5118864315095825e-05,4.4
recalled,2.5118864315095825e-05,4.4
recalling,2.5118864315095825e-05,4.4
recall,2.5118864315095825e-05,4.4
rugby,2.5118864315095825e-05,4.4
sakes,2.5118864315095825e-05,4.4
sake,2.5118864315095825e-05,4.4
sheeting,2.5118864315095825e-05,4.4
sheets,2.5118864315095825e-05,4.4
sheet,2.5118864315095825e-05,4.4
sheeted,2.5118864315095825e-05,4.4
smooths,2.5118864315095825e-05,4.4
smoothest,2.5118864315095825e-05,4.4
smoothed,2.5118864315095825e-05,4.4
smoothing,2.5118864315095825e-05,4.4
smooth,2.5118864315095825e-05,4.4
smoothes,2.5118864315095825e-05,4.4
smoother,2.5118864315095825e-05,4.4
spirituals,2.5118864315095825e-05,4.4
spiritual,2.5118864315095825e-05,4.4
stringing,2.5118864315095825e-05,4.4
strung,2.5118864315095825e-05,4.4
string,2.5118864315095825e-05,4.4
strings,2.5118864315095825e-05,4.4
sudden,2.5118864315095825e-05,4.4
sweden,2.5118864315095825e-05,4.4
syria,2.5118864315095825e-05,4.4
vacationing,2.5118864315095825e-05,4.4
vacation,2.5118864315095825e-05,4.4
vacationed,2.5118864315095825e-05,4.4
vacations,2.5118864315095825e-05,4.4
abroad,2.454708915685029e-05,4.39
arab,2.454708915685029e-05,4.39
assigned,2.454708915685029e-05,4.39
associate,2.454708915685029e-05,4.39
associating,2.454708915685029e-05,4.39
associates,2.454708915685029e-05,4.39
atlantic,2.454708915685029e-05,4.39
bench,2.454708915685029e-05,4.39
benches,2.454708915685029e-05,4.39
bother,2.454708915685029e-05,4.39
bothered,2.454708915685029e-05,4.39
bothering,2.454708915685029e-05,4.39
bothers,2.454708915685029e-05,4.39
broadcasting,2.454708915685029e-05,4.39
broadcasts,2.454708915685029e-05,4.39
broadcast,2.454708915685029e-05,4.39
broadcasted,2.454708915685029e-05,4.39
bye,2.454708915685029e-05,4.39
cambridge,2.454708915685029e-05,4.39
citizen,2.454708915685029e-05,4.39
compete,2.454708915685029e-05,4.39
competes,2.454708915685029e-05,4.39
competing,2.454708915685029e-05,4.39
competed,2.454708915685029e-05,4.39
consists,2.454708915685029e-05,4.39
contributed,2.454708915685029e-05,4.39
cricket,2.454708915685029e-05,4.39
crickets,2.454708915685029e-05,4.39
critics,2.454708915685029e-05,4.39
disasters,2.454708915685029e-05,4.39
disaster,2.454708915685029e-05,4.39
discover,2.454708915685029e-05,4.39
discovering,2.454708915685029e-05,4.39
discovers,2.454708915685029e-05,4.39
disney,2.454708915685029e-05,4.39
entrance,2.454708915685029e-05,4.39
entrances,2.454708915685029e-05,4.39
entranced,2.454708915685029e-05,4.39
entrancing,2.454708915685029e-05,4.39
equally,2.454708915685029e-05,4.39
fitnesses,2.454708915685029e-05,4.39
fitness,2.454708915685029e-05,4.39
francis,2.454708915685029e-05,4.39
friendships,2.454708915685029e-05,4.39
friendship,2.454708915685029e-05,4.39
gary,2.454708915685029e-05,4.39
handlings,2.454708915685029e-05,4.39
idiot,2.454708915685029e-05,4.39
idiots,2.454708915685029e-05,4.39
intensest,2.454708915685029e-05,4.39
intenser,2.454708915685029e-05,4.39
intense,2.454708915685029e-05,4.39
lifetimes,2.454708915685029e-05,4.39
lifetime,2.454708915685029e-05,4.39
liquids,2.454708915685029e-05,4.39
liquid,2.454708915685029e-05,4.39
makeups,2.454708915685029e-05,4.39
makeup,2.454708915685029e-05,4.39
medals,2.454708915685029e-05,4.39
medal,2.454708915685029e-05,4.39
mortgages,2.454708915685029e-05,4.39
mortgaging,2.454708915685029e-05,4.39
mortgaged,2.454708915685029e-05,4.39
mortgage,2.454708915685029e-05,4.39
narrative,2.454708915685029e-05,4.39
narratives,2.454708915685029e-05,4.39
narrower,2.454708915685029e-05,4.39
narrows,2.454708915685029e-05,4.39
narrowest,2.454708915685029e-05,4.39
narrowed,2.454708915685029e-05,4.39
narrow,2.454708915685029e-05,4.39
narrowing,2.454708915685029e-05,4.39
nba,2.454708915685029e-05,4.39
observed,2.454708915685029e-05,4.39
occasionally,2.454708915685029e-05,4.39
one's,2.454708915685029e-05,4.39
panned,2.454708915685029e-05,4.39
pans,2.454708915685029e-05,4.39
panning,2.454708915685029e-05,4.39
pan,2.454708915685029e-05,4.39
physics,2.454708915685029e-05,4.39
postings,2.454708915685029e-05,4.39
potentially,2.454708915685029e-05,4.39
reductions,2.454708915685029e-05,4.39
reduction,2.454708915685029e-05,4.39
reflected,2.454708915685029e-05,4.39
reflecting,2.454708915685029e-05,4.39
reflect,2.454708915685029e-05,4.39
reflects,2.454708915685029e-05,4.39
refusing,2.454708915685029e-05,4.39
refuse,2.454708915685029e-05,4.39
refuses,2.454708915685029e-05,4.39
researchers,2.454708915685029e-05,4.39
resourcing,2.454708915685029e-05,4.39
resourced,2.454708915685029e-05,4.39
resource,2.454708915685029e-05,4.39
roger,2.454708915685029e-05,4.39
ross,2.454708915685029e-05,4.39
seattle,2.454708915685029e-05,4.39
shell,2.454708915685029e-05,4.39
shells,2.454708915685029e-05,4.39
shelled,2.454708915685029e-05,4.39
shelling,2.454708915685029e-05,4.39
silliest,2.454708915685029e-05,4.39
sillier,2.454708915685029e-05,4.39
silly,2.454708915685029e-05,4.39
sillies,2.454708915685029e-05,4.39
subsequent,2.454708915685029e-05,4.39
they'd,2.454708915685029e-05,4.39
translations,2.454708915685029e-05,4.39
translation,2.454708915685029e-05,4.39
visibles,2.454708915685029e-05,4.39
visible,2.454708915685029e-05,4.39
yep,2.454708915685029e-05,4.39
allen,2.39883291901949e-05,4.38
amendment,2.39883291901949e-05,4.38
amendments,2.39883291901949e-05,4.38
angled,2.39883291901949e-05,4.38
angle,2.39883291901949e-05,4.38
angling,2.39883291901949e-05,4.38
angles,2.39883291901949e-05,4.38
arizona,2.39883291901949e-05,4.38
arrives,2.39883291901949e-05,4.38
arrive,2.39883291901949e-05,4.38
arriving,2.39883291901949e-05,4.38
belongs,2.39883291901949e-05,4.38
belonging,2.39883291901949e-05,4.38
belong,2.39883291901949e-05,4.38
belonged,2.39883291901949e-05,4.38
berlin,2.39883291901949e-05,4.38
bishop,2.39883291901949e-05,4.38
bishops,2.39883291901949e-05,4.38
clark,2.39883291901949e-05,4.38
commonly,2.39883291901949e-05,4.38
connects,2.39883291901949e-05,4.38
connect,2.39883291901949e-05,4.38
connecting,2.39883291901949e-05,4.38
defensive,2.39883291901949e-05,4.38
efficiency,2.39883291901949e-05,4.38
efficiencies,2.39883291901949e-05,4.38
enterprises,2.39883291901949e-05,4.38
enterprise,2.39883291901949e-05,4.38
experiment,2.39883291901949e-05,4.38
experiments,2.39883291901949e-05,4.38
experimenting,2.39883291901949e-05,4.38
experimented,2.39883291901949e-05,4.38
feb,2.39883291901949e-05,4.38
forums,2.39883291901949e-05,4.38
fora,2.39883291901949e-05,4.38
forum,2.39883291901949e-05,4.38
grass,2.39883291901949e-05,4.38
grassed,2.39883291901949e-05,4.38
grasses,2.39883291901949e-05,4.38
grassing,2.39883291901949e-05,4.38
hence,2.39883291901949e-05,4.38
increasingly,2.39883291901949e-05,4.38
incredibly,2.39883291901949e-05,4.38
iv,2.39883291901949e-05,4.38
jay,2.39883291901949e-05,4.38
jays,2.39883291901949e-05,4.38
journalists,2.39883291901949e-05,4.38
journalist,2.39883291901949e-05,4.38
mills,2.39883291901949e-05,4.38
milling,2.39883291901949e-05,4.38
mill,2.39883291901949e-05,4.38
milled,2.39883291901949e-05,4.38
mo,2.39883291901949e-05,4.38
occasioning,2.39883291901949e-05,4.38
occasioned,2.39883291901949e-05,4.38
occasion,2.39883291901949e-05,4.38
occasions,2.39883291901949e-05,4.38
oxfords,2.39883291901949e-05,4.38
oxford,2.39883291901949e-05,4.38
paces,2.39883291901949e-05,4.38
paced,2.39883291901949e-05,4.38
pace,2.39883291901949e-05,4.38
pacing,2.39883291901949e-05,4.38
passenger,2.39883291901949e-05,4.38
passengers,2.39883291901949e-05,4.38
penned,2.39883291901949e-05,4.38
penning,2.39883291901949e-05,4.38
pen,2.39883291901949e-05,4.38
pens,2.39883291901949e-05,4.38
popes,2.39883291901949e-05,4.38
pope,2.39883291901949e-05,4.38
possession,2.39883291901949e-05,4.38
possessions,2.39883291901949e-05,4.38
pp,2.39883291901949e-05,4.38
rapider,2.39883291901949e-05,4.38
rapid,2.39883291901949e-05,4.38
rapids,2.39883291901949e-05,4.38
rapidest,2.39883291901949e-05,4.38
regulation,2.39883291901949e-05,4.38
resident,2.39883291901949e-05,4.38
sixth,2.39883291901949e-05,4.38
spun,2.39883291901949e-05,4.38
spinning,2.39883291901949e-05,4.38
spins,2.39883291901949e-05,4.38
spin,2.39883291901949e-05,4.38
suitable,2.39883291901949e-05,4.38
thirty,2.39883291901949e-05,4.38
valid,2.39883291901949e-05,4.38
vital,2.39883291901949e-05,4.38
whilst,2.39883291901949e-05,4.38
year's,2.39883291901949e-05,4.38
agriculture,2.344228815319923e-05,4.37
alleged,2.344228815319923e-05,4.37
anna,2.344228815319923e-05,4.37
atlanta,2.344228815319923e-05,4.37
christians,2.344228815319923e-05,4.37
collecting,2.344228815319923e-05,4.37
collects,2.344228815319923e-05,4.37
collect,2.344228815319923e-05,4.37
commerce,2.344228815319923e-05,4.37
cop,2.344228815319923e-05,4.37
creeks,2.344228815319923e-05,4.37
creek,2.344228815319923e-05,4.37
currencies,2.344228815319923e-05,4.37
currency,2.344228815319923e-05,4.37
emotions,2.344228815319923e-05,4.37
exhibitions,2.344228815319923e-05,4.37
exhibition,2.344228815319923e-05,4.37
fraud,2.344228815319923e-05,4.37
frauds,2.344228815319923e-05,4.37
funerals,2.344228815319923e-05,4.37
funeral,2.344228815319923e-05,4.37
genuine,2.344228815319923e-05,4.37
god's,2.344228815319923e-05,4.37
gordon,2.344228815319923e-05,4.37
honeys,2.344228815319923e-05,4.37
honey,2.344228815319923e-05,4.37
honours,2.344228815319923e-05,4.37
honouring,2.344228815319923e-05,4.37
honour,2.344228815319923e-05,4.37
honoured,2.344228815319923e-05,4.37
hooks,2.344228815319923e-05,4.37
hook,2.344228815319923e-05,4.37
hooking,2.344228815319923e-05,4.37
hooked,2.344228815319923e-05,4.37
hunters,2.344228815319923e-05,4.37
hunter,2.344228815319923e-05,4.37
immigrants,2.344228815319923e-05,4.37
instructions,2.344228815319923e-05,4.37
introduce,2.344228815319923e-05,4.37
introducing,2.344228815319923e-05,4.37
introduces,2.344228815319923e-05,4.37
kansas,2.344228815319923e-05,4.37
km,2.344228815319923e-05,4.37
legacies,2.344228815319923e-05,4.37
legacy,2.344228815319923e-05,4.37
logging,2.344228815319923e-05,4.37
log,2.344228815319923e-05,4.37
logs,2.344228815319923e-05,4.37
logged,2.344228815319923e-05,4.37
matthew,2.344228815319923e-05,4.37
merely,2.344228815319923e-05,4.37
monitor,2.344228815319923e-05,4.37
monitoring,2.344228815319923e-05,4.37
monitored,2.344228815319923e-05,4.37
monitors,2.344228815319923e-05,4.37
mother's,2.344228815319923e-05,4.37
nov,2.344228815319923e-05,4.37
patrick,2.344228815319923e-05,4.37
phil,2.344228815319923e-05,4.37
prisoners,2.344228815319923e-05,4.37
publishing,2.344228815319923e-05,4.37
ratios,2.344228815319923e-05,4.37
ratioed,2.344228815319923e-05,4.37
ratio,2.344228815319923e-05,4.37
ratioing,2.344228815319923e-05,4.37
regret,2.344228815319923e-05,4.37
regretting,2.344228815319923e-05,4.37
regrets,2.344228815319923e-05,4.37
regretted,2.344228815319923e-05,4.37
rejected,2.344228815319923e-05,4.37
reminded,2.344228815319923e-05,4.37
remind,2.344228815319923e-05,4.37
reminding,2.344228815319923e-05,4.37
reminds,2.344228815319923e-05,4.37
resort,2.344228815319923e-05,4.37
resorting,2.344228815319923e-05,4.37
resorts,2.344228815319923e-05,4.37
resorted,2.344228815319923e-05,4.37
reversed,2.344228815319923e-05,4.37
reverses,2.344228815319923e-05,4.37
reversing,2.344228815319923e-05,4.37
reverse,2.344228815319923e-05,4.37
routine,2.344228815319923e-05,4.37
routines,2.344228815319923e-05,4.37
scariest,2.344228815319923e-05,4.37
scarier,2.344228815319923e-05,4.37
scary,2.344228815319923e-05,4.37
seeded,2.344228815319923e-05,4.37
seeding,2.344228815319923e-05,4.37
seeds,2.344228815319923e-05,4.37
seed,2.344228815319923e-05,4.37
settling,2.344228815319923e-05,4.37
settle,2.344228815319923e-05,4.37
settles,2.344228815319923e-05,4.37
sins,2.344228815319923e-05,4.37
sin,2.344228815319923e-05,4.37
sinned,2.344228815319923e-05,4.37
sinning,2.344228815319923e-05,4.37
spelled,2.344228815319923e-05,4.37
spells,2.344228815319923e-05,4.37
spell,2.344228815319923e-05,4.37
spelt,2.344228815319923e-05,4.37
spelling,2.344228815319923e-05,4.37
summaries,2.344228815319923e-05,4.37
summary,2.344228815319923e-05,4.37
survivals,2.344228815319923e-05,4.37
survival,2.344228815319923e-05,4.37
swords,2.344228815319923e-05,4.37
sword,2.344228815319923e-05,4.37
tongued,2.344228815319923e-05,4.37
tonguing,2.344228815319923e-05,4.37
tongue,2.344228815319923e-05,4.37
tongues,2.344228815319923e-05,4.37
ward,2.344228815319923e-05,4.37
warded,2.344228815319923e-05,4.37
warding,2.344228815319923e-05,4.37
wards,2.344228815319923e-05,4.37
wayne,2.344228815319923e-05,4.37
achievements,2.290867652767775e-05,4.36
achievement,2.290867652767775e-05,4.36
anderson,2.290867652767775e-05,4.36
asleep,2.290867652767775e-05,4.36
austin,2.290867652767775e-05,4.36
automatics,2.290867652767775e-05,4.36
automatic,2.290867652767775e-05,4.36
behaviours,2.290867652767775e-05,4.36
behaviour,2.290867652767775e-05,4.36
cd,2.290867652767775e-05,4.36
coated,2.290867652767775e-05,4.36
coats,2.290867652767775e-05,4.36
coating,2.290867652767775e-05,4.36
coat,2.290867652767775e-05,4.36
comprehensive,2.290867652767775e-05,4.36
consenting,2.290867652767775e-05,4.36
consent,2.290867652767775e-05,4.36
consents,2.290867652767775e-05,4.36
consented,2.290867652767775e-05,4.36
daddy,2.290867652767775e-05,4.36
daddies,2.290867652767775e-05,4.36
destruction,2.290867652767775e-05,4.36
destructions,2.290867652767775e-05,4.36
diego,2.290867652767775e-05,4.36
divorcing,2.290867652767775e-05,4.36
divorce,2.290867652767775e-05,4.36
divorces,2.290867652767775e-05,4.36
divorced,2.290867652767775e-05,4.36
doc,2.290867652767775e-05,4.36
droves,2.290867652767775e-05,4.36
engage,2.290867652767775e-05,4.36
engages,2.290867652767775e-05,4.36
engaging,2.290867652767775e-05,4.36
extraordinary,2.290867652767775e-05,4.36
fating,2.290867652767775e-05,4.36
fated,2.290867652767775e-05,4.36
fates,2.290867652767775e-05,4.36
fate,2.290867652767775e-05,4.36
frequencies,2.290867652767775e-05,4.36
frequency,2.290867652767775e-05,4.36
genes,2.290867652767775e-05,4.36
gene,2.290867652767775e-05,4.36
glories,2.290867652767775e-05,4.36
gloried,2.290867652767775e-05,4.36
glorying,2.290867652767775e-05,4.36
glory,2.290867652767775e-05,4.36
headquarters,2.290867652767775e-05,4.36
heritages,2.290867652767775e-05,4.36
heritage,2.290867652767775e-05,4.36
initiative,2.290867652767775e-05,4.36
initiatives,2.290867652767775e-05,4.36
jean,2.290867652767775e-05,4.36
juicing,2.290867652767775e-05,4.36
juices,2.290867652767775e-05,4.36
juiced,2.290867652767775e-05,4.36
juice,2.290867652767775e-05,4.36
landscapes,2.290867652767775e-05,4.36
landscaped,2.290867652767775e-05,4.36
landscape,2.290867652767775e-05,4.36
landscaping,2.290867652767775e-05,4.36
logics,2.290867652767775e-05,4.36
logic,2.290867652767775e-05,4.36
melbourne,2.290867652767775e-05,4.36
microsoft,2.290867652767775e-05,4.36
objectives,2.290867652767775e-05,4.36
objective,2.290867652767775e-05,4.36
organisation,2.290867652767775e-05,4.36
organisations,2.290867652767775e-05,4.36
privacy,2.290867652767775e-05,4.36
regards,2.290867652767775e-05,4.36
regard,2.290867652767775e-05,4.36
regarded,2.290867652767775e-05,4.36
residences,2.290867652767775e-05,4.36
residence,2.290867652767775e-05,4.36
roughly,2.290867652767775e-05,4.36
salaried,2.290867652767775e-05,4.36
salaries,2.290867652767775e-05,4.36
salarying,2.290867652767775e-05,4.36
salary,2.290867652767775e-05,4.36
scorings,2.290867652767775e-05,4.36
scripting,2.290867652767775e-05,4.36
scripts,2.290867652767775e-05,4.36
script,2.290867652767775e-05,4.36
scripted,2.290867652767775e-05,4.36
stripping,2.290867652767775e-05,4.36
strips,2.290867652767775e-05,4.36
stripped,2.290867652767775e-05,4.36
strip,2.290867652767775e-05,4.36
surrounded,2.290867652767775e-05,4.36
threatened,2.290867652767775e-05,4.36
tube,2.290867652767775e-05,4.36
tubes,2.290867652767775e-05,4.36
walter,2.290867652767775e-05,4.36
wisconsin,2.290867652767775e-05,4.36
would've,2.290867652767775e-05,4.36
00m,2.238721138568338e-05,4.35
a.m,2.238721138568338e-05,4.35
ambassador,2.238721138568338e-05,4.35
ambassadors,2.238721138568338e-05,4.35
ann,2.238721138568338e-05,4.35
apps,2.238721138568338e-05,4.35
breast,2.238721138568338e-05,4.35
breasted,2.238721138568338e-05,4.35
breasts,2.238721138568338e-05,4.35
breasting,2.238721138568338e-05,4.35
cants,2.238721138568338e-05,4.35
cant,2.238721138568338e-05,4.35
canted,2.238721138568338e-05,4.35
canting,2.238721138568338e-05,4.35
carter,2.238721138568338e-05,4.35
chelsea,2.238721138568338e-05,4.35
chemistry,2.238721138568338e-05,4.35
chemistries,2.238721138568338e-05,4.35
concluded,2.238721138568338e-05,4.35
consumption,2.238721138568338e-05,4.35
consumptions,2.238721138568338e-05,4.35
corruption,2.238721138568338e-05,4.35
corruptions,2.238721138568338e-05,4.35
cottons,2.238721138568338e-05,4.35
cotton,2.238721138568338e-05,4.35
detroit,2.238721138568338e-05,4.35
discounts,2.238721138568338e-05,4.35
discount,2.238721138568338e-05,4.35
discounting,2.238721138568338e-05,4.35
discounted,2.238721138568338e-05,4.35
dozens,2.238721138568338e-05,4.35
dozen,2.238721138568338e-05,4.35
epic,2.238721138568338e-05,4.35
epics,2.238721138568338e-05,4.35
exceptions,2.238721138568338e-05,4.35
exception,2.238721138568338e-05,4.35
exit,2.238721138568338e-05,4.35
exited,2.238721138568338e-05,4.35
exits,2.238721138568338e-05,4.35
exiting,2.238721138568338e-05,4.35
expanded,2.238721138568338e-05,4.35
expanding,2.238721138568338e-05,4.35
expands,2.238721138568338e-05,4.35
expand,2.238721138568338e-05,4.35
fancied,2.238721138568338e-05,4.35
fancies,2.238721138568338e-05,4.35
fancying,2.238721138568338e-05,4.35
fancier,2.238721138568338e-05,4.35
fancy,2.238721138568338e-05,4.35
fanciest,2.238721138568338e-05,4.35
gorgeous,2.238721138568338e-05,4.35
grateful,2.238721138568338e-05,4.35
impression,2.238721138568338e-05,4.35
impressions,2.238721138568338e-05,4.35
indicate,2.238721138568338e-05,4.35
indicates,2.238721138568338e-05,4.35
indicating,2.238721138568338e-05,4.35
indicated,2.238721138568338e-05,4.35
inputting,2.238721138568338e-05,4.35
inputted,2.238721138568338e-05,4.35
inputs,2.238721138568338e-05,4.35
input,2.238721138568338e-05,4.35
johnny,2.238721138568338e-05,4.35
josh,2.238721138568338e-05,4.35
knocked,2.238721138568338e-05,4.35
knocking,2.238721138568338e-05,4.35
knock,2.238721138568338e-05,4.35
knocks,2.238721138568338e-05,4.35
leathering,2.238721138568338e-05,4.35
leathered,2.238721138568338e-05,4.35
leather,2.238721138568338e-05,4.35
leathers,2.238721138568338e-05,4.35
lips,2.238721138568338e-05,4.35
luxury,2.238721138568338e-05,4.35
luxuries,2.238721138568338e-05,4.35
lyrics,2.238721138568338e-05,4.35
manufacturers,2.238721138568338e-05,4.35
oct,2.238721138568338e-05,4.35
ought,2.238721138568338e-05,4.35
outcome,2.238721138568338e-05,4.35
outcomes,2.238721138568338e-05,4.35
polls,2.238721138568338e-05,4.35
polled,2.238721138568338e-05,4.35
poll,2.238721138568338e-05,4.35
polling,2.238721138568338e-05,4.35
removal,2.238721138568338e-05,4.35
removals,2.238721138568338e-05,4.35
rep,2.238721138568338e-05,4.35
reporter,2.238721138568338e-05,4.35
reporters,2.238721138568338e-05,4.35
rio,2.238721138568338e-05,4.35
robs,2.238721138568338e-05,4.35
rob,2.238721138568338e-05,4.35
robbing,2.238721138568338e-05,4.35
robbed,2.238721138568338e-05,4.35
screaming,2.238721138568338e-05,4.35
sept,2.238721138568338e-05,4.35
sequences,2.238721138568338e-05,4.35
sequenced,2.238721138568338e-05,4.35
sequence,2.238721138568338e-05,4.35
sequencing,2.238721138568338e-05,4.35
singapore,2.238721138568338e-05,4.35
stretched,2.238721138568338e-05,4.35
stretching,2.238721138568338e-05,4.35
stretch,2.238721138568338e-05,4.35
stretches,2.238721138568338e-05,4.35
tore,2.238721138568338e-05,4.35
teared,2.238721138568338e-05,4.35
tear,2.238721138568338e-05,4.35
torn,2.238721138568338e-05,4.35
tearing,2.238721138568338e-05,4.35
tennis,2.238721138568338e-05,4.35
terrorist,2.238721138568338e-05,4.35
terrorists,2.238721138568338e-05,4.35
theater,2.238721138568338e-05,4.35
theaters,2.238721138568338e-05,4.35
twelve,2.238721138568338e-05,4.35
virgins,2.238721138568338e-05,4.35
virgin,2.238721138568338e-05,4.35
wolfing,2.238721138568338e-05,4.35
wolf,2.238721138568338e-05,4.35
wolves,2.238721138568338e-05,4.35
wolfs,2.238721138568338e-05,4.35
wolfed,2.238721138568338e-05,4.35
absences,2.187761623949552e-05,4.34
absence,2.187761623949552e-05,4.34
agricultural,2.187761623949552e-05,4.34
asshole,2.187761623949552e-05,4.34
athletes,2.187761623949552e-05,4.34
bruce,2.187761623949552e-05,4.34
bulling,2.187761623949552e-05,4.34
bull,2.187761623949552e-05,4.34
bulls,2.187761623949552e-05,4.34
bulled,2.187761623949552e-05,4.34
commonwealths,2.187761623949552e-05,4.34
commonwealth,2.187761623949552e-05,4.34
contribute,2.187761623949552e-05,4.34
contributes,2.187761623949552e-05,4.34
contributing,2.187761623949552e-05,4.34
contribution,2.187761623949552e-05,4.34
contributions,2.187761623949552e-05,4.34
delicious,2.187761623949552e-05,4.34
denies,2.187761623949552e-05,4.34
deny,2.187761623949552e-05,4.34
denying,2.187761623949552e-05,4.34
eases,2.187761623949552e-05,4.34
eased,2.187761623949552e-05,4.34
ease,2.187761623949552e-05,4.34
easing,2.187761623949552e-05,4.34
extending,2.187761623949552e-05,4.34
extend,2.187761623949552e-05,4.34
extends,2.187761623949552e-05,4.34
fame,2.187761623949552e-05,4.34
faming,2.187761623949552e-05,4.34
famed,2.187761623949552e-05,4.34
fames,2.187761623949552e-05,4.34
flooded,2.187761623949552e-05,4.34
flood,2.187761623949552e-05,4.34
flooding,2.187761623949552e-05,4.34
floods,2.187761623949552e-05,4.34
generated,2.187761623949552e-05,4.34
genetic,2.187761623949552e-05,4.34
impressed,2.187761623949552e-05,4.34
instants,2.187761623949552e-05,4.34
instant,2.187761623949552e-05,4.34
investors,2.187761623949552e-05,4.34
involves,2.187761623949552e-05,4.34
kate,2.187761623949552e-05,4.34
liberty,2.187761623949552e-05,4.34
liberties,2.187761623949552e-05,4.34
man's,2.187761623949552e-05,4.34
maria,2.187761623949552e-05,4.34
monitorings,2.187761623949552e-05,4.34
photographs,2.187761623949552e-05,4.34
principle,2.187761623949552e-05,4.34
progressives,2.187761623949552e-05,4.34
progressive,2.187761623949552e-05,4.34
punishment,2.187761623949552e-05,4.34
punishments,2.187761623949552e-05,4.34
rallied,2.187761623949552e-05,4.34
rallying,2.187761623949552e-05,4.34
rally,2.187761623949552e-05,4.34
rallies,2.187761623949552e-05,4.34
rapidly,2.187761623949552e-05,4.34
reader,2.187761623949552e-05,4.34
representations,2.187761623949552e-05,4.34
representation,2.187761623949552e-05,4.34
summed,2.187761623949552e-05,4.34
sums,2.187761623949552e-05,4.34
summing,2.187761623949552e-05,4.34
sum,2.187761623949552e-05,4.34
swung,2.187761623949552e-05,4.34
swings,2.187761623949552e-05,4.34
swing,2.187761623949552e-05,4.34
swinging,2.187761623949552e-05,4.34
tailing,2.187761623949552e-05,4.34
tail,2.187761623949552e-05,4.34
tails,2.187761623949552e-05,4.34
tailed,2.187761623949552e-05,4.34
twinned,2.187761623949552e-05,4.34
twin,2.187761623949552e-05,4.34
twinning,2.187761623949552e-05,4.34
twins,2.187761623949552e-05,4.34
upcoming,2.187761623949552e-05,4.34
veterans,2.187761623949552e-05,4.34
alerts,2.1379620895022323e-05,4.33
alert,2.1379620895022323e-05,4.33
alerted,2.1379620895022323e-05,4.33
alerting,2.1379620895022323e-05,4.33
arena,2.1379620895022323e-05,4.33
arenas,2.1379620895022323e-05,4.33
aug,2.1379620895022323e-05,4.33
billies,2.1379620895022323e-05,4.33
billys,2.1379620895022323e-05,4.33
billy,2.1379620895022323e-05,4.33
booming,2.1379620895022323e-05,4.33
booms,2.1379620895022323e-05,4.33
boom,2.1379620895022323e-05,4.33
boomed,2.1379620895022323e-05,4.33
boots,2.1379620895022323e-05,4.33
braving,2.1379620895022323e-05,4.33
brave,2.1379620895022323e-05,4.33
braves,2.1379620895022323e-05,4.33
bravest,2.1379620895022323e-05,4.33
braved,2.1379620895022323e-05,4.33
braver,2.1379620895022323e-05,4.33
columns,2.1379620895022323e-05,4.33
column,2.1379620895022323e-05,4.33
commits,2.1379620895022323e-05,4.33
commit,2.1379620895022323e-05,4.33
committing,2.1379620895022323e-05,4.33
compensations,2.1379620895022323e-05,4.33
compensation,2.1379620895022323e-05,4.33
compositions,2.1379620895022323e-05,4.33
composition,2.1379620895022323e-05,4.33
conservation,2.1379620895022323e-05,4.33
conservations,2.1379620895022323e-05,4.33
constitutional,2.1379620895022323e-05,4.33
constitutionals,2.1379620895022323e-05,4.33
crossings,2.1379620895022323e-05,4.33
d.c,2.1379620895022323e-05,4.33
density,2.1379620895022323e-05,4.33
densities,2.1379620895022323e-05,4.33
di,2.1379620895022323e-05,4.33
difficulties,2.1379620895022323e-05,4.33
difficulty,2.1379620895022323e-05,4.33
elementary,2.1379620895022323e-05,4.33
ethnic,2.1379620895022323e-05,4.33
ethnics,2.1379620895022323e-05,4.33
expenses,2.1379620895022323e-05,4.33
fleet,2.1379620895022323e-05,4.33
fleets,2.1379620895022323e-05,4.33
fostering,2.1379620895022323e-05,4.33
foster,2.1379620895022323e-05,4.33
fosters,2.1379620895022323e-05,4.33
fostered,2.1379620895022323e-05,4.33
fuckin,2.1379620895022323e-05,4.33
fundamental,2.1379620895022323e-05,4.33
fundamentals,2.1379620895022323e-05,4.33
gen,2.1379620895022323e-05,4.33
genius,2.1379620895022323e-05,4.33
geniuses,2.1379620895022323e-05,4.33
greatly,2.1379620895022323e-05,4.33
guidance,2.1379620895022323e-05,4.33
guidances,2.1379620895022323e-05,4.33
infections,2.1379620895022323e-05,4.33
infection,2.1379620895022323e-05,4.33
instagram,2.1379620895022323e-05,4.33
intention,2.1379620895022323e-05,4.33
intentions,2.1379620895022323e-05,4.33
iowa,2.1379620895022323e-05,4.33
kneeing,2.1379620895022323e-05,4.33
knees,2.1379620895022323e-05,4.33
knee,2.1379620895022323e-05,4.33
kneed,2.1379620895022323e-05,4.33
mechanical,2.1379620895022323e-05,4.33
nigeria,2.1379620895022323e-05,4.33
participation,2.1379620895022323e-05,4.33
participations,2.1379620895022323e-05,4.33
precious,2.1379620895022323e-05,4.33
pregnancy,2.1379620895022323e-05,4.33
pregnancies,2.1379620895022323e-05,4.33
premiums,2.1379620895022323e-05,4.33
premium,2.1379620895022323e-05,4.33
pretending,2.1379620895022323e-05,4.33
pretends,2.1379620895022323e-05,4.33
pretended,2.1379620895022323e-05,4.33
pretend,2.1379620895022323e-05,4.33
priests,2.1379620895022323e-05,4.33
priest,2.1379620895022323e-05,4.33
prominent,2.1379620895022323e-05,4.33
prominents,2.1379620895022323e-05,4.33
proven,2.1379620895022323e-05,4.33
radicals,2.1379620895022323e-05,4.33
radical,2.1379620895022323e-05,4.33
residential,2.1379620895022323e-05,4.33
reward,2.1379620895022323e-05,4.33
rewarding,2.1379620895022323e-05,4.33
rewarded,2.1379620895022323e-05,4.33
rewards,2.1379620895022323e-05,4.33
robins,2.1379620895022323e-05,4.33
robin,2.1379620895022323e-05,4.33
russell,2.1379620895022323e-05,4.33
satellite,2.1379620895022323e-05,4.33
satellites,2.1379620895022323e-05,4.33
shake,2.1379620895022323e-05,4.33
shakes,2.1379620895022323e-05,4.33
shaking,2.1379620895022323e-05,4.33
shaken,2.1379620895022323e-05,4.33
shook,2.1379620895022323e-05,4.33
shored,2.1379620895022323e-05,4.33
shore,2.1379620895022323e-05,4.33
shoring,2.1379620895022323e-05,4.33
shores,2.1379620895022323e-05,4.33
stats,2.1379620895022323e-05,4.33
substantial,2.1379620895022323e-05,4.33
teen,2.1379620895022323e-05,4.33
teens,2.1379620895022323e-05,4.33
transmissions,2.1379620895022323e-05,4.33
transmission,2.1379620895022323e-05,4.33
trapping,2.1379620895022323e-05,4.33
trapped,2.1379620895022323e-05,4.33
traps,2.1379620895022323e-05,4.33
trap,2.1379620895022323e-05,4.33
uniform,2.1379620895022323e-05,4.33
uniforms,2.1379620895022323e-05,4.33
uniformed,2.1379620895022323e-05,4.33
uniforming,2.1379620895022323e-05,4.33
wildlife,2.1379620895022323e-05,4.33
wooden,2.1379620895022323e-05,4.33
ads,2.089296130854041e-05,4.32
aggressives,2.089296130854041e-05,4.32
aggressive,2.089296130854041e-05,4.32
anne,2.089296130854041e-05,4.32
apparent,2.089296130854041e-05,4.32
bangs,2.089296130854041e-05,4.32
banging,2.089296130854041e-05,4.32
bang,2.089296130854041e-05,4.32
banged,2.089296130854041e-05,4.32
blasting,2.089296130854041e-05,4.32
blasted,2.089296130854041e-05,4.32
blasts,2.089296130854041e-05,4.32
blast,2.089296130854041e-05,4.32
communist,2.089296130854041e-05,4.32
communists,2.089296130854041e-05,4.32
complaints,2.089296130854041e-05,4.32
complaint,2.089296130854041e-05,4.32
component,2.089296130854041e-05,4.32
courage,2.089296130854041e-05,4.32
cures,2.089296130854041e-05,4.32
curing,2.089296130854041e-05,4.32
cured,2.089296130854041e-05,4.32
cure,2.089296130854041e-05,4.32
del,2.089296130854041e-05,4.32
desperate,2.089296130854041e-05,4.32
diversity,2.089296130854041e-05,4.32
diversities,2.089296130854041e-05,4.32
eve,2.089296130854041e-05,4.32
faculties,2.089296130854041e-05,4.32
faculty,2.089296130854041e-05,4.32
feedback,2.089296130854041e-05,4.32
feedbacks,2.089296130854041e-05,4.32
fighters,2.089296130854041e-05,4.32
fighter,2.089296130854041e-05,4.32
frozen,2.089296130854041e-05,4.32
humanity,2.089296130854041e-05,4.32
ian,2.089296130854041e-05,4.32
il,2.089296130854041e-05,4.32
innovations,2.089296130854041e-05,4.32
innovation,2.089296130854041e-05,4.32
instruments,2.089296130854041e-05,4.32
investing,2.089296130854041e-05,4.32
invested,2.089296130854041e-05,4.32
invest,2.089296130854041e-05,4.32
invests,2.089296130854041e-05,4.32
jacketing,2.089296130854041e-05,4.32
jackets,2.089296130854041e-05,4.32
jacketed,2.089296130854041e-05,4.32
jacket,2.089296130854041e-05,4.32
justin,2.089296130854041e-05,4.32
legislative,2.089296130854041e-05,4.32
listings,2.089296130854041e-05,4.32
manual,2.089296130854041e-05,4.32
manuals,2.089296130854041e-05,4.32
nursings,2.089296130854041e-05,4.32
occupied,2.089296130854041e-05,4.32
ongoing,2.089296130854041e-05,4.32
operator,2.089296130854041e-05,4.32
operators,2.089296130854041e-05,4.32
painful,2.089296130854041e-05,4.32
pounding,2.089296130854041e-05,4.32
pound,2.089296130854041e-05,4.32
pounded,2.089296130854041e-05,4.32
preparation,2.089296130854041e-05,4.32
preparations,2.089296130854041e-05,4.32
punched,2.089296130854041e-05,4.32
punching,2.089296130854041e-05,4.32
punches,2.089296130854041e-05,4.32
punch,2.089296130854041e-05,4.32
purples,2.089296130854041e-05,4.32
purplest,2.089296130854041e-05,4.32
purple,2.089296130854041e-05,4.32
purpler,2.089296130854041e-05,4.32
railroading,2.089296130854041e-05,4.32
railroad,2.089296130854041e-05,4.32
railroads,2.089296130854041e-05,4.32
railroaded,2.089296130854041e-05,4.32
registration,2.089296130854041e-05,4.32
registrations,2.089296130854041e-05,4.32
ricked,2.089296130854041e-05,4.32
ricking,2.089296130854041e-05,4.32
rick,2.089296130854041e-05,4.32
ricks,2.089296130854041e-05,4.32
romances,2.089296130854041e-05,4.32
romance,2.089296130854041e-05,4.32
someone's,2.089296130854041e-05,4.32
submitted,2.089296130854041e-05,4.32
sufficient,2.089296130854041e-05,4.32
suspended,2.089296130854041e-05,4.32
tissue,2.089296130854041e-05,4.32
tissues,2.089296130854041e-05,4.32
trailer,2.089296130854041e-05,4.32
trailers,2.089296130854041e-05,4.32
ukraine,2.089296130854041e-05,4.32
undergrounds,2.089296130854041e-05,4.32
underground,2.089296130854041e-05,4.32
versus,2.089296130854041e-05,4.32
virtual,2.089296130854041e-05,4.32
wounded,2.089296130854041e-05,4.32
ali,2.0417379446695277e-05,4.31
amongst,2.0417379446695277e-05,4.31
announcements,2.0417379446695277e-05,4.31
announcement,2.0417379446695277e-05,4.31
arranged,2.0417379446695277e-05,4.31
arsenal,2.0417379446695277e-05,4.31
arsenals,2.0417379446695277e-05,4.31
attendings,2.0417379446695277e-05,4.31
attracted,2.0417379446695277e-05,4.31
biological,2.0417379446695277e-05,4.31
biting,2.0417379446695277e-05,4.31
bitten,2.0417379446695277e-05,4.31
bite,2.0417379446695277e-05,4.31
bites,2.0417379446695277e-05,4.31
chip,2.0417379446695277e-05,4.31
chipping,2.0417379446695277e-05,4.31
chipped,2.0417379446695277e-05,4.31
chips,2.0417379446695277e-05,4.31
company's,2.0417379446695277e-05,4.31
dare,2.0417379446695277e-05,4.31
databases,2.0417379446695277e-05,4.31
database,2.0417379446695277e-05,4.31
define,2.0417379446695277e-05,4.31
defining,2.0417379446695277e-05,4.31
defines,2.0417379446695277e-05,4.31
discrimination,2.0417379446695277e-05,4.31
discriminations,2.0417379446695277e-05,4.31
disordered,2.0417379446695277e-05,4.31
disordering,2.0417379446695277e-05,4.31
disorder,2.0417379446695277e-05,4.31
disorders,2.0417379446695277e-05,4.31
distributed,2.0417379446695277e-05,4.31
documentary,2.0417379446695277e-05,4.31
documentaries,2.0417379446695277e-05,4.31
domains,2.0417379446695277e-05,4.31
domain,2.0417379446695277e-05,4.31
dynamic,2.0417379446695277e-05,4.31
edited,2.0417379446695277e-05,4.31
engagements,2.0417379446695277e-05,4.31
engagement,2.0417379446695277e-05,4.31
explore,2.0417379446695277e-05,4.31
explored,2.0417379446695277e-05,4.31
exploring,2.0417379446695277e-05,4.31
explores,2.0417379446695277e-05,4.31
favouring,2.0417379446695277e-05,4.31
favours,2.0417379446695277e-05,4.31
favour,2.0417379446695277e-05,4.31
favoured,2.0417379446695277e-05,4.31
footage,2.0417379446695277e-05,4.31
graves,2.0417379446695277e-05,4.31
gravest,2.0417379446695277e-05,4.31
grave,2.0417379446695277e-05,4.31
graver,2.0417379446695277e-05,4.31
hamilton,2.0417379446695277e-05,4.31
implementations,2.0417379446695277e-05,4.31
implementation,2.0417379446695277e-05,4.31
indiana,2.0417379446695277e-05,4.31
investigating,2.0417379446695277e-05,4.31
investigate,2.0417379446695277e-05,4.31
investigates,2.0417379446695277e-05,4.31
investigated,2.0417379446695277e-05,4.31
jazzed,2.0417379446695277e-05,4.31
jazzes,2.0417379446695277e-05,4.31
jazz,2.0417379446695277e-05,4.31
jazzing,2.0417379446695277e-05,4.31
jon,2.0417379446695277e-05,4.31
jonathan,2.0417379446695277e-05,4.31
laboratories,2.0417379446695277e-05,4.31
laboratory,2.0417379446695277e-05,4.31
lawrence,2.0417379446695277e-05,4.31
lincoln,2.0417379446695277e-05,4.31
literary,2.0417379446695277e-05,4.31
masks,2.0417379446695277e-05,4.31
masking,2.0417379446695277e-05,4.31
masked,2.0417379446695277e-05,4.31
mask,2.0417379446695277e-05,4.31
massachusetts,2.0417379446695277e-05,4.31
midnight,2.0417379446695277e-05,4.31
minnesota,2.0417379446695277e-05,4.31
mouse,2.0417379446695277e-05,4.31
mice,2.0417379446695277e-05,4.31
oscar,2.0417379446695277e-05,4.31
pianos,2.0417379446695277e-05,4.31
piano,2.0417379446695277e-05,4.31
praised,2.0417379446695277e-05,4.31
praise,2.0417379446695277e-05,4.31
praises,2.0417379446695277e-05,4.31
praising,2.0417379446695277e-05,4.31
presentations,2.0417379446695277e-05,4.31
presentation,2.0417379446695277e-05,4.31
psychology,2.0417379446695277e-05,4.31
psychologies,2.0417379446695277e-05,4.31
relation,2.0417379446695277e-05,4.31
restrictions,2.0417379446695277e-05,4.31
rocketing,2.0417379446695277e-05,4.31
rocketed,2.0417379446695277e-05,4.31
rockets,2.0417379446695277e-05,4.31
rocket,2.0417379446695277e-05,4.31
ruining,2.0417379446695277e-05,4.31
ruined,2.0417379446695277e-05,4.31
ruins,2.0417379446695277e-05,4.31
ruin,2.0417379446695277e-05,4.31
saudi,2.0417379446695277e-05,4.31
sean,2.0417379446695277e-05,4.31
sec,2.0417379446695277e-05,4.31
slaving,2.0417379446695277e-05,4.31
slave,2.0417379446695277e-05,4.31
slaved,2.0417379446695277e-05,4.31
slaves,2.0417379446695277e-05,4.31
stabilities,2.0417379446695277e-05,4.31
stability,2.0417379446695277e-05,4.31
steadier,2.0417379446695277e-05,4.31
steadying,2.0417379446695277e-05,4.31
steadiest,2.0417379446695277e-05,4.31
steadies,2.0417379446695277e-05,4.31
steadied,2.0417379446695277e-05,4.31
steady,2.0417379446695277e-05,4.31
symbols,2.0417379446695277e-05,4.31
symbol,2.0417379446695277e-05,4.31
terminal,2.0417379446695277e-05,4.31
terminals,2.0417379446695277e-05,4.31
toilet,2.0417379446695277e-05,4.31
toilets,2.0417379446695277e-05,4.31
treaty,2.0417379446695277e-05,4.31
treaties,2.0417379446695277e-05,4.31
triples,2.0417379446695277e-05,4.31
triple,2.0417379446695277e-05,4.31
tripling,2.0417379446695277e-05,4.31
tripled,2.0417379446695277e-05,4.31
unlikelier,2.0417379446695277e-05,4.31
unlikeliest,2.0417379446695277e-05,4.31
unlikely,2.0417379446695277e-05,4.31
vietnam,2.0417379446695277e-05,4.31
6th,1.9952623149688783e-05,4.3
affair,1.9952623149688783e-05,4.3
agendas,1.9952623149688783e-05,4.3
agenda,1.9952623149688783e-05,4.3
batted,1.9952623149688783e-05,4.3
bats,1.9952623149688783e-05,4.3
batting,1.9952623149688783e-05,4.3
bat,1.9952623149688783e-05,4.3
bowed,1.9952623149688783e-05,4.3
bowing,1.9952623149688783e-05,4.3
bow,1.9952623149688783e-05,4.3
bows,1.9952623149688783e-05,4.3
calendar,1.9952623149688783e-05,4.3
calendaring,1.9952623149688783e-05,4.3
calendared,1.9952623149688783e-05,4.3
calendars,1.9952623149688783e-05,4.3
capes,1.9952623149688783e-05,4.3
cape,1.9952623149688783e-05,4.3
collective,1.9952623149688783e-05,4.3
collectives,1.9952623149688783e-05,4.3
cooperations,1.9952623149688783e-05,4.3
cooperation,1.9952623149688783e-05,4.3
crafts,1.9952623149688783e-05,4.3
craft,1.9952623149688783e-05,4.3
crafted,1.9952623149688783e-05,4.3
crafting,1.9952623149688783e-05,4.3
darkness,1.9952623149688783e-05,4.3
deviled,1.9952623149688783e-05,4.3
devils,1.9952623149688783e-05,4.3
devilled,1.9952623149688783e-05,4.3
deviling,1.9952623149688783e-05,4.3
devil,1.9952623149688783e-05,4.3
devilling,1.9952623149688783e-05,4.3
edits,1.9952623149688783e-05,4.3
edit,1.9952623149688783e-05,4.3
editing,1.9952623149688783e-05,4.3
enable,1.9952623149688783e-05,4.3
enabling,1.9952623149688783e-05,4.3
enables,1.9952623149688783e-05,4.3
enabled,1.9952623149688783e-05,4.3
equity,1.9952623149688783e-05,4.3
equities,1.9952623149688783e-05,4.3
estimates,1.9952623149688783e-05,4.3
failings,1.9952623149688783e-05,4.3
fortune,1.9952623149688783e-05,4.3
fortunes,1.9952623149688783e-05,4.3
goodbye,1.9952623149688783e-05,4.3
goodbyes,1.9952623149688783e-05,4.3
graham,1.9952623149688783e-05,4.3
hardware,1.9952623149688783e-05,4.3
hillary,1.9952623149688783e-05,4.3
intellectuals,1.9952623149688783e-05,4.3
intellectual,1.9952623149688783e-05,4.3
invite,1.9952623149688783e-05,4.3
inviting,1.9952623149688783e-05,4.3
invites,1.9952623149688783e-05,4.3
involvements,1.9952623149688783e-05,4.3
involvement,1.9952623149688783e-05,4.3
kentucky,1.9952623149688783e-05,4.3
madrid,1.9952623149688783e-05,4.3
mi,1.9952623149688783e-05,4.3
nuts,1.9952623149688783e-05,4.3
oregon,1.9952623149688783e-05,4.3
partly,1.9952623149688783e-05,4.3
petition,1.9952623149688783e-05,4.3
petitions,1.9952623149688783e-05,4.3
petitioning,1.9952623149688783e-05,4.3
petitioned,1.9952623149688783e-05,4.3
phrase,1.9952623149688783e-05,4.3
phrases,1.9952623149688783e-05,4.3
phrasing,1.9952623149688783e-05,4.3
phrased,1.9952623149688783e-05,4.3
physically,1.9952623149688783e-05,4.3
racial,1.9952623149688783e-05,4.3
regime,1.9952623149688783e-05,4.3
regimes,1.9952623149688783e-05,4.3
sa,1.9952623149688783e-05,4.3
sauce,1.9952623149688783e-05,4.3
sauces,1.9952623149688783e-05,4.3
sealed,1.9952623149688783e-05,4.3
seal,1.9952623149688783e-05,4.3
seals,1.9952623149688783e-05,4.3
sealing,1.9952623149688783e-05,4.3
shielding,1.9952623149688783e-05,4.3
shields,1.9952623149688783e-05,4.3
shielded,1.9952623149688783e-05,4.3
shield,1.9952623149688783e-05,4.3
similarly,1.9952623149688783e-05,4.3
slides,1.9952623149688783e-05,4.3
slide,1.9952623149688783e-05,4.3
sliding,1.9952623149688783e-05,4.3
slid,1.9952623149688783e-05,4.3
stemming,1.9952623149688783e-05,4.3
stem,1.9952623149688783e-05,4.3
stemmed,1.9952623149688783e-05,4.3
stems,1.9952623149688783e-05,4.3
summit,1.9952623149688783e-05,4.3
summits,1.9952623149688783e-05,4.3
talented,1.9952623149688783e-05,4.3
throats,1.9952623149688783e-05,4.3
throat,1.9952623149688783e-05,4.3
tigers,1.9952623149688783e-05,4.3
tiger,1.9952623149688783e-05,4.3
toys,1.9952623149688783e-05,4.3
toying,1.9952623149688783e-05,4.3
toyed,1.9952623149688783e-05,4.3
toy,1.9952623149688783e-05,4.3
warriors,1.9952623149688783e-05,4.3
wisdom,1.9952623149688783e-05,4.3
wisdoms,1.9952623149688783e-05,4.3
accountings,1.9498445997580456e-05,4.29
alien,1.9498445997580456e-05,4.29
aliens,1.9498445997580456e-05,4.29
awkward,1.9498445997580456e-05,4.29
beasts,1.9498445997580456e-05,4.29
beast,1.9498445997580456e-05,4.29
beefs,1.9498445997580456e-05,4.29
beef,1.9498445997580456e-05,4.29
beefed,1.9498445997580456e-05,4.29
beeves,1.9498445997580456e-05,4.29
beefing,1.9498445997580456e-05,4.29
candied,1.9498445997580456e-05,4.29
candies,1.9498445997580456e-05,4.29
candying,1.9498445997580456e-05,4.29
candy,1.9498445997580456e-05,4.29
carriers,1.9498445997580456e-05,4.29
carrier,1.9498445997580456e-05,4.29
celebration,1.9498445997580456e-05,4.29
celebrations,1.9498445997580456e-05,4.29
celebrity,1.9498445997580456e-05,4.29
celebrities,1.9498445997580456e-05,4.29
certificate,1.9498445997580456e-05,4.29
certificates,1.9498445997580456e-05,4.29
certificating,1.9498445997580456e-05,4.29
certificated,1.9498445997580456e-05,4.29
cited,1.9498445997580456e-05,4.29
clay,1.9498445997580456e-05,4.29
clays,1.9498445997580456e-05,4.29
colleagues,1.9498445997580456e-05,4.29
constructed,1.9498445997580456e-05,4.29
dec,1.9498445997580456e-05,4.29
defaults,1.9498445997580456e-05,4.29
default,1.9498445997580456e-05,4.29
defaulted,1.9498445997580456e-05,4.29
defaulting,1.9498445997580456e-05,4.29
delhi,1.9498445997580456e-05,4.29
derived,1.9498445997580456e-05,4.29
dialogue,1.9498445997580456e-05,4.29
dialogues,1.9498445997580456e-05,4.29
dialogued,1.9498445997580456e-05,4.29
dialoguing,1.9498445997580456e-05,4.29
disabled,1.9498445997580456e-05,4.29
distincter,1.9498445997580456e-05,4.29
distinctest,1.9498445997580456e-05,4.29
distinct,1.9498445997580456e-05,4.29
dragged,1.9498445997580456e-05,4.29
drags,1.9498445997580456e-05,4.29
dragging,1.9498445997580456e-05,4.29
drag,1.9498445997580456e-05,4.29
educated,1.9498445997580456e-05,4.29
eligible,1.9498445997580456e-05,4.29
eligibles,1.9498445997580456e-05,4.29
estimate,1.9498445997580456e-05,4.29
estimating,1.9498445997580456e-05,4.29
execution,1.9498445997580456e-05,4.29
executions,1.9498445997580456e-05,4.29
fifty,1.9498445997580456e-05,4.29
followers,1.9498445997580456e-05,4.29
fool,1.9498445997580456e-05,4.29
fools,1.9498445997580456e-05,4.29
fooled,1.9498445997580456e-05,4.29
fooling,1.9498445997580456e-05,4.29
frameworks,1.9498445997580456e-05,4.29
framework,1.9498445997580456e-05,4.29
franchised,1.9498445997580456e-05,4.29
franchise,1.9498445997580456e-05,4.29
franchises,1.9498445997580456e-05,4.29
franchising,1.9498445997580456e-05,4.29
furniture,1.9498445997580456e-05,4.29
integrated,1.9498445997580456e-05,4.29
intelligent,1.9498445997580456e-05,4.29
interaction,1.9498445997580456e-05,4.29
interactions,1.9498445997580456e-05,4.29
jetting,1.9498445997580456e-05,4.29
jets,1.9498445997580456e-05,4.29
jetted,1.9498445997580456e-05,4.29
jet,1.9498445997580456e-05,4.29
lifestyle,1.9498445997580456e-05,4.29
lifestyles,1.9498445997580456e-05,4.29
lightings,1.9498445997580456e-05,4.29
lisa,1.9498445997580456e-05,4.29
looped,1.9498445997580456e-05,4.29
looping,1.9498445997580456e-05,4.29
loops,1.9498445997580456e-05,4.29
loop,1.9498445997580456e-05,4.29
mall,1.9498445997580456e-05,4.29
malls,1.9498445997580456e-05,4.29
mp,1.9498445997580456e-05,4.29
overseas,1.9498445997580456e-05,4.29
philippines,1.9498445997580456e-05,4.29
polishes,1.9498445997580456e-05,4.29
polishing,1.9498445997580456e-05,4.29
polish,1.9498445997580456e-05,4.29
polished,1.9498445997580456e-05,4.29
recommendations,1.9498445997580456e-05,4.29
recovering,1.9498445997580456e-05,4.29
recover,1.9498445997580456e-05,4.29
recovers,1.9498445997580456e-05,4.29
recovered,1.9498445997580456e-05,4.29
relaxed,1.9498445997580456e-05,4.29
relax,1.9498445997580456e-05,4.29
relaxes,1.9498445997580456e-05,4.29
relaxing,1.9498445997580456e-05,4.29
reliable,1.9498445997580456e-05,4.29
relied,1.9498445997580456e-05,4.29
rely,1.9498445997580456e-05,4.29
relies,1.9498445997580456e-05,4.29
relying,1.9498445997580456e-05,4.29
remarkable,1.9498445997580456e-05,4.29
rulings,1.9498445997580456e-05,4.29
sacrifice,1.9498445997580456e-05,4.29
sacrificed,1.9498445997580456e-05,4.29
sacrifices,1.9498445997580456e-05,4.29
sacrificing,1.9498445997580456e-05,4.29
se,1.9498445997580456e-05,4.29
sole,1.9498445997580456e-05,4.29
soling,1.9498445997580456e-05,4.29
soles,1.9498445997580456e-05,4.29
soled,1.9498445997580456e-05,4.29
succeed,1.9498445997580456e-05,4.29
succeeding,1.9498445997580456e-05,4.29
succeeds,1.9498445997580456e-05,4.29
succeeded,1.9498445997580456e-05,4.29
tale,1.9498445997580456e-05,4.29
tales,1.9498445997580456e-05,4.29
timings,1.9498445997580456e-05,4.29
ton,1.9498445997580456e-05,4.29
volunteers,1.9498445997580456e-05,4.29
worshipped,1.9498445997580456e-05,4.29
worshipping,1.9498445997580456e-05,4.29
worshiping,1.9498445997580456e-05,4.29
worship,1.9498445997580456e-05,4.29
worships,1.9498445997580456e-05,4.29
worshiped,1.9498445997580456e-05,4.29
worthier,1.9498445997580456e-05,4.29
worthies,1.9498445997580456e-05,4.29
worthy,1.9498445997580456e-05,4.29
worthiest,1.9498445997580456e-05,4.29
alarms,1.9054607179632484e-05,4.28
alarming,1.9054607179632484e-05,4.28
alarm,1.9054607179632484e-05,4.28
alarmed,1.9054607179632484e-05,4.28
bass,1.9054607179632484e-05,4.28
basses,1.9054607179632484e-05,4.28
bloodiest,1.9054607179632484e-05,4.28
bloodier,1.9054607179632484e-05,4.28
bloody,1.9054607179632484e-05,4.28
bloodied,1.9054607179632484e-05,4.28
bloodying,1.9054607179632484e-05,4.28
bloodies,1.9054607179632484e-05,4.28
breathing,1.9054607179632484e-05,4.28
breathings,1.9054607179632484e-05,4.28
butt,1.9054607179632484e-05,4.28
butting,1.9054607179632484e-05,4.28
butts,1.9054607179632484e-05,4.28
butted,1.9054607179632484e-05,4.28
characteristics,1.9054607179632484e-05,4.28
cnn,1.9054607179632484e-05,4.28
collaboration,1.9054607179632484e-05,4.28
collaborations,1.9054607179632484e-05,4.28
conned,1.9054607179632484e-05,4.28
conning,1.9054607179632484e-05,4.28
con,1.9054607179632484e-05,4.28
cons,1.9054607179632484e-05,4.28
consideration,1.9054607179632484e-05,4.28
considerations,1.9054607179632484e-05,4.28
crucial,1.9054607179632484e-05,4.28
dependent,1.9054607179632484e-05,4.28
dependents,1.9054607179632484e-05,4.28
duals,1.9054607179632484e-05,4.28
dual,1.9054607179632484e-05,4.28
edinburgh,1.9054607179632484e-05,4.28
equipped,1.9054607179632484e-05,4.28
experimental,1.9054607179632484e-05,4.28
experimentals,1.9054607179632484e-05,4.28
feedings,1.9054607179632484e-05,4.28
filters,1.9054607179632484e-05,4.28
filtering,1.9054607179632484e-05,4.28
filter,1.9054607179632484e-05,4.28
filtered,1.9054607179632484e-05,4.28
galaxy,1.9054607179632484e-05,4.28
galaxies,1.9054607179632484e-05,4.28
globes,1.9054607179632484e-05,4.28
globe,1.9054607179632484e-05,4.28
greece,1.9054607179632484e-05,4.28
gulfs,1.9054607179632484e-05,4.28
gulf,1.9054607179632484e-05,4.28
highlights,1.9054607179632484e-05,4.28
intents,1.9054607179632484e-05,4.28
intent,1.9054607179632484e-05,4.28
involve,1.9054607179632484e-05,4.28
judgment,1.9054607179632484e-05,4.28
judgments,1.9054607179632484e-05,4.28
kennedy,1.9054607179632484e-05,4.28
knighting,1.9054607179632484e-05,4.28
knighted,1.9054607179632484e-05,4.28
knight,1.9054607179632484e-05,4.28
knights,1.9054607179632484e-05,4.28
larry,1.9054607179632484e-05,4.28
las,1.9054607179632484e-05,4.28
lmao,1.9054607179632484e-05,4.28
logos,1.9054607179632484e-05,4.28
logo,1.9054607179632484e-05,4.28
malaysia,1.9054607179632484e-05,4.28
matured,1.9054607179632484e-05,4.28
maturer,1.9054607179632484e-05,4.28
mature,1.9054607179632484e-05,4.28
maturest,1.9054607179632484e-05,4.28
maturing,1.9054607179632484e-05,4.28
matures,1.9054607179632484e-05,4.28
moore,1.9054607179632484e-05,4.28
nazi,1.9054607179632484e-05,4.28
netherlands,1.9054607179632484e-05,4.28
odds,1.9054607179632484e-05,4.28
peaceful,1.9054607179632484e-05,4.28
philip,1.9054607179632484e-05,4.28
photographer,1.9054607179632484e-05,4.28
photographers,1.9054607179632484e-05,4.28
pinned,1.9054607179632484e-05,4.28
pinning,1.9054607179632484e-05,4.28
pin,1.9054607179632484e-05,4.28
pins,1.9054607179632484e-05,4.28
preventions,1.9054607179632484e-05,4.28
prevention,1.9054607179632484e-05,4.28
publicly,1.9054607179632484e-05,4.28
pumping,1.9054607179632484e-05,4.28
pump,1.9054607179632484e-05,4.28
pumped,1.9054607179632484e-05,4.28
pumps,1.9054607179632484e-05,4.28
revenge,1.9054607179632484e-05,4.28
revenged,1.9054607179632484e-05,4.28
revenging,1.9054607179632484e-05,4.28
revenges,1.9054607179632484e-05,4.28
satisfied,1.9054607179632484e-05,4.28
slip,1.9054607179632484e-05,4.28
slipping,1.9054607179632484e-05,4.28
slips,1.9054607179632484e-05,4.28
slipped,1.9054607179632484e-05,4.28
sparest,1.9054607179632484e-05,4.28
spares,1.9054607179632484e-05,4.28
sparing,1.9054607179632484e-05,4.28
spared,1.9054607179632484e-05,4.28
spare,1.9054607179632484e-05,4.28
sparer,1.9054607179632484e-05,4.28
specialists,1.9054607179632484e-05,4.28
specialist,1.9054607179632484e-05,4.28
strangers,1.9054607179632484e-05,4.28
submitting,1.9054607179632484e-05,4.28
submit,1.9054607179632484e-05,4.28
submits,1.9054607179632484e-05,4.28
tap,1.9054607179632484e-05,4.28
tapping,1.9054607179632484e-05,4.28
tapped,1.9054607179632484e-05,4.28
taps,1.9054607179632484e-05,4.28
thompson,1.9054607179632484e-05,4.28
tourism,1.9054607179632484e-05,4.28
turkish,1.9054607179632484e-05,4.28
volunteering,1.9054607179632484e-05,4.28
volunteered,1.9054607179632484e-05,4.28
volunteer,1.9054607179632484e-05,4.28
000.00,1.8620871366628657e-05,4.27
7th,1.8620871366628657e-05,4.27
acceptable,1.8620871366628657e-05,4.27
allies,1.8620871366628657e-05,4.27
auctioning,1.8620871366628657e-05,4.27
auctioned,1.8620871366628657e-05,4.27
auctions,1.8620871366628657e-05,4.27
auction,1.8620871366628657e-05,4.27
chaos,1.8620871366628657e-05,4.27
cleveland,1.8620871366628657e-05,4.27
cm,1.8620871366628657e-05,4.27
composed,1.8620871366628657e-05,4.27
concentration,1.8620871366628657e-05,4.27
concentrations,1.8620871366628657e-05,4.27
coppering,1.8620871366628657e-05,4.27
copper,1.8620871366628657e-05,4.27
coppers,1.8620871366628657e-05,4.27
coppered,1.8620871366628657e-05,4.27
corp,1.8620871366628657e-05,4.27
corps,1.8620871366628657e-05,4.27
dawns,1.8620871366628657e-05,4.27
dawned,1.8620871366628657e-05,4.27
dawn,1.8620871366628657e-05,4.27
dawning,1.8620871366628657e-05,4.27
dispute,1.8620871366628657e-05,4.27
disputing,1.8620871366628657e-05,4.27
disputes,1.8620871366628657e-05,4.27
disputed,1.8620871366628657e-05,4.27
earnings,1.8620871366628657e-05,4.27
everyone's,1.8620871366628657e-05,4.27
executed,1.8620871366628657e-05,4.27
firings,1.8620871366628657e-05,4.27
frequenting,1.8620871366628657e-05,4.27
frequented,1.8620871366628657e-05,4.27
frequent,1.8620871366628657e-05,4.27
frequents,1.8620871366628657e-05,4.27
gathered,1.8620871366628657e-05,4.27
hilarious,1.8620871366628657e-05,4.27
huh,1.8620871366628657e-05,4.27
isis,1.8620871366628657e-05,4.27
margin,1.8620871366628657e-05,4.27
margins,1.8620871366628657e-05,4.27
mars,1.8620871366628657e-05,4.27
maryland,1.8620871366628657e-05,4.27
mechanisms,1.8620871366628657e-05,4.27
mechanism,1.8620871366628657e-05,4.27
moderating,1.8620871366628657e-05,4.27
moderated,1.8620871366628657e-05,4.27
moderate,1.8620871366628657e-05,4.27
moderates,1.8620871366628657e-05,4.27
murray,1.8620871366628657e-05,4.27
oklahoma,1.8620871366628657e-05,4.27
operas,1.8620871366628657e-05,4.27
opera,1.8620871366628657e-05,4.27
overcome,1.8620871366628657e-05,4.27
overcomes,1.8620871366628657e-05,4.27
over-coming,1.8620871366628657e-05,4.27
over-came,1.8620871366628657e-05,4.27
over-comes,1.8620871366628657e-05,4.27
overcame,1.8620871366628657e-05,4.27
overcoming,1.8620871366628657e-05,4.27
paralleled,1.8620871366628657e-05,4.27
parallelled,1.8620871366628657e-05,4.27
parallels,1.8620871366628657e-05,4.27
parallel,1.8620871366628657e-05,4.27
paralleling,1.8620871366628657e-05,4.27
parallelling,1.8620871366628657e-05,4.27
passage,1.8620871366628657e-05,4.27
passages,1.8620871366628657e-05,4.27
pit,1.8620871366628657e-05,4.27
pits,1.8620871366628657e-05,4.27
pitting,1.8620871366628657e-05,4.27
pitted,1.8620871366628657e-05,4.27
psychological,1.8620871366628657e-05,4.27
quests,1.8620871366628657e-05,4.27
quested,1.8620871366628657e-05,4.27
quest,1.8620871366628657e-05,4.27
questing,1.8620871366628657e-05,4.27
radiation,1.8620871366628657e-05,4.27
radiations,1.8620871366628657e-05,4.27
strokes,1.8620871366628657e-05,4.27
stroking,1.8620871366628657e-05,4.27
stroke,1.8620871366628657e-05,4.27
stroked,1.8620871366628657e-05,4.27
stunning,1.8620871366628657e-05,4.27
tokyo,1.8620871366628657e-05,4.27
tune,1.8620871366628657e-05,4.27
tunes,1.8620871366628657e-05,4.27
tuned,1.8620871366628657e-05,4.27
tuning,1.8620871366628657e-05,4.27
utility,1.8620871366628657e-05,4.27
utilities,1.8620871366628657e-05,4.27
vessels,1.8620871366628657e-05,4.27
vessel,1.8620871366628657e-05,4.27
weeding,1.8620871366628657e-05,4.27
weeds,1.8620871366628657e-05,4.27
weeded,1.8620871366628657e-05,4.27
weed,1.8620871366628657e-05,4.27
wherever,1.8620871366628657e-05,4.27
©,1.8620871366628657e-05,4.27
0.000,1.8197008586099827e-05,4.26
acquisitions,1.8197008586099827e-05,4.26
acquisition,1.8197008586099827e-05,4.26
alabama,1.8197008586099827e-05,4.26
alice,1.8197008586099827e-05,4.26
anime,1.8197008586099827e-05,4.26
announce,1.8197008586099827e-05,4.26
announcing,1.8197008586099827e-05,4.26
announces,1.8197008586099827e-05,4.26
autumns,1.8197008586099827e-05,4.26
autumn,1.8197008586099827e-05,4.26
barry,1.8197008586099827e-05,4.26
bolder,1.8197008586099827e-05,4.26
bold,1.8197008586099827e-05,4.26
boldest,1.8197008586099827e-05,4.26
breathe,1.8197008586099827e-05,4.26
breathed,1.8197008586099827e-05,4.26
breathes,1.8197008586099827e-05,4.26
cameron,1.8197008586099827e-05,4.26
classical,1.8197008586099827e-05,4.26
classifieds,1.8197008586099827e-05,4.26
classified,1.8197008586099827e-05,4.26
clipping,1.8197008586099827e-05,4.26
clips,1.8197008586099827e-05,4.26
clip,1.8197008586099827e-05,4.26
clipped,1.8197008586099827e-05,4.26
coins,1.8197008586099827e-05,4.26
conspiracies,1.8197008586099827e-05,4.26
conspiracy,1.8197008586099827e-05,4.26
controversy,1.8197008586099827e-05,4.26
controversies,1.8197008586099827e-05,4.26
convincing,1.8197008586099827e-05,4.26
convinces,1.8197008586099827e-05,4.26
convince,1.8197008586099827e-05,4.26
cooper,1.8197008586099827e-05,4.26
disappeared,1.8197008586099827e-05,4.26
eh,1.8197008586099827e-05,4.26
encounters,1.8197008586099827e-05,4.26
encountered,1.8197008586099827e-05,4.26
encountering,1.8197008586099827e-05,4.26
encounter,1.8197008586099827e-05,4.26
equalities,1.8197008586099827e-05,4.26
equality,1.8197008586099827e-05,4.26
exams,1.8197008586099827e-05,4.26
exam,1.8197008586099827e-05,4.26
examinations,1.8197008586099827e-05,4.26
examination,1.8197008586099827e-05,4.26
father's,1.8197008586099827e-05,4.26
federation,1.8197008586099827e-05,4.26
federations,1.8197008586099827e-05,4.26
fi,1.8197008586099827e-05,4.26
fiscal,1.8197008586099827e-05,4.26
guardian,1.8197008586099827e-05,4.26
guardians,1.8197008586099827e-05,4.26
hd,1.8197008586099827e-05,4.26
homeless,1.8197008586099827e-05,4.26
instrument,1.8197008586099827e-05,4.26
instrumenting,1.8197008586099827e-05,4.26
instrumented,1.8197008586099827e-05,4.26
interventions,1.8197008586099827e-05,4.26
intervention,1.8197008586099827e-05,4.26
jerry,1.8197008586099827e-05,4.26
lovers,1.8197008586099827e-05,4.26
lover,1.8197008586099827e-05,4.26
mainstreaming,1.8197008586099827e-05,4.26
mainstreamed,1.8197008586099827e-05,4.26
mainstream,1.8197008586099827e-05,4.26
mainstreams,1.8197008586099827e-05,4.26
menus,1.8197008586099827e-05,4.26
menu,1.8197008586099827e-05,4.26
missouri,1.8197008586099827e-05,4.26
mutual,1.8197008586099827e-05,4.26
nope,1.8197008586099827e-05,4.26
offenses,1.8197008586099827e-05,4.26
offense,1.8197008586099827e-05,4.26
oral,1.8197008586099827e-05,4.26
orals,1.8197008586099827e-05,4.26
panics,1.8197008586099827e-05,4.26
panic,1.8197008586099827e-05,4.26
panicked,1.8197008586099827e-05,4.26
panicking,1.8197008586099827e-05,4.26
pursuing,1.8197008586099827e-05,4.26
pursue,1.8197008586099827e-05,4.26
pursued,1.8197008586099827e-05,4.26
pursues,1.8197008586099827e-05,4.26
realising,1.8197008586099827e-05,4.26
realised,1.8197008586099827e-05,4.26
realises,1.8197008586099827e-05,4.26
realise,1.8197008586099827e-05,4.26
refugees,1.8197008586099827e-05,4.26
requirement,1.8197008586099827e-05,4.26
rips,1.8197008586099827e-05,4.26
ripping,1.8197008586099827e-05,4.26
ripped,1.8197008586099827e-05,4.26
rip,1.8197008586099827e-05,4.26
scoped,1.8197008586099827e-05,4.26
scopes,1.8197008586099827e-05,4.26
scoping,1.8197008586099827e-05,4.26
scope,1.8197008586099827e-05,4.26
segments,1.8197008586099827e-05,4.26
segment,1.8197008586099827e-05,4.26
segmented,1.8197008586099827e-05,4.26
segmenting,1.8197008586099827e-05,4.26
spectrums,1.8197008586099827e-05,4.26
spectra,1.8197008586099827e-05,4.26
spectrum,1.8197008586099827e-05,4.26
ted,1.8197008586099827e-05,4.26
terrors,1.8197008586099827e-05,4.26
terror,1.8197008586099827e-05,4.26
uh,1.8197008586099827e-05,4.26
va,1.8197008586099827e-05,4.26
venturing,1.8197008586099827e-05,4.26
venture,1.8197008586099827e-05,4.26
ventures,1.8197008586099827e-05,4.26
ventured,1.8197008586099827e-05,4.26
virtually,1.8197008586099827e-05,4.26
warren,1.8197008586099827e-05,4.26
warrens,1.8197008586099827e-05,4.26
yeas,1.8197008586099827e-05,4.26
yea,1.8197008586099827e-05,4.26
ac,1.778279410038923e-05,4.25
accompanied,1.778279410038923e-05,4.25
adams,1.778279410038923e-05,4.25
alpha,1.778279410038923e-05,4.25
arrangements,1.778279410038923e-05,4.25
arrangement,1.778279410038923e-05,4.25
boundaries,1.778279410038923e-05,4.25
bricked,1.778279410038923e-05,4.25
bricking,1.778279410038923e-05,4.25
brick,1.778279410038923e-05,4.25
bricks,1.778279410038923e-05,4.25
brooklyn,1.778279410038923e-05,4.25
considerable,1.778279410038923e-05,4.25
conventional,1.778279410038923e-05,4.25
danny,1.778279410038923e-05,4.25
des,1.778279410038923e-05,4.25
designated,1.778279410038923e-05,4.25
dvd,1.778279410038923e-05,4.25
emperors,1.778279410038923e-05,4.25
emperor,1.778279410038923e-05,4.25
employers,1.778279410038923e-05,4.25
enormous,1.778279410038923e-05,4.25
forgave,1.778279410038923e-05,4.25
forgiving,1.778279410038923e-05,4.25
forgive,1.778279410038923e-05,4.25
forgiven,1.778279410038923e-05,4.25
forgives,1.778279410038923e-05,4.25
garages,1.778279410038923e-05,4.25
garaged,1.778279410038923e-05,4.25
garage,1.778279410038923e-05,4.25
garaging,1.778279410038923e-05,4.25
gatherings,1.778279410038923e-05,4.25
gathering,1.778279410038923e-05,4.25
guidelines,1.778279410038923e-05,4.25
indians,1.778279410038923e-05,4.25
indonesia,1.778279410038923e-05,4.25
inquiries,1.778279410038923e-05,4.25
inquiry,1.778279410038923e-05,4.25
inspector,1.778279410038923e-05,4.25
inspectors,1.778279410038923e-05,4.25
khans,1.778279410038923e-05,4.25
khan,1.778279410038923e-05,4.25
li,1.778279410038923e-05,4.25
lion,1.778279410038923e-05,4.25
lions,1.778279410038923e-05,4.25
lonelier,1.778279410038923e-05,4.25
loneliest,1.778279410038923e-05,4.25
lonely,1.778279410038923e-05,4.25
mercy,1.778279410038923e-05,4.25
mercies,1.778279410038923e-05,4.25
nevertheless,1.778279410038923e-05,4.25
outer,1.778279410038923e-05,4.25
oxygen,1.778279410038923e-05,4.25
oxygens,1.778279410038923e-05,4.25
pipes,1.778279410038923e-05,4.25
pipe,1.778279410038923e-05,4.25
piped,1.778279410038923e-05,4.25
piping,1.778279410038923e-05,4.25
pissed,1.778279410038923e-05,4.25
poems,1.778279410038923e-05,4.25
poem,1.778279410038923e-05,4.25
powders,1.778279410038923e-05,4.25
powder,1.778279410038923e-05,4.25
powdering,1.778279410038923e-05,4.25
powdered,1.778279410038923e-05,4.25
racism,1.778279410038923e-05,4.25
racisms,1.778279410038923e-05,4.25
roy,1.778279410038923e-05,4.25
ruder,1.778279410038923e-05,4.25
rudest,1.778279410038923e-05,4.25
rude,1.778279410038923e-05,4.25
screwing,1.778279410038923e-05,4.25
screw,1.778279410038923e-05,4.25
screws,1.778279410038923e-05,4.25
screwed,1.778279410038923e-05,4.25
seventh,1.778279410038923e-05,4.25
sevenths,1.778279410038923e-05,4.25
sheltered,1.778279410038923e-05,4.25
shelter,1.778279410038923e-05,4.25
sheltering,1.778279410038923e-05,4.25
shelters,1.778279410038923e-05,4.25
signature,1.778279410038923e-05,4.25
signatures,1.778279410038923e-05,4.25
spiders,1.778279410038923e-05,4.25
spider,1.778279410038923e-05,4.25
stewart,1.778279410038923e-05,4.25
tribute,1.778279410038923e-05,4.25
tributes,1.778279410038923e-05,4.25
trigger,1.778279410038923e-05,4.25
triggering,1.778279410038923e-05,4.25
triggers,1.778279410038923e-05,4.25
triggered,1.778279410038923e-05,4.25
varied,1.778279410038923e-05,4.25
vary,1.778279410038923e-05,4.25
varying,1.778279410038923e-05,4.25
varies,1.778279410038923e-05,4.25
venue,1.778279410038923e-05,4.25
venues,1.778279410038923e-05,4.25
ye,1.778279410038923e-05,4.25
😂,1.778279410038923e-05,4.25
000m,1.7378008287493764e-05,4.24
00pm,1.7378008287493764e-05,4.24
8th,1.7378008287493764e-05,4.24
abc,1.7378008287493764e-05,4.24
abortions,1.7378008287493764e-05,4.24
abortion,1.7378008287493764e-05,4.24
accuracies,1.7378008287493764e-05,4.24
accuracy,1.7378008287493764e-05,4.24
albert,1.7378008287493764e-05,4.24
artificial,1.7378008287493764e-05,4.24
beneath,1.7378008287493764e-05,4.24
bitcoin,1.7378008287493764e-05,4.24
bullets,1.7378008287493764e-05,4.24
bullet,1.7378008287493764e-05,4.24
carl,1.7378008287493764e-05,4.24
consistently,1.7378008287493764e-05,4.24
conversions,1.7378008287493764e-05,4.24
conversion,1.7378008287493764e-05,4.24
copyright,1.7378008287493764e-05,4.24
copyrighting,1.7378008287493764e-05,4.24
copyrighted,1.7378008287493764e-05,4.24
copyrights,1.7378008287493764e-05,4.24
counties,1.7378008287493764e-05,4.24
democrat,1.7378008287493764e-05,4.24
deposits,1.7378008287493764e-05,4.24
deposited,1.7378008287493764e-05,4.24
depositing,1.7378008287493764e-05,4.24
deposit,1.7378008287493764e-05,4.24
destination,1.7378008287493764e-05,4.24
destinations,1.7378008287493764e-05,4.24
dirt,1.7378008287493764e-05,4.24
diverse,1.7378008287493764e-05,4.24
divined,1.7378008287493764e-05,4.24
divining,1.7378008287493764e-05,4.24
divines,1.7378008287493764e-05,4.24
divine,1.7378008287493764e-05,4.24
er,1.7378008287493764e-05,4.24
exclusively,1.7378008287493764e-05,4.24
exported,1.7378008287493764e-05,4.24
export,1.7378008287493764e-05,4.24
exports,1.7378008287493764e-05,4.24
exporting,1.7378008287493764e-05,4.24
formerly,1.7378008287493764e-05,4.24
functionals,1.7378008287493764e-05,4.24
functional,1.7378008287493764e-05,4.24
gathers,1.7378008287493764e-05,4.24
gather,1.7378008287493764e-05,4.24
grandfathering,1.7378008287493764e-05,4.24
grandfather,1.7378008287493764e-05,4.24
grandfathers,1.7378008287493764e-05,4.24
grandfathered,1.7378008287493764e-05,4.24
habit,1.7378008287493764e-05,4.24
habits,1.7378008287493764e-05,4.24
harvard,1.7378008287493764e-05,4.24
isolated,1.7378008287493764e-05,4.24
jealous,1.7378008287493764e-05,4.24
laura,1.7378008287493764e-05,4.24
lazier,1.7378008287493764e-05,4.24
lazy,1.7378008287493764e-05,4.24
laziest,1.7378008287493764e-05,4.24
mamas,1.7378008287493764e-05,4.24
mama,1.7378008287493764e-05,4.24
marshall,1.7378008287493764e-05,4.24
mitchell,1.7378008287493764e-05,4.24
modified,1.7378008287493764e-05,4.24
municipal,1.7378008287493764e-05,4.24
municipals,1.7378008287493764e-05,4.24
naval,1.7378008287493764e-05,4.24
neighbors,1.7378008287493764e-05,4.24
nelson,1.7378008287493764e-05,4.24
neutral,1.7378008287493764e-05,4.24
neutrals,1.7378008287493764e-05,4.24
nobler,1.7378008287493764e-05,4.24
nobles,1.7378008287493764e-05,4.24
noble,1.7378008287493764e-05,4.24
noblest,1.7378008287493764e-05,4.24
patting,1.7378008287493764e-05,4.24
pats,1.7378008287493764e-05,4.24
patted,1.7378008287493764e-05,4.24
pat,1.7378008287493764e-05,4.24
poland,1.7378008287493764e-05,4.24
popularities,1.7378008287493764e-05,4.24
popularity,1.7378008287493764e-05,4.24
pussy,1.7378008287493764e-05,4.24
pussies,1.7378008287493764e-05,4.24
relates,1.7378008287493764e-05,4.24
relate,1.7378008287493764e-05,4.24
relating,1.7378008287493764e-05,4.24
robot,1.7378008287493764e-05,4.24
robots,1.7378008287493764e-05,4.24
sacred,1.7378008287493764e-05,4.24
shoeing,1.7378008287493764e-05,4.24
shod,1.7378008287493764e-05,4.24
shoe,1.7378008287493764e-05,4.24
shoed,1.7378008287493764e-05,4.24
spies,1.7378008287493764e-05,4.24
spy,1.7378008287493764e-05,4.24
spied,1.7378008287493764e-05,4.24
spying,1.7378008287493764e-05,4.24
steven,1.7378008287493764e-05,4.24
suggestions,1.7378008287493764e-05,4.24
susan,1.7378008287493764e-05,4.24
suspension,1.7378008287493764e-05,4.24
suspensions,1.7378008287493764e-05,4.24
terrorism,1.7378008287493764e-05,4.24
terry,1.7378008287493764e-05,4.24
toxics,1.7378008287493764e-05,4.24
toxic,1.7378008287493764e-05,4.24
treasuries,1.7378008287493764e-05,4.24
treasury,1.7378008287493764e-05,4.24
tunneled,1.7378008287493764e-05,4.24
tunneling,1.7378008287493764e-05,4.24
tunnels,1.7378008287493764e-05,4.24
tunnel,1.7378008287493764e-05,4.24
tunnelling,1.7378008287493764e-05,4.24
tunnelled,1.7378008287493764e-05,4.24
upgrading,1.7378008287493764e-05,4.24
upgrades,1.7378008287493764e-05,4.24
upgrade,1.7378008287493764e-05,4.24
upgraded,1.7378008287493764e-05,4.24
warrants,1.7378008287493764e-05,4.24
warranting,1.7378008287493764e-05,4.24
warranted,1.7378008287493764e-05,4.24
warrant,1.7378008287493764e-05,4.24
wounding,1.7378008287493764e-05,4.24
wounds,1.7378008287493764e-05,4.24
aaron,1.698243652461746e-05,4.23
actively,1.698243652461746e-05,4.23
afghanistan,1.698243652461746e-05,4.23
ai,1.698243652461746e-05,4.23
ais,1.698243652461746e-05,4.23
asset,1.698243652461746e-05,4.23
backings,1.698243652461746e-05,4.23
bakers,1.698243652461746e-05,4.23
baker,1.698243652461746e-05,4.23
barcelona,1.698243652461746e-05,4.23
blessed,1.698243652461746e-05,4.23
brazilian,1.698243652461746e-05,4.23
brushing,1.698243652461746e-05,4.23
brush,1.698243652461746e-05,4.23
brushed,1.698243652461746e-05,4.23
brushes,1.698243652461746e-05,4.23
burdens,1.698243652461746e-05,4.23
burden,1.698243652461746e-05,4.23
burdened,1.698243652461746e-05,4.23
burdening,1.698243652461746e-05,4.23
campbell,1.698243652461746e-05,4.23
casuals,1.698243652461746e-05,4.23
casual,1.698243652461746e-05,4.23
certified,1.698243652461746e-05,4.23
charter,1.698243652461746e-05,4.23
chartered,1.698243652461746e-05,4.23
chartering,1.698243652461746e-05,4.23
charters,1.698243652461746e-05,4.23
chef,1.698243652461746e-05,4.23
chefs,1.698243652461746e-05,4.23
city's,1.698243652461746e-05,4.23
civilians,1.698243652461746e-05,4.23
civilian,1.698243652461746e-05,4.23
coalition,1.698243652461746e-05,4.23
coalitions,1.698243652461746e-05,4.23
cocking,1.698243652461746e-05,4.23
cocks,1.698243652461746e-05,4.23
cock,1.698243652461746e-05,4.23
cocked,1.698243652461746e-05,4.23
complained,1.698243652461746e-05,4.23
complaining,1.698243652461746e-05,4.23
complain,1.698243652461746e-05,4.23
complains,1.698243652461746e-05,4.23
controversial,1.698243652461746e-05,4.23
denver,1.698243652461746e-05,4.23
differently,1.698243652461746e-05,4.23
disciplines,1.698243652461746e-05,4.23
disciplining,1.698243652461746e-05,4.23
discipline,1.698243652461746e-05,4.23
disciplined,1.698243652461746e-05,4.23
disgusting,1.698243652461746e-05,4.23
dj,1.698243652461746e-05,4.23
dominants,1.698243652461746e-05,4.23
dominant,1.698243652461746e-05,4.23
emma,1.698243652461746e-05,4.23
essayed,1.698243652461746e-05,4.23
essays,1.698243652461746e-05,4.23
essaying,1.698243652461746e-05,4.23
essay,1.698243652461746e-05,4.23
expense,1.698243652461746e-05,4.23
furthermore,1.698243652461746e-05,4.23
graphic,1.698243652461746e-05,4.23
graphics,1.698243652461746e-05,4.23
greg,1.698243652461746e-05,4.23
healing,1.698243652461746e-05,4.23
healings,1.698243652461746e-05,4.23
implemented,1.698243652461746e-05,4.23
instantly,1.698243652461746e-05,4.23
invasion,1.698243652461746e-05,4.23
invasions,1.698243652461746e-05,4.23
jacob,1.698243652461746e-05,4.23
laptop,1.698243652461746e-05,4.23
laptops,1.698243652461746e-05,4.23
legendary,1.698243652461746e-05,4.23
leo,1.698243652461746e-05,4.23
maker,1.698243652461746e-05,4.23
makers,1.698243652461746e-05,4.23
margaret,1.698243652461746e-05,4.23
mario,1.698243652461746e-05,4.23
opponents,1.698243652461746e-05,4.23
outdoor,1.698243652461746e-05,4.23
palms,1.698243652461746e-05,4.23
palming,1.698243652461746e-05,4.23
palm,1.698243652461746e-05,4.23
palmed,1.698243652461746e-05,4.23
parker,1.698243652461746e-05,4.23
photograph,1.698243652461746e-05,4.23
photographing,1.698243652461746e-05,4.23
photographed,1.698243652461746e-05,4.23
poling,1.698243652461746e-05,4.23
pole,1.698243652461746e-05,4.23
poled,1.698243652461746e-05,4.23
poles,1.698243652461746e-05,4.23
pub,1.698243652461746e-05,4.23
queensland,1.698243652461746e-05,4.23
rangers,1.698243652461746e-05,4.23
reception,1.698243652461746e-05,4.23
receptions,1.698243652461746e-05,4.23
recipes,1.698243652461746e-05,4.23
recipe,1.698243652461746e-05,4.23
regulatory,1.698243652461746e-05,4.23
rubber,1.698243652461746e-05,4.23
rubbers,1.698243652461746e-05,4.23
serial,1.698243652461746e-05,4.23
serials,1.698243652461746e-05,4.23
shedding,1.698243652461746e-05,4.23
sheds,1.698243652461746e-05,4.23
shed,1.698243652461746e-05,4.23
snakes,1.698243652461746e-05,4.23
snaked,1.698243652461746e-05,4.23
snake,1.698243652461746e-05,4.23
snaking,1.698243652461746e-05,4.23
sponsored,1.698243652461746e-05,4.23
strictest,1.698243652461746e-05,4.23
stricter,1.698243652461746e-05,4.23
strict,1.698243652461746e-05,4.23
subsequently,1.698243652461746e-05,4.23
substance,1.698243652461746e-05,4.23
substances,1.698243652461746e-05,4.23
suggestion,1.698243652461746e-05,4.23
switzerland,1.698243652461746e-05,4.23
syndrome,1.698243652461746e-05,4.23
syndromes,1.698243652461746e-05,4.23
ultra,1.698243652461746e-05,4.23
ultras,1.698243652461746e-05,4.23
unexpected,1.698243652461746e-05,4.23
usage,1.698243652461746e-05,4.23
usages,1.698243652461746e-05,4.23
utah,1.698243652461746e-05,4.23
000k,1.6595869074375598e-05,4.22
accidentally,1.6595869074375598e-05,4.22
affordable,1.6595869074375598e-05,4.22
amateurs,1.6595869074375598e-05,4.22
amateur,1.6595869074375598e-05,4.22
argentina,1.6595869074375598e-05,4.22
baltimore,1.6595869074375598e-05,4.22
batman,1.6595869074375598e-05,4.22
bearings,1.6595869074375598e-05,4.22
bin,1.6595869074375598e-05,4.22
binned,1.6595869074375598e-05,4.22
bins,1.6595869074375598e-05,4.22
binning,1.6595869074375598e-05,4.22
biologies,1.6595869074375598e-05,4.22
biology,1.6595869074375598e-05,4.22
bobby,1.6595869074375598e-05,4.22
bobbies,1.6595869074375598e-05,4.22
briefly,1.6595869074375598e-05,4.22
canalled,1.6595869074375598e-05,4.22
canalling,1.6595869074375598e-05,4.22
canaled,1.6595869074375598e-05,4.22
canaling,1.6595869074375598e-05,4.22
canals,1.6595869074375598e-05,4.22
canal,1.6595869074375598e-05,4.22
cancelled,1.6595869074375598e-05,4.22
charlotte,1.6595869074375598e-05,4.22
christopher,1.6595869074375598e-05,4.22
climbs,1.6595869074375598e-05,4.22
climbing,1.6595869074375598e-05,4.22
climb,1.6595869074375598e-05,4.22
climbed,1.6595869074375598e-05,4.22
com,1.6595869074375598e-05,4.22
completion,1.6595869074375598e-05,4.22
completions,1.6595869074375598e-05,4.22
cruise,1.6595869074375598e-05,4.22
cruises,1.6595869074375598e-05,4.22
cruised,1.6595869074375598e-05,4.22
cruising,1.6595869074375598e-05,4.22
custody,1.6595869074375598e-05,4.22
custodies,1.6595869074375598e-05,4.22
deleting,1.6595869074375598e-05,4.22
deleted,1.6595869074375598e-05,4.22
deletes,1.6595869074375598e-05,4.22
delete,1.6595869074375598e-05,4.22
demonstrated,1.6595869074375598e-05,4.22
departures,1.6595869074375598e-05,4.22
departure,1.6595869074375598e-05,4.22
developers,1.6595869074375598e-05,4.22
dug,1.6595869074375598e-05,4.22
digs,1.6595869074375598e-05,4.22
digging,1.6595869074375598e-05,4.22
dig,1.6595869074375598e-05,4.22
eagles,1.6595869074375598e-05,4.22
employer,1.6595869074375598e-05,4.22
evans,1.6595869074375598e-05,4.22
explosion,1.6595869074375598e-05,4.22
explosions,1.6595869074375598e-05,4.22
fevering,1.6595869074375598e-05,4.22
fevers,1.6595869074375598e-05,4.22
fever,1.6595869074375598e-05,4.22
fevered,1.6595869074375598e-05,4.22
fluid,1.6595869074375598e-05,4.22
fluids,1.6595869074375598e-05,4.22
folk,1.6595869074375598e-05,4.22
generates,1.6595869074375598e-05,4.22
generate,1.6595869074375598e-05,4.22
generating,1.6595869074375598e-05,4.22
gop,1.6595869074375598e-05,4.22
handsome,1.6595869074375598e-05,4.22
handsomer,1.6595869074375598e-05,4.22
handsomest,1.6595869074375598e-05,4.22
ho,1.6595869074375598e-05,4.22
imaginations,1.6595869074375598e-05,4.22
imagination,1.6595869074375598e-05,4.22
integrations,1.6595869074375598e-05,4.22
integration,1.6595869074375598e-05,4.22
integrities,1.6595869074375598e-05,4.22
integrity,1.6595869074375598e-05,4.22
interpretation,1.6595869074375598e-05,4.22
interpretations,1.6595869074375598e-05,4.22
leafing,1.6595869074375598e-05,4.22
leaf,1.6595869074375598e-05,4.22
leafed,1.6595869074375598e-05,4.22
leafs,1.6595869074375598e-05,4.22
legitimate,1.6595869074375598e-05,4.22
legitimating,1.6595869074375598e-05,4.22
legitimates,1.6595869074375598e-05,4.22
legitimated,1.6595869074375598e-05,4.22
lightnings,1.6595869074375598e-05,4.22
lightninged,1.6595869074375598e-05,4.22
lightning,1.6595869074375598e-05,4.22
magical,1.6595869074375598e-05,4.22
motivations,1.6595869074375598e-05,4.22
motivation,1.6595869074375598e-05,4.22
nastiest,1.6595869074375598e-05,4.22
nasty,1.6595869074375598e-05,4.22
nastier,1.6595869074375598e-05,4.22
oliver,1.6595869074375598e-05,4.22
outfits,1.6595869074375598e-05,4.22
outfit,1.6595869074375598e-05,4.22
outfitting,1.6595869074375598e-05,4.22
outfitted,1.6595869074375598e-05,4.22
pensions,1.6595869074375598e-05,4.22
pension,1.6595869074375598e-05,4.22
pensioned,1.6595869074375598e-05,4.22
pensioning,1.6595869074375598e-05,4.22
permit,1.6595869074375598e-05,4.22
permitting,1.6595869074375598e-05,4.22
permitted,1.6595869074375598e-05,4.22
permits,1.6595869074375598e-05,4.22
perry,1.6595869074375598e-05,4.22
pleasantest,1.6595869074375598e-05,4.22
pleasant,1.6595869074375598e-05,4.22
pleasanter,1.6595869074375598e-05,4.22
portrait,1.6595869074375598e-05,4.22
portraits,1.6595869074375598e-05,4.22
productive,1.6595869074375598e-05,4.22
ron,1.6595869074375598e-05,4.22
safely,1.6595869074375598e-05,4.22
slightest,1.6595869074375598e-05,4.22
slighter,1.6595869074375598e-05,4.22
slight,1.6595869074375598e-05,4.22
slights,1.6595869074375598e-05,4.22
slighted,1.6595869074375598e-05,4.22
slighting,1.6595869074375598e-05,4.22
socialists,1.6595869074375598e-05,4.22
socialist,1.6595869074375598e-05,4.22
streamings,1.6595869074375598e-05,4.22
sue,1.6595869074375598e-05,4.22
sues,1.6595869074375598e-05,4.22
suing,1.6595869074375598e-05,4.22
sued,1.6595869074375598e-05,4.22
tensioning,1.6595869074375598e-05,4.22
tensioned,1.6595869074375598e-05,4.22
tensions,1.6595869074375598e-05,4.22
tension,1.6595869074375598e-05,4.22
thailand,1.6595869074375598e-05,4.22
transactions,1.6595869074375598e-05,4.22
twisting,1.6595869074375598e-05,4.22
twists,1.6595869074375598e-05,4.22
twist,1.6595869074375598e-05,4.22
twisted,1.6595869074375598e-05,4.22
ugh,1.6595869074375598e-05,4.22
unemployment,1.6595869074375598e-05,4.22
unities,1.6595869074375598e-05,4.22
unity,1.6595869074375598e-05,4.22
useless,1.6595869074375598e-05,4.22
viewers,1.6595869074375598e-05,4.22
wtf,1.6595869074375598e-05,4.22
_,1.62181009735893e-05,4.21
advocated,1.62181009735893e-05,4.21
advocates,1.62181009735893e-05,4.21
advocating,1.62181009735893e-05,4.21
advocate,1.62181009735893e-05,4.21
arc,1.62181009735893e-05,4.21
arced,1.62181009735893e-05,4.21
arcs,1.62181009735893e-05,4.21
arcking,1.62181009735893e-05,4.21
arcing,1.62181009735893e-05,4.21
arcked,1.62181009735893e-05,4.21
backup,1.62181009735893e-05,4.21
backups,1.62181009735893e-05,4.21
bitterest,1.62181009735893e-05,4.21
bitter,1.62181009735893e-05,4.21
bitterer,1.62181009735893e-05,4.21
cia,1.62181009735893e-05,4.21
cleverest,1.62181009735893e-05,4.21
clever,1.62181009735893e-05,4.21
cleverer,1.62181009735893e-05,4.21
clinics,1.62181009735893e-05,4.21
clinic,1.62181009735893e-05,4.21
continuous,1.62181009735893e-05,4.21
converted,1.62181009735893e-05,4.21
correctly,1.62181009735893e-05,4.21
correctliest,1.62181009735893e-05,4.21
correctlier,1.62181009735893e-05,4.21
creator,1.62181009735893e-05,4.21
creators,1.62181009735893e-05,4.21
creatures,1.62181009735893e-05,4.21
criteria,1.62181009735893e-05,4.21
detectives,1.62181009735893e-05,4.21
detective,1.62181009735893e-05,4.21
disability,1.62181009735893e-05,4.21
disabilities,1.62181009735893e-05,4.21
dished,1.62181009735893e-05,4.21
dishing,1.62181009735893e-05,4.21
dish,1.62181009735893e-05,4.21
dishes,1.62181009735893e-05,4.21
douglas,1.62181009735893e-05,4.21
du,1.62181009735893e-05,4.21
ducks,1.62181009735893e-05,4.21
ducked,1.62181009735893e-05,4.21
duck,1.62181009735893e-05,4.21
ducking,1.62181009735893e-05,4.21
egyptian,1.62181009735893e-05,4.21
ep,1.62181009735893e-05,4.21
evaluations,1.62181009735893e-05,4.21
evaluation,1.62181009735893e-05,4.21
excesses,1.62181009735893e-05,4.21
excess,1.62181009735893e-05,4.21
fence,1.62181009735893e-05,4.21
fencing,1.62181009735893e-05,4.21
fences,1.62181009735893e-05,4.21
fenced,1.62181009735893e-05,4.21
fifa,1.62181009735893e-05,4.21
franklin,1.62181009735893e-05,4.21
fred,1.62181009735893e-05,4.21
gradually,1.62181009735893e-05,4.21
gravities,1.62181009735893e-05,4.21
gravity,1.62181009735893e-05,4.21
hawaii,1.62181009735893e-05,4.21
highlighted,1.62181009735893e-05,4.21
highlight,1.62181009735893e-05,4.21
highlighting,1.62181009735893e-05,4.21
holders,1.62181009735893e-05,4.21
holder,1.62181009735893e-05,4.21
hoods,1.62181009735893e-05,4.21
hood,1.62181009735893e-05,4.21
identical,1.62181009735893e-05,4.21
imperial,1.62181009735893e-05,4.21
jose,1.62181009735893e-05,4.21
kenned,1.62181009735893e-05,4.21
ken,1.62181009735893e-05,4.21
kenning,1.62181009735893e-05,4.21
kens,1.62181009735893e-05,4.21
legally,1.62181009735893e-05,4.21
manufacturer,1.62181009735893e-05,4.21
meters,1.62181009735893e-05,4.21
nailing,1.62181009735893e-05,4.21
nail,1.62181009735893e-05,4.21
nailed,1.62181009735893e-05,4.21
nails,1.62181009735893e-05,4.21
nasa,1.62181009735893e-05,4.21
negotiations,1.62181009735893e-05,4.21
nonsense,1.62181009735893e-05,4.21
ontario,1.62181009735893e-05,4.21
operational,1.62181009735893e-05,4.21
orleans,1.62181009735893e-05,4.21
phoenix,1.62181009735893e-05,4.21
playoffs,1.62181009735893e-05,4.21
poet,1.62181009735893e-05,4.21
poets,1.62181009735893e-05,4.21
repeatedly,1.62181009735893e-05,4.21
robinson,1.62181009735893e-05,4.21
scientist,1.62181009735893e-05,4.21
sunk,1.62181009735893e-05,4.21
sinking,1.62181009735893e-05,4.21
sinks,1.62181009735893e-05,4.21
sink,1.62181009735893e-05,4.21
sank,1.62181009735893e-05,4.21
skipping,1.62181009735893e-05,4.21
skip,1.62181009735893e-05,4.21
skips,1.62181009735893e-05,4.21
skipped,1.62181009735893e-05,4.21
slavery,1.62181009735893e-05,4.21
snap,1.62181009735893e-05,4.21
snapped,1.62181009735893e-05,4.21
snaps,1.62181009735893e-05,4.21
snapping,1.62181009735893e-05,4.21
swedish,1.62181009735893e-05,4.21
swum,1.62181009735893e-05,4.21
swam,1.62181009735893e-05,4.21
swims,1.62181009735893e-05,4.21
swim,1.62181009735893e-05,4.21
swiss,1.62181009735893e-05,4.21
tennessee,1.62181009735893e-05,4.21
transaction,1.62181009735893e-05,4.21
transformation,1.62181009735893e-05,4.21
transformations,1.62181009735893e-05,4.21
veteran,1.62181009735893e-05,4.21
vulnerable,1.62181009735893e-05,4.21
wealthiest,1.62181009735893e-05,4.21
wealthier,1.62181009735893e-05,4.21
wealthy,1.62181009735893e-05,4.21
additionally,1.584893192461114e-05,4.2
amy,1.584893192461114e-05,4.2
attract,1.584893192461114e-05,4.2
attracts,1.584893192461114e-05,4.2
attracting,1.584893192461114e-05,4.2
barbara,1.584893192461114e-05,4.2
betas,1.584893192461114e-05,4.2
beta,1.584893192461114e-05,4.2
blowings,1.584893192461114e-05,4.2
bored,1.584893192461114e-05,4.2
bronze,1.584893192461114e-05,4.2
bronzing,1.584893192461114e-05,4.2
bronzed,1.584893192461114e-05,4.2
bronzes,1.584893192461114e-05,4.2
bugs,1.584893192461114e-05,4.2
bug,1.584893192461114e-05,4.2
bugged,1.584893192461114e-05,4.2
bugging,1.584893192461114e-05,4.2
caves,1.584893192461114e-05,4.2
cave,1.584893192461114e-05,4.2
caving,1.584893192461114e-05,4.2
caved,1.584893192461114e-05,4.2
cheating,1.584893192461114e-05,4.2
chronics,1.584893192461114e-05,4.2
chronic,1.584893192461114e-05,4.2
communicates,1.584893192461114e-05,4.2
communicated,1.584893192461114e-05,4.2
communicate,1.584893192461114e-05,4.2
communicating,1.584893192461114e-05,4.2
convicted,1.584893192461114e-05,4.2
demonstrates,1.584893192461114e-05,4.2
demonstrate,1.584893192461114e-05,4.2
demonstrating,1.584893192461114e-05,4.2
depend,1.584893192461114e-05,4.2
depended,1.584893192461114e-05,4.2
developer,1.584893192461114e-05,4.2
diagnoses,1.584893192461114e-05,4.2
diagnosis,1.584893192461114e-05,4.2
dismissed,1.584893192461114e-05,4.2
distinguished,1.584893192461114e-05,4.2
dosing,1.584893192461114e-05,4.2
dose,1.584893192461114e-05,4.2
dosed,1.584893192461114e-05,4.2
doses,1.584893192461114e-05,4.2
eighth,1.584893192461114e-05,4.2
fa,1.584893192461114e-05,4.2
flesh,1.584893192461114e-05,4.2
fleshed,1.584893192461114e-05,4.2
fleshing,1.584893192461114e-05,4.2
fleshes,1.584893192461114e-05,4.2
flip,1.584893192461114e-05,4.2
flips,1.584893192461114e-05,4.2
flipping,1.584893192461114e-05,4.2
flipped,1.584893192461114e-05,4.2
flipper,1.584893192461114e-05,4.2
flippest,1.584893192461114e-05,4.2
forty,1.584893192461114e-05,4.2
generous,1.584893192461114e-05,4.2
germans,1.584893192461114e-05,4.2
hr,1.584893192461114e-05,4.2
implements,1.584893192461114e-05,4.2
implementing,1.584893192461114e-05,4.2
implement,1.584893192461114e-05,4.2
incorporated,1.584893192461114e-05,4.2
jerusalem,1.584893192461114e-05,4.2
lasered,1.584893192461114e-05,4.2
lasers,1.584893192461114e-05,4.2
laser,1.584893192461114e-05,4.2
lasering,1.584893192461114e-05,4.2
loyallest,1.584893192461114e-05,4.2
loyal,1.584893192461114e-05,4.2
loyaller,1.584893192461114e-05,4.2
marijuana,1.584893192461114e-05,4.2
md,1.584893192461114e-05,4.2
mentally,1.584893192461114e-05,4.2
occupations,1.584893192461114e-05,4.2
occupation,1.584893192461114e-05,4.2
opponent,1.584893192461114e-05,4.2
patch,1.584893192461114e-05,4.2
patching,1.584893192461114e-05,4.2
patches,1.584893192461114e-05,4.2
patched,1.584893192461114e-05,4.2
patience,1.584893192461114e-05,4.2
pic,1.584893192461114e-05,4.2
pollutions,1.584893192461114e-05,4.2
pollution,1.584893192461114e-05,4.2
precisely,1.584893192461114e-05,4.2
prisoner,1.584893192461114e-05,4.2
privileged,1.584893192461114e-05,4.2
privilege,1.584893192461114e-05,4.2
privileging,1.584893192461114e-05,4.2
privileges,1.584893192461114e-05,4.2
punks,1.584893192461114e-05,4.2
punk,1.584893192461114e-05,4.2
radar,1.584893192461114e-05,4.2
resists,1.584893192461114e-05,4.2
resisting,1.584893192461114e-05,4.2
resist,1.584893192461114e-05,4.2
resisted,1.584893192461114e-05,4.2
solely,1.584893192461114e-05,4.2
th,1.584893192461114e-05,4.2
tourist,1.584893192461114e-05,4.2
tourists,1.584893192461114e-05,4.2
transited,1.584893192461114e-05,4.2
transiting,1.584893192461114e-05,4.2
transit,1.584893192461114e-05,4.2
transits,1.584893192461114e-05,4.2
villas,1.584893192461114e-05,4.2
villa,1.584893192461114e-05,4.2
websites,1.584893192461114e-05,4.2
wirelesses,1.584893192461114e-05,4.2
wireless,1.584893192461114e-05,4.2
wrap,1.584893192461114e-05,4.2
wrapping,1.584893192461114e-05,4.2
wraps,1.584893192461114e-05,4.2
wrapped,1.584893192461114e-05,4.2
wrights,1.584893192461114e-05,4.2
wright,1.584893192461114e-05,4.2
yoga,1.584893192461114e-05,4.2
adopting,1.5488166189124828e-05,4.19
adopts,1.5488166189124828e-05,4.19
adopt,1.5488166189124828e-05,4.19
airlines,1.5488166189124828e-05,4.19
alaska,1.5488166189124828e-05,4.19
america's,1.5488166189124828e-05,4.19
anytime,1.5488166189124828e-05,4.19
bacterias,1.5488166189124828e-05,4.19
bacteria,1.5488166189124828e-05,4.19
beside,1.5488166189124828e-05,4.19
blade,1.5488166189124828e-05,4.19
blades,1.5488166189124828e-05,4.19
booting,1.5488166189124828e-05,4.19
booted,1.5488166189124828e-05,4.19
boot,1.5488166189124828e-05,4.19
bucks,1.5488166189124828e-05,4.19
bulk,1.5488166189124828e-05,4.19
bulks,1.5488166189124828e-05,4.19
bulked,1.5488166189124828e-05,4.19
bulking,1.5488166189124828e-05,4.19
cargo,1.5488166189124828e-05,4.19
cargos,1.5488166189124828e-05,4.19
cargoes,1.5488166189124828e-05,4.19
censuses,1.5488166189124828e-05,4.19
census,1.5488166189124828e-05,4.19
censusing,1.5488166189124828e-05,4.19
censused,1.5488166189124828e-05,4.19
christianity,1.5488166189124828e-05,4.19
coastal,1.5488166189124828e-05,4.19
coining,1.5488166189124828e-05,4.19
coin,1.5488166189124828e-05,4.19
coined,1.5488166189124828e-05,4.19
coloreds,1.5488166189124828e-05,4.19
commentaries,1.5488166189124828e-05,4.19
commentary,1.5488166189124828e-05,4.19
confusions,1.5488166189124828e-05,4.19
confusion,1.5488166189124828e-05,4.19
congressional,1.5488166189124828e-05,4.19
corns,1.5488166189124828e-05,4.19
corn,1.5488166189124828e-05,4.19
corning,1.5488166189124828e-05,4.19
corned,1.5488166189124828e-05,4.19
dealers,1.5488166189124828e-05,4.19
dealer,1.5488166189124828e-05,4.19
deemed,1.5488166189124828e-05,4.19
destiny,1.5488166189124828e-05,4.19
distant,1.5488166189124828e-05,4.19
electronics,1.5488166189124828e-05,4.19
emerging,1.5488166189124828e-05,4.19
emotion,1.5488166189124828e-05,4.19
emphasis,1.5488166189124828e-05,4.19
emphases,1.5488166189124828e-05,4.19
ethics,1.5488166189124828e-05,4.19
excitement,1.5488166189124828e-05,4.19
excitements,1.5488166189124828e-05,4.19
explorations,1.5488166189124828e-05,4.19
exploration,1.5488166189124828e-05,4.19
fillings,1.5488166189124828e-05,4.19
glasgow,1.5488166189124828e-05,4.19
helen,1.5488166189124828e-05,4.19
humor,1.5488166189124828e-05,4.19
humored,1.5488166189124828e-05,4.19
humors,1.5488166189124828e-05,4.19
humoring,1.5488166189124828e-05,4.19
insight,1.5488166189124828e-05,4.19
insights,1.5488166189124828e-05,4.19
it'd,1.5488166189124828e-05,4.19
jennifer,1.5488166189124828e-05,4.19
louisiana,1.5488166189124828e-05,4.19
mar,1.5488166189124828e-05,4.19
marred,1.5488166189124828e-05,4.19
marring,1.5488166189124828e-05,4.19
marie,1.5488166189124828e-05,4.19
mississippi,1.5488166189124828e-05,4.19
nerve,1.5488166189124828e-05,4.19
nerves,1.5488166189124828e-05,4.19
nerving,1.5488166189124828e-05,4.19
nerved,1.5488166189124828e-05,4.19
netflix,1.5488166189124828e-05,4.19
nightmares,1.5488166189124828e-05,4.19
nightmare,1.5488166189124828e-05,4.19
overnight,1.5488166189124828e-05,4.19
partially,1.5488166189124828e-05,4.19
pie,1.5488166189124828e-05,4.19
pies,1.5488166189124828e-05,4.19
posters,1.5488166189124828e-05,4.19
poster,1.5488166189124828e-05,4.19
pr,1.5488166189124828e-05,4.19
practically,1.5488166189124828e-05,4.19
preserving,1.5488166189124828e-05,4.19
preserves,1.5488166189124828e-05,4.19
preserve,1.5488166189124828e-05,4.19
preserved,1.5488166189124828e-05,4.19
qualifying,1.5488166189124828e-05,4.19
qualify,1.5488166189124828e-05,4.19
qualifies,1.5488166189124828e-05,4.19
raided,1.5488166189124828e-05,4.19
raids,1.5488166189124828e-05,4.19
raiding,1.5488166189124828e-05,4.19
raid,1.5488166189124828e-05,4.19
rammed,1.5488166189124828e-05,4.19
rams,1.5488166189124828e-05,4.19
ram,1.5488166189124828e-05,4.19
ramming,1.5488166189124828e-05,4.19
rankings,1.5488166189124828e-05,4.19
respective,1.5488166189124828e-05,4.19
restricted,1.5488166189124828e-05,4.19
samuel,1.5488166189124828e-05,4.19
sandy,1.5488166189124828e-05,4.19
sandier,1.5488166189124828e-05,4.19
sandiest,1.5488166189124828e-05,4.19
scenarios,1.5488166189124828e-05,4.19
scenario,1.5488166189124828e-05,4.19
sheep,1.5488166189124828e-05,4.19
situated,1.5488166189124828e-05,4.19
sony,1.5488166189124828e-05,4.19
stanley,1.5488166189124828e-05,4.19
sustainable,1.5488166189124828e-05,4.19
sustained,1.5488166189124828e-05,4.19
taxis,1.5488166189124828e-05,4.19
taxied,1.5488166189124828e-05,4.19
taxiing,1.5488166189124828e-05,4.19
taxying,1.5488166189124828e-05,4.19
taxi,1.5488166189124828e-05,4.19
taxies,1.5488166189124828e-05,4.19
threatening,1.5488166189124828e-05,4.19
tobaccoes,1.5488166189124828e-05,4.19
tobacco,1.5488166189124828e-05,4.19
tobaccos,1.5488166189124828e-05,4.19
traces,1.5488166189124828e-05,4.19
trace,1.5488166189124828e-05,4.19
traced,1.5488166189124828e-05,4.19
tracing,1.5488166189124828e-05,4.19
turner,1.5488166189124828e-05,4.19
turners,1.5488166189124828e-05,4.19
uncomfortable,1.5488166189124828e-05,4.19
weaknesses,1.5488166189124828e-05,4.19
weakness,1.5488166189124828e-05,4.19
widespread,1.5488166189124828e-05,4.19
xbox,1.5488166189124828e-05,4.19
000th,1.5135612484362071e-05,4.18
accessible,1.5135612484362071e-05,4.18
acknowledges,1.5135612484362071e-05,4.18
acknowledged,1.5135612484362071e-05,4.18
acknowledge,1.5135612484362071e-05,4.18
acknowledging,1.5135612484362071e-05,4.18
advised,1.5135612484362071e-05,4.18
advisories,1.5135612484362071e-05,4.18
advisory,1.5135612484362071e-05,4.18
animations,1.5135612484362071e-05,4.18
animation,1.5135612484362071e-05,4.18
assignment,1.5135612484362071e-05,4.18
assignments,1.5135612484362071e-05,4.18
bares,1.5135612484362071e-05,4.18
bare,1.5135612484362071e-05,4.18
baring,1.5135612484362071e-05,4.18
barer,1.5135612484362071e-05,4.18
bared,1.5135612484362071e-05,4.18
barest,1.5135612484362071e-05,4.18
basements,1.5135612484362071e-05,4.18
basement,1.5135612484362071e-05,4.18
biases,1.5135612484362071e-05,4.18
bias,1.5135612484362071e-05,4.18
biasses,1.5135612484362071e-05,4.18
biased,1.5135612484362071e-05,4.18
biassing,1.5135612484362071e-05,4.18
biasing,1.5135612484362071e-05,4.18
biassed,1.5135612484362071e-05,4.18
birmingham,1.5135612484362071e-05,4.18
canceled,1.5135612484362071e-05,4.18
canceling,1.5135612484362071e-05,4.18
cancelling,1.5135612484362071e-05,4.18
cancel,1.5135612484362071e-05,4.18
cancels,1.5135612484362071e-05,4.18
carpeting,1.5135612484362071e-05,4.18
carpet,1.5135612484362071e-05,4.18
carpeted,1.5135612484362071e-05,4.18
carpets,1.5135612484362071e-05,4.18
ceiling,1.5135612484362071e-05,4.18
ceilings,1.5135612484362071e-05,4.18
cherries,1.5135612484362071e-05,4.18
cherry,1.5135612484362071e-05,4.18
chilling,1.5135612484362071e-05,4.18
chills,1.5135612484362071e-05,4.18
chilled,1.5135612484362071e-05,4.18
chill,1.5135612484362071e-05,4.18
classification,1.5135612484362071e-05,4.18
classifications,1.5135612484362071e-05,4.18
cluing,1.5135612484362071e-05,4.18
clues,1.5135612484362071e-05,4.18
clue,1.5135612484362071e-05,4.18
clued,1.5135612484362071e-05,4.18
cole,1.5135612484362071e-05,4.18
collapse,1.5135612484362071e-05,4.18
collapsing,1.5135612484362071e-05,4.18
collapsed,1.5135612484362071e-05,4.18
collapses,1.5135612484362071e-05,4.18
compounded,1.5135612484362071e-05,4.18
compound,1.5135612484362071e-05,4.18
compounds,1.5135612484362071e-05,4.18
compounding,1.5135612484362071e-05,4.18
conscious,1.5135612484362071e-05,4.18
consecutive,1.5135612484362071e-05,4.18
costuming,1.5135612484362071e-05,4.18
costumed,1.5135612484362071e-05,4.18
costumes,1.5135612484362071e-05,4.18
costume,1.5135612484362071e-05,4.18
craig,1.5135612484362071e-05,4.18
devoted,1.5135612484362071e-05,4.18
didnt,1.5135612484362071e-05,4.18
dominated,1.5135612484362071e-05,4.18
earl,1.5135612484362071e-05,4.18
earls,1.5135612484362071e-05,4.18
endless,1.5135612484362071e-05,4.18
examining,1.5135612484362071e-05,4.18
examine,1.5135612484362071e-05,4.18
examined,1.5135612484362071e-05,4.18
examines,1.5135612484362071e-05,4.18
floating,1.5135612484362071e-05,4.18
garbage,1.5135612484362071e-05,4.18
gospels,1.5135612484362071e-05,4.18
gospel,1.5135612484362071e-05,4.18
grained,1.5135612484362071e-05,4.18
grain,1.5135612484362071e-05,4.18
grains,1.5135612484362071e-05,4.18
graining,1.5135612484362071e-05,4.18
grids,1.5135612484362071e-05,4.18
grid,1.5135612484362071e-05,4.18
heatings,1.5135612484362071e-05,4.18
identification,1.5135612484362071e-05,4.18
identifications,1.5135612484362071e-05,4.18
lapping,1.5135612484362071e-05,4.18
lap,1.5135612484362071e-05,4.18
lapped,1.5135612484362071e-05,4.18
laps,1.5135612484362071e-05,4.18
livers,1.5135612484362071e-05,4.18
liver,1.5135612484362071e-05,4.18
metro,1.5135612484362071e-05,4.18
metros,1.5135612484362071e-05,4.18
metropolitan,1.5135612484362071e-05,4.18
metropolitans,1.5135612484362071e-05,4.18
mixture,1.5135612484362071e-05,4.18
mixtures,1.5135612484362071e-05,4.18
nominated,1.5135612484362071e-05,4.18
oak,1.5135612484362071e-05,4.18
oaks,1.5135612484362071e-05,4.18
parliamentary,1.5135612484362071e-05,4.18
patents,1.5135612484362071e-05,4.18
patented,1.5135612484362071e-05,4.18
patent,1.5135612484362071e-05,4.18
patenting,1.5135612484362071e-05,4.18
perception,1.5135612484362071e-05,4.18
perceptions,1.5135612484362071e-05,4.18
physician,1.5135612484362071e-05,4.18
physicians,1.5135612484362071e-05,4.18
portland,1.5135612484362071e-05,4.18
proceeding,1.5135612484362071e-05,4.18
proceed,1.5135612484362071e-05,4.18
proceeds,1.5135612484362071e-05,4.18
proceeded,1.5135612484362071e-05,4.18
proceedings,1.5135612484362071e-05,4.18
pupils,1.5135612484362071e-05,4.18
restoring,1.5135612484362071e-05,4.18
restore,1.5135612484362071e-05,4.18
restores,1.5135612484362071e-05,4.18
restored,1.5135612484362071e-05,4.18
rifling,1.5135612484362071e-05,4.18
rifled,1.5135612484362071e-05,4.18
rifle,1.5135612484362071e-05,4.18
rifles,1.5135612484362071e-05,4.18
rivals,1.5135612484362071e-05,4.18
rivaling,1.5135612484362071e-05,4.18
rivalled,1.5135612484362071e-05,4.18
rival,1.5135612484362071e-05,4.18
rivaled,1.5135612484362071e-05,4.18
rivalling,1.5135612484362071e-05,4.18
rs,1.5135612484362071e-05,4.18
runners,1.5135612484362071e-05,4.18
runner,1.5135612484362071e-05,4.18
sadly,1.5135612484362071e-05,4.18
sc,1.5135612484362071e-05,4.18
she'd,1.5135612484362071e-05,4.18
she'll,1.5135612484362071e-05,4.18
significance,1.5135612484362071e-05,4.18
significances,1.5135612484362071e-05,4.18
soaps,1.5135612484362071e-05,4.18
soap,1.5135612484362071e-05,4.18
soaped,1.5135612484362071e-05,4.18
soaping,1.5135612484362071e-05,4.18
spraying,1.5135612484362071e-05,4.18
sprayed,1.5135612484362071e-05,4.18
spray,1.5135612484362071e-05,4.18
sprays,1.5135612484362071e-05,4.18
structural,1.5135612484362071e-05,4.18
suite,1.5135612484362071e-05,4.18
suites,1.5135612484362071e-05,4.18
tbh,1.5135612484362071e-05,4.18
tropical,1.5135612484362071e-05,4.18
ukrainian,1.5135612484362071e-05,4.18
unnecessary,1.5135612484362071e-05,4.18
verses,1.5135612484362071e-05,4.18
verse,1.5135612484362071e-05,4.18
victors,1.5135612484362071e-05,4.18
victor,1.5135612484362071e-05,4.18
vintages,1.5135612484362071e-05,4.18
vintage,1.5135612484362071e-05,4.18
warned,1.5135612484362071e-05,4.18
watson,1.5135612484362071e-05,4.18
"0,000,000",1.4791083881682072e-05,4.17
00am,1.4791083881682072e-05,4.17
acres,1.4791083881682072e-05,4.17
adapted,1.4791083881682072e-05,4.17
adoptions,1.4791083881682072e-05,4.17
adoption,1.4791083881682072e-05,4.17
anonymous,1.4791083881682072e-05,4.17
antonio,1.4791083881682072e-05,4.17
artistic,1.4791083881682072e-05,4.17
attendance,1.4791083881682072e-05,4.17
attendances,1.4791083881682072e-05,4.17
aviation,1.4791083881682072e-05,4.17
barrel,1.4791083881682072e-05,4.17
barrelling,1.4791083881682072e-05,4.17
barreling,1.4791083881682072e-05,4.17
barrelled,1.4791083881682072e-05,4.17
barrels,1.4791083881682072e-05,4.17
barreled,1.4791083881682072e-05,4.17
beloveds,1.4791083881682072e-05,4.17
beloved,1.4791083881682072e-05,4.17
blessing,1.4791083881682072e-05,4.17
blest,1.4791083881682072e-05,4.17
bless,1.4791083881682072e-05,4.17
blesses,1.4791083881682072e-05,4.17
chuck,1.4791083881682072e-05,4.17
chucked,1.4791083881682072e-05,4.17
chucking,1.4791083881682072e-05,4.17
chucks,1.4791083881682072e-05,4.17
cinemas,1.4791083881682072e-05,4.17
cinema,1.4791083881682072e-05,4.17
colonials,1.4791083881682072e-05,4.17
colonial,1.4791083881682072e-05,4.17
compliance,1.4791083881682072e-05,4.17
compliances,1.4791083881682072e-05,4.17
contraries,1.4791083881682072e-05,4.17
contrary,1.4791083881682072e-05,4.17
couches,1.4791083881682072e-05,4.17
couch,1.4791083881682072e-05,4.17
couching,1.4791083881682072e-05,4.17
couched,1.4791083881682072e-05,4.17
country's,1.4791083881682072e-05,4.17
crushes,1.4791083881682072e-05,4.17
crushing,1.4791083881682072e-05,4.17
crushed,1.4791083881682072e-05,4.17
crush,1.4791083881682072e-05,4.17
dammed,1.4791083881682072e-05,4.17
damming,1.4791083881682072e-05,4.17
dams,1.4791083881682072e-05,4.17
dam,1.4791083881682072e-05,4.17
decreasing,1.4791083881682072e-05,4.17
decreases,1.4791083881682072e-05,4.17
decrease,1.4791083881682072e-05,4.17
decreased,1.4791083881682072e-05,4.17
diabetes,1.4791083881682072e-05,4.17
dressings,1.4791083881682072e-05,4.17
genre,1.4791083881682072e-05,4.17
genres,1.4791083881682072e-05,4.17
gentler,1.4791083881682072e-05,4.17
gentling,1.4791083881682072e-05,4.17
gentlest,1.4791083881682072e-05,4.17
gentle,1.4791083881682072e-05,4.17
gentled,1.4791083881682072e-05,4.17
gentles,1.4791083881682072e-05,4.17
grammar,1.4791083881682072e-05,4.17
grammars,1.4791083881682072e-05,4.17
hiv,1.4791083881682072e-05,4.17
idk,1.4791083881682072e-05,4.17
illustrated,1.4791083881682072e-05,4.17
invented,1.4791083881682072e-05,4.17
jake,1.4791083881682072e-05,4.17
jams,1.4791083881682072e-05,4.17
jam,1.4791083881682072e-05,4.17
jammed,1.4791083881682072e-05,4.17
jamming,1.4791083881682072e-05,4.17
jamie,1.4791083881682072e-05,4.17
jessica,1.4791083881682072e-05,4.17
keith,1.4791083881682072e-05,4.17
kent,1.4791083881682072e-05,4.17
leases,1.4791083881682072e-05,4.17
leased,1.4791083881682072e-05,4.17
lease,1.4791083881682072e-05,4.17
leasing,1.4791083881682072e-05,4.17
lensing,1.4791083881682072e-05,4.17
lens,1.4791083881682072e-05,4.17
lensed,1.4791083881682072e-05,4.17
lenses,1.4791083881682072e-05,4.17
loyalty,1.4791083881682072e-05,4.17
loyalties,1.4791083881682072e-05,4.17
madison,1.4791083881682072e-05,4.17
magnetic,1.4791083881682072e-05,4.17
metres,1.4791083881682072e-05,4.17
mysterious,1.4791083881682072e-05,4.17
notions,1.4791083881682072e-05,4.17
notion,1.4791083881682072e-05,4.17
partial,1.4791083881682072e-05,4.17
partials,1.4791083881682072e-05,4.17
pisses,1.4791083881682072e-05,4.17
pissing,1.4791083881682072e-05,4.17
piss,1.4791083881682072e-05,4.17
propaganda,1.4791083881682072e-05,4.17
rat,1.4791083881682072e-05,4.17
ratted,1.4791083881682072e-05,4.17
rats,1.4791083881682072e-05,4.17
ratting,1.4791083881682072e-05,4.17
reflection,1.4791083881682072e-05,4.17
resolving,1.4791083881682072e-05,4.17
resolved,1.4791083881682072e-05,4.17
resolve,1.4791083881682072e-05,4.17
resolves,1.4791083881682072e-05,4.17
revolutionary,1.4791083881682072e-05,4.17
revolutionaries,1.4791083881682072e-05,4.17
scandals,1.4791083881682072e-05,4.17
scandal,1.4791083881682072e-05,4.17
shines,1.4791083881682072e-05,4.17
shine,1.4791083881682072e-05,4.17
shining,1.4791083881682072e-05,4.17
shone,1.4791083881682072e-05,4.17
shined,1.4791083881682072e-05,4.17
si,1.4791083881682072e-05,4.17
simultaneously,1.4791083881682072e-05,4.17
substitutes,1.4791083881682072e-05,4.17
substitute,1.4791083881682072e-05,4.17
substituting,1.4791083881682072e-05,4.17
substituted,1.4791083881682072e-05,4.17
surveillances,1.4791083881682072e-05,4.17
surveillance,1.4791083881682072e-05,4.17
tactics,1.4791083881682072e-05,4.17
testimony,1.4791083881682072e-05,4.17
testimonies,1.4791083881682072e-05,4.17
thai,1.4791083881682072e-05,4.17
treasured,1.4791083881682072e-05,4.17
treasures,1.4791083881682072e-05,4.17
treasuring,1.4791083881682072e-05,4.17
treasure,1.4791083881682072e-05,4.17
trophies,1.4791083881682072e-05,4.17
trophy,1.4791083881682072e-05,4.17
tweet,1.4791083881682072e-05,4.17
tweeted,1.4791083881682072e-05,4.17
tweets,1.4791083881682072e-05,4.17
tweeting,1.4791083881682072e-05,4.17
tyler,1.4791083881682072e-05,4.17
underlying,1.4791083881682072e-05,4.17
unfair,1.4791083881682072e-05,4.17
von,1.4791083881682072e-05,4.17
wa,1.4791083881682072e-05,4.17
acceptances,1.445439770745928e-05,4.16
acceptance,1.445439770745928e-05,4.16
annually,1.445439770745928e-05,4.16
apologized,1.445439770745928e-05,4.16
apologizes,1.445439770745928e-05,4.16
apologizing,1.445439770745928e-05,4.16
apologize,1.445439770745928e-05,4.16
ash,1.445439770745928e-05,4.16
ashes,1.445439770745928e-05,4.16
ashing,1.445439770745928e-05,4.16
ashed,1.445439770745928e-05,4.16
aunts,1.445439770745928e-05,4.16
aunt,1.445439770745928e-05,4.16
benjamin,1.445439770745928e-05,4.16
blake,1.445439770745928e-05,4.16
bubble,1.445439770745928e-05,4.16
bubbled,1.445439770745928e-05,4.16
bubbles,1.445439770745928e-05,4.16
bubbling,1.445439770745928e-05,4.16
buyers,1.445439770745928e-05,4.16
casino,1.445439770745928e-05,4.16
counsels,1.445439770745928e-05,4.16
counsel,1.445439770745928e-05,4.16
counselling,1.445439770745928e-05,4.16
counseling,1.445439770745928e-05,4.16
counselled,1.445439770745928e-05,4.16
counseled,1.445439770745928e-05,4.16
creature,1.445439770745928e-05,4.16
deadliest,1.445439770745928e-05,4.16
deadlier,1.445439770745928e-05,4.16
deadly,1.445439770745928e-05,4.16
der,1.445439770745928e-05,4.16
determinations,1.445439770745928e-05,4.16
determination,1.445439770745928e-05,4.16
embracing,1.445439770745928e-05,4.16
embraces,1.445439770745928e-05,4.16
embraced,1.445439770745928e-05,4.16
embrace,1.445439770745928e-05,4.16
emerged,1.445439770745928e-05,4.16
exhibits,1.445439770745928e-05,4.16
exhibiting,1.445439770745928e-05,4.16
exhibit,1.445439770745928e-05,4.16
exhibited,1.445439770745928e-05,4.16
gentleman,1.445439770745928e-05,4.16
gentlemen,1.445439770745928e-05,4.16
gm,1.445439770745928e-05,4.16
halloween,1.445439770745928e-05,4.16
hammers,1.445439770745928e-05,4.16
hammer,1.445439770745928e-05,4.16
hammering,1.445439770745928e-05,4.16
hammered,1.445439770745928e-05,4.16
hitler,1.445439770745928e-05,4.16
icons,1.445439770745928e-05,4.16
icon,1.445439770745928e-05,4.16
imposed,1.445439770745928e-05,4.16
indigenous,1.445439770745928e-05,4.16
infinite,1.445439770745928e-05,4.16
installation,1.445439770745928e-05,4.16
installations,1.445439770745928e-05,4.16
inter,1.445439770745928e-05,4.16
interring,1.445439770745928e-05,4.16
inters,1.445439770745928e-05,4.16
interred,1.445439770745928e-05,4.16
iranian,1.445439770745928e-05,4.16
legislatures,1.445439770745928e-05,4.16
legislature,1.445439770745928e-05,4.16
liabilities,1.445439770745928e-05,4.16
liability,1.445439770745928e-05,4.16
maine,1.445439770745928e-05,4.16
manhattan,1.445439770745928e-05,4.16
marathon,1.445439770745928e-05,4.16
marathons,1.445439770745928e-05,4.16
marathonned,1.445439770745928e-05,4.16
marathonning,1.445439770745928e-05,4.16
marvel,1.445439770745928e-05,4.16
marvels,1.445439770745928e-05,4.16
marvelled,1.445439770745928e-05,4.16
marveling,1.445439770745928e-05,4.16
marveled,1.445439770745928e-05,4.16
michelle,1.445439770745928e-05,4.16
moreover,1.445439770745928e-05,4.16
mps,1.445439770745928e-05,4.16
neil,1.445439770745928e-05,4.16
ours,1.445439770745928e-05,4.16
parade,1.445439770745928e-05,4.16
parading,1.445439770745928e-05,4.16
parades,1.445439770745928e-05,4.16
paraded,1.445439770745928e-05,4.16
paradise,1.445439770745928e-05,4.16
paradises,1.445439770745928e-05,4.16
perceived,1.445439770745928e-05,4.16
pics,1.445439770745928e-05,4.16
politician,1.445439770745928e-05,4.16
preliminary,1.445439770745928e-05,4.16
preliminaries,1.445439770745928e-05,4.16
premieres,1.445439770745928e-05,4.16
premiere,1.445439770745928e-05,4.16
presidency,1.445439770745928e-05,4.16
presidencies,1.445439770745928e-05,4.16
reacting,1.445439770745928e-05,4.16
react,1.445439770745928e-05,4.16
reacts,1.445439770745928e-05,4.16
reacted,1.445439770745928e-05,4.16
realistic,1.445439770745928e-05,4.16
remarks,1.445439770745928e-05,4.16
retain,1.445439770745928e-05,4.16
retained,1.445439770745928e-05,4.16
retaining,1.445439770745928e-05,4.16
retains,1.445439770745928e-05,4.16
roberts,1.445439770745928e-05,4.16
rockier,1.445439770745928e-05,4.16
rocky,1.445439770745928e-05,4.16
rockiest,1.445439770745928e-05,4.16
russians,1.445439770745928e-05,4.16
satisfaction,1.445439770745928e-05,4.16
satisfactions,1.445439770745928e-05,4.16
scratches,1.445439770745928e-05,4.16
scratch,1.445439770745928e-05,4.16
scratched,1.445439770745928e-05,4.16
scratching,1.445439770745928e-05,4.16
shade,1.445439770745928e-05,4.16
shading,1.445439770745928e-05,4.16
shaded,1.445439770745928e-05,4.16
shades,1.445439770745928e-05,4.16
sheriffs,1.445439770745928e-05,4.16
sheriff,1.445439770745928e-05,4.16
shying,1.445439770745928e-05,4.16
shied,1.445439770745928e-05,4.16
shies,1.445439770745928e-05,4.16
shyest,1.445439770745928e-05,4.16
shyer,1.445439770745928e-05,4.16
shy,1.445439770745928e-05,4.16
sometime,1.445439770745928e-05,4.16
strictly,1.445439770745928e-05,4.16
sunshine,1.445439770745928e-05,4.16
thou,1.445439770745928e-05,4.16
tier,1.445439770745928e-05,4.16
tiers,1.445439770745928e-05,4.16
tiered,1.445439770745928e-05,4.16
tiering,1.445439770745928e-05,4.16
tommy,1.445439770745928e-05,4.16
vancouver,1.445439770745928e-05,4.16
vocals,1.445439770745928e-05,4.16
vocal,1.445439770745928e-05,4.16
warrior,1.445439770745928e-05,4.16
woman's,1.445439770745928e-05,4.16
yields,1.445439770745928e-05,4.16
yielded,1.445439770745928e-05,4.16
yielding,1.445439770745928e-05,4.16
yield,1.445439770745928e-05,4.16
accomplished,1.4125375446227557e-05,4.15
admission,1.4125375446227557e-05,4.15
admissions,1.4125375446227557e-05,4.15
aka,1.4125375446227557e-05,4.15
bacon,1.4125375446227557e-05,4.15
barriers,1.4125375446227557e-05,4.15
barrier,1.4125375446227557e-05,4.15
belgium,1.4125375446227557e-05,4.15
bursts,1.4125375446227557e-05,4.15
bursting,1.4125375446227557e-05,4.15
burst,1.4125375446227557e-05,4.15
castings,1.4125375446227557e-05,4.15
cattle,1.4125375446227557e-05,4.15
cc,1.4125375446227557e-05,4.15
classroom,1.4125375446227557e-05,4.15
classrooms,1.4125375446227557e-05,4.15
collins,1.4125375446227557e-05,4.15
compromise,1.4125375446227557e-05,4.15
compromised,1.4125375446227557e-05,4.15
compromises,1.4125375446227557e-05,4.15
compromising,1.4125375446227557e-05,4.15
convenient,1.4125375446227557e-05,4.15
costa,1.4125375446227557e-05,4.15
crop,1.4125375446227557e-05,4.15
crops,1.4125375446227557e-05,4.15
cropped,1.4125375446227557e-05,4.15
cropping,1.4125375446227557e-05,4.15
earthquakes,1.4125375446227557e-05,4.15
earthquake,1.4125375446227557e-05,4.15
elderlies,1.4125375446227557e-05,4.15
elderly,1.4125375446227557e-05,4.15
eliminate,1.4125375446227557e-05,4.15
eliminates,1.4125375446227557e-05,4.15
eliminating,1.4125375446227557e-05,4.15
eliminated,1.4125375446227557e-05,4.15
embarrassing,1.4125375446227557e-05,4.15
farmer,1.4125375446227557e-05,4.15
harboring,1.4125375446227557e-05,4.15
harbor,1.4125375446227557e-05,4.15
harbored,1.4125375446227557e-05,4.15
harbors,1.4125375446227557e-05,4.15
harvey,1.4125375446227557e-05,4.15
inform,1.4125375446227557e-05,4.15
informs,1.4125375446227557e-05,4.15
informing,1.4125375446227557e-05,4.15
ions,1.4125375446227557e-05,4.15
ion,1.4125375446227557e-05,4.15
jeremy,1.4125375446227557e-05,4.15
lesbians,1.4125375446227557e-05,4.15
lesbian,1.4125375446227557e-05,4.15
lt,1.4125375446227557e-05,4.15
mathematics,1.4125375446227557e-05,4.15
medications,1.4125375446227557e-05,4.15
medication,1.4125375446227557e-05,4.15
morris,1.4125375446227557e-05,4.15
norway,1.4125375446227557e-05,4.15
pars,1.4125375446227557e-05,4.15
par,1.4125375446227557e-05,4.15
podcast,1.4125375446227557e-05,4.15
portfolio,1.4125375446227557e-05,4.15
portfolios,1.4125375446227557e-05,4.15
productivities,1.4125375446227557e-05,4.15
productivity,1.4125375446227557e-05,4.15
protocol,1.4125375446227557e-05,4.15
protocoled,1.4125375446227557e-05,4.15
protocols,1.4125375446227557e-05,4.15
protocolling,1.4125375446227557e-05,4.15
protocolled,1.4125375446227557e-05,4.15
protocoling,1.4125375446227557e-05,4.15
quietly,1.4125375446227557e-05,4.15
rachel,1.4125375446227557e-05,4.15
salad,1.4125375446227557e-05,4.15
salads,1.4125375446227557e-05,4.15
scholarships,1.4125375446227557e-05,4.15
scholarship,1.4125375446227557e-05,4.15
screenings,1.4125375446227557e-05,4.15
soups,1.4125375446227557e-05,4.15
souped,1.4125375446227557e-05,4.15
soup,1.4125375446227557e-05,4.15
souping,1.4125375446227557e-05,4.15
southeast,1.4125375446227557e-05,4.15
staked,1.4125375446227557e-05,4.15
stakes,1.4125375446227557e-05,4.15
stake,1.4125375446227557e-05,4.15
staking,1.4125375446227557e-05,4.15
strains,1.4125375446227557e-05,4.15
straining,1.4125375446227557e-05,4.15
strain,1.4125375446227557e-05,4.15
strained,1.4125375446227557e-05,4.15
swift,1.4125375446227557e-05,4.15
swiftest,1.4125375446227557e-05,4.15
swifter,1.4125375446227557e-05,4.15
swifts,1.4125375446227557e-05,4.15
tackled,1.4125375446227557e-05,4.15
tackles,1.4125375446227557e-05,4.15
tackle,1.4125375446227557e-05,4.15
tackling,1.4125375446227557e-05,4.15
timeline,1.4125375446227557e-05,4.15
tortured,1.4125375446227557e-05,4.15
torture,1.4125375446227557e-05,4.15
tortures,1.4125375446227557e-05,4.15
torturing,1.4125375446227557e-05,4.15
translated,1.4125375446227557e-05,4.15
urgent,1.4125375446227557e-05,4.15
vegetables,1.4125375446227557e-05,4.15
verticals,1.4125375446227557e-05,4.15
vertical,1.4125375446227557e-05,4.15
violation,1.4125375446227557e-05,4.15
violations,1.4125375446227557e-05,4.15
wallet,1.4125375446227557e-05,4.15
wallets,1.4125375446227557e-05,4.15
welshes,1.4125375446227557e-05,4.15
welsh,1.4125375446227557e-05,4.15
welshed,1.4125375446227557e-05,4.15
welshing,1.4125375446227557e-05,4.15
workshop,1.4125375446227557e-05,4.15
workshops,1.4125375446227557e-05,4.15
9th,1.380384264602884e-05,4.14
aboard,1.380384264602884e-05,4.14
abstracted,1.380384264602884e-05,4.14
abstracts,1.380384264602884e-05,4.14
abstract,1.380384264602884e-05,4.14
abstracting,1.380384264602884e-05,4.14
accenting,1.380384264602884e-05,4.14
accented,1.380384264602884e-05,4.14
accents,1.380384264602884e-05,4.14
accent,1.380384264602884e-05,4.14
addiction,1.380384264602884e-05,4.14
addictions,1.380384264602884e-05,4.14
awaking,1.380384264602884e-05,4.14
awoken,1.380384264602884e-05,4.14
awoke,1.380384264602884e-05,4.14
awakes,1.380384264602884e-05,4.14
awake,1.380384264602884e-05,4.14
beams,1.380384264602884e-05,4.14
beam,1.380384264602884e-05,4.14
beaming,1.380384264602884e-05,4.14
beamed,1.380384264602884e-05,4.14
beans,1.380384264602884e-05,4.14
bindings,1.380384264602884e-05,4.14
binding,1.380384264602884e-05,4.14
blanked,1.380384264602884e-05,4.14
blank,1.380384264602884e-05,4.14
blanking,1.380384264602884e-05,4.14
blanks,1.380384264602884e-05,4.14
buffalos,1.380384264602884e-05,4.14
buffalo,1.380384264602884e-05,4.14
buffaloes,1.380384264602884e-05,4.14
cbs,1.380384264602884e-05,4.14
convictions,1.380384264602884e-05,4.14
conviction,1.380384264602884e-05,4.14
corrupting,1.380384264602884e-05,4.14
corrupt,1.380384264602884e-05,4.14
corrupts,1.380384264602884e-05,4.14
corrupted,1.380384264602884e-05,4.14
cow,1.380384264602884e-05,4.14
cows,1.380384264602884e-05,4.14
cowing,1.380384264602884e-05,4.14
cowed,1.380384264602884e-05,4.14
curved,1.380384264602884e-05,4.14
curving,1.380384264602884e-05,4.14
curve,1.380384264602884e-05,4.14
curves,1.380384264602884e-05,4.14
depressed,1.380384264602884e-05,4.14
dining,1.380384264602884e-05,4.14
durations,1.380384264602884e-05,4.14
duration,1.380384264602884e-05,4.14
eddie,1.380384264602884e-05,4.14
emily,1.380384264602884e-05,4.14
fifteen,1.380384264602884e-05,4.14
ga,1.380384264602884e-05,4.14
grandmothers,1.380384264602884e-05,4.14
grandmother,1.380384264602884e-05,4.14
harsh,1.380384264602884e-05,4.14
harsher,1.380384264602884e-05,4.14
harshest,1.380384264602884e-05,4.14
horn,1.380384264602884e-05,4.14
horning,1.380384264602884e-05,4.14
horns,1.380384264602884e-05,4.14
horned,1.380384264602884e-05,4.14
hurry,1.380384264602884e-05,4.14
hurried,1.380384264602884e-05,4.14
hurries,1.380384264602884e-05,4.14
hurrying,1.380384264602884e-05,4.14
immunes,1.380384264602884e-05,4.14
immune,1.380384264602884e-05,4.14
inflation,1.380384264602884e-05,4.14
inflations,1.380384264602884e-05,4.14
ingredients,1.380384264602884e-05,4.14
inspection,1.380384264602884e-05,4.14
inspections,1.380384264602884e-05,4.14
installs,1.380384264602884e-05,4.14
instals,1.380384264602884e-05,4.14
installing,1.380384264602884e-05,4.14
install,1.380384264602884e-05,4.14
instruction,1.380384264602884e-05,4.14
intensities,1.380384264602884e-05,4.14
intensity,1.380384264602884e-05,4.14
inventorying,1.380384264602884e-05,4.14
inventory,1.380384264602884e-05,4.14
inventories,1.380384264602884e-05,4.14
inventoried,1.380384264602884e-05,4.14
invitation,1.380384264602884e-05,4.14
invitations,1.380384264602884e-05,4.14
judicial,1.380384264602884e-05,4.14
justifying,1.380384264602884e-05,4.14
justifies,1.380384264602884e-05,4.14
justify,1.380384264602884e-05,4.14
justified,1.380384264602884e-05,4.14
kyle,1.380384264602884e-05,4.14
leaned,1.380384264602884e-05,4.14
leanest,1.380384264602884e-05,4.14
leaner,1.380384264602884e-05,4.14
leant,1.380384264602884e-05,4.14
leaning,1.380384264602884e-05,4.14
lean,1.380384264602884e-05,4.14
leans,1.380384264602884e-05,4.14
lectures,1.380384264602884e-05,4.14
lecturing,1.380384264602884e-05,4.14
lecture,1.380384264602884e-05,4.14
lectured,1.380384264602884e-05,4.14
logical,1.380384264602884e-05,4.14
masons,1.380384264602884e-05,4.14
mason,1.380384264602884e-05,4.14
meaningful,1.380384264602884e-05,4.14
migration,1.380384264602884e-05,4.14
migrations,1.380384264602884e-05,4.14
missiles,1.380384264602884e-05,4.14
missile,1.380384264602884e-05,4.14
motivated,1.380384264602884e-05,4.14
nancy,1.380384264602884e-05,4.14
norman,1.380384264602884e-05,4.14
northwest,1.380384264602884e-05,4.14
organ,1.380384264602884e-05,4.14
organs,1.380384264602884e-05,4.14
patrol,1.380384264602884e-05,4.14
patrols,1.380384264602884e-05,4.14
patrolled,1.380384264602884e-05,4.14
patrolling,1.380384264602884e-05,4.14
pearling,1.380384264602884e-05,4.14
pearl,1.380384264602884e-05,4.14
pearled,1.380384264602884e-05,4.14
pearls,1.380384264602884e-05,4.14
peer,1.380384264602884e-05,4.14
peered,1.380384264602884e-05,4.14
peers,1.380384264602884e-05,4.14
peering,1.380384264602884e-05,4.14
peppered,1.380384264602884e-05,4.14
peppers,1.380384264602884e-05,4.14
pepper,1.380384264602884e-05,4.14
peppering,1.380384264602884e-05,4.14
pigs,1.380384264602884e-05,4.14
pig,1.380384264602884e-05,4.14
piling,1.380384264602884e-05,4.14
piled,1.380384264602884e-05,4.14
pile,1.380384264602884e-05,4.14
piles,1.380384264602884e-05,4.14
plugs,1.380384264602884e-05,4.14
plugging,1.380384264602884e-05,4.14
plug,1.380384264602884e-05,4.14
plugged,1.380384264602884e-05,4.14
provisioning,1.380384264602884e-05,4.14
provisions,1.380384264602884e-05,4.14
provision,1.380384264602884e-05,4.14
provisioned,1.380384264602884e-05,4.14
revised,1.380384264602884e-05,4.14
rods,1.380384264602884e-05,4.14
rod,1.380384264602884e-05,4.14
rodded,1.380384264602884e-05,4.14
rodding,1.380384264602884e-05,4.14
screamed,1.380384264602884e-05,4.14
screams,1.380384264602884e-05,4.14
scream,1.380384264602884e-05,4.14
stairs,1.380384264602884e-05,4.14
staring,1.380384264602884e-05,4.14
statistical,1.380384264602884e-05,4.14
sweats,1.380384264602884e-05,4.14
sweat,1.380384264602884e-05,4.14
sweated,1.380384264602884e-05,4.14
sweating,1.380384264602884e-05,4.14
syrian,1.380384264602884e-05,4.14
tattoo,1.380384264602884e-05,4.14
teenage,1.380384264602884e-05,4.14
thundering,1.380384264602884e-05,4.14
thunders,1.380384264602884e-05,4.14
thundered,1.380384264602884e-05,4.14
thunder,1.380384264602884e-05,4.14
tragedy,1.380384264602884e-05,4.14
tragedies,1.380384264602884e-05,4.14
traumata,1.380384264602884e-05,4.14
trauma,1.380384264602884e-05,4.14
traumas,1.380384264602884e-05,4.14
vincent,1.380384264602884e-05,4.14
wrestling,1.380384264602884e-05,4.14
zoo,1.380384264602884e-05,4.14
zoos,1.380384264602884e-05,4.14
accordance,1.3489628825916531e-05,4.13
acquires,1.3489628825916531e-05,4.13
acquire,1.3489628825916531e-05,4.13
acquiring,1.3489628825916531e-05,4.13
activist,1.3489628825916531e-05,4.13
activists,1.3489628825916531e-05,4.13
alike,1.3489628825916531e-05,4.13
applicable,1.3489628825916531e-05,4.13
arrows,1.3489628825916531e-05,4.13
arrow,1.3489628825916531e-05,4.13
availability,1.3489628825916531e-05,4.13
availabilities,1.3489628825916531e-05,4.13
aw,1.3489628825916531e-05,4.13
ba,1.3489628825916531e-05,4.13
bent,1.3489628825916531e-05,4.13
bended,1.3489628825916531e-05,4.13
bends,1.3489628825916531e-05,4.13
bend,1.3489628825916531e-05,4.13
bending,1.3489628825916531e-05,4.13
boundary,1.3489628825916531e-05,4.13
breached,1.3489628825916531e-05,4.13
breaching,1.3489628825916531e-05,4.13
breaches,1.3489628825916531e-05,4.13
breach,1.3489628825916531e-05,4.13
cabin,1.3489628825916531e-05,4.13
cabins,1.3489628825916531e-05,4.13
cage,1.3489628825916531e-05,4.13
caging,1.3489628825916531e-05,4.13
caged,1.3489628825916531e-05,4.13
cages,1.3489628825916531e-05,4.13
chancellors,1.3489628825916531e-05,4.13
chancellor,1.3489628825916531e-05,4.13
cheers,1.3489628825916531e-05,4.13
closet,1.3489628825916531e-05,4.13
closets,1.3489628825916531e-05,4.13
closeting,1.3489628825916531e-05,4.13
closeted,1.3489628825916531e-05,4.13
combining,1.3489628825916531e-05,4.13
combine,1.3489628825916531e-05,4.13
combines,1.3489628825916531e-05,4.13
companion,1.3489628825916531e-05,4.13
companioned,1.3489628825916531e-05,4.13
companioning,1.3489628825916531e-05,4.13
companions,1.3489628825916531e-05,4.13
consciousnesses,1.3489628825916531e-05,4.13
consciousness,1.3489628825916531e-05,4.13
consultants,1.3489628825916531e-05,4.13
consultant,1.3489628825916531e-05,4.13
controller,1.3489628825916531e-05,4.13
controllers,1.3489628825916531e-05,4.13
corresponding,1.3489628825916531e-05,4.13
courtesy,1.3489628825916531e-05,4.13
courtesies,1.3489628825916531e-05,4.13
cuba,1.3489628825916531e-05,4.13
discs,1.3489628825916531e-05,4.13
disced,1.3489628825916531e-05,4.13
discing,1.3489628825916531e-05,4.13
disc,1.3489628825916531e-05,4.13
eagle,1.3489628825916531e-05,4.13
embassy,1.3489628825916531e-05,4.13
embassies,1.3489628825916531e-05,4.13
fascinating,1.3489628825916531e-05,4.13
financings,1.3489628825916531e-05,4.13
flexible,1.3489628825916531e-05,4.13
goodness,1.3489628825916531e-05,4.13
guilts,1.3489628825916531e-05,4.13
guilt,1.3489628825916531e-05,4.13
havens,1.3489628825916531e-05,4.13
haven,1.3489628825916531e-05,4.13
helicopter,1.3489628825916531e-05,4.13
helicopters,1.3489628825916531e-05,4.13
helicoptered,1.3489628825916531e-05,4.13
helicoptering,1.3489628825916531e-05,4.13
homework,1.3489628825916531e-05,4.13
hp,1.3489628825916531e-05,4.13
iconic,1.3489628825916531e-05,4.13
infected,1.3489628825916531e-05,4.13
keenest,1.3489628825916531e-05,4.13
keen,1.3489628825916531e-05,4.13
keening,1.3489628825916531e-05,4.13
keened,1.3489628825916531e-05,4.13
keens,1.3489628825916531e-05,4.13
keener,1.3489628825916531e-05,4.13
kenya,1.3489628825916531e-05,4.13
lesser,1.3489628825916531e-05,4.13
lipped,1.3489628825916531e-05,4.13
lip,1.3489628825916531e-05,4.13
lipping,1.3489628825916531e-05,4.13
mandatory,1.3489628825916531e-05,4.13
manufactured,1.3489628825916531e-05,4.13
mechanics,1.3489628825916531e-05,4.13
merest,1.3489628825916531e-05,4.13
meres,1.3489628825916531e-05,4.13
merer,1.3489628825916531e-05,4.13
mere,1.3489628825916531e-05,4.13
miracles,1.3489628825916531e-05,4.13
miracle,1.3489628825916531e-05,4.13
mt,1.3489628825916531e-05,4.13
mud,1.3489628825916531e-05,4.13
murphy,1.3489628825916531e-05,4.13
nathan,1.3489628825916531e-05,4.13
observations,1.3489628825916531e-05,4.13
observation,1.3489628825916531e-05,4.13
owe,1.3489628825916531e-05,4.13
owing,1.3489628825916531e-05,4.13
owed,1.3489628825916531e-05,4.13
owes,1.3489628825916531e-05,4.13
phenomena,1.3489628825916531e-05,4.13
phenomenon,1.3489628825916531e-05,4.13
phenomenons,1.3489628825916531e-05,4.13
pittsburgh,1.3489628825916531e-05,4.13
playoff,1.3489628825916531e-05,4.13
precised,1.3489628825916531e-05,4.13
precises,1.3489628825916531e-05,4.13
precise,1.3489628825916531e-05,4.13
precising,1.3489628825916531e-05,4.13
professions,1.3489628825916531e-05,4.13
profession,1.3489628825916531e-05,4.13
prospected,1.3489628825916531e-05,4.13
prospecting,1.3489628825916531e-05,4.13
prospects,1.3489628825916531e-05,4.13
prospect,1.3489628825916531e-05,4.13
protective,1.3489628825916531e-05,4.13
protectives,1.3489628825916531e-05,4.13
providers,1.3489628825916531e-05,4.13
publishers,1.3489628825916531e-05,4.13
publisher,1.3489628825916531e-05,4.13
putin,1.3489628825916531e-05,4.13
reportedly,1.3489628825916531e-05,4.13
retreating,1.3489628825916531e-05,4.13
retreat,1.3489628825916531e-05,4.13
retreats,1.3489628825916531e-05,4.13
retreated,1.3489628825916531e-05,4.13
rookie,1.3489628825916531e-05,4.13
rookies,1.3489628825916531e-05,4.13
sandwiches,1.3489628825916531e-05,4.13
sandwiched,1.3489628825916531e-05,4.13
sandwiching,1.3489628825916531e-05,4.13
sandwich,1.3489628825916531e-05,4.13
separations,1.3489628825916531e-05,4.13
separation,1.3489628825916531e-05,4.13
sexually,1.3489628825916531e-05,4.13
skiis,1.3489628825916531e-05,4.13
skis,1.3489628825916531e-05,4.13
ski,1.3489628825916531e-05,4.13
ski'd,1.3489628825916531e-05,4.13
skiing,1.3489628825916531e-05,4.13
sterling,1.3489628825916531e-05,4.13
stuart,1.3489628825916531e-05,4.13
surgeon,1.3489628825916531e-05,4.13
surgeons,1.3489628825916531e-05,4.13
theft,1.3489628825916531e-05,4.13
thefts,1.3489628825916531e-05,4.13
um,1.3489628825916531e-05,4.13
valves,1.3489628825916531e-05,4.13
valve,1.3489628825916531e-05,4.13
visa,1.3489628825916531e-05,4.13
visaed,1.3489628825916531e-05,4.13
visaing,1.3489628825916531e-05,4.13
visas,1.3489628825916531e-05,4.13
washings,1.3489628825916531e-05,4.13
adjacent,1.3182567385564074e-05,4.12
appreciations,1.3182567385564074e-05,4.12
appreciation,1.3182567385564074e-05,4.12
arabia,1.3182567385564074e-05,4.12
athletic,1.3182567385564074e-05,4.12
authorized,1.3182567385564074e-05,4.12
banner,1.3182567385564074e-05,4.12
banners,1.3182567385564074e-05,4.12
beijing,1.3182567385564074e-05,4.12
blockings,1.3182567385564074e-05,4.12
brad,1.3182567385564074e-05,4.12
caribbean,1.3182567385564074e-05,4.12
charms,1.3182567385564074e-05,4.12
charmed,1.3182567385564074e-05,4.12
charming,1.3182567385564074e-05,4.12
charm,1.3182567385564074e-05,4.12
colonies,1.3182567385564074e-05,4.12
colony,1.3182567385564074e-05,4.12
cookies,1.3182567385564074e-05,4.12
cruel,1.3182567385564074e-05,4.12
crueller,1.3182567385564074e-05,4.12
crueler,1.3182567385564074e-05,4.12
cruellest,1.3182567385564074e-05,4.12
cruelest,1.3182567385564074e-05,4.12
curriculums,1.3182567385564074e-05,4.12
curriculum,1.3182567385564074e-05,4.12
curricula,1.3182567385564074e-05,4.12
deadline,1.3182567385564074e-05,4.12
deadlines,1.3182567385564074e-05,4.12
deers,1.3182567385564074e-05,4.12
deer,1.3182567385564074e-05,4.12
deltas,1.3182567385564074e-05,4.12
delta,1.3182567385564074e-05,4.12
dived,1.3182567385564074e-05,4.12
dives,1.3182567385564074e-05,4.12
diving,1.3182567385564074e-05,4.12
dove,1.3182567385564074e-05,4.12
dive,1.3182567385564074e-05,4.12
dividing,1.3182567385564074e-05,4.12
divide,1.3182567385564074e-05,4.12
divides,1.3182567385564074e-05,4.12
easter,1.3182567385564074e-05,4.12
electoral,1.3182567385564074e-05,4.12
eleven,1.3182567385564074e-05,4.12
entity,1.3182567385564074e-05,4.12
entities,1.3182567385564074e-05,4.12
excessive,1.3182567385564074e-05,4.12
feminist,1.3182567385564074e-05,4.12
feminists,1.3182567385564074e-05,4.12
governing,1.3182567385564074e-05,4.12
hamming,1.3182567385564074e-05,4.12
hammed,1.3182567385564074e-05,4.12
ham,1.3182567385564074e-05,4.12
hams,1.3182567385564074e-05,4.12
healed,1.3182567385564074e-05,4.12
heal,1.3182567385564074e-05,4.12
heals,1.3182567385564074e-05,4.12
interfaces,1.3182567385564074e-05,4.12
interfacing,1.3182567385564074e-05,4.12
interfaced,1.3182567385564074e-05,4.12
interface,1.3182567385564074e-05,4.12
ios,1.3182567385564074e-05,4.12
jewelry,1.3182567385564074e-05,4.12
journalism,1.3182567385564074e-05,4.12
juan,1.3182567385564074e-05,4.12
julia,1.3182567385564074e-05,4.12
jungles,1.3182567385564074e-05,4.12
jungle,1.3182567385564074e-05,4.12
linear,1.3182567385564074e-05,4.12
mg,1.3182567385564074e-05,4.12
occasional,1.3182567385564074e-05,4.12
oriented,1.3182567385564074e-05,4.12
pete,1.3182567385564074e-05,4.12
predicted,1.3182567385564074e-05,4.12
prof,1.3182567385564074e-05,4.12
pursuits,1.3182567385564074e-05,4.12
pursuit,1.3182567385564074e-05,4.12
rap,1.3182567385564074e-05,4.12
rapped,1.3182567385564074e-05,4.12
raps,1.3182567385564074e-05,4.12
rapping,1.3182567385564074e-05,4.12
reminder,1.3182567385564074e-05,4.12
reminders,1.3182567385564074e-05,4.12
resumed,1.3182567385564074e-05,4.12
resuming,1.3182567385564074e-05,4.12
resume,1.3182567385564074e-05,4.12
resumes,1.3182567385564074e-05,4.12
revved,1.3182567385564074e-05,4.12
revving,1.3182567385564074e-05,4.12
rev,1.3182567385564074e-05,4.12
revs,1.3182567385564074e-05,4.12
richmond,1.3182567385564074e-05,4.12
ridges,1.3182567385564074e-05,4.12
ridging,1.3182567385564074e-05,4.12
ridge,1.3182567385564074e-05,4.12
ridged,1.3182567385564074e-05,4.12
samsung,1.3182567385564074e-05,4.12
scholars,1.3182567385564074e-05,4.12
sri,1.3182567385564074e-05,4.12
tribe,1.3182567385564074e-05,4.12
tribes,1.3182567385564074e-05,4.12
unfortunates,1.3182567385564074e-05,4.12
unfortunate,1.3182567385564074e-05,4.12
variable,1.3182567385564074e-05,4.12
variables,1.3182567385564074e-05,4.12
victorian,1.3182567385564074e-05,4.12
xi,1.3182567385564074e-05,4.12
acing,1.2882495516931348e-05,4.11
aces,1.2882495516931348e-05,4.11
ace,1.2882495516931348e-05,4.11
aced,1.2882495516931348e-05,4.11
adjusted,1.2882495516931348e-05,4.11
alternating,1.2882495516931348e-05,4.11
alternate,1.2882495516931348e-05,4.11
alternated,1.2882495516931348e-05,4.11
alternates,1.2882495516931348e-05,4.11
artworks,1.2882495516931348e-05,4.11
artwork,1.2882495516931348e-05,4.11
ashley,1.2882495516931348e-05,4.11
athlete,1.2882495516931348e-05,4.11
attractions,1.2882495516931348e-05,4.11
attraction,1.2882495516931348e-05,4.11
babes,1.2882495516931348e-05,4.11
babe,1.2882495516931348e-05,4.11
bankruptcy,1.2882495516931348e-05,4.11
bankruptcies,1.2882495516931348e-05,4.11
canons,1.2882495516931348e-05,4.11
canon,1.2882495516931348e-05,4.11
capabilities,1.2882495516931348e-05,4.11
catherine,1.2882495516931348e-05,4.11
closures,1.2882495516931348e-05,4.11
closured,1.2882495516931348e-05,4.11
closuring,1.2882495516931348e-05,4.11
closure,1.2882495516931348e-05,4.11
cognitive,1.2882495516931348e-05,4.11
competitors,1.2882495516931348e-05,4.11
connecticut,1.2882495516931348e-05,4.11
converts,1.2882495516931348e-05,4.11
converting,1.2882495516931348e-05,4.11
convert,1.2882495516931348e-05,4.11
ct,1.2882495516931348e-05,4.11
defenders,1.2882495516931348e-05,4.11
defender,1.2882495516931348e-05,4.11
dental,1.2882495516931348e-05,4.11
dentals,1.2882495516931348e-05,4.11
diplomatic,1.2882495516931348e-05,4.11
drums,1.2882495516931348e-05,4.11
drumming,1.2882495516931348e-05,4.11
drum,1.2882495516931348e-05,4.11
drummed,1.2882495516931348e-05,4.11
editorials,1.2882495516931348e-05,4.11
editorial,1.2882495516931348e-05,4.11
entertaining,1.2882495516931348e-05,4.11
est,1.2882495516931348e-05,4.11
eternal,1.2882495516931348e-05,4.11
freezes,1.2882495516931348e-05,4.11
freezing,1.2882495516931348e-05,4.11
freeze,1.2882495516931348e-05,4.11
froze,1.2882495516931348e-05,4.11
generics,1.2882495516931348e-05,4.11
generic,1.2882495516931348e-05,4.11
grandmas,1.2882495516931348e-05,4.11
grandma,1.2882495516931348e-05,4.11
gripping,1.2882495516931348e-05,4.11
grip,1.2882495516931348e-05,4.11
grips,1.2882495516931348e-05,4.11
gripped,1.2882495516931348e-05,4.11
handfuls,1.2882495516931348e-05,4.11
handsful,1.2882495516931348e-05,4.11
handful,1.2882495516931348e-05,4.11
happily,1.2882495516931348e-05,4.11
harmonies,1.2882495516931348e-05,4.11
harmony,1.2882495516931348e-05,4.11
hmm,1.2882495516931348e-05,4.11
humblest,1.2882495516931348e-05,4.11
humbler,1.2882495516931348e-05,4.11
humbles,1.2882495516931348e-05,4.11
humbled,1.2882495516931348e-05,4.11
humbling,1.2882495516931348e-05,4.11
humble,1.2882495516931348e-05,4.11
hybrid,1.2882495516931348e-05,4.11
hybrids,1.2882495516931348e-05,4.11
keyboard,1.2882495516931348e-05,4.11
keyboarded,1.2882495516931348e-05,4.11
keyboarding,1.2882495516931348e-05,4.11
keyboards,1.2882495516931348e-05,4.11
locally,1.2882495516931348e-05,4.11
milder,1.2882495516931348e-05,4.11
mildest,1.2882495516931348e-05,4.11
mild,1.2882495516931348e-05,4.11
minimal,1.2882495516931348e-05,4.11
molecular,1.2882495516931348e-05,4.11
neighboring,1.2882495516931348e-05,4.11
neighbor,1.2882495516931348e-05,4.11
neighbored,1.2882495516931348e-05,4.11
noon,1.2882495516931348e-05,4.11
nowadays,1.2882495516931348e-05,4.11
openly,1.2882495516931348e-05,4.11
overviews,1.2882495516931348e-05,4.11
overviewed,1.2882495516931348e-05,4.11
overviewing,1.2882495516931348e-05,4.11
overview,1.2882495516931348e-05,4.11
palestinian,1.2882495516931348e-05,4.11
parish,1.2882495516931348e-05,4.11
parishes,1.2882495516931348e-05,4.11
pathetic,1.2882495516931348e-05,4.11
potato,1.2882495516931348e-05,4.11
potatoes,1.2882495516931348e-05,4.11
pottering,1.2882495516931348e-05,4.11
potters,1.2882495516931348e-05,4.11
pottered,1.2882495516931348e-05,4.11
potter,1.2882495516931348e-05,4.11
preference,1.2882495516931348e-05,4.11
preferences,1.2882495516931348e-05,4.11
proportion,1.2882495516931348e-05,4.11
proportioning,1.2882495516931348e-05,4.11
proportions,1.2882495516931348e-05,4.11
proportioned,1.2882495516931348e-05,4.11
raged,1.2882495516931348e-05,4.11
rage,1.2882495516931348e-05,4.11
raging,1.2882495516931348e-05,4.11
rages,1.2882495516931348e-05,4.11
rd,1.2882495516931348e-05,4.11
restorations,1.2882495516931348e-05,4.11
restoration,1.2882495516931348e-05,4.11
selfish,1.2882495516931348e-05,4.11
sergeant,1.2882495516931348e-05,4.11
sergeants,1.2882495516931348e-05,4.11
silk,1.2882495516931348e-05,4.11
silks,1.2882495516931348e-05,4.11
stamping,1.2882495516931348e-05,4.11
stamped,1.2882495516931348e-05,4.11
stamps,1.2882495516931348e-05,4.11
stamp,1.2882495516931348e-05,4.11
throned,1.2882495516931348e-05,4.11
throne,1.2882495516931348e-05,4.11
throning,1.2882495516931348e-05,4.11
thrones,1.2882495516931348e-05,4.11
thy,1.2882495516931348e-05,4.11
urged,1.2882495516931348e-05,4.11
urging,1.2882495516931348e-05,4.11
urges,1.2882495516931348e-05,4.11
urge,1.2882495516931348e-05,4.11
voter,1.2882495516931348e-05,4.11
warner,1.2882495516931348e-05,4.11
witch,1.2882495516931348e-05,4.11
witches,1.2882495516931348e-05,4.11
ally,1.258925411794166e-05,4.1
allied,1.258925411794166e-05,4.1
allying,1.258925411794166e-05,4.1
archives,1.258925411794166e-05,4.1
arraying,1.258925411794166e-05,4.1
arrays,1.258925411794166e-05,4.1
arrayed,1.258925411794166e-05,4.1
array,1.258925411794166e-05,4.1
bellies,1.258925411794166e-05,4.1
bellying,1.258925411794166e-05,4.1
belly,1.258925411794166e-05,4.1
bellied,1.258925411794166e-05,4.1
booths,1.258925411794166e-05,4.1
booth,1.258925411794166e-05,4.1
breakdowns,1.258925411794166e-05,4.1
breakdown,1.258925411794166e-05,4.1
brutal,1.258925411794166e-05,4.1
calculated,1.258925411794166e-05,4.1
cams,1.258925411794166e-05,4.1
cam,1.258925411794166e-05,4.1
citizenship,1.258925411794166e-05,4.1
cliffs,1.258925411794166e-05,4.1
cliff,1.258925411794166e-05,4.1
consensuses,1.258925411794166e-05,4.1
consensus,1.258925411794166e-05,4.1
declarations,1.258925411794166e-05,4.1
declaration,1.258925411794166e-05,4.1
dennis,1.258925411794166e-05,4.1
derby,1.258925411794166e-05,4.1
derbies,1.258925411794166e-05,4.1
distinctions,1.258925411794166e-05,4.1
distinction,1.258925411794166e-05,4.1
donations,1.258925411794166e-05,4.1
facial,1.258925411794166e-05,4.1
facials,1.258925411794166e-05,4.1
faithful,1.258925411794166e-05,4.1
fatal,1.258925411794166e-05,4.1
fig,1.258925411794166e-05,4.1
figs,1.258925411794166e-05,4.1
fittings,1.258925411794166e-05,4.1
genuinely,1.258925411794166e-05,4.1
holland,1.258925411794166e-05,4.1
hunger,1.258925411794166e-05,4.1
hungering,1.258925411794166e-05,4.1
hungers,1.258925411794166e-05,4.1
hungered,1.258925411794166e-05,4.1
hurricanes,1.258925411794166e-05,4.1
hurricane,1.258925411794166e-05,4.1
implications,1.258925411794166e-05,4.1
importing,1.258925411794166e-05,4.1
imports,1.258925411794166e-05,4.1
imported,1.258925411794166e-05,4.1
import,1.258925411794166e-05,4.1
innovative,1.258925411794166e-05,4.1
ipad,1.258925411794166e-05,4.1
jurisdictions,1.258925411794166e-05,4.1
jurisdiction,1.258925411794166e-05,4.1
laughters,1.258925411794166e-05,4.1
laughter,1.258925411794166e-05,4.1
lemons,1.258925411794166e-05,4.1
lemon,1.258925411794166e-05,4.1
les,1.258925411794166e-05,4.1
loadings,1.258925411794166e-05,4.1
lung,1.258925411794166e-05,4.1
lungs,1.258925411794166e-05,4.1
matchings,1.258925411794166e-05,4.1
mighty,1.258925411794166e-05,4.1
mightier,1.258925411794166e-05,4.1
mightiest,1.258925411794166e-05,4.1
monetary,1.258925411794166e-05,4.1
nutrition,1.258925411794166e-05,4.1
ore,1.258925411794166e-05,4.1
ores,1.258925411794166e-05,4.1
os,1.258925411794166e-05,4.1
outta,1.258925411794166e-05,4.1
pine,1.258925411794166e-05,4.1
pined,1.258925411794166e-05,4.1
pines,1.258925411794166e-05,4.1
pining,1.258925411794166e-05,4.1
poorly,1.258925411794166e-05,4.1
portugal,1.258925411794166e-05,4.1
poses,1.258925411794166e-05,4.1
pose,1.258925411794166e-05,4.1
posing,1.258925411794166e-05,4.1
posed,1.258925411794166e-05,4.1
pour,1.258925411794166e-05,4.1
pours,1.258925411794166e-05,4.1
poured,1.258925411794166e-05,4.1
pouring,1.258925411794166e-05,4.1
provider,1.258925411794166e-05,4.1
publish,1.258925411794166e-05,4.1
publishes,1.258925411794166e-05,4.1
purely,1.258925411794166e-05,4.1
ralph,1.258925411794166e-05,4.1
rentals,1.258925411794166e-05,4.1
rental,1.258925411794166e-05,4.1
seemingly,1.258925411794166e-05,4.1
severely,1.258925411794166e-05,4.1
shark,1.258925411794166e-05,4.1
sharks,1.258925411794166e-05,4.1
southwest,1.258925411794166e-05,4.1
ss,1.258925411794166e-05,4.1
survivors,1.258925411794166e-05,4.1
technically,1.258925411794166e-05,4.1
unlimited,1.258925411794166e-05,4.1
advises,1.230268770812381e-05,4.09
advising,1.230268770812381e-05,4.09
advise,1.230268770812381e-05,4.09
anxious,1.230268770812381e-05,4.09
bees,1.230268770812381e-05,4.09
bee,1.230268770812381e-05,4.09
bombings,1.230268770812381e-05,4.09
cafe,1.230268770812381e-05,4.09
carlos,1.230268770812381e-05,4.09
cigarettes,1.230268770812381e-05,4.09
colin,1.230268770812381e-05,4.09
consisting,1.230268770812381e-05,4.09
cults,1.230268770812381e-05,4.09
cult,1.230268770812381e-05,4.09
dairy,1.230268770812381e-05,4.09
dairies,1.230268770812381e-05,4.09
dakota,1.230268770812381e-05,4.09
darling,1.230268770812381e-05,4.09
darlings,1.230268770812381e-05,4.09
delighted,1.230268770812381e-05,4.09
diary,1.230268770812381e-05,4.09
diaries,1.230268770812381e-05,4.09
disagreed,1.230268770812381e-05,4.09
disagreeing,1.230268770812381e-05,4.09
disagree,1.230268770812381e-05,4.09
disagrees,1.230268770812381e-05,4.09
disappears,1.230268770812381e-05,4.09
disappearing,1.230268770812381e-05,4.09
disappear,1.230268770812381e-05,4.09
drilling,1.230268770812381e-05,4.09
drilled,1.230268770812381e-05,4.09
drills,1.230268770812381e-05,4.09
drill,1.230268770812381e-05,4.09
euro,1.230268770812381e-05,4.09
evolved,1.230268770812381e-05,4.09
fl,1.230268770812381e-05,4.09
forecasted,1.230268770812381e-05,4.09
forecast,1.230268770812381e-05,4.09
forecasting,1.230268770812381e-05,4.09
forecasts,1.230268770812381e-05,4.09
fr,1.230268770812381e-05,4.09
governance,1.230268770812381e-05,4.09
hugging,1.230268770812381e-05,4.09
hugged,1.230268770812381e-05,4.09
hug,1.230268770812381e-05,4.09
hugs,1.230268770812381e-05,4.09
importantly,1.230268770812381e-05,4.09
indoor,1.230268770812381e-05,4.09
influential,1.230268770812381e-05,4.09
influentials,1.230268770812381e-05,4.09
intending,1.230268770812381e-05,4.09
intend,1.230268770812381e-05,4.09
intends,1.230268770812381e-05,4.09
invisible,1.230268770812381e-05,4.09
jeans,1.230268770812381e-05,4.09
julie,1.230268770812381e-05,4.09
karen,1.230268770812381e-05,4.09
lawsuits,1.230268770812381e-05,4.09
lawsuit,1.230268770812381e-05,4.09
leaks,1.230268770812381e-05,4.09
leaked,1.230268770812381e-05,4.09
leaking,1.230268770812381e-05,4.09
leak,1.230268770812381e-05,4.09
lighters,1.230268770812381e-05,4.09
lucas,1.230268770812381e-05,4.09
marcus,1.230268770812381e-05,4.09
metering,1.230268770812381e-05,4.09
metered,1.230268770812381e-05,4.09
meter,1.230268770812381e-05,4.09
musicians,1.230268770812381e-05,4.09
olive,1.230268770812381e-05,4.09
olives,1.230268770812381e-05,4.09
passionate,1.230268770812381e-05,4.09
receiver,1.230268770812381e-05,4.09
receivers,1.230268770812381e-05,4.09
recommendation,1.230268770812381e-05,4.09
rioted,1.230268770812381e-05,4.09
rioting,1.230268770812381e-05,4.09
riots,1.230268770812381e-05,4.09
riot,1.230268770812381e-05,4.09
rogers,1.230268770812381e-05,4.09
rostering,1.230268770812381e-05,4.09
roster,1.230268770812381e-05,4.09
rostered,1.230268770812381e-05,4.09
rosters,1.230268770812381e-05,4.09
servant,1.230268770812381e-05,4.09
servants,1.230268770812381e-05,4.09
setups,1.230268770812381e-05,4.09
setup,1.230268770812381e-05,4.09
should've,1.230268770812381e-05,4.09
skulls,1.230268770812381e-05,4.09
skull,1.230268770812381e-05,4.09
skulling,1.230268770812381e-05,4.09
skulled,1.230268770812381e-05,4.09
slotted,1.230268770812381e-05,4.09
slots,1.230268770812381e-05,4.09
slot,1.230268770812381e-05,4.09
slotting,1.230268770812381e-05,4.09
smashed,1.230268770812381e-05,4.09
smashes,1.230268770812381e-05,4.09
smash,1.230268770812381e-05,4.09
smashing,1.230268770812381e-05,4.09
statues,1.230268770812381e-05,4.09
statue,1.230268770812381e-05,4.09
surprisingly,1.230268770812381e-05,4.09
surrender,1.230268770812381e-05,4.09
surrendered,1.230268770812381e-05,4.09
surrenders,1.230268770812381e-05,4.09
surrendering,1.230268770812381e-05,4.09
suspicious,1.230268770812381e-05,4.09
team's,1.230268770812381e-05,4.09
teenagers,1.230268770812381e-05,4.09
teenager,1.230268770812381e-05,4.09
tender,1.230268770812381e-05,4.09
tendered,1.230268770812381e-05,4.09
tenderest,1.230268770812381e-05,4.09
tendering,1.230268770812381e-05,4.09
tenderer,1.230268770812381e-05,4.09
tenders,1.230268770812381e-05,4.09
thoroughly,1.230268770812381e-05,4.09
todd,1.230268770812381e-05,4.09
vacua,1.230268770812381e-05,4.09
vacuumed,1.230268770812381e-05,4.09
vacuums,1.230268770812381e-05,4.09
vacuum,1.230268770812381e-05,4.09
vacuuming,1.230268770812381e-05,4.09
variations,1.230268770812381e-05,4.09
vi,1.230268770812381e-05,4.09
where's,1.230268770812381e-05,4.09
wi,1.230268770812381e-05,4.09
wont,1.230268770812381e-05,4.09
allegations,1.2022644346174132e-05,4.08
anticipated,1.2022644346174132e-05,4.08
approves,1.2022644346174132e-05,4.08
approving,1.2022644346174132e-05,4.08
approve,1.2022644346174132e-05,4.08
architects,1.2022644346174132e-05,4.08
architect,1.2022644346174132e-05,4.08
basins,1.2022644346174132e-05,4.08
basin,1.2022644346174132e-05,4.08
beneficial,1.2022644346174132e-05,4.08
beneficials,1.2022644346174132e-05,4.08
bleeding,1.2022644346174132e-05,4.08
bleedings,1.2022644346174132e-05,4.08
breeds,1.2022644346174132e-05,4.08
bred,1.2022644346174132e-05,4.08
breed,1.2022644346174132e-05,4.08
breeding,1.2022644346174132e-05,4.08
breedings,1.2022644346174132e-05,4.08
brides,1.2022644346174132e-05,4.08
bride,1.2022644346174132e-05,4.08
broadway,1.2022644346174132e-05,4.08
bros,1.2022644346174132e-05,4.08
bud,1.2022644346174132e-05,4.08
budding,1.2022644346174132e-05,4.08
budded,1.2022644346174132e-05,4.08
buds,1.2022644346174132e-05,4.08
butler,1.2022644346174132e-05,4.08
butlers,1.2022644346174132e-05,4.08
cartoons,1.2022644346174132e-05,4.08
cartooning,1.2022644346174132e-05,4.08
cartooned,1.2022644346174132e-05,4.08
cartoon,1.2022644346174132e-05,4.08
chicks,1.2022644346174132e-05,4.08
chick,1.2022644346174132e-05,4.08
coked,1.2022644346174132e-05,4.08
coking,1.2022644346174132e-05,4.08
coke,1.2022644346174132e-05,4.08
cokes,1.2022644346174132e-05,4.08
comparable,1.2022644346174132e-05,4.08
confirmation,1.2022644346174132e-05,4.08
confirmations,1.2022644346174132e-05,4.08
consoles,1.2022644346174132e-05,4.08
consoled,1.2022644346174132e-05,4.08
consoling,1.2022644346174132e-05,4.08
console,1.2022644346174132e-05,4.08
contractor,1.2022644346174132e-05,4.08
contractors,1.2022644346174132e-05,4.08
diameters,1.2022644346174132e-05,4.08
diameter,1.2022644346174132e-05,4.08
dubai,1.2022644346174132e-05,4.08
dublin,1.2022644346174132e-05,4.08
dump,1.2022644346174132e-05,4.08
dumped,1.2022644346174132e-05,4.08
dumps,1.2022644346174132e-05,4.08
dumping,1.2022644346174132e-05,4.08
duo,1.2022644346174132e-05,4.08
duos,1.2022644346174132e-05,4.08
dynamics,1.2022644346174132e-05,4.08
elephants,1.2022644346174132e-05,4.08
elephant,1.2022644346174132e-05,4.08
enhanced,1.2022644346174132e-05,4.08
exhausted,1.2022644346174132e-05,4.08
fabric,1.2022644346174132e-05,4.08
fabrics,1.2022644346174132e-05,4.08
fabulous,1.2022644346174132e-05,4.08
fairies,1.2022644346174132e-05,4.08
fairy,1.2022644346174132e-05,4.08
fold,1.2022644346174132e-05,4.08
folds,1.2022644346174132e-05,4.08
folding,1.2022644346174132e-05,4.08
folded,1.2022644346174132e-05,4.08
freaking,1.2022644346174132e-05,4.08
freak,1.2022644346174132e-05,4.08
freaks,1.2022644346174132e-05,4.08
freaked,1.2022644346174132e-05,4.08
frustrated,1.2022644346174132e-05,4.08
gambling,1.2022644346174132e-05,4.08
gently,1.2022644346174132e-05,4.08
glorious,1.2022644346174132e-05,4.08
grief,1.2022644346174132e-05,4.08
griefs,1.2022644346174132e-05,4.08
harrison,1.2022644346174132e-05,4.08
historically,1.2022644346174132e-05,4.08
hub,1.2022644346174132e-05,4.08
hubs,1.2022644346174132e-05,4.08
hughes,1.2022644346174132e-05,4.08
inevitable,1.2022644346174132e-05,4.08
inevitables,1.2022644346174132e-05,4.08
kg,1.2022644346174132e-05,4.08
layouts,1.2022644346174132e-05,4.08
layout,1.2022644346174132e-05,4.08
lodges,1.2022644346174132e-05,4.08
lodge,1.2022644346174132e-05,4.08
lodging,1.2022644346174132e-05,4.08
lodged,1.2022644346174132e-05,4.08
merchants,1.2022644346174132e-05,4.08
merchant,1.2022644346174132e-05,4.08
merits,1.2022644346174132e-05,4.08
merited,1.2022644346174132e-05,4.08
merit,1.2022644346174132e-05,4.08
meriting,1.2022644346174132e-05,4.08
micro,1.2022644346174132e-05,4.08
myths,1.2022644346174132e-05,4.08
myth,1.2022644346174132e-05,4.08
nintendo,1.2022644346174132e-05,4.08
obsessed,1.2022644346174132e-05,4.08
organised,1.2022644346174132e-05,4.08
overwhelming,1.2022644346174132e-05,4.08
pale,1.2022644346174132e-05,4.08
palest,1.2022644346174132e-05,4.08
paler,1.2022644346174132e-05,4.08
paling,1.2022644346174132e-05,4.08
paled,1.2022644346174132e-05,4.08
pales,1.2022644346174132e-05,4.08
particles,1.2022644346174132e-05,4.08
pastored,1.2022644346174132e-05,4.08
pastoring,1.2022644346174132e-05,4.08
pastors,1.2022644346174132e-05,4.08
pastor,1.2022644346174132e-05,4.08
permanently,1.2022644346174132e-05,4.08
poison,1.2022644346174132e-05,4.08
poisoned,1.2022644346174132e-05,4.08
poisons,1.2022644346174132e-05,4.08
poisoning,1.2022644346174132e-05,4.08
predict,1.2022644346174132e-05,4.08
predicts,1.2022644346174132e-05,4.08
predicting,1.2022644346174132e-05,4.08
provincials,1.2022644346174132e-05,4.08
provincial,1.2022644346174132e-05,4.08
rebels,1.2022644346174132e-05,4.08
rebelling,1.2022644346174132e-05,4.08
rebel,1.2022644346174132e-05,4.08
rebelled,1.2022644346174132e-05,4.08
rotation,1.2022644346174132e-05,4.08
rotations,1.2022644346174132e-05,4.08
separately,1.2022644346174132e-05,4.08
shaw,1.2022644346174132e-05,4.08
subtle,1.2022644346174132e-05,4.08
subtler,1.2022644346174132e-05,4.08
subtlest,1.2022644346174132e-05,4.08
toll,1.2022644346174132e-05,4.08
tolled,1.2022644346174132e-05,4.08
tolls,1.2022644346174132e-05,4.08
tolling,1.2022644346174132e-05,4.08
tooth,1.2022644346174132e-05,4.08
tragic,1.2022644346174132e-05,4.08
trainers,1.2022644346174132e-05,4.08
trainer,1.2022644346174132e-05,4.08
transformed,1.2022644346174132e-05,4.08
unbelievable,1.2022644346174132e-05,4.08
underneath,1.2022644346174132e-05,4.08
variation,1.2022644346174132e-05,4.08
viral,1.2022644346174132e-05,4.08
warehoused,1.2022644346174132e-05,4.08
warehouses,1.2022644346174132e-05,4.08
warehouse,1.2022644346174132e-05,4.08
warehousing,1.2022644346174132e-05,4.08
widow,1.2022644346174132e-05,4.08
widows,1.2022644346174132e-05,4.08
®,1.2022644346174132e-05,4.08
adjusting,1.1748975549395302e-05,4.07
adjust,1.1748975549395302e-05,4.07
adjusts,1.1748975549395302e-05,4.07
administrator,1.1748975549395302e-05,4.07
administrators,1.1748975549395302e-05,4.07
altogether,1.1748975549395302e-05,4.07
animated,1.1748975549395302e-05,4.07
assessed,1.1748975549395302e-05,4.07
assesses,1.1748975549395302e-05,4.07
assessing,1.1748975549395302e-05,4.07
assess,1.1748975549395302e-05,4.07
assumption,1.1748975549395302e-05,4.07
assumptions,1.1748975549395302e-05,4.07
assured,1.1748975549395302e-05,4.07
austria,1.1748975549395302e-05,4.07
basket,1.1748975549395302e-05,4.07
basketed,1.1748975549395302e-05,4.07
basketing,1.1748975549395302e-05,4.07
baskets,1.1748975549395302e-05,4.07
beard,1.1748975549395302e-05,4.07
beards,1.1748975549395302e-05,4.07
bearding,1.1748975549395302e-05,4.07
bearded,1.1748975549395302e-05,4.07
bio,1.1748975549395302e-05,4.07
blanket,1.1748975549395302e-05,4.07
blanketed,1.1748975549395302e-05,4.07
blanketing,1.1748975549395302e-05,4.07
blankets,1.1748975549395302e-05,4.07
buckets,1.1748975549395302e-05,4.07
bucketing,1.1748975549395302e-05,4.07
bucket,1.1748975549395302e-05,4.07
bucketed,1.1748975549395302e-05,4.07
burger,1.1748975549395302e-05,4.07
capability,1.1748975549395302e-05,4.07
computing,1.1748975549395302e-05,4.07
concentrates,1.1748975549395302e-05,4.07
concentrating,1.1748975549395302e-05,4.07
concentrated,1.1748975549395302e-05,4.07
concentrate,1.1748975549395302e-05,4.07
consequence,1.1748975549395302e-05,4.07
continent,1.1748975549395302e-05,4.07
continents,1.1748975549395302e-05,4.07
cookie,1.1748975549395302e-05,4.07
cruz,1.1748975549395302e-05,4.07
curses,1.1748975549395302e-05,4.07
curse,1.1748975549395302e-05,4.07
cursing,1.1748975549395302e-05,4.07
cursed,1.1748975549395302e-05,4.07
drained,1.1748975549395302e-05,4.07
drains,1.1748975549395302e-05,4.07
drain,1.1748975549395302e-05,4.07
draining,1.1748975549395302e-05,4.07
emissions,1.1748975549395302e-05,4.07
ethical,1.1748975549395302e-05,4.07
ethicals,1.1748975549395302e-05,4.07
excellence,1.1748975549395302e-05,4.07
excellences,1.1748975549395302e-05,4.07
flame,1.1748975549395302e-05,4.07
flamed,1.1748975549395302e-05,4.07
flames,1.1748975549395302e-05,4.07
flaming,1.1748975549395302e-05,4.07
freely,1.1748975549395302e-05,4.07
graduations,1.1748975549395302e-05,4.07
graduation,1.1748975549395302e-05,4.07
hints,1.1748975549395302e-05,4.07
hinted,1.1748975549395302e-05,4.07
hinting,1.1748975549395302e-05,4.07
hint,1.1748975549395302e-05,4.07
horizons,1.1748975549395302e-05,4.07
horizon,1.1748975549395302e-05,4.07
hostile,1.1748975549395302e-05,4.07
inhabitants,1.1748975549395302e-05,4.07
ink,1.1748975549395302e-05,4.07
inks,1.1748975549395302e-05,4.07
inking,1.1748975549395302e-05,4.07
inked,1.1748975549395302e-05,4.07
inns,1.1748975549395302e-05,4.07
inn,1.1748975549395302e-05,4.07
inning,1.1748975549395302e-05,4.07
inned,1.1748975549395302e-05,4.07
intel,1.1748975549395302e-05,4.07
lo,1.1748975549395302e-05,4.07
lucy,1.1748975549395302e-05,4.07
matrix,1.1748975549395302e-05,4.07
matrixes,1.1748975549395302e-05,4.07
matrices,1.1748975549395302e-05,4.07
miserable,1.1748975549395302e-05,4.07
momentum,1.1748975549395302e-05,4.07
momenta,1.1748975549395302e-05,4.07
momentums,1.1748975549395302e-05,4.07
monkey,1.1748975549395302e-05,4.07
monkeyed,1.1748975549395302e-05,4.07
monkeying,1.1748975549395302e-05,4.07
monkeys,1.1748975549395302e-05,4.07
montreal,1.1748975549395302e-05,4.07
motorcycled,1.1748975549395302e-05,4.07
motorcycles,1.1748975549395302e-05,4.07
motorcycle,1.1748975549395302e-05,4.07
motorcycling,1.1748975549395302e-05,4.07
nationwide,1.1748975549395302e-05,4.07
nest,1.1748975549395302e-05,4.07
nests,1.1748975549395302e-05,4.07
nesting,1.1748975549395302e-05,4.07
nested,1.1748975549395302e-05,4.07
newcastle,1.1748975549395302e-05,4.07
nicely,1.1748975549395302e-05,4.07
ninths,1.1748975549395302e-05,4.07
ninth,1.1748975549395302e-05,4.07
nomination,1.1748975549395302e-05,4.07
nominations,1.1748975549395302e-05,4.07
notable,1.1748975549395302e-05,4.07
notables,1.1748975549395302e-05,4.07
obligation,1.1748975549395302e-05,4.07
obligations,1.1748975549395302e-05,4.07
optical,1.1748975549395302e-05,4.07
outlooks,1.1748975549395302e-05,4.07
outlook,1.1748975549395302e-05,4.07
pennies,1.1748975549395302e-05,4.07
penny,1.1748975549395302e-05,4.07
pence,1.1748975549395302e-05,4.07
pettiest,1.1748975549395302e-05,4.07
pettier,1.1748975549395302e-05,4.07
petty,1.1748975549395302e-05,4.07
phd,1.1748975549395302e-05,4.07
quantities,1.1748975549395302e-05,4.07
quantity,1.1748975549395302e-05,4.07
quanta,1.1748975549395302e-05,4.07
quantum,1.1748975549395302e-05,4.07
rainbow,1.1748975549395302e-05,4.07
rainbows,1.1748975549395302e-05,4.07
recognised,1.1748975549395302e-05,4.07
reed,1.1748975549395302e-05,4.07
reeds,1.1748975549395302e-05,4.07
reigns,1.1748975549395302e-05,4.07
reigning,1.1748975549395302e-05,4.07
reigned,1.1748975549395302e-05,4.07
reign,1.1748975549395302e-05,4.07
scanning,1.1748975549395302e-05,4.07
scans,1.1748975549395302e-05,4.07
scanned,1.1748975549395302e-05,4.07
scan,1.1748975549395302e-05,4.07
scares,1.1748975549395302e-05,4.07
scare,1.1748975549395302e-05,4.07
scaring,1.1748975549395302e-05,4.07
spanned,1.1748975549395302e-05,4.07
span,1.1748975549395302e-05,4.07
spanning,1.1748975549395302e-05,4.07
spans,1.1748975549395302e-05,4.07
specialized,1.1748975549395302e-05,4.07
spencer,1.1748975549395302e-05,4.07
submissions,1.1748975549395302e-05,4.07
submission,1.1748975549395302e-05,4.07
sunny,1.1748975549395302e-05,4.07
sunnier,1.1748975549395302e-05,4.07
sunniest,1.1748975549395302e-05,4.07
supporter,1.1748975549395302e-05,4.07
te,1.1748975549395302e-05,4.07
testament,1.1748975549395302e-05,4.07
testaments,1.1748975549395302e-05,4.07
toeing,1.1748975549395302e-05,4.07
toes,1.1748975549395302e-05,4.07
toed,1.1748975549395302e-05,4.07
toe,1.1748975549395302e-05,4.07
tremendous,1.1748975549395302e-05,4.07
ab,1.1481536214968815e-05,4.06
accommodations,1.1481536214968815e-05,4.06
accommodation,1.1481536214968815e-05,4.06
adorable,1.1481536214968815e-05,4.06
allegedly,1.1481536214968815e-05,4.06
ambulances,1.1481536214968815e-05,4.06
ambulance,1.1481536214968815e-05,4.06
ar,1.1481536214968815e-05,4.06
ashamed,1.1481536214968815e-05,4.06
assuring,1.1481536214968815e-05,4.06
assure,1.1481536214968815e-05,4.06
assures,1.1481536214968815e-05,4.06
bailey,1.1481536214968815e-05,4.06
ballots,1.1481536214968815e-05,4.06
balloted,1.1481536214968815e-05,4.06
balloting,1.1481536214968815e-05,4.06
ballot,1.1481536214968815e-05,4.06
blessings,1.1481536214968815e-05,4.06
btw,1.1481536214968815e-05,4.06
cemeteries,1.1481536214968815e-05,4.06
cemetery,1.1481536214968815e-05,4.06
cheat,1.1481536214968815e-05,4.06
cheated,1.1481536214968815e-05,4.06
cheats,1.1481536214968815e-05,4.06
cheered,1.1481536214968815e-05,4.06
cheering,1.1481536214968815e-05,4.06
cheer,1.1481536214968815e-05,4.06
chiles,1.1481536214968815e-05,4.06
chilies,1.1481536214968815e-05,4.06
chile,1.1481536214968815e-05,4.06
chillies,1.1481536214968815e-05,4.06
cigarette,1.1481536214968815e-05,4.06
compacting,1.1481536214968815e-05,4.06
compacts,1.1481536214968815e-05,4.06
compact,1.1481536214968815e-05,4.06
compacted,1.1481536214968815e-05,4.06
consulting,1.1481536214968815e-05,4.06
could've,1.1481536214968815e-05,4.06
deficits,1.1481536214968815e-05,4.06
deficit,1.1481536214968815e-05,4.06
demo,1.1481536214968815e-05,4.06
demos,1.1481536214968815e-05,4.06
demon,1.1481536214968815e-05,4.06
demons,1.1481536214968815e-05,4.06
demonstration,1.1481536214968815e-05,4.06
demonstrations,1.1481536214968815e-05,4.06
detected,1.1481536214968815e-05,4.06
detections,1.1481536214968815e-05,4.06
detection,1.1481536214968815e-05,4.06
dolling,1.1481536214968815e-05,4.06
dolled,1.1481536214968815e-05,4.06
dolls,1.1481536214968815e-05,4.06
doll,1.1481536214968815e-05,4.06
donated,1.1481536214968815e-05,4.06
elaborates,1.1481536214968815e-05,4.06
elaborated,1.1481536214968815e-05,4.06
elaborating,1.1481536214968815e-05,4.06
elaborate,1.1481536214968815e-05,4.06
elders,1.1481536214968815e-05,4.06
expertised,1.1481536214968815e-05,4.06
expertises,1.1481536214968815e-05,4.06
expertising,1.1481536214968815e-05,4.06
expertise,1.1481536214968815e-05,4.06
fc,1.1481536214968815e-05,4.06
fibers,1.1481536214968815e-05,4.06
fiber,1.1481536214968815e-05,4.06
fried,1.1481536214968815e-05,4.06
groceries,1.1481536214968815e-05,4.06
grocery,1.1481536214968815e-05,4.06
guineas,1.1481536214968815e-05,4.06
guinea,1.1481536214968815e-05,4.06
halfway,1.1481536214968815e-05,4.06
heels,1.1481536214968815e-05,4.06
holmes,1.1481536214968815e-05,4.06
hull,1.1481536214968815e-05,4.06
hulls,1.1481536214968815e-05,4.06
hulling,1.1481536214968815e-05,4.06
hulled,1.1481536214968815e-05,4.06
independently,1.1481536214968815e-05,4.06
indications,1.1481536214968815e-05,4.06
indication,1.1481536214968815e-05,4.06
insisted,1.1481536214968815e-05,4.06
intensive,1.1481536214968815e-05,4.06
interactive,1.1481536214968815e-05,4.06
intimates,1.1481536214968815e-05,4.06
intimated,1.1481536214968815e-05,4.06
intimate,1.1481536214968815e-05,4.06
intimating,1.1481536214968815e-05,4.06
laundries,1.1481536214968815e-05,4.06
laundry,1.1481536214968815e-05,4.06
lbs,1.1481536214968815e-05,4.06
linda,1.1481536214968815e-05,4.06
martial,1.1481536214968815e-05,4.06
nigerian,1.1481536214968815e-05,4.06
northeast,1.1481536214968815e-05,4.06
observes,1.1481536214968815e-05,4.06
observe,1.1481536214968815e-05,4.06
observing,1.1481536214968815e-05,4.06
packings,1.1481536214968815e-05,4.06
passwords,1.1481536214968815e-05,4.06
password,1.1481536214968815e-05,4.06
pokemon,1.1481536214968815e-05,4.06
politically,1.1481536214968815e-05,4.06
presumably,1.1481536214968815e-05,4.06
pronounced,1.1481536214968815e-05,4.06
prosecution,1.1481536214968815e-05,4.06
prosecutions,1.1481536214968815e-05,4.06
pulse,1.1481536214968815e-05,4.06
pulsed,1.1481536214968815e-05,4.06
pulsing,1.1481536214968815e-05,4.06
pulses,1.1481536214968815e-05,4.06
rationals,1.1481536214968815e-05,4.06
rational,1.1481536214968815e-05,4.06
realm,1.1481536214968815e-05,4.06
realms,1.1481536214968815e-05,4.06
roping,1.1481536214968815e-05,4.06
rope,1.1481536214968815e-05,4.06
roped,1.1481536214968815e-05,4.06
ropes,1.1481536214968815e-05,4.06
shouting,1.1481536214968815e-05,4.06
shout,1.1481536214968815e-05,4.06
shouted,1.1481536214968815e-05,4.06
shouts,1.1481536214968815e-05,4.06
sierra,1.1481536214968815e-05,4.06
sierras,1.1481536214968815e-05,4.06
smartphone,1.1481536214968815e-05,4.06
specified,1.1481536214968815e-05,4.06
spectacular,1.1481536214968815e-05,4.06
stan,1.1481536214968815e-05,4.06
streaks,1.1481536214968815e-05,4.06
streaked,1.1481536214968815e-05,4.06
streaking,1.1481536214968815e-05,4.06
streak,1.1481536214968815e-05,4.06
subscription,1.1481536214968815e-05,4.06
subscriptions,1.1481536214968815e-05,4.06
switchings,1.1481536214968815e-05,4.06
technological,1.1481536214968815e-05,4.06
temporarily,1.1481536214968815e-05,4.06
tolerance,1.1481536214968815e-05,4.06
tolerances,1.1481536214968815e-05,4.06
traditionally,1.1481536214968815e-05,4.06
unhappy,1.1481536214968815e-05,4.06
unhappiest,1.1481536214968815e-05,4.06
unhappier,1.1481536214968815e-05,4.06
yup,1.1481536214968815e-05,4.06
accomplish,1.122018454301963e-05,4.05
accomplishing,1.122018454301963e-05,4.05
accomplishes,1.122018454301963e-05,4.05
adequated,1.122018454301963e-05,4.05
adequating,1.122018454301963e-05,4.05
adequates,1.122018454301963e-05,4.05
adequate,1.122018454301963e-05,4.05
altered,1.122018454301963e-05,4.05
alter,1.122018454301963e-05,4.05
altering,1.122018454301963e-05,4.05
alters,1.122018454301963e-05,4.05
apologies,1.122018454301963e-05,4.05
apology,1.122018454301963e-05,4.05
arkansas,1.122018454301963e-05,4.05
attributed,1.122018454301963e-05,4.05
begged,1.122018454301963e-05,4.05
begging,1.122018454301963e-05,4.05
begs,1.122018454301963e-05,4.05
beg,1.122018454301963e-05,4.05
bouts,1.122018454301963e-05,4.05
bout,1.122018454301963e-05,4.05
brasses,1.122018454301963e-05,4.05
brass,1.122018454301963e-05,4.05
buzzing,1.122018454301963e-05,4.05
buzzed,1.122018454301963e-05,4.05
buzzes,1.122018454301963e-05,4.05
buzz,1.122018454301963e-05,4.05
clarke,1.122018454301963e-05,4.05
comebacks,1.122018454301963e-05,4.05
comeback,1.122018454301963e-05,4.05
cos,1.122018454301963e-05,4.05
declare,1.122018454301963e-05,4.05
declaring,1.122018454301963e-05,4.05
declares,1.122018454301963e-05,4.05
detect,1.122018454301963e-05,4.05
detecting,1.122018454301963e-05,4.05
detects,1.122018454301963e-05,4.05
diagnosed,1.122018454301963e-05,4.05
diesel,1.122018454301963e-05,4.05
diesels,1.122018454301963e-05,4.05
dimensions,1.122018454301963e-05,4.05
dipping,1.122018454301963e-05,4.05
dip,1.122018454301963e-05,4.05
dipped,1.122018454301963e-05,4.05
dips,1.122018454301963e-05,4.05
disturbing,1.122018454301963e-05,4.05
doesnt,1.122018454301963e-05,4.05
dots,1.122018454301963e-05,4.05
dot,1.122018454301963e-05,4.05
dotted,1.122018454301963e-05,4.05
dotting,1.122018454301963e-05,4.05
dylan,1.122018454301963e-05,4.05
effectiveness,1.122018454301963e-05,4.05
effectivenesses,1.122018454301963e-05,4.05
ellen,1.122018454301963e-05,4.05
embarrassed,1.122018454301963e-05,4.05
exceptional,1.122018454301963e-05,4.05
filings,1.122018454301963e-05,4.05
fled,1.122018454301963e-05,4.05
fouls,1.122018454301963e-05,4.05
foulest,1.122018454301963e-05,4.05
fouler,1.122018454301963e-05,4.05
fouled,1.122018454301963e-05,4.05
fouling,1.122018454301963e-05,4.05
foul,1.122018454301963e-05,4.05
frankly,1.122018454301963e-05,4.05
freezings,1.122018454301963e-05,4.05
graph,1.122018454301963e-05,4.05
graphing,1.122018454301963e-05,4.05
graphs,1.122018454301963e-05,4.05
graphed,1.122018454301963e-05,4.05
hacks,1.122018454301963e-05,4.05
hacked,1.122018454301963e-05,4.05
hack,1.122018454301963e-05,4.05
hacking,1.122018454301963e-05,4.05
hannah,1.122018454301963e-05,4.05
hatred,1.122018454301963e-05,4.05
hatreds,1.122018454301963e-05,4.05
ignorant,1.122018454301963e-05,4.05
interacting,1.122018454301963e-05,4.05
interact,1.122018454301963e-05,4.05
interacts,1.122018454301963e-05,4.05
interacted,1.122018454301963e-05,4.05
lamps,1.122018454301963e-05,4.05
lamp,1.122018454301963e-05,4.05
limitations,1.122018454301963e-05,4.05
majesty,1.122018454301963e-05,4.05
measurement,1.122018454301963e-05,4.05
measurements,1.122018454301963e-05,4.05
medians,1.122018454301963e-05,4.05
median,1.122018454301963e-05,4.05
medieval,1.122018454301963e-05,4.05
milan,1.122018454301963e-05,4.05
mobility,1.122018454301963e-05,4.05
mobilities,1.122018454301963e-05,4.05
montana,1.122018454301963e-05,4.05
nc,1.122018454301963e-05,4.05
ne,1.122018454301963e-05,4.05
nyc,1.122018454301963e-05,4.05
omg,1.122018454301963e-05,4.05
orientation,1.122018454301963e-05,4.05
orientations,1.122018454301963e-05,4.05
oven,1.122018454301963e-05,4.05
ovens,1.122018454301963e-05,4.05
owen,1.122018454301963e-05,4.05
passport,1.122018454301963e-05,4.05
passports,1.122018454301963e-05,4.05
penises,1.122018454301963e-05,4.05
penes,1.122018454301963e-05,4.05
penis,1.122018454301963e-05,4.05
pills,1.122018454301963e-05,4.05
rabbits,1.122018454301963e-05,4.05
rabbitting,1.122018454301963e-05,4.05
rabbitted,1.122018454301963e-05,4.05
rabbit,1.122018454301963e-05,4.05
retire,1.122018454301963e-05,4.05
retires,1.122018454301963e-05,4.05
retiring,1.122018454301963e-05,4.05
rhythm,1.122018454301963e-05,4.05
rhythms,1.122018454301963e-05,4.05
ruth,1.122018454301963e-05,4.05
savaging,1.122018454301963e-05,4.05
savage,1.122018454301963e-05,4.05
savages,1.122018454301963e-05,4.05
savaged,1.122018454301963e-05,4.05
shooter,1.122018454301963e-05,4.05
shooters,1.122018454301963e-05,4.05
siblings,1.122018454301963e-05,4.05
slimmest,1.122018454301963e-05,4.05
slimmed,1.122018454301963e-05,4.05
slim,1.122018454301963e-05,4.05
slims,1.122018454301963e-05,4.05
slimmer,1.122018454301963e-05,4.05
slimming,1.122018454301963e-05,4.05
someday,1.122018454301963e-05,4.05
sophisticated,1.122018454301963e-05,4.05
spammed,1.122018454301963e-05,4.05
spams,1.122018454301963e-05,4.05
spamming,1.122018454301963e-05,4.05
spam,1.122018454301963e-05,4.05
stacking,1.122018454301963e-05,4.05
stacked,1.122018454301963e-05,4.05
stack,1.122018454301963e-05,4.05
stacks,1.122018454301963e-05,4.05
stance,1.122018454301963e-05,4.05
stances,1.122018454301963e-05,4.05
state's,1.122018454301963e-05,4.05
static,1.122018454301963e-05,4.05
subways,1.122018454301963e-05,4.05
subway,1.122018454301963e-05,4.05
supportive,1.122018454301963e-05,4.05
surgical,1.122018454301963e-05,4.05
tabletted,1.122018454301963e-05,4.05
tablets,1.122018454301963e-05,4.05
tableting,1.122018454301963e-05,4.05
tableted,1.122018454301963e-05,4.05
tabletting,1.122018454301963e-05,4.05
tablet,1.122018454301963e-05,4.05
tent,1.122018454301963e-05,4.05
tenting,1.122018454301963e-05,4.05
tented,1.122018454301963e-05,4.05
tents,1.122018454301963e-05,4.05
thesis,1.122018454301963e-05,4.05
theses,1.122018454301963e-05,4.05
tided,1.122018454301963e-05,4.05
tides,1.122018454301963e-05,4.05
tiding,1.122018454301963e-05,4.05
tide,1.122018454301963e-05,4.05
wallace,1.122018454301963e-05,4.05
warfare,1.122018454301963e-05,4.05
week's,1.122018454301963e-05,4.05
withdrawn,1.122018454301963e-05,4.05
withdrew,1.122018454301963e-05,4.05
withdrawing,1.122018454301963e-05,4.05
withdraw,1.122018454301963e-05,4.05
withdraws,1.122018454301963e-05,4.05
withdrawal,1.122018454301963e-05,4.05
withdrawals,1.122018454301963e-05,4.05
00mm,1.0964781961431852e-05,4.04
airline,1.0964781961431852e-05,4.04
anyways,1.0964781961431852e-05,4.04
audited,1.0964781961431852e-05,4.04
audits,1.0964781961431852e-05,4.04
audit,1.0964781961431852e-05,4.04
auditing,1.0964781961431852e-05,4.04
authentic,1.0964781961431852e-05,4.04
authentics,1.0964781961431852e-05,4.04
ave,1.0964781961431852e-05,4.04
backwards,1.0964781961431852e-05,4.04
bi,1.0964781961431852e-05,4.04
blondest,1.0964781961431852e-05,4.04
blonder,1.0964781961431852e-05,4.04
blondes,1.0964781961431852e-05,4.04
blonde,1.0964781961431852e-05,4.04
bolt,1.0964781961431852e-05,4.04
bolted,1.0964781961431852e-05,4.04
bolts,1.0964781961431852e-05,4.04
bolting,1.0964781961431852e-05,4.04
brooks,1.0964781961431852e-05,4.04
bust,1.0964781961431852e-05,4.04
busted,1.0964781961431852e-05,4.04
busts,1.0964781961431852e-05,4.04
busting,1.0964781961431852e-05,4.04
clearings,1.0964781961431852e-05,4.04
collars,1.0964781961431852e-05,4.04
collar,1.0964781961431852e-05,4.04
collared,1.0964781961431852e-05,4.04
collaring,1.0964781961431852e-05,4.04
columbus,1.0964781961431852e-05,4.04
comply,1.0964781961431852e-05,4.04
complying,1.0964781961431852e-05,4.04
complied,1.0964781961431852e-05,4.04
complies,1.0964781961431852e-05,4.04
cope,1.0964781961431852e-05,4.04
copes,1.0964781961431852e-05,4.04
coping,1.0964781961431852e-05,4.04
coped,1.0964781961431852e-05,4.04
creepier,1.0964781961431852e-05,4.04
creepiest,1.0964781961431852e-05,4.04
creepy,1.0964781961431852e-05,4.04
cum,1.0964781961431852e-05,4.04
denmark,1.0964781961431852e-05,4.04
donating,1.0964781961431852e-05,4.04
donate,1.0964781961431852e-05,4.04
donates,1.0964781961431852e-05,4.04
ebay,1.0964781961431852e-05,4.04
echoes,1.0964781961431852e-05,4.04
echos,1.0964781961431852e-05,4.04
echo,1.0964781961431852e-05,4.04
echoing,1.0964781961431852e-05,4.04
echoed,1.0964781961431852e-05,4.04
edwards,1.0964781961431852e-05,4.04
emotionally,1.0964781961431852e-05,4.04
enhance,1.0964781961431852e-05,4.04
enhancing,1.0964781961431852e-05,4.04
enhances,1.0964781961431852e-05,4.04
finales,1.0964781961431852e-05,4.04
finale,1.0964781961431852e-05,4.04
flavors,1.0964781961431852e-05,4.04
flavor,1.0964781961431852e-05,4.04
gloves,1.0964781961431852e-05,4.04
harper,1.0964781961431852e-05,4.04
hart,1.0964781961431852e-05,4.04
harts,1.0964781961431852e-05,4.04
ignorance,1.0964781961431852e-05,4.04
immigrant,1.0964781961431852e-05,4.04
induced,1.0964781961431852e-05,4.04
inspiring,1.0964781961431852e-05,4.04
intermediate,1.0964781961431852e-05,4.04
intermediated,1.0964781961431852e-05,4.04
intermediating,1.0964781961431852e-05,4.04
intermediates,1.0964781961431852e-05,4.04
invention,1.0964781961431852e-05,4.04
inventions,1.0964781961431852e-05,4.04
ip,1.0964781961431852e-05,4.04
jesse,1.0964781961431852e-05,4.04
lgbt,1.0964781961431852e-05,4.04
likewise,1.0964781961431852e-05,4.04
lineup,1.0964781961431852e-05,4.04
lineups,1.0964781961431852e-05,4.04
logan,1.0964781961431852e-05,4.04
magnificent,1.0964781961431852e-05,4.04
mathematical,1.0964781961431852e-05,4.04
meantime,1.0964781961431852e-05,4.04
nevada,1.0964781961431852e-05,4.04
nonetheless,1.0964781961431852e-05,4.04
nutted,1.0964781961431852e-05,4.04
nut,1.0964781961431852e-05,4.04
nutting,1.0964781961431852e-05,4.04
o'clock,1.0964781961431852e-05,4.04
opposing,1.0964781961431852e-05,4.04
orlando,1.0964781961431852e-05,4.04
person's,1.0964781961431852e-05,4.04
pipelines,1.0964781961431852e-05,4.04
pipeline,1.0964781961431852e-05,4.04
placements,1.0964781961431852e-05,4.04
placement,1.0964781961431852e-05,4.04
pt,1.0964781961431852e-05,4.04
puerto,1.0964781961431852e-05,4.04
questionings,1.0964781961431852e-05,4.04
recreation,1.0964781961431852e-05,4.04
recreations,1.0964781961431852e-05,4.04
renewed,1.0964781961431852e-05,4.04
resigned,1.0964781961431852e-05,4.04
rt,1.0964781961431852e-05,4.04
shallow,1.0964781961431852e-05,4.04
shallowing,1.0964781961431852e-05,4.04
shallowed,1.0964781961431852e-05,4.04
shallowest,1.0964781961431852e-05,4.04
shallows,1.0964781961431852e-05,4.04
shallower,1.0964781961431852e-05,4.04
shanghaied,1.0964781961431852e-05,4.04
shanghaiing,1.0964781961431852e-05,4.04
shanghais,1.0964781961431852e-05,4.04
shanghai,1.0964781961431852e-05,4.04
shitty,1.0964781961431852e-05,4.04
singh,1.0964781961431852e-05,4.04
sketched,1.0964781961431852e-05,4.04
sketch,1.0964781961431852e-05,4.04
sketching,1.0964781961431852e-05,4.04
sketches,1.0964781961431852e-05,4.04
soda,1.0964781961431852e-05,4.04
sodas,1.0964781961431852e-05,4.04
spited,1.0964781961431852e-05,4.04
spites,1.0964781961431852e-05,4.04
spiting,1.0964781961431852e-05,4.04
spite,1.0964781961431852e-05,4.04
sponsors,1.0964781961431852e-05,4.04
sponsoring,1.0964781961431852e-05,4.04
sponsor,1.0964781961431852e-05,4.04
strengthens,1.0964781961431852e-05,4.04
strengthened,1.0964781961431852e-05,4.04
strengthen,1.0964781961431852e-05,4.04
strengthening,1.0964781961431852e-05,4.04
sunset,1.0964781961431852e-05,4.04
sunsets,1.0964781961431852e-05,4.04
taiwan,1.0964781961431852e-05,4.04
thanksgiving,1.0964781961431852e-05,4.04
thanksgivings,1.0964781961431852e-05,4.04
thee,1.0964781961431852e-05,4.04
thermals,1.0964781961431852e-05,4.04
thermal,1.0964781961431852e-05,4.04
transform,1.0964781961431852e-05,4.04
transforming,1.0964781961431852e-05,4.04
transforms,1.0964781961431852e-05,4.04
workplace,1.0964781961431852e-05,4.04
workplaces,1.0964781961431852e-05,4.04
yelling,1.0964781961431852e-05,4.04
yorkshire,1.0964781961431852e-05,4.04
amsterdam,1.071519305237607e-05,4.03
analyst,1.071519305237607e-05,4.03
analysts,1.071519305237607e-05,4.03
arabic,1.071519305237607e-05,4.03
arctic,1.071519305237607e-05,4.03
bennett,1.071519305237607e-05,4.03
bristol,1.071519305237607e-05,4.03
buyer,1.071519305237607e-05,4.03
calories,1.071519305237607e-05,4.03
cannabis,1.071519305237607e-05,4.03
ceased,1.071519305237607e-05,4.03
ceases,1.071519305237607e-05,4.03
cease,1.071519305237607e-05,4.03
ceasing,1.071519305237607e-05,4.03
chapel,1.071519305237607e-05,4.03
chapels,1.071519305237607e-05,4.03
cloths,1.071519305237607e-05,4.03
cloth,1.071519305237607e-05,4.03
containers,1.071519305237607e-05,4.03
container,1.071519305237607e-05,4.03
cowboys,1.071519305237607e-05,4.03
deployed,1.071519305237607e-05,4.03
differing,1.071519305237607e-05,4.03
differ,1.071519305237607e-05,4.03
differs,1.071519305237607e-05,4.03
differed,1.071519305237607e-05,4.03
dimensional,1.071519305237607e-05,4.03
eager,1.071519305237607e-05,4.03
elects,1.071519305237607e-05,4.03
elect,1.071519305237607e-05,4.03
electing,1.071519305237607e-05,4.03
elevated,1.071519305237607e-05,4.03
essences,1.071519305237607e-05,4.03
essence,1.071519305237607e-05,4.03
family's,1.071519305237607e-05,4.03
fork,1.071519305237607e-05,4.03
forked,1.071519305237607e-05,4.03
forking,1.071519305237607e-05,4.03
forks,1.071519305237607e-05,4.03
furs,1.071519305237607e-05,4.03
furred,1.071519305237607e-05,4.03
furring,1.071519305237607e-05,4.03
fur,1.071519305237607e-05,4.03
gps,1.071519305237607e-05,4.03
harold,1.071519305237607e-05,4.03
harvesting,1.071519305237607e-05,4.03
harvested,1.071519305237607e-05,4.03
harvests,1.071519305237607e-05,4.03
harvest,1.071519305237607e-05,4.03
headlines,1.071519305237607e-05,4.03
headlining,1.071519305237607e-05,4.03
headlined,1.071519305237607e-05,4.03
headline,1.071519305237607e-05,4.03
hudson,1.071519305237607e-05,4.03
hypes,1.071519305237607e-05,4.03
hyping,1.071519305237607e-05,4.03
hype,1.071519305237607e-05,4.03
hyped,1.071519305237607e-05,4.03
insist,1.071519305237607e-05,4.03
insisting,1.071519305237607e-05,4.03
insists,1.071519305237607e-05,4.03
jo,1.071519305237607e-05,4.03
junk,1.071519305237607e-05,4.03
junked,1.071519305237607e-05,4.03
junks,1.071519305237607e-05,4.03
junking,1.071519305237607e-05,4.03
kenny,1.071519305237607e-05,4.03
kidney,1.071519305237607e-05,4.03
kidneys,1.071519305237607e-05,4.03
king's,1.071519305237607e-05,4.03
laddered,1.071519305237607e-05,4.03
laddering,1.071519305237607e-05,4.03
ladders,1.071519305237607e-05,4.03
ladder,1.071519305237607e-05,4.03
lloyd,1.071519305237607e-05,4.03
lobbies,1.071519305237607e-05,4.03
lobbied,1.071519305237607e-05,4.03
lobby,1.071519305237607e-05,4.03
lobbying,1.071519305237607e-05,4.03
marc,1.071519305237607e-05,4.03
mineral,1.071519305237607e-05,4.03
minerals,1.071519305237607e-05,4.03
mobbed,1.071519305237607e-05,4.03
mob,1.071519305237607e-05,4.03
mobs,1.071519305237607e-05,4.03
mobbing,1.071519305237607e-05,4.03
modest,1.071519305237607e-05,4.03
mph,1.071519305237607e-05,4.03
navigation,1.071519305237607e-05,4.03
nicholas,1.071519305237607e-05,4.03
orbit,1.071519305237607e-05,4.03
orbited,1.071519305237607e-05,4.03
orbiting,1.071519305237607e-05,4.03
orbits,1.071519305237607e-05,4.03
paragraphs,1.071519305237607e-05,4.03
paragraphing,1.071519305237607e-05,4.03
paragraph,1.071519305237607e-05,4.03
paragraphed,1.071519305237607e-05,4.03
passives,1.071519305237607e-05,4.03
passive,1.071519305237607e-05,4.03
peninsulas,1.071519305237607e-05,4.03
peninsula,1.071519305237607e-05,4.03
phillips,1.071519305237607e-05,4.03
pill,1.071519305237607e-05,4.03
pilling,1.071519305237607e-05,4.03
pilled,1.071519305237607e-05,4.03
pork,1.071519305237607e-05,4.03
portuguese,1.071519305237607e-05,4.03
profitable,1.071519305237607e-05,4.03
ranches,1.071519305237607e-05,4.03
ranched,1.071519305237607e-05,4.03
ranching,1.071519305237607e-05,4.03
ranch,1.071519305237607e-05,4.03
reasonably,1.071519305237607e-05,4.03
rejects,1.071519305237607e-05,4.03
rejecting,1.071519305237607e-05,4.03
reject,1.071519305237607e-05,4.03
remaindered,1.071519305237607e-05,4.03
remainder,1.071519305237607e-05,4.03
remainders,1.071519305237607e-05,4.03
remaindering,1.071519305237607e-05,4.03
seized,1.071519305237607e-05,4.03
semester,1.071519305237607e-05,4.03
semesters,1.071519305237607e-05,4.03
sentiments,1.071519305237607e-05,4.03
sentiment,1.071519305237607e-05,4.03
socks,1.071519305237607e-05,4.03
sp,1.071519305237607e-05,4.03
sr,1.071519305237607e-05,4.03
supplement,1.071519305237607e-05,4.03
supplemented,1.071519305237607e-05,4.03
supplementing,1.071519305237607e-05,4.03
supplements,1.071519305237607e-05,4.03
thereby,1.071519305237607e-05,4.03
threshold,1.071519305237607e-05,4.03
thresholds,1.071519305237607e-05,4.03
thresholded,1.071519305237607e-05,4.03
thresholding,1.071519305237607e-05,4.03
til,1.071519305237607e-05,4.03
tinned,1.071519305237607e-05,4.03
tinning,1.071519305237607e-05,4.03
tin,1.071519305237607e-05,4.03
tins,1.071519305237607e-05,4.03
tires,1.071519305237607e-05,4.03
tribal,1.071519305237607e-05,4.03
tribals,1.071519305237607e-05,4.03
trunk,1.071519305237607e-05,4.03
uncertainty,1.071519305237607e-05,4.03
uncertainties,1.071519305237607e-05,4.03
vampire,1.071519305237607e-05,4.03
vampires,1.071519305237607e-05,4.03
verdict,1.071519305237607e-05,4.03
verdicts,1.071519305237607e-05,4.03
0.0.0,1.0471285480508984e-05,4.02
00nd,1.0471285480508984e-05,4.02
abandon,1.0471285480508984e-05,4.02
abandoning,1.0471285480508984e-05,4.02
abandons,1.0471285480508984e-05,4.02
accommodate,1.0471285480508984e-05,4.02
accommodates,1.0471285480508984e-05,4.02
accommodating,1.0471285480508984e-05,4.02
accommodated,1.0471285480508984e-05,4.02
accordingly,1.0471285480508984e-05,4.02
aesthetic,1.0471285480508984e-05,4.02
algorithm,1.0471285480508984e-05,4.02
algorithms,1.0471285480508984e-05,4.02
anchored,1.0471285480508984e-05,4.02
anchoring,1.0471285480508984e-05,4.02
anchor,1.0471285480508984e-05,4.02
anchors,1.0471285480508984e-05,4.02
angela,1.0471285480508984e-05,4.02
apr,1.0471285480508984e-05,4.02
arches,1.0471285480508984e-05,4.02
archs,1.0471285480508984e-05,4.02
arching,1.0471285480508984e-05,4.02
arched,1.0471285480508984e-05,4.02
arch,1.0471285480508984e-05,4.02
au,1.0471285480508984e-05,4.02
axis,1.0471285480508984e-05,4.02
axises,1.0471285480508984e-05,4.02
axes,1.0471285480508984e-05,4.02
badge,1.0471285480508984e-05,4.02
badging,1.0471285480508984e-05,4.02
badged,1.0471285480508984e-05,4.02
badges,1.0471285480508984e-05,4.02
bernard,1.0471285480508984e-05,4.02
bizarre,1.0471285480508984e-05,4.02
bounced,1.0471285480508984e-05,4.02
bounce,1.0471285480508984e-05,4.02
bouncing,1.0471285480508984e-05,4.02
bounces,1.0471285480508984e-05,4.02
bs,1.0471285480508984e-05,4.02
cannon,1.0471285480508984e-05,4.02
cannons,1.0471285480508984e-05,4.02
carolled,1.0471285480508984e-05,4.02
carolling,1.0471285480508984e-05,4.02
carols,1.0471285480508984e-05,4.02
caroled,1.0471285480508984e-05,4.02
caroling,1.0471285480508984e-05,4.02
carol,1.0471285480508984e-05,4.02
complexity,1.0471285480508984e-05,4.02
complexities,1.0471285480508984e-05,4.02
confusing,1.0471285480508984e-05,4.02
consultations,1.0471285480508984e-05,4.02
consultation,1.0471285480508984e-05,4.02
continentals,1.0471285480508984e-05,4.02
continental,1.0471285480508984e-05,4.02
convenience,1.0471285480508984e-05,4.02
conveniences,1.0471285480508984e-05,4.02
deliberately,1.0471285480508984e-05,4.02
diana,1.0471285480508984e-05,4.02
dictionary,1.0471285480508984e-05,4.02
dictionaries,1.0471285480508984e-05,4.02
dignity,1.0471285480508984e-05,4.02
dignities,1.0471285480508984e-05,4.02
dimension,1.0471285480508984e-05,4.02
disappointing,1.0471285480508984e-05,4.02
doug,1.0471285480508984e-05,4.02
duncan,1.0471285480508984e-05,4.02
ego,1.0471285480508984e-05,4.02
egos,1.0471285480508984e-05,4.02
enthusiasms,1.0471285480508984e-05,4.02
enthusiasm,1.0471285480508984e-05,4.02
equation,1.0471285480508984e-05,4.02
equations,1.0471285480508984e-05,4.02
extract,1.0471285480508984e-05,4.02
extracts,1.0471285480508984e-05,4.02
extracting,1.0471285480508984e-05,4.02
extracted,1.0471285480508984e-05,4.02
ferrying,1.0471285480508984e-05,4.02
ferries,1.0471285480508984e-05,4.02
ferried,1.0471285480508984e-05,4.02
ferry,1.0471285480508984e-05,4.02
fisher,1.0471285480508984e-05,4.02
flexibilities,1.0471285480508984e-05,4.02
flexibility,1.0471285480508984e-05,4.02
fm,1.0471285480508984e-05,4.02
fridge,1.0471285480508984e-05,4.02
fusion,1.0471285480508984e-05,4.02
fusions,1.0471285480508984e-05,4.02
gauging,1.0471285480508984e-05,4.02
gauge,1.0471285480508984e-05,4.02
gauged,1.0471285480508984e-05,4.02
gauges,1.0471285480508984e-05,4.02
goats,1.0471285480508984e-05,4.02
goat,1.0471285480508984e-05,4.02
gutting,1.0471285480508984e-05,4.02
gut,1.0471285480508984e-05,4.02
gutted,1.0471285480508984e-05,4.02
guts,1.0471285480508984e-05,4.02
heck,1.0471285480508984e-05,4.02
helmets,1.0471285480508984e-05,4.02
helmet,1.0471285480508984e-05,4.02
ideology,1.0471285480508984e-05,4.02
ideologies,1.0471285480508984e-05,4.02
inclusions,1.0471285480508984e-05,4.02
inclusion,1.0471285480508984e-05,4.02
innings,1.0471285480508984e-05,4.02
insects,1.0471285480508984e-05,4.02
instructor,1.0471285480508984e-05,4.02
instructors,1.0471285480508984e-05,4.02
isolation,1.0471285480508984e-05,4.02
isolations,1.0471285480508984e-05,4.02
ive,1.0471285480508984e-05,4.02
keeper,1.0471285480508984e-05,4.02
keepers,1.0471285480508984e-05,4.02
lambs,1.0471285480508984e-05,4.02
lambed,1.0471285480508984e-05,4.02
lamb,1.0471285480508984e-05,4.02
lambing,1.0471285480508984e-05,4.02
liar,1.0471285480508984e-05,4.02
liars,1.0471285480508984e-05,4.02
machineries,1.0471285480508984e-05,4.02
machinery,1.0471285480508984e-05,4.02
mansions,1.0471285480508984e-05,4.02
mansion,1.0471285480508984e-05,4.02
mega,1.0471285480508984e-05,4.02
mercuries,1.0471285480508984e-05,4.02
mercury,1.0471285480508984e-05,4.02
namely,1.0471285480508984e-05,4.02
nbc,1.0471285480508984e-05,4.02
nhl,1.0471285480508984e-05,4.02
obama's,1.0471285480508984e-05,4.02
orderings,1.0471285480508984e-05,4.02
palmer,1.0471285480508984e-05,4.02
pending,1.0471285480508984e-05,4.02
platinums,1.0471285480508984e-05,4.02
platinum,1.0471285480508984e-05,4.02
possessed,1.0471285480508984e-05,4.02
possess,1.0471285480508984e-05,4.02
possessing,1.0471285480508984e-05,4.02
possesses,1.0471285480508984e-05,4.02
premises,1.0471285480508984e-05,4.02
probabilities,1.0471285480508984e-05,4.02
probability,1.0471285480508984e-05,4.02
ps,1.0471285480508984e-05,4.02
resignation,1.0471285480508984e-05,4.02
resignations,1.0471285480508984e-05,4.02
rider,1.0471285480508984e-05,4.02
riders,1.0471285480508984e-05,4.02
rituals,1.0471285480508984e-05,4.02
ritual,1.0471285480508984e-05,4.02
shelf,1.0471285480508984e-05,4.02
shelves,1.0471285480508984e-05,4.02
slams,1.0471285480508984e-05,4.02
slammed,1.0471285480508984e-05,4.02
slam,1.0471285480508984e-05,4.02
slamming,1.0471285480508984e-05,4.02
starter,1.0471285480508984e-05,4.02
starters,1.0471285480508984e-05,4.02
subscribe,1.0471285480508984e-05,4.02
subscribed,1.0471285480508984e-05,4.02
subscribing,1.0471285480508984e-05,4.02
subscribes,1.0471285480508984e-05,4.02
superman,1.0471285480508984e-05,4.02
supermen,1.0471285480508984e-05,4.02
ta,1.0471285480508984e-05,4.02
tire,1.0471285480508984e-05,4.02
tiring,1.0471285480508984e-05,4.02
tl,1.0471285480508984e-05,4.02
utterly,1.0471285480508984e-05,4.02
voltage,1.0471285480508984e-05,4.02
voltages,1.0471285480508984e-05,4.02
warn,1.0471285480508984e-05,4.02
warns,1.0471285480508984e-05,4.02
width,1.0471285480508984e-05,4.02
widths,1.0471285480508984e-05,4.02
workout,1.0471285480508984e-05,4.02
workouts,1.0471285480508984e-05,4.02
00rd,1.0232929922807536e-05,4.01
aa,1.0232929922807536e-05,4.01
abu,1.0232929922807536e-05,4.01
activated,1.0232929922807536e-05,4.01
adaptations,1.0232929922807536e-05,4.01
adaptation,1.0232929922807536e-05,4.01
advisors,1.0232929922807536e-05,4.01
advisor,1.0232929922807536e-05,4.01
aluminum,1.0232929922807536e-05,4.01
bailed,1.0232929922807536e-05,4.01
bails,1.0232929922807536e-05,4.01
bail,1.0232929922807536e-05,4.01
bailing,1.0232929922807536e-05,4.01
bradley,1.0232929922807536e-05,4.01
brandon,1.0232929922807536e-05,4.01
bucking,1.0232929922807536e-05,4.01
bucked,1.0232929922807536e-05,4.01
buck,1.0232929922807536e-05,4.01
cal,1.0232929922807536e-05,4.01
caroline,1.0232929922807536e-05,4.01
characterized,1.0232929922807536e-05,4.01
civilization,1.0232929922807536e-05,4.01
civilizations,1.0232929922807536e-05,4.01
congrats,1.0232929922807536e-05,4.01
creativity,1.0232929922807536e-05,4.01
delicate,1.0232929922807536e-05,4.01
denning,1.0232929922807536e-05,4.01
dens,1.0232929922807536e-05,4.01
den,1.0232929922807536e-05,4.01
denned,1.0232929922807536e-05,4.01
derek,1.0232929922807536e-05,4.01
disappointment,1.0232929922807536e-05,4.01
disappointments,1.0232929922807536e-05,4.01
disk,1.0232929922807536e-05,4.01
disking,1.0232929922807536e-05,4.01
disks,1.0232929922807536e-05,4.01
disked,1.0232929922807536e-05,4.01
evaluates,1.0232929922807536e-05,4.01
evaluating,1.0232929922807536e-05,4.01
evaluated,1.0232929922807536e-05,4.01
evaluate,1.0232929922807536e-05,4.01
formally,1.0232929922807536e-05,4.01
goddess,1.0232929922807536e-05,4.01
goddesses,1.0232929922807536e-05,4.01
gov,1.0232929922807536e-05,4.01
hampshire,1.0232929922807536e-05,4.01
harassments,1.0232929922807536e-05,4.01
harassment,1.0232929922807536e-05,4.01
hugh,1.0232929922807536e-05,4.01
inserted,1.0232929922807536e-05,4.01
inserts,1.0232929922807536e-05,4.01
inserting,1.0232929922807536e-05,4.01
insert,1.0232929922807536e-05,4.01
joan,1.0232929922807536e-05,4.01
lebanon,1.0232929922807536e-05,4.01
leeds,1.0232929922807536e-05,4.01
legit,1.0232929922807536e-05,4.01
leonard,1.0232929922807536e-05,4.01
liquores,1.0232929922807536e-05,4.01
liquors,1.0232929922807536e-05,4.01
liquor,1.0232929922807536e-05,4.01
loser,1.0232929922807536e-05,4.01
losers,1.0232929922807536e-05,4.01
malcolm,1.0232929922807536e-05,4.01
massage,1.0232929922807536e-05,4.01
massages,1.0232929922807536e-05,4.01
massaging,1.0232929922807536e-05,4.01
massaged,1.0232929922807536e-05,4.01
milwaukee,1.0232929922807536e-05,4.01
musician,1.0232929922807536e-05,4.01
nato,1.0232929922807536e-05,4.01
nephews,1.0232929922807536e-05,4.01
nephew,1.0232929922807536e-05,4.01
notably,1.0232929922807536e-05,4.01
orchestra,1.0232929922807536e-05,4.01
orchestras,1.0232929922807536e-05,4.01
oz,1.0232929922807536e-05,4.01
padded,1.0232929922807536e-05,4.01
pad,1.0232929922807536e-05,4.01
padding,1.0232929922807536e-05,4.01
pads,1.0232929922807536e-05,4.01
pakistani,1.0232929922807536e-05,4.01
precision,1.0232929922807536e-05,4.01
precisions,1.0232929922807536e-05,4.01
preservation,1.0232929922807536e-05,4.01
preservations,1.0232929922807536e-05,4.01
privately,1.0232929922807536e-05,4.01
rumors,1.0232929922807536e-05,4.01
sails,1.0232929922807536e-05,4.01
sailing,1.0232929922807536e-05,4.01
sail,1.0232929922807536e-05,4.01
sailed,1.0232929922807536e-05,4.01
salmons,1.0232929922807536e-05,4.01
salmon,1.0232929922807536e-05,4.01
secretly,1.0232929922807536e-05,4.01
seller,1.0232929922807536e-05,4.01
sellers,1.0232929922807536e-05,4.01
sen,1.0232929922807536e-05,4.01
seo,1.0232929922807536e-05,4.01
sheer,1.0232929922807536e-05,4.01
sheerer,1.0232929922807536e-05,4.01
sheering,1.0232929922807536e-05,4.01
sheered,1.0232929922807536e-05,4.01
sheerest,1.0232929922807536e-05,4.01
sheers,1.0232929922807536e-05,4.01
simpson,1.0232929922807536e-05,4.01
specially,1.0232929922807536e-05,4.01
starker,1.0232929922807536e-05,4.01
stark,1.0232929922807536e-05,4.01
starkest,1.0232929922807536e-05,4.01
sympathy,1.0232929922807536e-05,4.01
sympathies,1.0232929922807536e-05,4.01
tan,1.0232929922807536e-05,4.01
tanner,1.0232929922807536e-05,4.01
tans,1.0232929922807536e-05,4.01
tanning,1.0232929922807536e-05,4.01
tannest,1.0232929922807536e-05,4.01
tanned,1.0232929922807536e-05,4.01
theoretical,1.0232929922807536e-05,4.01
thumbing,1.0232929922807536e-05,4.01
thumbs,1.0232929922807536e-05,4.01
thumbed,1.0232929922807536e-05,4.01
thumb,1.0232929922807536e-05,4.01
timbered,1.0232929922807536e-05,4.01
timbering,1.0232929922807536e-05,4.01
timbers,1.0232929922807536e-05,4.01
timber,1.0232929922807536e-05,4.01
transparent,1.0232929922807536e-05,4.01
travis,1.0232929922807536e-05,4.01
trump's,1.0232929922807536e-05,4.01
tx,1.0232929922807536e-05,4.01
upside,1.0232929922807536e-05,4.01
upsides,1.0232929922807536e-05,4.01
visitor,1.0232929922807536e-05,4.01
vitamins,1.0232929922807536e-05,4.01
vitamin,1.0232929922807536e-05,4.01
voiding,1.0232929922807536e-05,4.01
void,1.0232929922807536e-05,4.01
voided,1.0232929922807536e-05,4.01
voider,1.0232929922807536e-05,4.01
voids,1.0232929922807536e-05,4.01
voidest,1.0232929922807536e-05,4.01
voluntaries,1.0232929922807536e-05,4.01
voluntary,1.0232929922807536e-05,4.01
wheat,1.0232929922807536e-05,4.01
wheats,1.0232929922807536e-05,4.01
whipped,1.0232929922807536e-05,4.01
whips,1.0232929922807536e-05,4.01
whipping,1.0232929922807536e-05,4.01
whip,1.0232929922807536e-05,4.01
wiping,1.0232929922807536e-05,4.01
wipes,1.0232929922807536e-05,4.01
wiped,1.0232929922807536e-05,4.01
wipe,1.0232929922807536e-05,4.01
wrist,1.0232929922807536e-05,4.01
wrists,1.0232929922807536e-05,4.01
™,1.0232929922807536e-05,4.01
acuter,1e-05,4.0
acutest,1e-05,4.0
acute,1e-05,4.0
admiral,1e-05,4.0
admirals,1e-05,4.0
amanda,1e-05,4.0
arnold,1e-05,4.0
arrange,1e-05,4.0
arranges,1e-05,4.0
arranging,1e-05,4.0
banana,1e-05,4.0
bananas,1e-05,4.0
behaved,1e-05,4.0
behaving,1e-05,4.0
behaves,1e-05,4.0
behave,1e-05,4.0
blair,1e-05,4.0
bo,1e-05,4.0
borrows,1e-05,4.0
borrowed,1e-05,4.0
borrowing,1e-05,4.0
borrow,1e-05,4.0
capitols,1e-05,4.0
capitol,1e-05,4.0
celtic,1e-05,4.0
chan,1e-05,4.0
chinning,1e-05,4.0
chins,1e-05,4.0
chinned,1e-05,4.0
chin,1e-05,4.0
civic,1e-05,4.0
clerked,1e-05,4.0
clerks,1e-05,4.0
clerking,1e-05,4.0
clerk,1e-05,4.0
considerably,1e-05,4.0
cottages,1e-05,4.0
cottage,1e-05,4.0
coups,1e-05,4.0
coup,1e-05,4.0
criticized,1e-05,4.0
crude,1e-05,4.0
crudes,1e-05,4.0
crudest,1e-05,4.0
cruder,1e-05,4.0
dash,1e-05,4.0
dashing,1e-05,4.0
dashed,1e-05,4.0
dashes,1e-05,4.0
disclosures,1e-05,4.0
disclosure,1e-05,4.0
disposals,1e-05,4.0
disposal,1e-05,4.0
distinctive,1e-05,4.0
donation,1e-05,4.0
drones,1e-05,4.0
droned,1e-05,4.0
drone,1e-05,4.0
droning,1e-05,4.0
else's,1e-05,4.0
escorts,1e-05,4.0
escort,1e-05,4.0
escorted,1e-05,4.0
escorting,1e-05,4.0
firmly,1e-05,4.0
flour,1e-05,4.0
flouring,1e-05,4.0
flours,1e-05,4.0
floured,1e-05,4.0
gdp,1e-05,4.0
geneva,1e-05,4.0
hindu,1e-05,4.0
indie,1e-05,4.0
indirect,1e-05,4.0
inspire,1e-05,4.0
inspires,1e-05,4.0
institutional,1e-05,4.0
interim,1e-05,4.0
interims,1e-05,4.0
javas,1e-05,4.0
java,1e-05,4.0
jefferson,1e-05,4.0
jerking,1e-05,4.0
jerked,1e-05,4.0
jerks,1e-05,4.0
jerk,1e-05,4.0
karl,1e-05,4.0
kindly,1e-05,4.0
kindness,1e-05,4.0
kindnesses,1e-05,4.0
lotteries,1e-05,4.0
lottery,1e-05,4.0
louise,1e-05,4.0
magnitudes,1e-05,4.0
magnitude,1e-05,4.0
mc,1e-05,4.0
minuses,1e-05,4.0
minus,1e-05,4.0
nhs,1e-05,4.0
nuder,1e-05,4.0
nudes,1e-05,4.0
nude,1e-05,4.0
nudest,1e-05,4.0
outlet,1e-05,4.0
outlets,1e-05,4.0
parameters,1e-05,4.0
pauses,1e-05,4.0
pause,1e-05,4.0
paused,1e-05,4.0
pausing,1e-05,4.0
pledged,1e-05,4.0
pledges,1e-05,4.0
pledge,1e-05,4.0
pledging,1e-05,4.0
portals,1e-05,4.0
portal,1e-05,4.0
prescriptions,1e-05,4.0
prescription,1e-05,4.0
protesters,1e-05,4.0
provings,1e-05,4.0
publicity,1e-05,4.0
punished,1e-05,4.0
puppy,1e-05,4.0
puppies,1e-05,4.0
recruitments,1e-05,4.0
recruitment,1e-05,4.0
shakespeare,1e-05,4.0
silicon,1e-05,4.0
sliced,1e-05,4.0
slice,1e-05,4.0
slicing,1e-05,4.0
slices,1e-05,4.0
spellings,1e-05,4.0
spurs,1e-05,4.0
subscribers,1e-05,4.0
survivor,1e-05,4.0
telegraphing,1e-05,4.0
telegraphs,1e-05,4.0
telegraph,1e-05,4.0
telegraphed,1e-05,4.0
tits,1e-05,4.0
vaccines,1e-05,4.0
vaccine,1e-05,4.0
vinyl,1e-05,4.0
vinyls,1e-05,4.0
westminster,1e-05,4.0
"0,0",9.772372209558113e-06,3.99
accurately,9.772372209558113e-06,3.99
adelaide,9.772372209558113e-06,3.99
affiliating,9.772372209558113e-06,3.99
affiliates,9.772372209558113e-06,3.99
affiliate,9.772372209558113e-06,3.99
affiliated,9.772372209558113e-06,3.99
alfred,9.772372209558113e-06,3.99
asylum,9.772372209558113e-06,3.99
asylums,9.772372209558113e-06,3.99
barned,9.772372209558113e-06,3.99
barns,9.772372209558113e-06,3.99
barning,9.772372209558113e-06,3.99
barn,9.772372209558113e-06,3.99
bents,9.772372209558113e-06,3.99
bernie,9.772372209558113e-06,3.99
brussels,9.772372209558113e-06,3.99
cathedrals,9.772372209558113e-06,3.99
cathedral,9.772372209558113e-06,3.99
child's,9.772372209558113e-06,3.99
clause,9.772372209558113e-06,3.99
clauses,9.772372209558113e-06,3.99
clustering,9.772372209558113e-06,3.99
cluster,9.772372209558113e-06,3.99
clustered,9.772372209558113e-06,3.99
clusters,9.772372209558113e-06,3.99
consistencies,9.772372209558113e-06,3.99
consistency,9.772372209558113e-06,3.99
cr,9.772372209558113e-06,3.99
cylinder,9.772372209558113e-06,3.99
cylinders,9.772372209558113e-06,3.99
dancer,9.772372209558113e-06,3.99
dancers,9.772372209558113e-06,3.99
deafer,9.772372209558113e-06,3.99
deafest,9.772372209558113e-06,3.99
deaf,9.772372209558113e-06,3.99
denials,9.772372209558113e-06,3.99
denial,9.772372209558113e-06,3.99
docks,9.772372209558113e-06,3.99
dock,9.772372209558113e-06,3.99
docking,9.772372209558113e-06,3.99
docked,9.772372209558113e-06,3.99
entrepreneurs,9.772372209558113e-06,3.99
entrepreneur,9.772372209558113e-06,3.99
evident,9.772372209558113e-06,3.99
expectation,9.772372209558113e-06,3.99
expeditions,9.772372209558113e-06,3.99
expedition,9.772372209558113e-06,3.99
facilitate,9.772372209558113e-06,3.99
facilitates,9.772372209558113e-06,3.99
facilitating,9.772372209558113e-06,3.99
facilitated,9.772372209558113e-06,3.99
feats,9.772372209558113e-06,3.99
feat,9.772372209558113e-06,3.99
fossils,9.772372209558113e-06,3.99
fossil,9.772372209558113e-06,3.99
freight,9.772372209558113e-06,3.99
freights,9.772372209558113e-06,3.99
freighted,9.772372209558113e-06,3.99
freighting,9.772372209558113e-06,3.99
goddamn,9.772372209558113e-06,3.99
honesty,9.772372209558113e-06,3.99
inappropriate,9.772372209558113e-06,3.99
infants,9.772372209558113e-06,3.99
infant,9.772372209558113e-06,3.99
initiated,9.772372209558113e-06,3.99
injections,9.772372209558113e-06,3.99
injection,9.772372209558113e-06,3.99
instrumental,9.772372209558113e-06,3.99
insulted,9.772372209558113e-06,3.99
insulting,9.772372209558113e-06,3.99
insult,9.772372209558113e-06,3.99
insults,9.772372209558113e-06,3.99
interferences,9.772372209558113e-06,3.99
interference,9.772372209558113e-06,3.99
interstate,9.772372209558113e-06,3.99
julian,9.772372209558113e-06,3.99
linux,9.772372209558113e-06,3.99
luis,9.772372209558113e-06,3.99
mediterranean,9.772372209558113e-06,3.99
nation's,9.772372209558113e-06,3.99
neat,9.772372209558113e-06,3.99
neater,9.772372209558113e-06,3.99
neatest,9.772372209558113e-06,3.99
negotiated,9.772372209558113e-06,3.99
negotiates,9.772372209558113e-06,3.99
negotiating,9.772372209558113e-06,3.99
negotiate,9.772372209558113e-06,3.99
neo,9.772372209558113e-06,3.99
nicole,9.772372209558113e-06,3.99
off set,9.772372209558113e-06,3.99
offsetted,9.772372209558113e-06,3.99
off-set,9.772372209558113e-06,3.99
off-setting,9.772372209558113e-06,3.99
off sets,9.772372209558113e-06,3.99
offsetting,9.772372209558113e-06,3.99
off-sets,9.772372209558113e-06,3.99
off setting,9.772372209558113e-06,3.99
off-setted,9.772372209558113e-06,3.99
offset,9.772372209558113e-06,3.99
off setted,9.772372209558113e-06,3.99
offsets,9.772372209558113e-06,3.99
outbreaks,9.772372209558113e-06,3.99
outbroken,9.772372209558113e-06,3.99
outbreak,9.772372209558113e-06,3.99
outbreaking,9.772372209558113e-06,3.99
outbroke,9.772372209558113e-06,3.99
pals,9.772372209558113e-06,3.99
pal,9.772372209558113e-06,3.99
palestine,9.772372209558113e-06,3.99
perfection,9.772372209558113e-06,3.99
pirates,9.772372209558113e-06,3.99
probe,9.772372209558113e-06,3.99
probes,9.772372209558113e-06,3.99
probing,9.772372209558113e-06,3.99
probed,9.772372209558113e-06,3.99
prohibited,9.772372209558113e-06,3.99
propose,9.772372209558113e-06,3.99
proposing,9.772372209558113e-06,3.99
proposes,9.772372209558113e-06,3.99
quarterlies,9.772372209558113e-06,3.99
quarterly,9.772372209558113e-06,3.99
recruiting,9.772372209558113e-06,3.99
rehabilitation,9.772372209558113e-06,3.99
rehabilitations,9.772372209558113e-06,3.99
reid,9.772372209558113e-06,3.99
remix,9.772372209558113e-06,3.99
resistant,9.772372209558113e-06,3.99
resistants,9.772372209558113e-06,3.99
reynolds,9.772372209558113e-06,3.99
rollers,9.772372209558113e-06,3.99
roller,9.772372209558113e-06,3.99
sailings,9.772372209558113e-06,3.99
skinny,9.772372209558113e-06,3.99
skinnier,9.772372209558113e-06,3.99
skinniest,9.772372209558113e-06,3.99
sneaking,9.772372209558113e-06,3.99
sneaked,9.772372209558113e-06,3.99
sneaks,9.772372209558113e-06,3.99
sneak,9.772372209558113e-06,3.99
sorer,9.772372209558113e-06,3.99
sore,9.772372209558113e-06,3.99
sorest,9.772372209558113e-06,3.99
sores,9.772372209558113e-06,3.99
sparked,9.772372209558113e-06,3.99
spark,9.772372209558113e-06,3.99
sparks,9.772372209558113e-06,3.99
sparking,9.772372209558113e-06,3.99
speculation,9.772372209558113e-06,3.99
speculations,9.772372209558113e-06,3.99
steeping,9.772372209558113e-06,3.99
steeped,9.772372209558113e-06,3.99
steepest,9.772372209558113e-06,3.99
steeper,9.772372209558113e-06,3.99
steeps,9.772372209558113e-06,3.99
steep,9.772372209558113e-06,3.99
stevens,9.772372209558113e-06,3.99
straw,9.772372209558113e-06,3.99
straws,9.772372209558113e-06,3.99
successors,9.772372209558113e-06,3.99
successor,9.772372209558113e-06,3.99
uncertain,9.772372209558113e-06,3.99
uploaded,9.772372209558113e-06,3.99
uploading,9.772372209558113e-06,3.99
upload,9.772372209558113e-06,3.99
uploads,9.772372209558113e-06,3.99
vector,9.772372209558113e-06,3.99
vectors,9.772372209558113e-06,3.99
vectoring,9.772372209558113e-06,3.99
vectored,9.772372209558113e-06,3.99
weigh,9.772372209558113e-06,3.99
weighed,9.772372209558113e-06,3.99
weighs,9.772372209558113e-06,3.99
weighing,9.772372209558113e-06,3.99
whatsoever,9.772372209558113e-06,3.99
wickedest,9.772372209558113e-06,3.99
wicked,9.772372209558113e-06,3.99
wickeder,9.772372209558113e-06,3.99
00c,9.549925860214369e-06,3.98
abraham,9.549925860214369e-06,3.98
absents,9.549925860214369e-06,3.98
absenting,9.549925860214369e-06,3.98
absent,9.549925860214369e-06,3.98
absented,9.549925860214369e-06,3.98
acoustic,9.549925860214369e-06,3.98
adapt,9.549925860214369e-06,3.98
adapts,9.549925860214369e-06,3.98
adapting,9.549925860214369e-06,3.98
ancestors,9.549925860214369e-06,3.98
archiving,9.549925860214369e-06,3.98
archived,9.549925860214369e-06,3.98
archive,9.549925860214369e-06,3.98
atomic,9.549925860214369e-06,3.98
bean,9.549925860214369e-06,3.98
bicycling,9.549925860214369e-06,3.98
bicycle,9.549925860214369e-06,3.98
bicycled,9.549925860214369e-06,3.98
bicycles,9.549925860214369e-06,3.98
bryan,9.549925860214369e-06,3.98
bumping,9.549925860214369e-06,3.98
bump,9.549925860214369e-06,3.98
bumps,9.549925860214369e-06,3.98
bumped,9.549925860214369e-06,3.98
carts,9.549925860214369e-06,3.98
carted,9.549925860214369e-06,3.98
cart,9.549925860214369e-06,3.98
carting,9.549925860214369e-06,3.98
circus,9.549925860214369e-06,3.98
circuses,9.549925860214369e-06,3.98
claire,9.549925860214369e-06,3.98
cocaine,9.549925860214369e-06,3.98
cohen,9.549925860214369e-06,3.98
colleague,9.549925860214369e-06,3.98
compelling,9.549925860214369e-06,3.98
compiled,9.549925860214369e-06,3.98
complications,9.549925860214369e-06,3.98
constructs,9.549925860214369e-06,3.98
constructing,9.549925860214369e-06,3.98
construct,9.549925860214369e-06,3.98
cords,9.549925860214369e-06,3.98
corded,9.549925860214369e-06,3.98
cord,9.549925860214369e-06,3.98
cording,9.549925860214369e-06,3.98
cyber,9.549925860214369e-06,3.98
dales,9.549925860214369e-06,3.98
dale,9.549925860214369e-06,3.98
defendants,9.549925860214369e-06,3.98
defendant,9.549925860214369e-06,3.98
densest,9.549925860214369e-06,3.98
denser,9.549925860214369e-06,3.98
dense,9.549925860214369e-06,3.98
desperately,9.549925860214369e-06,3.98
doctrine,9.549925860214369e-06,3.98
doctrines,9.549925860214369e-06,3.98
exposes,9.549925860214369e-06,3.98
expose,9.549925860214369e-06,3.98
exposing,9.549925860214369e-06,3.98
financially,9.549925860214369e-06,3.98
freshman,9.549925860214369e-06,3.98
freshmen,9.549925860214369e-06,3.98
furious,9.549925860214369e-06,3.98
gameplay,9.549925860214369e-06,3.98
geographies,9.549925860214369e-06,3.98
geography,9.549925860214369e-06,3.98
gigs,9.549925860214369e-06,3.98
gig,9.549925860214369e-06,3.98
government's,9.549925860214369e-06,3.98
habitats,9.549925860214369e-06,3.98
habitat,9.549925860214369e-06,3.98
harbouring,9.549925860214369e-06,3.98
harboured,9.549925860214369e-06,3.98
harbours,9.549925860214369e-06,3.98
harbour,9.549925860214369e-06,3.98
hazarding,9.549925860214369e-06,3.98
hazards,9.549925860214369e-06,3.98
hazarded,9.549925860214369e-06,3.98
hazard,9.549925860214369e-06,3.98
hydrogens,9.549925860214369e-06,3.98
hydrogen,9.549925860214369e-06,3.98
implies,9.549925860214369e-06,3.98
intact,9.549925860214369e-06,3.98
intakes,9.549925860214369e-06,3.98
intake,9.549925860214369e-06,3.98
irrelevant,9.549925860214369e-06,3.98
jawing,9.549925860214369e-06,3.98
jaw,9.549925860214369e-06,3.98
jaws,9.549925860214369e-06,3.98
jawed,9.549925860214369e-06,3.98
jin,9.549925860214369e-06,3.98
kitty,9.549925860214369e-06,3.98
kitties,9.549925860214369e-06,3.98
lauren,9.549925860214369e-06,3.98
lawns,9.549925860214369e-06,3.98
lawn,9.549925860214369e-06,3.98
manufacture,9.549925860214369e-06,3.98
manufactures,9.549925860214369e-06,3.98
martha,9.549925860214369e-06,3.98
mercedes,9.549925860214369e-06,3.98
moses,9.549925860214369e-06,3.98
nashville,9.549925860214369e-06,3.98
nebraska,9.549925860214369e-06,3.98
needling,9.549925860214369e-06,3.98
needles,9.549925860214369e-06,3.98
needled,9.549925860214369e-06,3.98
needle,9.549925860214369e-06,3.98
ol,9.549925860214369e-06,3.98
organizes,9.549925860214369e-06,3.98
organize,9.549925860214369e-06,3.98
organizing,9.549925860214369e-06,3.98
ottawa,9.549925860214369e-06,3.98
ovalling,9.549925860214369e-06,3.98
ovals,9.549925860214369e-06,3.98
ovalled,9.549925860214369e-06,3.98
ovaled,9.549925860214369e-06,3.98
ovaling,9.549925860214369e-06,3.98
oval,9.549925860214369e-06,3.98
pitying,9.549925860214369e-06,3.98
pitied,9.549925860214369e-06,3.98
pities,9.549925860214369e-06,3.98
pity,9.549925860214369e-06,3.98
ponded,9.549925860214369e-06,3.98
ponding,9.549925860214369e-06,3.98
ponds,9.549925860214369e-06,3.98
pond,9.549925860214369e-06,3.98
porter,9.549925860214369e-06,3.98
porters,9.549925860214369e-06,3.98
prey,9.549925860214369e-06,3.98
preying,9.549925860214369e-06,3.98
preyed,9.549925860214369e-06,3.98
preys,9.549925860214369e-06,3.98
prophet,9.549925860214369e-06,3.98
prophets,9.549925860214369e-06,3.98
raymond,9.549925860214369e-06,3.98
referendums,9.549925860214369e-06,3.98
referendum,9.549925860214369e-06,3.98
referenda,9.549925860214369e-06,3.98
refugee,9.549925860214369e-06,3.98
regulated,9.549925860214369e-06,3.98
ruby,9.549925860214369e-06,3.98
rubies,9.549925860214369e-06,3.98
sanders,9.549925860214369e-06,3.98
satisfy,9.549925860214369e-06,3.98
satisfying,9.549925860214369e-06,3.98
satisfies,9.549925860214369e-06,3.98
seasonal,9.549925860214369e-06,3.98
sensible,9.549925860214369e-06,3.98
sequel,9.549925860214369e-06,3.98
sequels,9.549925860214369e-06,3.98
shiftings,9.549925860214369e-06,3.98
stanford,9.549925860214369e-06,3.98
teammates,9.549925860214369e-06,3.98
townships,9.549925860214369e-06,3.98
township,9.549925860214369e-06,3.98
usb,9.549925860214369e-06,3.98
vienna,9.549925860214369e-06,3.98
waded,9.549925860214369e-06,3.98
wades,9.549925860214369e-06,3.98
wading,9.549925860214369e-06,3.98
wade,9.549925860214369e-06,3.98
whale,9.549925860214369e-06,3.98
whales,9.549925860214369e-06,3.98
writings,9.549925860214369e-06,3.98
admired,9.332543007969906e-06,3.97
admire,9.332543007969906e-06,3.97
admires,9.332543007969906e-06,3.97
admiring,9.332543007969906e-06,3.97
af,9.332543007969906e-06,3.97
amber,9.332543007969906e-06,3.97
ankle,9.332543007969906e-06,3.97
ankles,9.332543007969906e-06,3.97
armor,9.332543007969906e-06,3.97
autisms,9.332543007969906e-06,3.97
autism,9.332543007969906e-06,3.97
bachelor,9.332543007969906e-06,3.97
bachelors,9.332543007969906e-06,3.97
berry,9.332543007969906e-06,3.97
berries,9.332543007969906e-06,3.97
berrying,9.332543007969906e-06,3.97
berried,9.332543007969906e-06,3.97
brady,9.332543007969906e-06,3.97
brisbane,9.332543007969906e-06,3.97
bullying,9.332543007969906e-06,3.97
capitalism,9.332543007969906e-06,3.97
cautioned,9.332543007969906e-06,3.97
cautions,9.332543007969906e-06,3.97
caution,9.332543007969906e-06,3.97
cautioning,9.332543007969906e-06,3.97
certification,9.332543007969906e-06,3.97
certifications,9.332543007969906e-06,3.97
characteristic,9.332543007969906e-06,3.97
clans,9.332543007969906e-06,3.97
clan,9.332543007969906e-06,3.97
clashes,9.332543007969906e-06,3.97
clashing,9.332543007969906e-06,3.97
clashed,9.332543007969906e-06,3.97
clash,9.332543007969906e-06,3.97
compatibles,9.332543007969906e-06,3.97
compatible,9.332543007969906e-06,3.97
condemned,9.332543007969906e-06,3.97
configuration,9.332543007969906e-06,3.97
configurations,9.332543007969906e-06,3.97
continuously,9.332543007969906e-06,3.97
curiosity,9.332543007969906e-06,3.97
curiosities,9.332543007969906e-06,3.97
delights,9.332543007969906e-06,3.97
delighting,9.332543007969906e-06,3.97
delight,9.332543007969906e-06,3.97
explosives,9.332543007969906e-06,3.97
explosive,9.332543007969906e-06,3.97
floodings,9.332543007969906e-06,3.97
fortunate,9.332543007969906e-06,3.97
fortunately,9.332543007969906e-06,3.97
frontiers,9.332543007969906e-06,3.97
frontier,9.332543007969906e-06,3.97
frustrating,9.332543007969906e-06,3.97
frustrations,9.332543007969906e-06,3.97
frustration,9.332543007969906e-06,3.97
geographic,9.332543007969906e-06,3.97
glenn,9.332543007969906e-06,3.97
grande,9.332543007969906e-06,3.97
grasps,9.332543007969906e-06,3.97
grasp,9.332543007969906e-06,3.97
grasping,9.332543007969906e-06,3.97
grasped,9.332543007969906e-06,3.97
handy,9.332543007969906e-06,3.97
handier,9.332543007969906e-06,3.97
handiest,9.332543007969906e-06,3.97
hardcore,9.332543007969906e-06,3.97
harmful,9.332543007969906e-06,3.97
headache,9.332543007969906e-06,3.97
headaches,9.332543007969906e-06,3.97
hers,9.332543007969906e-06,3.97
hispanic,9.332543007969906e-06,3.97
incentives,9.332543007969906e-06,3.97
incentive,9.332543007969906e-06,3.97
inclusive,9.332543007969906e-06,3.97
jackie,9.332543007969906e-06,3.97
joel,9.332543007969906e-06,3.97
licences,9.332543007969906e-06,3.97
licenced,9.332543007969906e-06,3.97
licence,9.332543007969906e-06,3.97
licencing,9.332543007969906e-06,3.97
madness,9.332543007969906e-06,3.97
madnesses,9.332543007969906e-06,3.97
mandating,9.332543007969906e-06,3.97
mandated,9.332543007969906e-06,3.97
mandate,9.332543007969906e-06,3.97
mandates,9.332543007969906e-06,3.97
manga,9.332543007969906e-06,3.97
memorable,9.332543007969906e-06,3.97
merger,9.332543007969906e-06,3.97
mergers,9.332543007969906e-06,3.97
nj,9.332543007969906e-06,3.97
ph,9.332543007969906e-06,3.97
po,9.332543007969906e-06,3.97
poker,9.332543007969906e-06,3.97
pokers,9.332543007969906e-06,3.97
portable,9.332543007969906e-06,3.97
portables,9.332543007969906e-06,3.97
quebec,9.332543007969906e-06,3.97
randomly,9.332543007969906e-06,3.97
resigning,9.332543007969906e-06,3.97
resigns,9.332543007969906e-06,3.97
resign,9.332543007969906e-06,3.97
rico,9.332543007969906e-06,3.97
robbery,9.332543007969906e-06,3.97
robberies,9.332543007969906e-06,3.97
rubbing,9.332543007969906e-06,3.97
rub,9.332543007969906e-06,3.97
rubs,9.332543007969906e-06,3.97
rubbed,9.332543007969906e-06,3.97
sallied,9.332543007969906e-06,3.97
sally,9.332543007969906e-06,3.97
sallies,9.332543007969906e-06,3.97
sallying,9.332543007969906e-06,3.97
scattered,9.332543007969906e-06,3.97
scouts,9.332543007969906e-06,3.97
scouting,9.332543007969906e-06,3.97
scout,9.332543007969906e-06,3.97
scouted,9.332543007969906e-06,3.97
sexuality,9.332543007969906e-06,3.97
sexualities,9.332543007969906e-06,3.97
slaps,9.332543007969906e-06,3.97
slapped,9.332543007969906e-06,3.97
slapping,9.332543007969906e-06,3.97
slap,9.332543007969906e-06,3.97
steak,9.332543007969906e-06,3.97
steaks,9.332543007969906e-06,3.97
succession,9.332543007969906e-06,3.97
successions,9.332543007969906e-06,3.97
superintendents,9.332543007969906e-06,3.97
superintendent,9.332543007969906e-06,3.97
suspicions,9.332543007969906e-06,3.97
suspicion,9.332543007969906e-06,3.97
sweeps,9.332543007969906e-06,3.97
swept,9.332543007969906e-06,3.97
sweeping,9.332543007969906e-06,3.97
sweep,9.332543007969906e-06,3.97
tactical,9.332543007969906e-06,3.97
therapists,9.332543007969906e-06,3.97
therapist,9.332543007969906e-06,3.97
thereafter,9.332543007969906e-06,3.97
thorough,9.332543007969906e-06,3.97
tuitions,9.332543007969906e-06,3.97
tuition,9.332543007969906e-06,3.97
tumor,9.332543007969906e-06,3.97
tumors,9.332543007969906e-06,3.97
usd,9.332543007969906e-06,3.97
wholesale,9.332543007969906e-06,3.97
wholesaling,9.332543007969906e-06,3.97
wholesaled,9.332543007969906e-06,3.97
wholesales,9.332543007969906e-06,3.97
wwe,9.332543007969906e-06,3.97
administered,9.120108393559096e-06,3.96
architectural,9.120108393559096e-06,3.96
artillery,9.120108393559096e-06,3.96
assembled,9.120108393559096e-06,3.96
bangladesh,9.120108393559096e-06,3.96
barack,9.120108393559096e-06,3.96
canvas,9.120108393559096e-06,3.96
canvased,9.120108393559096e-06,3.96
canvases,9.120108393559096e-06,3.96
canvasing,9.120108393559096e-06,3.96
canyon,9.120108393559096e-06,3.96
canyons,9.120108393559096e-06,3.96
casey,9.120108393559096e-06,3.96
cheek,9.120108393559096e-06,3.96
cheeking,9.120108393559096e-06,3.96
cheeks,9.120108393559096e-06,3.96
cheeked,9.120108393559096e-06,3.96
chen,9.120108393559096e-06,3.96
cincinnati,9.120108393559096e-06,3.96
circulars,9.120108393559096e-06,3.96
circular,9.120108393559096e-06,3.96
circulation,9.120108393559096e-06,3.96
circulations,9.120108393559096e-06,3.96
clearance,9.120108393559096e-06,3.96
clearances,9.120108393559096e-06,3.96
coincidences,9.120108393559096e-06,3.96
coincidence,9.120108393559096e-06,3.96
comedian,9.120108393559096e-06,3.96
comedians,9.120108393559096e-06,3.96
consciences,9.120108393559096e-06,3.96
conscience,9.120108393559096e-06,3.96
coolers,9.120108393559096e-06,3.96
countless,9.120108393559096e-06,3.96
currying,9.120108393559096e-06,3.96
curries,9.120108393559096e-06,3.96
curried,9.120108393559096e-06,3.96
curry,9.120108393559096e-06,3.96
dames,9.120108393559096e-06,3.96
dame,9.120108393559096e-06,3.96
deceased,9.120108393559096e-06,3.96
dedications,9.120108393559096e-06,3.96
dedication,9.120108393559096e-06,3.96
detentions,9.120108393559096e-06,3.96
detention,9.120108393559096e-06,3.96
drake,9.120108393559096e-06,3.96
drakes,9.120108393559096e-06,3.96
employing,9.120108393559096e-06,3.96
employ,9.120108393559096e-06,3.96
employs,9.120108393559096e-06,3.96
enforces,9.120108393559096e-06,3.96
enforcing,9.120108393559096e-06,3.96
enforced,9.120108393559096e-06,3.96
enforce,9.120108393559096e-06,3.96
explicit,9.120108393559096e-06,3.96
explicitly,9.120108393559096e-06,3.96
florence,9.120108393559096e-06,3.96
flu,9.120108393559096e-06,3.96
forbidden,9.120108393559096e-06,3.96
fractioned,9.120108393559096e-06,3.96
fractions,9.120108393559096e-06,3.96
fractioning,9.120108393559096e-06,3.96
fraction,9.120108393559096e-06,3.96
girl's,9.120108393559096e-06,3.96
hes,9.120108393559096e-06,3.96
infantry,9.120108393559096e-06,3.96
integral,9.120108393559096e-06,3.96
integrals,9.120108393559096e-06,3.96
investor,9.120108393559096e-06,3.96
janet,9.120108393559096e-06,3.96
katie,9.120108393559096e-06,3.96
kidnapped,9.120108393559096e-06,3.96
lightly,9.120108393559096e-06,3.96
marbled,9.120108393559096e-06,3.96
marbles,9.120108393559096e-06,3.96
marbling,9.120108393559096e-06,3.96
marble,9.120108393559096e-06,3.96
maritime,9.120108393559096e-06,3.96
melting,9.120108393559096e-06,3.96
melt,9.120108393559096e-06,3.96
melted,9.120108393559096e-06,3.96
melts,9.120108393559096e-06,3.96
monica,9.120108393559096e-06,3.96
mumbai,9.120108393559096e-06,3.96
nominees,9.120108393559096e-06,3.96
nominee,9.120108393559096e-06,3.96
oath,9.120108393559096e-06,3.96
oaths,9.120108393559096e-06,3.96
offences,9.120108393559096e-06,3.96
offence,9.120108393559096e-06,3.96
packagings,9.120108393559096e-06,3.96
patriots,9.120108393559096e-06,3.96
pees,9.120108393559096e-06,3.96
peed,9.120108393559096e-06,3.96
pee,9.120108393559096e-06,3.96
peeing,9.120108393559096e-06,3.96
pillows,9.120108393559096e-06,3.96
pillowing,9.120108393559096e-06,3.96
pillowed,9.120108393559096e-06,3.96
pillow,9.120108393559096e-06,3.96
pirated,9.120108393559096e-06,3.96
pirate,9.120108393559096e-06,3.96
pirating,9.120108393559096e-06,3.96
polars,9.120108393559096e-06,3.96
polar,9.120108393559096e-06,3.96
predictions,9.120108393559096e-06,3.96
prediction,9.120108393559096e-06,3.96
previews,9.120108393559096e-06,3.96
previewed,9.120108393559096e-06,3.96
previewing,9.120108393559096e-06,3.96
preview,9.120108393559096e-06,3.96
puzzling,9.120108393559096e-06,3.96
puzzles,9.120108393559096e-06,3.96
puzzled,9.120108393559096e-06,3.96
puzzle,9.120108393559096e-06,3.96
rapper,9.120108393559096e-06,3.96
rebecca,9.120108393559096e-06,3.96
reconstruction,9.120108393559096e-06,3.96
reconstructions,9.120108393559096e-06,3.96
renowned,9.120108393559096e-06,3.96
revelations,9.120108393559096e-06,3.96
revelation,9.120108393559096e-06,3.96
sara,9.120108393559096e-06,3.96
scholar,9.120108393559096e-06,3.96
skirts,9.120108393559096e-06,3.96
skirt,9.120108393559096e-06,3.96
skirted,9.120108393559096e-06,3.96
skirting,9.120108393559096e-06,3.96
socially,9.120108393559096e-06,3.96
spas,9.120108393559096e-06,3.96
spa,9.120108393559096e-06,3.96
spikes,9.120108393559096e-06,3.96
spiking,9.120108393559096e-06,3.96
spike,9.120108393559096e-06,3.96
spiked,9.120108393559096e-06,3.96
sprint,9.120108393559096e-06,3.96
sprints,9.120108393559096e-06,3.96
sprinting,9.120108393559096e-06,3.96
sprinted,9.120108393559096e-06,3.96
stirring,9.120108393559096e-06,3.96
stir,9.120108393559096e-06,3.96
stirred,9.120108393559096e-06,3.96
stirs,9.120108393559096e-06,3.96
substantially,9.120108393559096e-06,3.96
suburbs,9.120108393559096e-06,3.96
superb,9.120108393559096e-06,3.96
supposedly,9.120108393559096e-06,3.96
tab,9.120108393559096e-06,3.96
tendency,9.120108393559096e-06,3.96
tendencies,9.120108393559096e-06,3.96
that'll,9.120108393559096e-06,3.96
theirs,9.120108393559096e-06,3.96
toasting,9.120108393559096e-06,3.96
toasted,9.120108393559096e-06,3.96
toast,9.120108393559096e-06,3.96
toasts,9.120108393559096e-06,3.96
touchdowns,9.120108393559096e-06,3.96
touchdown,9.120108393559096e-06,3.96
traits,9.120108393559096e-06,3.96
trek,9.120108393559096e-06,3.96
trekked,9.120108393559096e-06,3.96
trekking,9.120108393559096e-06,3.96
treks,9.120108393559096e-06,3.96
trickiest,9.120108393559096e-06,3.96
tricky,9.120108393559096e-06,3.96
trickier,9.120108393559096e-06,3.96
triumph,9.120108393559096e-06,3.96
triumphing,9.120108393559096e-06,3.96
triumphs,9.120108393559096e-06,3.96
triumphed,9.120108393559096e-06,3.96
uber,9.120108393559096e-06,3.96
underwear,9.120108393559096e-06,3.96
unto,9.120108393559096e-06,3.96
viables,9.120108393559096e-06,3.96
viable,9.120108393559096e-06,3.96
waist,9.120108393559096e-06,3.96
waists,9.120108393559096e-06,3.96
wit,9.120108393559096e-06,3.96
wits,9.120108393559096e-06,3.96
wreck,9.120108393559096e-06,3.96
wrecks,9.120108393559096e-06,3.96
wrecked,9.120108393559096e-06,3.96
wrecking,9.120108393559096e-06,3.96
absurd,8.91250938133746e-06,3.95
accessories,8.91250938133746e-06,3.95
adrian,8.91250938133746e-06,3.95
ag,8.91250938133746e-06,3.95
ambitious,8.91250938133746e-06,3.95
amid,8.91250938133746e-06,3.95
annoyed,8.91250938133746e-06,3.95
ballets,8.91250938133746e-06,3.95
ballet,8.91250938133746e-06,3.95
bargained,8.91250938133746e-06,3.95
bargain,8.91250938133746e-06,3.95
bargains,8.91250938133746e-06,3.95
bargaining,8.91250938133746e-06,3.95
binary,8.91250938133746e-06,3.95
binaries,8.91250938133746e-06,3.95
blends,8.91250938133746e-06,3.95
blend,8.91250938133746e-06,3.95
blended,8.91250938133746e-06,3.95
blent,8.91250938133746e-06,3.95
blending,8.91250938133746e-06,3.95
blogs,8.91250938133746e-06,3.95
braked,8.91250938133746e-06,3.95
braking,8.91250938133746e-06,3.95
brake,8.91250938133746e-06,3.95
brakes,8.91250938133746e-06,3.95
businessmen,8.91250938133746e-06,3.95
businessman,8.91250938133746e-06,3.95
cab,8.91250938133746e-06,3.95
cabs,8.91250938133746e-06,3.95
ch,8.91250938133746e-06,3.95
chi,8.91250938133746e-06,3.95
col,8.91250938133746e-06,3.95
collision,8.91250938133746e-06,3.95
collisions,8.91250938133746e-06,3.95
colombia,8.91250938133746e-06,3.95
compassion,8.91250938133746e-06,3.95
consumed,8.91250938133746e-06,3.95
corrections,8.91250938133746e-06,3.95
correction,8.91250938133746e-06,3.95
coughed,8.91250938133746e-06,3.95
coughs,8.91250938133746e-06,3.95
cough,8.91250938133746e-06,3.95
coughing,8.91250938133746e-06,3.95
critic,8.91250938133746e-06,3.95
czech,8.91250938133746e-06,3.95
depots,8.91250938133746e-06,3.95
depot,8.91250938133746e-06,3.95
distresses,8.91250938133746e-06,3.95
distressing,8.91250938133746e-06,3.95
distressed,8.91250938133746e-06,3.95
distress,8.91250938133746e-06,3.95
documentation,8.91250938133746e-06,3.95
documentations,8.91250938133746e-06,3.95
dramatically,8.91250938133746e-06,3.95
elegant,8.91250938133746e-06,3.95
elevator,8.91250938133746e-06,3.95
elevators,8.91250938133746e-06,3.95
ellis,8.91250938133746e-06,3.95
executes,8.91250938133746e-06,3.95
executing,8.91250938133746e-06,3.95
execute,8.91250938133746e-06,3.95
feasting,8.91250938133746e-06,3.95
feasts,8.91250938133746e-06,3.95
feasted,8.91250938133746e-06,3.95
feast,8.91250938133746e-06,3.95
finland,8.91250938133746e-06,3.95
frederick,8.91250938133746e-06,3.95
friend's,8.91250938133746e-06,3.95
frost,8.91250938133746e-06,3.95
frosts,8.91250938133746e-06,3.95
frosted,8.91250938133746e-06,3.95
frosting,8.91250938133746e-06,3.95
goin,8.91250938133746e-06,3.95
heralding,8.91250938133746e-06,3.95
herald,8.91250938133746e-06,3.95
heralded,8.91250938133746e-06,3.95
heralds,8.91250938133746e-06,3.95
hikes,8.91250938133746e-06,3.95
hike,8.91250938133746e-06,3.95
hiked,8.91250938133746e-06,3.95
hiking,8.91250938133746e-06,3.95
hollowest,8.91250938133746e-06,3.95
hollowed,8.91250938133746e-06,3.95
hollower,8.91250938133746e-06,3.95
hollows,8.91250938133746e-06,3.95
hollowing,8.91250938133746e-06,3.95
hollow,8.91250938133746e-06,3.95
homelands,8.91250938133746e-06,3.95
homeland,8.91250938133746e-06,3.95
how's,8.91250938133746e-06,3.95
ing,8.91250938133746e-06,3.95
internationally,8.91250938133746e-06,3.95
iraqi,8.91250938133746e-06,3.95
itunes,8.91250938133746e-06,3.95
kane,8.91250938133746e-06,3.95
lamed,8.91250938133746e-06,3.95
lamer,8.91250938133746e-06,3.95
lame,8.91250938133746e-06,3.95
lamest,8.91250938133746e-06,3.95
laming,8.91250938133746e-06,3.95
lames,8.91250938133746e-06,3.95
lilies,8.91250938133746e-06,3.95
lily,8.91250938133746e-06,3.95
lockers,8.91250938133746e-06,3.95
locker,8.91250938133746e-06,3.95
mainland,8.91250938133746e-06,3.95
markings,8.91250938133746e-06,3.95
meditations,8.91250938133746e-06,3.95
meditation,8.91250938133746e-06,3.95
messenger,8.91250938133746e-06,3.95
messengers,8.91250938133746e-06,3.95
munich,8.91250938133746e-06,3.95
norwegian,8.91250938133746e-06,3.95
pencilled,8.91250938133746e-06,3.95
pencilling,8.91250938133746e-06,3.95
penciling,8.91250938133746e-06,3.95
penciled,8.91250938133746e-06,3.95
pencil,8.91250938133746e-06,3.95
pencils,8.91250938133746e-06,3.95
philosophical,8.91250938133746e-06,3.95
pierre,8.91250938133746e-06,3.95
plasmas,8.91250938133746e-06,3.95
plasma,8.91250938133746e-06,3.95
plea,8.91250938133746e-06,3.95
pleas,8.91250938133746e-06,3.95
punishing,8.91250938133746e-06,3.95
punishes,8.91250938133746e-06,3.95
punish,8.91250938133746e-06,3.95
pursing,8.91250938133746e-06,3.95
purses,8.91250938133746e-06,3.95
pursed,8.91250938133746e-06,3.95
purse,8.91250938133746e-06,3.95
quarterbacks,8.91250938133746e-06,3.95
quarterbacking,8.91250938133746e-06,3.95
quarterbacked,8.91250938133746e-06,3.95
quarterback,8.91250938133746e-06,3.95
reagan,8.91250938133746e-06,3.95
refs,8.91250938133746e-06,3.95
reffed,8.91250938133746e-06,3.95
reffing,8.91250938133746e-06,3.95
ref,8.91250938133746e-06,3.95
relieved,8.91250938133746e-06,3.95
reservation,8.91250938133746e-06,3.95
reservations,8.91250938133746e-06,3.95
rhetoric,8.91250938133746e-06,3.95
salvation,8.91250938133746e-06,3.95
sanctions,8.91250938133746e-06,3.95
secular,8.91250938133746e-06,3.95
sensitivity,8.91250938133746e-06,3.95
sensitivities,8.91250938133746e-06,3.95
shane,8.91250938133746e-06,3.95
sighing,8.91250938133746e-06,3.95
sighs,8.91250938133746e-06,3.95
sigh,8.91250938133746e-06,3.95
sighed,8.91250938133746e-06,3.95
sixteen,8.91250938133746e-06,3.95
sovereigns,8.91250938133746e-06,3.95
sovereign,8.91250938133746e-06,3.95
specifications,8.91250938133746e-06,3.95
spouses,8.91250938133746e-06,3.95
spouse,8.91250938133746e-06,3.95
stat,8.91250938133746e-06,3.95
supervisors,8.91250938133746e-06,3.95
supervisor,8.91250938133746e-06,3.95
synthetics,8.91250938133746e-06,3.95
synthetic,8.91250938133746e-06,3.95
tensing,8.91250938133746e-06,3.95
tensed,8.91250938133746e-06,3.95
tenser,8.91250938133746e-06,3.95
tense,8.91250938133746e-06,3.95
tensest,8.91250938133746e-06,3.95
tenses,8.91250938133746e-06,3.95
terrifying,8.91250938133746e-06,3.95
toyota,8.91250938133746e-06,3.95
traders,8.91250938133746e-06,3.95
troy,8.91250938133746e-06,3.95
vegan,8.91250938133746e-06,3.95
vegans,8.91250938133746e-06,3.95
wakings,8.91250938133746e-06,3.95
walmart,8.91250938133746e-06,3.95
wang,8.91250938133746e-06,3.95
wildernesses,8.91250938133746e-06,3.95
wilderness,8.91250938133746e-06,3.95
adviser,8.709635899560814e-06,3.94
advisers,8.709635899560814e-06,3.94
aggregating,8.709635899560814e-06,3.94
aggregate,8.709635899560814e-06,3.94
aggregated,8.709635899560814e-06,3.94
aggregates,8.709635899560814e-06,3.94
anal,8.709635899560814e-06,3.94
anatomies,8.709635899560814e-06,3.94
anatomy,8.709635899560814e-06,3.94
annie,8.709635899560814e-06,3.94
applicants,8.709635899560814e-06,3.94
automobile,8.709635899560814e-06,3.94
automobiles,8.709635899560814e-06,3.94
barnes,8.709635899560814e-06,3.94
cemented,8.709635899560814e-06,3.94
cement,8.709635899560814e-06,3.94
cementing,8.709635899560814e-06,3.94
cements,8.709635899560814e-06,3.94
chess,8.709635899560814e-06,3.94
citing,8.709635899560814e-06,3.94
compositing,8.709635899560814e-06,3.94
composite,8.709635899560814e-06,3.94
composited,8.709635899560814e-06,3.94
composites,8.709635899560814e-06,3.94
consequently,8.709635899560814e-06,3.94
consisted,8.709635899560814e-06,3.94
consist,8.709635899560814e-06,3.94
cox,8.709635899560814e-06,3.94
curtis,8.709635899560814e-06,3.94
decorated,8.709635899560814e-06,3.94
delegates,8.709635899560814e-06,3.94
dulls,8.709635899560814e-06,3.94
dullest,8.709635899560814e-06,3.94
dull,8.709635899560814e-06,3.94
dulled,8.709635899560814e-06,3.94
duller,8.709635899560814e-06,3.94
dulling,8.709635899560814e-06,3.94
fared,8.709635899560814e-06,3.94
fare,8.709635899560814e-06,3.94
faring,8.709635899560814e-06,3.94
fares,8.709635899560814e-06,3.94
float,8.709635899560814e-06,3.94
floats,8.709635899560814e-06,3.94
floated,8.709635899560814e-06,3.94
generator,8.709635899560814e-06,3.94
generators,8.709635899560814e-06,3.94
grinds,8.709635899560814e-06,3.94
grinding,8.709635899560814e-06,3.94
grinded,8.709635899560814e-06,3.94
grind,8.709635899560814e-06,3.94
grindings,8.709635899560814e-06,3.94
grove,8.709635899560814e-06,3.94
groves,8.709635899560814e-06,3.94
gumming,8.709635899560814e-06,3.94
gums,8.709635899560814e-06,3.94
gum,8.709635899560814e-06,3.94
gummed,8.709635899560814e-06,3.94
hobby,8.709635899560814e-06,3.94
hobbies,8.709635899560814e-06,3.94
idol,8.709635899560814e-06,3.94
idols,8.709635899560814e-06,3.94
illusion,8.709635899560814e-06,3.94
illusions,8.709635899560814e-06,3.94
incorrect,8.709635899560814e-06,3.94
jun,8.709635899560814e-06,3.94
junctioning,8.709635899560814e-06,3.94
junction,8.709635899560814e-06,3.94
junctioned,8.709635899560814e-06,3.94
junctions,8.709635899560814e-06,3.94
lances,8.709635899560814e-06,3.94
lance,8.709635899560814e-06,3.94
lancing,8.709635899560814e-06,3.94
lanced,8.709635899560814e-06,3.94
leaping,8.709635899560814e-06,3.94
leap,8.709635899560814e-06,3.94
leaps,8.709635899560814e-06,3.94
leapt,8.709635899560814e-06,3.94
locating,8.709635899560814e-06,3.94
locate,8.709635899560814e-06,3.94
locates,8.709635899560814e-06,3.94
lou,8.709635899560814e-06,3.94
lynches,8.709635899560814e-06,3.94
lynch,8.709635899560814e-06,3.94
lynching,8.709635899560814e-06,3.94
lynched,8.709635899560814e-06,3.94
medicare,8.709635899560814e-06,3.94
modelings,8.709635899560814e-06,3.94
motives,8.709635899560814e-06,3.94
motive,8.709635899560814e-06,3.94
nazis,8.709635899560814e-06,3.94
neighbourhoods,8.709635899560814e-06,3.94
neighbourhood,8.709635899560814e-06,3.94
newtons,8.709635899560814e-06,3.94
newton,8.709635899560814e-06,3.94
opposes,8.709635899560814e-06,3.94
oppose,8.709635899560814e-06,3.94
optimal,8.709635899560814e-06,3.94
other's,8.709635899560814e-06,3.94
overtime,8.709635899560814e-06,3.94
playstation,8.709635899560814e-06,3.94
postal,8.709635899560814e-06,3.94
prep,8.709635899560814e-06,3.94
president's,8.709635899560814e-06,3.94
profound,8.709635899560814e-06,3.94
profoundest,8.709635899560814e-06,3.94
profounder,8.709635899560814e-06,3.94
prosecutors,8.709635899560814e-06,3.94
prosecutor,8.709635899560814e-06,3.94
rebellion,8.709635899560814e-06,3.94
rebellions,8.709635899560814e-06,3.94
recipient,8.709635899560814e-06,3.94
recipients,8.709635899560814e-06,3.94
refunded,8.709635899560814e-06,3.94
refunds,8.709635899560814e-06,3.94
refund,8.709635899560814e-06,3.94
refunding,8.709635899560814e-06,3.94
riskiest,8.709635899560814e-06,3.94
risky,8.709635899560814e-06,3.94
riskier,8.709635899560814e-06,3.94
robust,8.709635899560814e-06,3.94
scams,8.709635899560814e-06,3.94
scamming,8.709635899560814e-06,3.94
scammed,8.709635899560814e-06,3.94
scam,8.709635899560814e-06,3.94
sci,8.709635899560814e-06,3.94
sep,8.709635899560814e-06,3.94
shareholders,8.709635899560814e-06,3.94
simulations,8.709635899560814e-06,3.94
simulation,8.709635899560814e-06,3.94
sobering,8.709635899560814e-06,3.94
soberest,8.709635899560814e-06,3.94
sobers,8.709635899560814e-06,3.94
sober,8.709635899560814e-06,3.94
soberer,8.709635899560814e-06,3.94
sobered,8.709635899560814e-06,3.94
spicing,8.709635899560814e-06,3.94
spiced,8.709635899560814e-06,3.94
spice,8.709635899560814e-06,3.94
spices,8.709635899560814e-06,3.94
squeezes,8.709635899560814e-06,3.94
squeezed,8.709635899560814e-06,3.94
squeeze,8.709635899560814e-06,3.94
squeezing,8.709635899560814e-06,3.94
supervisions,8.709635899560814e-06,3.94
supervision,8.709635899560814e-06,3.94
swaps,8.709635899560814e-06,3.94
swapping,8.709635899560814e-06,3.94
swapped,8.709635899560814e-06,3.94
swap,8.709635899560814e-06,3.94
terrain,8.709635899560814e-06,3.94
terrains,8.709635899560814e-06,3.94
terrified,8.709635899560814e-06,3.94
themed,8.709635899560814e-06,3.94
threaten,8.709635899560814e-06,3.94
threatens,8.709635899560814e-06,3.94
thrilled,8.709635899560814e-06,3.94
towel,8.709635899560814e-06,3.94
towels,8.709635899560814e-06,3.94
towelled,8.709635899560814e-06,3.94
toweling,8.709635899560814e-06,3.94
toweled,8.709635899560814e-06,3.94
towelling,8.709635899560814e-06,3.94
trio,8.709635899560814e-06,3.94
trios,8.709635899560814e-06,3.94
unconsciouses,8.709635899560814e-06,3.94
unconscious,8.709635899560814e-06,3.94
und,8.709635899560814e-06,3.94
vegetable,8.709635899560814e-06,3.94
verified,8.709635899560814e-06,3.94
vibe,8.709635899560814e-06,3.94
vibes,8.709635899560814e-06,3.94
virtue,8.709635899560814e-06,3.94
virtues,8.709635899560814e-06,3.94
wifi,8.709635899560814e-06,3.94
workforce,8.709635899560814e-06,3.94
workforces,8.709635899560814e-06,3.94
zombie,8.709635899560814e-06,3.94
zombies,8.709635899560814e-06,3.94
00.000,8.51138038202376e-06,3.93
00a,8.51138038202376e-06,3.93
acre,8.51138038202376e-06,3.93
alot,8.51138038202376e-06,3.93
amen,8.51138038202376e-06,3.93
andrews,8.51138038202376e-06,3.93
arose,8.51138038202376e-06,3.93
arise,8.51138038202376e-06,3.93
arising,8.51138038202376e-06,3.93
arisen,8.51138038202376e-06,3.93
arises,8.51138038202376e-06,3.93
automotive,8.51138038202376e-06,3.93
battlefield,8.51138038202376e-06,3.93
battlefields,8.51138038202376e-06,3.93
berkeley,8.51138038202376e-06,3.93
bloomed,8.51138038202376e-06,3.93
bloom,8.51138038202376e-06,3.93
blooming,8.51138038202376e-06,3.93
blooms,8.51138038202376e-06,3.93
bores,8.51138038202376e-06,3.93
bundles,8.51138038202376e-06,3.93
bundling,8.51138038202376e-06,3.93
bundle,8.51138038202376e-06,3.93
bundled,8.51138038202376e-06,3.93
butterflies,8.51138038202376e-06,3.93
butterfly,8.51138038202376e-06,3.93
casualties,8.51138038202376e-06,3.93
chad,8.51138038202376e-06,3.93
clowns,8.51138038202376e-06,3.93
clowned,8.51138038202376e-06,3.93
clown,8.51138038202376e-06,3.93
clowning,8.51138038202376e-06,3.93
conjunctions,8.51138038202376e-06,3.93
conjunction,8.51138038202376e-06,3.93
costlier,8.51138038202376e-06,3.93
costly,8.51138038202376e-06,3.93
costliest,8.51138038202376e-06,3.93
cuban,8.51138038202376e-06,3.93
davies,8.51138038202376e-06,3.93
descent,8.51138038202376e-06,3.93
descented,8.51138038202376e-06,3.93
descenting,8.51138038202376e-06,3.93
descents,8.51138038202376e-06,3.93
desktop,8.51138038202376e-06,3.93
dial,8.51138038202376e-06,3.93
dialling,8.51138038202376e-06,3.93
dialing,8.51138038202376e-06,3.93
dials,8.51138038202376e-06,3.93
dialed,8.51138038202376e-06,3.93
dialled,8.51138038202376e-06,3.93
directories,8.51138038202376e-06,3.93
directory,8.51138038202376e-06,3.93
discharge,8.51138038202376e-06,3.93
discharged,8.51138038202376e-06,3.93
discharges,8.51138038202376e-06,3.93
discharging,8.51138038202376e-06,3.93
dodging,8.51138038202376e-06,3.93
dodges,8.51138038202376e-06,3.93
dodge,8.51138038202376e-06,3.93
dodged,8.51138038202376e-06,3.93
drillings,8.51138038202376e-06,3.93
eliminations,8.51138038202376e-06,3.93
elimination,8.51138038202376e-06,3.93
es,8.51138038202376e-06,3.93
espn,8.51138038202376e-06,3.93
gingers,8.51138038202376e-06,3.93
ginger,8.51138038202376e-06,3.93
gingered,8.51138038202376e-06,3.93
gingering,8.51138038202376e-06,3.93
guilds,8.51138038202376e-06,3.93
guild,8.51138038202376e-06,3.93
halts,8.51138038202376e-06,3.93
halting,8.51138038202376e-06,3.93
halt,8.51138038202376e-06,3.93
halted,8.51138038202376e-06,3.93
han,8.51138038202376e-06,3.93
henderson,8.51138038202376e-06,3.93
ibm,8.51138038202376e-06,3.93
imagings,8.51138038202376e-06,3.93
implied,8.51138038202376e-06,3.93
impress,8.51138038202376e-06,3.93
impressing,8.51138038202376e-06,3.93
impresses,8.51138038202376e-06,3.93
inabilities,8.51138038202376e-06,3.93
inability,8.51138038202376e-06,3.93
incoming,8.51138038202376e-06,3.93
incomings,8.51138038202376e-06,3.93
isaac,8.51138038202376e-06,3.93
jarring,8.51138038202376e-06,3.93
jar,8.51138038202376e-06,3.93
jarred,8.51138038202376e-06,3.93
jars,8.51138038202376e-06,3.93
kay,8.51138038202376e-06,3.93
lb,8.51138038202376e-06,3.93
leicester,8.51138038202376e-06,3.93
liam,8.51138038202376e-06,3.93
litigation,8.51138038202376e-06,3.93
litigations,8.51138038202376e-06,3.93
mentoring,8.51138038202376e-06,3.93
mentored,8.51138038202376e-06,3.93
mentor,8.51138038202376e-06,3.93
mentors,8.51138038202376e-06,3.93
merchandised,8.51138038202376e-06,3.93
merchandises,8.51138038202376e-06,3.93
merchandising,8.51138038202376e-06,3.93
merchandise,8.51138038202376e-06,3.93
miners,8.51138038202376e-06,3.93
monks,8.51138038202376e-06,3.93
monk,8.51138038202376e-06,3.93
ni,8.51138038202376e-06,3.93
noah,8.51138038202376e-06,3.93
norms,8.51138038202376e-06,3.93
normed,8.51138038202376e-06,3.93
norm,8.51138038202376e-06,3.93
norming,8.51138038202376e-06,3.93
occupying,8.51138038202376e-06,3.93
occupies,8.51138038202376e-06,3.93
occupy,8.51138038202376e-06,3.93
offended,8.51138038202376e-06,3.93
orthodox,8.51138038202376e-06,3.93
overheads,8.51138038202376e-06,3.93
overhead,8.51138038202376e-06,3.93
pac,8.51138038202376e-06,3.93
painters,8.51138038202376e-06,3.93
painter,8.51138038202376e-06,3.93
party's,8.51138038202376e-06,3.93
perth,8.51138038202376e-06,3.93
pierced,8.51138038202376e-06,3.93
pierce,8.51138038202376e-06,3.93
piercing,8.51138038202376e-06,3.93
pierces,8.51138038202376e-06,3.93
pistols,8.51138038202376e-06,3.93
pistol,8.51138038202376e-06,3.93
printer,8.51138038202376e-06,3.93
printers,8.51138038202376e-06,3.93
prone,8.51138038202376e-06,3.93
proner,8.51138038202376e-06,3.93
pronest,8.51138038202376e-06,3.93
raiders,8.51138038202376e-06,3.93
readily,8.51138038202376e-06,3.93
regimenting,8.51138038202376e-06,3.93
regiments,8.51138038202376e-06,3.93
regiment,8.51138038202376e-06,3.93
regimented,8.51138038202376e-06,3.93
