word,frequency,zipf_frequency
the,0.0537031796370252,7.73
to,0.0269153480392691,7.43
and,0.0257039578276886,7.41
of,0.0251188643150957,7.4
a,0.0229086765276777,7.36
in,0.0186208713666286,7.27
i,0.0123026877081238,7.09
is,0.0117489755493952,7.07
for,0.0102329299228075,7.01
that,0.0102329299228075,7.01
you,0.0095499258602143,6.98
it,0.0089125093813374,6.95
on,0.0081283051616409,6.91
with,0.0070794578438413,6.85
00,0.0069183097091893,6.84
this,0.0066069344800759,6.82
was,0.0066069344800759,6.82
am,0.0061659500186148,6.79
be,0.0061659500186148,6.79
being,0.0061659500186148,6.79
were,0.0061659500186148,6.79
been,0.0061659500186148,6.79
are,0.0061659500186148,6.79
as,0.0058884365535558,6.77
having,0.0051286138399136,6.71
has,0.0051286138399136,6.71
had,0.0051286138399136,6.71
have,0.0051286138399136,6.71
at,0.0050118723362727,6.7
he,0.0048977881936844,6.69
not,0.0048977881936844,6.69
by,0.0045708818961487,6.66
0000,0.0042657951880159,6.63
but,0.0042657951880159,6.63
from,0.0042657951880159,6.63
my,0.0037153522909717,6.57
or,0.0034673685045253,6.54
we,0.0034673685045253,6.54
an,0.003388441561392,6.53
your,0.003388441561392,6.53
all,0.0033113112148259,6.52
so,0.0033113112148259,6.52
his,0.0032359365692962,6.51
they,0.0031622776601683,6.5
me,0.003019951720402,6.48
if,0.0029512092266663,6.47
ones,0.0029512092266663,6.47
one,0.0029512092266663,6.47
can,0.0028840315031266,6.46
could,0.0028840315031266,6.46
will,0.0028183829312644,6.45
would,0.0028183829312644,6.45
just,0.0026915348039269,6.43
likes,0.0025703957827688,6.41
like,0.0025703957827688,6.41
liking,0.0025703957827688,6.41
liked,0.0025703957827688,6.41
about,0.0025118864315095,6.4
ups,0.002454708915685,6.39
upped,0.002454708915685,6.39
up,0.002454708915685,6.39
upping,0.002454708915685,6.39
out,0.0023988329190194,6.38
outs,0.0023988329190194,6.38
what,0.0023988329190194,6.38
when,0.0023442288153199,6.37
more,0.0022908676527677,6.36
does,0.0022387211385683,6.35
do,0.0022387211385683,6.35
doing,0.0022387211385683,6.35
done,0.0022387211385683,6.35
did,0.0022387211385683,6.35
no,0.0022387211385683,6.35
who,0.0021877616239495,6.34
it's,0.0021379620895022,6.33
their,0.0021379620895022,6.33
there,0.0020417379446695,6.31
her,0.0019952623149688,6.3
which,0.0019952623149688,6.3
time,0.001949844599758,6.29
timing,0.001949844599758,6.29
times,0.001949844599758,6.29
timed,0.001949844599758,6.29
gotten,0.0019054607179632,6.28
getting,0.0019054607179632,6.28
gets,0.0019054607179632,6.28
got,0.0019054607179632,6.28
get,0.0019054607179632,6.28
000,0.0018197008586099,6.26
she,0.0018197008586099,6.26
new,0.0017782794100389,6.25
newer,0.0017782794100389,6.25
newest,0.0017782794100389,6.25
peopling,0.0017782794100389,6.25
peoples,0.0017782794100389,6.25
people,0.0017782794100389,6.25
peopled,0.0017782794100389,6.25
hows,0.0017378008287493,6.24
how,0.0017378008287493,6.24
don't,0.0015848931924611,6.2
some,0.0015848931924611,6.2
also,0.0015488166189124,6.19
them,0.0015488166189124,6.19
now,0.0015135612484362,6.18
others,0.0014454397707459,6.16
other,0.0014454397707459,6.16
i'm,0.0014125375446227,6.15
its,0.0013803842646028,6.14
our,0.0013803842646028,6.14
than,0.0013489628825916,6.13
goods,0.0013182567385564,6.12
better,0.0013182567385564,6.12
good,0.0013182567385564,6.12
best,0.0013182567385564,6.12
only,0.0013182567385564,6.12
after,0.0012882495516931,6.11
first,0.0012882495516931,6.11
firsts,0.0012882495516931,6.11
him,0.0012882495516931,6.11
into,0.0012882495516931,6.11
knowing,0.0012589254117941,6.1
known,0.0012589254117941,6.1
knows,0.0012589254117941,6.1
knew,0.0012589254117941,6.1
know,0.0012589254117941,6.1
saw,0.0012589254117941,6.1
see,0.0012589254117941,6.1
seeing,0.0012589254117941,6.1
sees,0.0012589254117941,6.1
seen,0.0012589254117941,6.1
two,0.0012589254117941,6.1
make,0.0012022644346174,6.08
made,0.0012022644346174,6.08
makes,0.0012022644346174,6.08
making,0.0012022644346174,6.08
overing,0.0012022644346174,6.08
over,0.0012022644346174,6.08
overs,0.0012022644346174,6.08
overed,0.0012022644346174,6.08
thinks,0.0012022644346174,6.08
thinking,0.0012022644346174,6.08
thought,0.0012022644346174,6.08
think,0.0012022644346174,6.08
any,0.0011748975549395,6.07
then,0.0011748975549395,6.07
backing,0.0010964781961431,6.04
back,0.0010964781961431,6.04
backs,0.0010964781961431,6.04
backed,0.0010964781961431,6.04
these,0.0010964781961431,6.04
us,0.0010964781961431,6.04
want,0.0010964781961431,6.04
wanting,0.0010964781961431,6.04
wanted,0.0010964781961431,6.04
wants,0.0010964781961431,6.04
because,0.0010715193052376,6.03
went,0.0010715193052376,6.03
goes,0.0010715193052376,6.03
gone,0.0010715193052376,6.03
go,0.0010715193052376,6.03
going,0.0010715193052376,6.03
welling,0.0010715193052376,6.03
wells,0.0010715193052376,6.03
well,0.0010715193052376,6.03
welled,0.0010715193052376,6.03
said,0.0010232929922807,6.01
way,0.0010232929922807,6.01
ways,0.0010232929922807,6.01
1,0.001,6.0
2,0.001,6.0
most,0.001,6.0
much,0.001,6.0
very,0.001,6.0
where,0.001,6.0
wheres,0.001,6.0
evens,0.0009772372209558,5.99
evened,0.0009772372209558,5.99
even,0.0009772372209558,5.99
evening,0.0009772372209558,5.99
should,0.0009772372209558,5.99
might,0.0009549925860214,5.98
may,0.0009549925860214,5.98
here,0.0009332543007969,5.97
needed,0.0009332543007969,5.97
needs,0.0009332543007969,5.97
need,0.0009332543007969,5.97
needing,0.0009332543007969,5.97
really,0.0009332543007969,5.97
right,0.0009120108393559,5.96
righting,0.0009120108393559,5.96
rightest,0.0009120108393559,5.96
righted,0.0009120108393559,5.96
rights,0.0009120108393559,5.96
righter,0.0009120108393559,5.96
worked,0.0009120108393559,5.96
works,0.0009120108393559,5.96
working,0.0009120108393559,5.96
work,0.0009120108393559,5.96
years,0.0009120108393559,5.96
year,0.0009120108393559,5.96
beings,0.0008912509381337,5.95
day,0.0008912509381337,5.95
days,0.0008912509381337,5.95
too,0.0008912509381337,5.95
before,0.0008511380382023,5.93
off,0.0008511380382023,5.93
whies,0.0008511380382023,5.93
why,0.0008511380382023,5.93
stiller,0.0008317637711026,5.92
stills,0.0008317637711026,5.92
stilled,0.0008317637711026,5.92
stillest,0.0008317637711026,5.92
still,0.0008317637711026,5.92
stilling,0.0008317637711026,5.92
took,0.0008317637711026,5.92
taken,0.0008317637711026,5.92
takes,0.0008317637711026,5.92
taking,0.0008317637711026,5.92
take,0.0008317637711026,5.92
3,0.000812830516164,5.91
many,0.000812830516164,5.91
never,0.000812830516164,5.91
those,0.0007943282347242,5.9
lives,0.0007762471166286,5.89
life,0.0007762471166286,5.89
say,0.0007762471166286,5.89
saying,0.0007762471166286,5.89
says,0.0007762471166286,5.89
worlds,0.0007762471166286,5.89
world,0.0007762471166286,5.89
downs,0.0007585775750291,5.88
down,0.0007585775750291,5.88
downed,0.0007585775750291,5.88
downing,0.0007585775750291,5.88
greats,0.0007585775750291,5.88
greatest,0.0007585775750291,5.88
great,0.0007585775750291,5.88
greater,0.0007585775750291,5.88
through,0.0007413102413009,5.87
you're,0.0007413102413009,5.87
lasting,0.0007244359600749,5.86
last,0.0007244359600749,5.86
lasted,0.0007244359600749,5.86
lasts,0.0007244359600749,5.86
s,0.0007244359600749,5.86
that's,0.0007244359600749,5.86
while,0.0007244359600749,5.86
whiled,0.0007244359600749,5.86
whiles,0.0007244359600749,5.86
whiling,0.0007244359600749,5.86
bested,0.0006918309709189,5.84
besting,0.0006918309709189,5.84
bests,0.0006918309709189,5.84
such,0.0006918309709189,5.84
love,0.0006606934480075,5.82
loving,0.0006606934480075,5.82
loved,0.0006606934480075,5.82
loves,0.0006606934480075,5.82
manning,0.0006606934480075,5.82
mans,0.0006606934480075,5.82
man,0.0006606934480075,5.82
men,0.0006606934480075,5.82
manned,0.0006606934480075,5.82
homes,0.0006456542290346,5.81
homed,0.0006456542290346,5.81
homing,0.0006456542290346,5.81
home,0.0006456542290346,5.81
longed,0.0006456542290346,5.81
long,0.0006456542290346,5.81
longer,0.0006456542290346,5.81
longs,0.0006456542290346,5.81
longest,0.0006456542290346,5.81
longing,0.0006456542290346,5.81
looks,0.0006456542290346,5.81
look,0.0006456542290346,5.81
looking,0.0006456542290346,5.81
looked,0.0006456542290346,5.81
something,0.0006456542290346,5.81
using,0.0006456542290346,5.81
used,0.0006456542290346,5.81
use,0.0006456542290346,5.81
uses,0.0006456542290346,5.81
can't,0.0006309573444801,5.8
same,0.0006309573444801,5.8
both,0.0006165950018614,5.79
every,0.0006165950018614,5.79
4,0.0006025595860743,5.78
comes,0.0006025595860743,5.78
come,0.0006025595860743,5.78
came,0.0006025595860743,5.78
coming,0.0006025595860743,5.78
parted,0.0006025595860743,5.78
part,0.0006025595860743,5.78
parts,0.0006025595860743,5.78
parting,0.0006025595860743,5.78
stating,0.0006025595860743,5.78
stated,0.0006025595860743,5.78
states,0.0006025595860743,5.78
state,0.0006025595860743,5.78
three,0.0006025595860743,5.78
around,0.0005888436553555,5.77
between,0.0005888436553555,5.77
always,0.0005754399373371,5.76
bettered,0.0005754399373371,5.76
bettering,0.0005754399373371,5.76
betters,0.0005754399373371,5.76
finding,0.0005754399373371,5.76
find,0.0005754399373371,5.76
found,0.0005754399373371,5.76
finds,0.0005754399373371,5.76
5,0.0005623413251903,5.75
help,0.0005623413251903,5.75
helping,0.0005623413251903,5.75
helps,0.0005623413251903,5.75
helped,0.0005623413251903,5.75
high,0.0005623413251903,5.75
higher,0.0005623413251903,5.75
highs,0.0005623413251903,5.75
highest,0.0005623413251903,5.75
little,0.0005623413251903,5.75
littlest,0.0005623413251903,5.75
littler,0.0005623413251903,5.75
eldest,0.0005623413251903,5.75
older,0.0005623413251903,5.75
olds,0.0005623413251903,5.75
old,0.0005623413251903,5.75
elder,0.0005623413251903,5.75
oldest,0.0005623413251903,5.75
since,0.0005623413251903,5.75
another,0.0005495408738576,5.74
own,0.0005495408738576,5.74
owns,0.0005495408738576,5.74
owning,0.0005495408738576,5.74
owned,0.0005495408738576,5.74
things,0.0005495408738576,5.74
under,0.0005370317963702,5.73
during,0.0005248074602497,5.72
gaming,0.0005248074602497,5.72
game,0.0005248074602497,5.72
gamer,0.0005248074602497,5.72
gamest,0.0005248074602497,5.72
gamed,0.0005248074602497,5.72
games,0.0005248074602497,5.72
i've,0.0005248074602497,5.72
thing,0.0005248074602497,5.72
gives,0.0005128613839913,5.71
gave,0.0005128613839913,5.71
giving,0.0005128613839913,5.71
give,0.0005128613839913,5.71
given,0.0005128613839913,5.71
housed,0.0005128613839913,5.71
housing,0.0005128613839913,5.71
houses,0.0005128613839913,5.71
house,0.0005128613839913,5.71
places,0.0005128613839913,5.71
placing,0.0005128613839913,5.71
placed,0.0005128613839913,5.71
place,0.0005128613839913,5.71
schooled,0.0005128613839913,5.71
schooling,0.0005128613839913,5.71
schools,0.0005128613839913,5.71
school,0.0005128613839913,5.71
again,0.0005011872336272,5.7
next,0.0005011872336272,5.7
each,0.0004897788193684,5.69
mr,0.0004897788193684,5.69
without,0.0004897788193684,5.69
against,0.0004786300923226,5.68
didn't,0.0004786300923226,5.68
ended,0.0004786300923226,5.68
ends,0.0004786300923226,5.68
ending,0.0004786300923226,5.68
end,0.0004786300923226,5.68
founded,0.0004786300923226,5.68
founds,0.0004786300923226,5.68
founding,0.0004786300923226,5.68
must,0.0004786300923226,5.68
shown,0.0004786300923226,5.68
show,0.0004786300923226,5.68
shows,0.0004786300923226,5.68
showing,0.0004786300923226,5.68
showed,0.0004786300923226,5.68
biggest,0.0004677351412871,5.67
big,0.0004677351412871,5.67
bigger,0.0004677351412871,5.67
feels,0.0004677351412871,5.67
felt,0.0004677351412871,5.67
feel,0.0004677351412871,5.67
feeling,0.0004677351412871,5.67
surest,0.0004677351412871,5.67
sure,0.0004677351412871,5.67
surer,0.0004677351412871,5.67
teams,0.0004677351412871,5.67
teaming,0.0004677351412871,5.67
team,0.0004677351412871,5.67
teamed,0.0004677351412871,5.67
ever,0.0004570881896148,5.66
family,0.0004570881896148,5.66
families,0.0004570881896148,5.66
keeps,0.0004570881896148,5.66
keep,0.0004570881896148,5.66
kept,0.0004570881896148,5.66
keeping,0.0004570881896148,5.66
pleases,0.0004570881896148,5.66
pleasing,0.0004570881896148,5.66
pleased,0.0004570881896148,5.66
please,0.0004570881896148,5.66
putting,0.0004570881896148,5.66
put,0.0004570881896148,5.66
puts,0.0004570881896148,5.66
moneys,0.0004365158322401,5.64
monies,0.0004365158322401,5.64
money,0.0004365158322401,5.64
freeest,0.0004265795188015,5.63
free,0.0004265795188015,5.63
freed,0.0004265795188015,5.63
freeing,0.0004265795188015,5.63
freeer,0.0004265795188015,5.63
frees,0.0004265795188015,5.63
seconded,0.0004265795188015,5.63
seconding,0.0004265795188015,5.63
seconds,0.0004265795188015,5.63
second,0.0004265795188015,5.63
someone,0.0004265795188015,5.63
away,0.0004168693834703,5.62
lefts,0.0004168693834703,5.62
left,0.0004168693834703,5.62
numbering,0.0004168693834703,5.62
numbered,0.0004168693834703,5.62
number,0.0004168693834703,5.62
numbers,0.0004168693834703,5.62
city,0.0004073802778041,5.61
cities,0.0004073802778041,5.61
lots,0.0004073802778041,5.61
lot,0.0004073802778041,5.61
names,0.0004073802778041,5.61
naming,0.0004073802778041,5.61
named,0.0004073802778041,5.61
name,0.0004073802778041,5.61
nights,0.0004073802778041,5.61
night,0.0004073802778041,5.61
played,0.0004073802778041,5.61
playing,0.0004073802778041,5.61
play,0.0004073802778041,5.61
plays,0.0004073802778041,5.61
until,0.0004073802778041,5.61
company,0.0003981071705534,5.6
companies,0.0003981071705534,5.6
doings,0.0003981071705534,5.6
fewest,0.0003981071705534,5.6
fewer,0.0003981071705534,5.6
few,0.0003981071705534,5.6
he's,0.0003981071705534,5.6
lets,0.0003981071705534,5.6
letting,0.0003981071705534,5.6
let,0.0003981071705534,5.6
realest,0.0003981071705534,5.6
realer,0.0003981071705534,5.6
reales,0.0003981071705534,5.6
riales,0.0003981071705534,5.6
reals,0.0003981071705534,5.6
reis,0.0003981071705534,5.6
real,0.0003981071705534,5.6
6,0.0003890451449942,5.59
called,0.0003890451449942,5.59
different,0.0003890451449942,5.59
sets,0.0003890451449942,5.59
setting,0.0003890451449942,5.59
set,0.0003890451449942,5.59
thoughts,0.0003890451449942,5.59
0.0,0.0003801893963205,5.58
however,0.0003801893963205,5.58
gods,0.0003715352290971,5.57
god,0.0003715352290971,5.57
government,0.0003715352290971,5.57
governments,0.0003715352290971,5.57
grouping,0.0003715352290971,5.57
group,0.0003715352290971,5.57
groups,0.0003715352290971,5.57
grouped,0.0003715352290971,5.57
public,0.0003715352290971,5.57
publics,0.0003715352290971,5.57
topped,0.0003715352290971,5.57
top,0.0003715352290971,5.57
tops,0.0003715352290971,5.57
topping,0.0003715352290971,5.57
women,0.0003715352290971,5.57
businesses,0.0003630780547701,5.56
business,0.0003630780547701,5.56
caring,0.0003630780547701,5.56
care,0.0003630780547701,5.56
cares,0.0003630780547701,5.56
cared,0.0003630780547701,5.56
started,0.0003630780547701,5.56
starts,0.0003630780547701,5.56
starting,0.0003630780547701,5.56
start,0.0003630780547701,5.56
system,0.0003630780547701,5.56
systems,0.0003630780547701,5.56
week,0.0003630780547701,5.56
weeks,0.0003630780547701,5.56
7,0.0003548133892335,5.55
already,0.0003548133892335,5.55
anything,0.0003548133892335,5.55
case,0.0003548133892335,5.55
cased,0.0003548133892335,5.55
cases,0.0003548133892335,5.55
casing,0.0003548133892335,5.55
nothings,0.0003548133892335,5.55
nothing,0.0003548133892335,5.55
persons,0.0003548133892335,5.55
person,0.0003548133892335,5.55
todays,0.0003548133892335,5.55
today,0.0003548133892335,5.55
changing,0.0003467368504525,5.54
changed,0.0003467368504525,5.54
changes,0.0003467368504525,5.54
change,0.0003467368504525,5.54
enough,0.0003467368504525,5.54
everything,0.0003467368504525,5.54
fulling,0.0003467368504525,5.54
fulls,0.0003467368504525,5.54
fulled,0.0003467368504525,5.54
fullest,0.0003467368504525,5.54
fuller,0.0003467368504525,5.54
full,0.0003467368504525,5.54
lived,0.0003467368504525,5.54
living,0.0003467368504525,5.54
live,0.0003467368504525,5.54
pointed,0.0003467368504525,5.54
pointing,0.0003467368504525,5.54
point,0.0003467368504525,5.54
points,0.0003467368504525,5.54
read,0.0003467368504525,5.54
reading,0.0003467368504525,5.54
reads,0.0003467368504525,5.54
there's,0.0003467368504525,5.54
told,0.0003467368504525,5.54
yet,0.0003467368504525,5.54
bad,0.0003388441561392,5.53
worse,0.0003388441561392,5.53
worst,0.0003388441561392,5.53
doesn't,0.0003388441561392,5.53
four,0.0003388441561392,5.53
hardest,0.0003388441561392,5.53
harder,0.0003388441561392,5.53
hard,0.0003388441561392,5.53
meaning,0.0003388441561392,5.53
means,0.0003388441561392,5.53
mean,0.0003388441561392,5.53
meant,0.0003388441561392,5.53
meanest,0.0003388441561392,5.53
meaner,0.0003388441561392,5.53
once,0.0003388441561392,5.53
support,0.0003388441561392,5.53
supports,0.0003388441561392,5.53
supported,0.0003388441561392,5.53
supporting,0.0003388441561392,5.53
tell,0.0003388441561392,5.53
telling,0.0003388441561392,5.53
tells,0.0003388441561392,5.53
including,0.0003311311214825,5.52
music,0.0003311311214825,5.52
powered,0.0003311311214825,5.52
powering,0.0003311311214825,5.52
power,0.0003311311214825,5.52
powers,0.0003311311214825,5.52
stopped,0.0003311311214825,5.52
stops,0.0003311311214825,5.52
stop,0.0003311311214825,5.52
stopping,0.0003311311214825,5.52
watering,0.0003311311214825,5.52
water,0.0003311311214825,5.52
waters,0.0003311311214825,5.52
watered,0.0003311311214825,5.52
based,0.0003235936569296,5.51
believes,0.0003235936569296,5.51
believing,0.0003235936569296,5.51
believe,0.0003235936569296,5.51
believed,0.0003235936569296,5.51
call,0.0003235936569296,5.51
calls,0.0003235936569296,5.51
calling,0.0003235936569296,5.51
heads,0.0003235936569296,5.51
head,0.0003235936569296,5.51
headed,0.0003235936569296,5.51
heading,0.0003235936569296,5.51
national,0.0003235936569296,5.51
nationals,0.0003235936569296,5.51
smallest,0.0003235936569296,5.51
small,0.0003235936569296,5.51
smaller,0.0003235936569296,5.51
whitest,0.0003235936569296,5.51
whiting,0.0003235936569296,5.51
whites,0.0003235936569296,5.51
whiter,0.0003235936569296,5.51
white,0.0003235936569296,5.51
whited,0.0003235936569296,5.51
furthest,0.0003162277660168,5.5
far,0.0003162277660168,5.5
farthest,0.0003162277660168,5.5
further,0.0003162277660168,5.5
farther,0.0003162277660168,5.5
jobbing,0.0003162277660168,5.5
job,0.0003162277660168,5.5
jobs,0.0003162277660168,5.5
jobbed,0.0003162277660168,5.5
sides,0.0003162277660168,5.5
sided,0.0003162277660168,5.5
siding,0.0003162277660168,5.5
side,0.0003162277660168,5.5
though,0.0003162277660168,5.5
tried,0.0003162277660168,5.5
tries,0.0003162277660168,5.5
try,0.0003162277660168,5.5
trying,0.0003162277660168,5.5
yeses,0.0003162277660168,5.5
yes,0.0003162277660168,5.5
actually,0.0003090295432513,5.49
american,0.0003090295432513,5.49
later,0.0003090295432513,5.49
least,0.0003090295432513,5.49
less,0.0003090295432513,5.49
lined,0.0003090295432513,5.49
line,0.0003090295432513,5.49
lining,0.0003090295432513,5.49
lines,0.0003090295432513,5.49
ordering,0.0003090295432513,5.49
orders,0.0003090295432513,5.49
ordered,0.0003090295432513,5.49
order,0.0003090295432513,5.49
parties,0.0003090295432513,5.49
party,0.0003090295432513,5.49
partied,0.0003090295432513,5.49
partying,0.0003090295432513,5.49
running,0.0003090295432513,5.49
runs,0.0003090295432513,5.49
ran,0.0003090295432513,5.49
run,0.0003090295432513,5.49
serviced,0.0003090295432513,5.49
servicing,0.0003090295432513,5.49
service,0.0003090295432513,5.49
services,0.0003090295432513,5.49
8,0.0003019951720402,5.48
country,0.0003019951720402,5.48
countries,0.0003019951720402,5.48
opened,0.0003019951720402,5.48
opening,0.0003019951720402,5.48
open,0.0003019951720402,5.48
opens,0.0003019951720402,5.48
seasoned,0.0003019951720402,5.48
seasoning,0.0003019951720402,5.48
season,0.0003019951720402,5.48
seasons,0.0003019951720402,5.48
shit,0.0003019951720402,5.48
shat,0.0003019951720402,5.48
shitting,0.0003019951720402,5.48
shits,0.0003019951720402,5.48
shitted,0.0003019951720402,5.48
thank,0.0003019951720402,5.48
thanks,0.0003019951720402,5.48
thanked,0.0003019951720402,5.48
thanking,0.0003019951720402,5.48
children,0.0002951209226666,5.47
everyone,0.0002951209226666,5.47
generals,0.0002951209226666,5.47
general,0.0002951209226666,5.47
they're,0.0002951209226666,5.47
united,0.0002951209226666,5.47
area,0.0002884031503126,5.46
areae,0.0002884031503126,5.46
areas,0.0002884031503126,5.46
blacked,0.0002884031503126,5.46
blacks,0.0002884031503126,5.46
black,0.0002884031503126,5.46
blacking,0.0002884031503126,5.46
blacker,0.0002884031503126,5.46
blackest,0.0002884031503126,5.46
d,0.0002884031503126,5.46
followings,0.0002884031503126,5.46
following,0.0002884031503126,5.46
laws,0.0002884031503126,5.46
law,0.0002884031503126,5.46
together,0.0002884031503126,5.46
warred,0.0002884031503126,5.46
warring,0.0002884031503126,5.46
war,0.0002884031503126,5.46
wars,0.0002884031503126,5.46
whole,0.0002884031503126,5.46
wholes,0.0002884031503126,5.46
car,0.0002818382931264,5.45
cars,0.0002818382931264,5.45
faced,0.0002818382931264,5.45
faces,0.0002818382931264,5.45
face,0.0002818382931264,5.45
facing,0.0002818382931264,5.45
five,0.0002818382931264,5.45
kinder,0.0002818382931264,5.45
kind,0.0002818382931264,5.45
kinds,0.0002818382931264,5.45
kindest,0.0002818382931264,5.45
maybe,0.0002818382931264,5.45
per,0.0002818382931264,5.45
president,0.0002818382931264,5.45
presidents,0.0002818382931264,5.45
stories,0.0002818382931264,5.45
story,0.0002818382931264,5.45
workings,0.0002818382931264,5.45
course,0.0002754228703338,5.44
coursing,0.0002754228703338,5.44
courses,0.0002754228703338,5.44
coursed,0.0002754228703338,5.44
health,0.0002754228703338,5.44
hoping,0.0002754228703338,5.44
hoped,0.0002754228703338,5.44
hope,0.0002754228703338,5.44
hopes,0.0002754228703338,5.44
important,0.0002754228703338,5.44
news,0.0002754228703338,5.44
within,0.0002754228703338,5.44
ablest,0.0002691534803926,5.43
able,0.0002691534803926,5.43
abler,0.0002691534803926,5.43
books,0.0002691534803926,5.43
booked,0.0002691534803926,5.43
book,0.0002691534803926,5.43
booking,0.0002691534803926,5.43
earliest,0.0002691534803926,5.43
earlier,0.0002691534803926,5.43
early,0.0002691534803926,5.43
friends,0.0002691534803926,5.43
i'll,0.0002691534803926,5.43
informations,0.0002691534803926,5.43
information,0.0002691534803926,5.43
local,0.0002691534803926,5.43
locals,0.0002691534803926,5.43
oh,0.0002691534803926,5.43
posts,0.0002691534803926,5.43
post,0.0002691534803926,5.43
posted,0.0002691534803926,5.43
posting,0.0002691534803926,5.43
t,0.0002691534803926,5.43
videoing,0.0002691534803926,5.43
videoed,0.0002691534803926,5.43
videos,0.0002691534803926,5.43
video,0.0002691534803926,5.43
youngest,0.0002691534803926,5.43
younger,0.0002691534803926,5.43
young,0.0002691534803926,5.43
ago,0.0002630267991895,5.42
socials,0.0002630267991895,5.42
social,0.0002630267991895,5.42
talked,0.0002630267991895,5.42
talk,0.0002630267991895,5.42
talks,0.0002630267991895,5.42
talking,0.0002630267991895,5.42
"0,000",0.0002570395782768,5.41
00th,0.0002570395782768,5.41
9,0.0002570395782768,5.41
court,0.0002570395782768,5.41
courted,0.0002570395782768,5.41
courts,0.0002570395782768,5.41
courting,0.0002570395782768,5.41
fact,0.0002570395782768,5.41
facts,0.0002570395782768,5.41
givens,0.0002570395782768,5.41
guys,0.0002570395782768,5.41
halfs,0.0002570395782768,5.41
half,0.0002570395782768,5.41
halves,0.0002570395782768,5.41
hands,0.0002570395782768,5.41
handing,0.0002570395782768,5.41
handed,0.0002570395782768,5.41
hand,0.0002570395782768,5.41
isn't,0.0002570395782768,5.41
leveling,0.0002570395782768,5.41
level,0.0002570395782768,5.41
levelled,0.0002570395782768,5.41
levelling,0.0002570395782768,5.41
leveled,0.0002570395782768,5.41
levels,0.0002570395782768,5.41
minds,0.0002570395782768,5.41
minded,0.0002570395782768,5.41
mind,0.0002570395782768,5.41
minding,0.0002570395782768,5.41
oftener,0.0002570395782768,5.41
often,0.0002570395782768,5.41
oftenest,0.0002570395782768,5.41
singles,0.0002570395782768,5.41
singled,0.0002570395782768,5.41
single,0.0002570395782768,5.41
singling,0.0002570395782768,5.41
"00,000",0.0002511886431509,5.4
become,0.0002511886431509,5.4
became,0.0002511886431509,5.4
becomes,0.0002511886431509,5.4
becoming,0.0002511886431509,5.4
bodies,0.0002511886431509,5.4
body,0.0002511886431509,5.4
comings,0.0002511886431509,5.4
controls,0.0002511886431509,5.4
controled,0.0002511886431509,5.4
controlled,0.0002511886431509,5.4
control,0.0002511886431509,5.4
controling,0.0002511886431509,5.4
controlling,0.0002511886431509,5.4
death,0.0002511886431509,5.4
deaths,0.0002511886431509,5.4
food,0.0002511886431509,5.4
foods,0.0002511886431509,5.4
guying,0.0002511886431509,5.4
guy,0.0002511886431509,5.4
guyed,0.0002511886431509,5.4
hours,0.0002511886431509,5.4
office,0.0002511886431509,5.4
offices,0.0002511886431509,5.4
payed,0.0002511886431509,5.4
paying,0.0002511886431509,5.4
paid,0.0002511886431509,5.4
pay,0.0002511886431509,5.4
pays,0.0002511886431509,5.4
problems,0.0002511886431509,5.4
problem,0.0002511886431509,5.4
south,0.0002511886431509,5.4
trues,0.0002511886431509,5.4
truing,0.0002511886431509,5.4
truest,0.0002511886431509,5.4
true,0.0002511886431509,5.4
trueer,0.0002511886431509,5.4
trued,0.0002511886431509,5.4
we're,0.0002511886431509,5.4
almost,0.0002454708915685,5.39
fuck,0.0002454708915685,5.39
history,0.0002454708915685,5.39
histories,0.0002454708915685,5.39
knowns,0.0002454708915685,5.39
large,0.0002454708915685,5.39
larger,0.0002454708915685,5.39
largest,0.0002454708915685,5.39
lost,0.0002454708915685,5.39
m,0.0002454708915685,5.39
researches,0.0002454708915685,5.39
research,0.0002454708915685,5.39
researching,0.0002454708915685,5.39
researched,0.0002454708915685,5.39
room,0.0002454708915685,5.39
rooms,0.0002454708915685,5.39
roomed,0.0002454708915685,5.39
rooming,0.0002454708915685,5.39
several,0.0002454708915685,5.39
takings,0.0002454708915685,5.39
universities,0.0002454708915685,5.39
university,0.0002454708915685,5.39
wins,0.0002454708915685,5.39
winning,0.0002454708915685,5.39
won,0.0002454708915685,5.39
win,0.0002454708915685,5.39
wrong,0.0002454708915685,5.39
wronged,0.0002454708915685,5.39
wrongs,0.0002454708915685,5.39
wronging,0.0002454708915685,5.39
along,0.0002398832919019,5.38
anyone,0.0002398832919019,5.38
else,0.0002398832919019,5.38
girls,0.0002398832919019,5.38
girl,0.0002398832919019,5.38
john,0.0002398832919019,5.38
mattered,0.0002398832919019,5.38
matter,0.0002398832919019,5.38
matters,0.0002398832919019,5.38
mattering,0.0002398832919019,5.38
prettier,0.0002398832919019,5.38
prettiest,0.0002398832919019,5.38
pretty,0.0002398832919019,5.38
remembers,0.0002398832919019,5.38
remembering,0.0002398832919019,5.38
remembered,0.0002398832919019,5.38
remember,0.0002398832919019,5.38
aired,0.0002344228815319,5.37
airs,0.0002344228815319,5.37
air,0.0002344228815319,5.37
airing,0.0002344228815319,5.37
bit,0.0002344228815319,5.37
bits,0.0002344228815319,5.37
friend,0.0002344228815319,5.37
hitting,0.0002344228815319,5.37
hit,0.0002344228815319,5.37
hits,0.0002344228815319,5.37
nicer,0.0002344228815319,5.37
nicest,0.0002344228815319,5.37
nice,0.0002344228815319,5.37
probably,0.0002344228815319,5.37
sayings,0.0002344228815319,5.37
understands,0.0002344228815319,5.37
understood,0.0002344228815319,5.37
understanding,0.0002344228815319,5.37
understand,0.0002344228815319,5.37
yeah,0.0002344228815319,5.37
york,0.0002344228815319,5.37
classed,0.0002290867652767,5.36
class,0.0002290867652767,5.36
classes,0.0002290867652767,5.36
classing,0.0002290867652767,5.36
closing,0.0002290867652767,5.36
closed,0.0002290867652767,5.36
closer,0.0002290867652767,5.36
closes,0.0002290867652767,5.36
closest,0.0002290867652767,5.36
close,0.0002290867652767,5.36
comites,0.0002290867652767,5.36
i'd,0.0002290867652767,5.36
idea,0.0002290867652767,5.36
ideas,0.0002290867652767,5.36
international,0.0002290867652767,5.36
internationals,0.0002290867652767,5.36
past,0.0002290867652767,5.36
pasts,0.0002290867652767,5.36
possibles,0.0002290867652767,5.36
possible,0.0002290867652767,5.36
b,0.0002238721138568,5.35
caused,0.0002238721138568,5.35
causes,0.0002238721138568,5.35
cause,0.0002238721138568,5.35
causing,0.0002238721138568,5.35
due,0.0002238721138568,5.35
happiest,0.0002238721138568,5.35
happy,0.0002238721138568,5.35
happier,0.0002238721138568,5.35
humans,0.0002238721138568,5.35
human,0.0002238721138568,5.35
members,0.0002238721138568,5.35
months,0.0002238721138568,5.35
move,0.0002238721138568,5.35
moves,0.0002238721138568,5.35
moved,0.0002238721138568,5.35
moving,0.0002238721138568,5.35
questioning,0.0002238721138568,5.35
questions,0.0002238721138568,5.35
questioned,0.0002238721138568,5.35
question,0.0002238721138568,5.35
r,0.0002238721138568,5.35
series,0.0002238721138568,5.35
waits,0.0002238721138568,5.35
waited,0.0002238721138568,5.35
waiting,0.0002238721138568,5.35
wait,0.0002238721138568,5.35
woman,0.0002238721138568,5.35
00.0,0.0002187761623949,5.34
ask,0.0002187761623949,5.34
asks,0.0002187761623949,5.34
asking,0.0002187761623949,5.34
asked,0.0002187761623949,5.34
community,0.0002187761623949,5.34
communities,0.0002187761623949,5.34
data,0.0002187761623949,5.34
late,0.0002187761623949,5.34
latest,0.0002187761623949,5.34
leaving,0.0002187761623949,5.34
leaves,0.0002187761623949,5.34
leave,0.0002187761623949,5.34
north,0.0002187761623949,5.34
saws,0.0002187761623949,5.34
sawed,0.0002187761623949,5.34
sawing,0.0002187761623949,5.34
sawn,0.0002187761623949,5.34
specials,0.0002187761623949,5.34
special,0.0002187761623949,5.34
watching,0.0002187761623949,5.34
watched,0.0002187761623949,5.34
watches,0.0002187761623949,5.34
watch,0.0002187761623949,5.34
won't,0.0002187761623949,5.34
c,0.0002137962089502,5.33
either,0.0002137962089502,5.33
fucking,0.0002137962089502,5.33
futures,0.0002137962089502,5.33
future,0.0002137962089502,5.33
lightest,0.0002137962089502,5.33
lit,0.0002137962089502,5.33
lights,0.0002137962089502,5.33
lighting,0.0002137962089502,5.33
lighter,0.0002137962089502,5.33
light,0.0002137962089502,5.33
lighted,0.0002137962089502,5.33
low,0.0002137962089502,5.33
lowest,0.0002137962089502,5.33
lower,0.0002137962089502,5.33
lows,0.0002137962089502,5.33
lowed,0.0002137962089502,5.33
lowing,0.0002137962089502,5.33
millions,0.0002137962089502,5.33
million,0.0002137962089502,5.33
mornings,0.0002137962089502,5.33
morning,0.0002137962089502,5.33
policed,0.0002137962089502,5.33
policing,0.0002137962089502,5.33
police,0.0002137962089502,5.33
polices,0.0002137962089502,5.33
shorting,0.0002137962089502,5.33
shorts,0.0002137962089502,5.33
shortest,0.0002137962089502,5.33
shorter,0.0002137962089502,5.33
short,0.0002137962089502,5.33
shorted,0.0002137962089502,5.33
staying,0.0002137962089502,5.33
stay,0.0002137962089502,5.33
stayed,0.0002137962089502,5.33
staid,0.0002137962089502,5.33
staves,0.0002137962089502,5.33
stays,0.0002137962089502,5.33
ages,0.0002089296130854,5.32
aged,0.0002089296130854,5.32
age,0.0002089296130854,5.32
ageing,0.0002089296130854,5.32
aging,0.0002089296130854,5.32
buying,0.0002089296130854,5.32
buy,0.0002089296130854,5.32
bought,0.0002089296130854,5.32
buys,0.0002089296130854,5.32
deals,0.0002089296130854,5.32
deal,0.0002089296130854,5.32
dealt,0.0002089296130854,5.32
dealing,0.0002089296130854,5.32
rather,0.0002089296130854,5.32
reasoned,0.0002089296130854,5.32
reasons,0.0002089296130854,5.32
reasoning,0.0002089296130854,5.32
reason,0.0002089296130854,5.32
reddest,0.0002089296130854,5.32
redder,0.0002089296130854,5.32
red,0.0002089296130854,5.32
reds,0.0002089296130854,5.32
reports,0.0002089296130854,5.32
reported,0.0002089296130854,5.32
reporting,0.0002089296130854,5.32
report,0.0002089296130854,5.32
soonest,0.0002089296130854,5.32
soon,0.0002089296130854,5.32
sooner,0.0002089296130854,5.32
third,0.0002089296130854,5.32
thirded,0.0002089296130854,5.32
thirding,0.0002089296130854,5.32
thirds,0.0002089296130854,5.32
turning,0.0002089296130854,5.32
turned,0.0002089296130854,5.32
turn,0.0002089296130854,5.32
turns,0.0002089296130854,5.32
whether,0.0002089296130854,5.32
among,0.0002041737944669,5.31
checked,0.0002041737944669,5.31
checks,0.0002041737944669,5.31
checking,0.0002041737944669,5.31
check,0.0002041737944669,5.31
development,0.0002041737944669,5.31
developments,0.0002041737944669,5.31
forming,0.0002041737944669,5.31
formed,0.0002041737944669,5.31
forms,0.0002041737944669,5.31
form,0.0002041737944669,5.31
furthering,0.0002041737944669,5.31
furthers,0.0002041737944669,5.31
furthered,0.0002041737944669,5.31
hearts,0.0002041737944669,5.31
heart,0.0002041737944669,5.31
minutes,0.0002041737944669,5.31
myself,0.0002041737944669,5.31
u.s,0.0002041737944669,5.31
yourself,0.0002041737944669,5.31
acting,0.0001995262314968,5.3
act,0.0001995262314968,5.3
acts,0.0001995262314968,5.3
acted,0.0001995262314968,5.3
although,0.0001995262314968,5.3
child,0.0001995262314968,5.3
fired,0.0001995262314968,5.3
firing,0.0001995262314968,5.3
fire,0.0001995262314968,5.3
fires,0.0001995262314968,5.3
fun,0.0001995262314968,5.3
livings,0.0001995262314968,5.3
major,0.0001995262314968,5.3
majoring,0.0001995262314968,5.3
majored,0.0001995262314968,5.3
majors,0.0001995262314968,5.3
media,0.0001995262314968,5.3
phoned,0.0001995262314968,5.3
phones,0.0001995262314968,5.3
phoning,0.0001995262314968,5.3
phone,0.0001995262314968,5.3
players,0.0001995262314968,5.3
arts,0.0001949844599758,5.29
art,0.0001949844599758,5.29
behinds,0.0001949844599758,5.29
behind,0.0001949844599758,5.29
buildings,0.0001949844599758,5.29
building,0.0001949844599758,5.29
easier,0.0001949844599758,5.29
easiest,0.0001949844599758,5.29
easy,0.0001949844599758,5.29
gonna,0.0001949844599758,5.29
markets,0.0001949844599758,5.29
market,0.0001949844599758,5.29
marketed,0.0001949844599758,5.29
marketing,0.0001949844599758,5.29
neared,0.0001949844599758,5.29
nears,0.0001949844599758,5.29
nearing,0.0001949844599758,5.29
nearer,0.0001949844599758,5.29
near,0.0001949844599758,5.29
nearest,0.0001949844599758,5.29
non,0.0001949844599758,5.29
plans,0.0001949844599758,5.29
plan,0.0001949844599758,5.29
planning,0.0001949844599758,5.29
planned,0.0001949844599758,5.29
political,0.0001949844599758,5.29
quite,0.0001949844599758,5.29
six,0.0001949844599758,5.29
west,0.0001949844599758,5.29
0.00,0.0001905460717963,5.28
according,0.0001905460717963,5.28
available,0.0001905460717963,5.28
e,0.0001905460717963,5.28
educations,0.0001905460717963,5.28
education,0.0001905460717963,5.28
finals,0.0001905460717963,5.28
final,0.0001905460717963,5.28
former,0.0001905460717963,5.28
formers,0.0001905460717963,5.28
fronted,0.0001905460717963,5.28
fronts,0.0001905460717963,5.28
front,0.0001905460717963,5.28
fronting,0.0001905460717963,5.28
kids,0.0001905460717963,5.28
lists,0.0001905460717963,5.28
listed,0.0001905460717963,5.28
list,0.0001905460717963,5.28
listing,0.0001905460717963,5.28
readiest,0.0001905460717963,5.28
readied,0.0001905460717963,5.28
ready,0.0001905460717963,5.28
readies,0.0001905460717963,5.28
readying,0.0001905460717963,5.28
readier,0.0001905460717963,5.28
sometimes,0.0001905460717963,5.28
sons,0.0001905460717963,5.28
son,0.0001905460717963,5.28
street,0.0001905460717963,5.28
streets,0.0001905460717963,5.28
wasn't,0.0001905460717963,5.28
bring,0.0001862087136662,5.27
brought,0.0001862087136662,5.27
bringing,0.0001862087136662,5.27
brings,0.0001862087136662,5.27
college,0.0001862087136662,5.27
colleges,0.0001862087136662,5.27
current,0.0001862087136662,5.27
currents,0.0001862087136662,5.27
example,0.0001862087136662,5.27
examples,0.0001862087136662,5.27
experienced,0.0001862087136662,5.27
experiences,0.0001862087136662,5.27
experience,0.0001862087136662,5.27
experiencing,0.0001862087136662,5.27
heard,0.0001862087136662,5.27
london,0.0001862087136662,5.27
meet,0.0001862087136662,5.27
meets,0.0001862087136662,5.27
meeting,0.0001862087136662,5.27
met,0.0001862087136662,5.27
programed,0.0001862087136662,5.27
programing,0.0001862087136662,5.27
programs,0.0001862087136662,5.27
program,0.0001862087136662,5.27
typed,0.0001862087136662,5.27
types,0.0001862087136662,5.27
typing,0.0001862087136662,5.27
type,0.0001862087136662,5.27
babied,0.0001819700858609,5.26
babies,0.0001819700858609,5.26
babying,0.0001819700858609,5.26
baby,0.0001819700858609,5.26
chanced,0.0001819700858609,5.26
chance,0.0001819700858609,5.26
chancing,0.0001819700858609,5.26
chances,0.0001819700858609,5.26
fathering,0.0001819700858609,5.26
father,0.0001819700858609,5.26
fathers,0.0001819700858609,5.26
fathered,0.0001819700858609,5.26
marched,0.0001819700858609,5.26
marching,0.0001819700858609,5.26
march,0.0001819700858609,5.26
marches,0.0001819700858609,5.26
processes,0.0001819700858609,5.26
processed,0.0001819700858609,5.26
processing,0.0001819700858609,5.26
process,0.0001819700858609,5.26
she's,0.0001819700858609,5.26
songs,0.0001819700858609,5.26
song,0.0001819700858609,5.26
studying,0.0001819700858609,5.26
study,0.0001819700858609,5.26
studies,0.0001819700858609,5.26
studied,0.0001819700858609,5.26
wording,0.0001819700858609,5.26
worded,0.0001819700858609,5.26
word,0.0001819700858609,5.26
words,0.0001819700858609,5.26
across,0.0001778279410038,5.25
actioning,0.0001778279410038,5.25
actions,0.0001778279410038,5.25
action,0.0001778279410038,5.25
actioned,0.0001778279410038,5.25
clearing,0.0001778279410038,5.25
clearest,0.0001778279410038,5.25
clearer,0.0001778279410038,5.25
clear,0.0001778279410038,5.25
cleared,0.0001778279410038,5.25
clears,0.0001778279410038,5.25
himself,0.0001778279410038,5.25
month,0.0001778279410038,5.25
outside,0.0001778279410038,5.25
outsides,0.0001778279410038,5.25
selfed,0.0001778279410038,5.25
self,0.0001778279410038,5.25
selfs,0.0001778279410038,5.25
selves,0.0001778279410038,5.25
selfing,0.0001778279410038,5.25
students,0.0001778279410038,5.25
boarding,0.0001737800828749,5.24
boards,0.0001737800828749,5.24
boarded,0.0001737800828749,5.24
board,0.0001737800828749,5.24
costs,0.0001737800828749,5.24
costed,0.0001737800828749,5.24
cost,0.0001737800828749,5.24
costing,0.0001737800828749,5.24
cuts,0.0001737800828749,5.24
cut,0.0001737800828749,5.24
cutting,0.0001737800828749,5.24
dr,0.0001737800828749,5.24
fielding,0.0001737800828749,5.24
fielded,0.0001737800828749,5.24
fields,0.0001737800828749,5.24
field,0.0001737800828749,5.24
held,0.0001737800828749,5.24
instead,0.0001737800828749,5.24
mains,0.0001737800828749,5.24
main,0.0001737800828749,5.24
moment,0.0001737800828749,5.24
moments,0.0001737800828749,5.24
mothered,0.0001737800828749,5.24
mother,0.0001737800828749,5.24
mothers,0.0001737800828749,5.24
mothering,0.0001737800828749,5.24
roads,0.0001737800828749,5.24
road,0.0001737800828749,5.24
seems,0.0001737800828749,5.24
towns,0.0001737800828749,5.24
town,0.0001737800828749,5.24
de,0.0001698243652461,5.23
departments,0.0001698243652461,5.23
department,0.0001698243652461,5.23
energies,0.0001698243652461,5.23
energy,0.0001698243652461,5.23
fights,0.0001698243652461,5.23
fight,0.0001698243652461,5.23
fighting,0.0001698243652461,5.23
fought,0.0001698243652461,5.23
fine,0.0001698243652461,5.23
fines,0.0001698243652461,5.23
finer,0.0001698243652461,5.23
fined,0.0001698243652461,5.23
finest,0.0001698243652461,5.23
fining,0.0001698243652461,5.23
force,0.0001698243652461,5.23
forcing,0.0001698243652461,5.23
forced,0.0001698243652461,5.23
forces,0.0001698243652461,5.23
hear,0.0001698243652461,5.23
hears,0.0001698243652461,5.23
hearing,0.0001698243652461,5.23
issuing,0.0001698243652461,5.23
issued,0.0001698243652461,5.23
issues,0.0001698243652461,5.23
issue,0.0001698243652461,5.23
price,0.0001698243652461,5.23
pricing,0.0001698243652461,5.23
prices,0.0001698243652461,5.23
priced,0.0001698243652461,5.23
re,0.0001698243652461,5.23
rested,0.0001698243652461,5.23
rest,0.0001698243652461,5.23
rests,0.0001698243652461,5.23
resting,0.0001698243652461,5.23
results,0.0001698243652461,5.23
runnings,0.0001698243652461,5.23
spaced,0.0001698243652461,5.23
spaces,0.0001698243652461,5.23
space,0.0001698243652461,5.23
spacing,0.0001698243652461,5.23
summer,0.0001698243652461,5.23
summers,0.0001698243652461,5.23
summered,0.0001698243652461,5.23
summering,0.0001698243652461,5.23
termed,0.0001698243652461,5.23
term,0.0001698243652461,5.23
terming,0.0001698243652461,5.23
terms,0.0001698243652461,5.23
wives,0.0001698243652461,5.23
wife,0.0001698243652461,5.23
0,0.0001659586907437,5.22
america,0.0001659586907437,5.22
beautiful,0.0001659586907437,5.22
dates,0.0001659586907437,5.22
dated,0.0001659586907437,5.22
dating,0.0001659586907437,5.22
date,0.0001659586907437,5.22
killed,0.0001659586907437,5.22
landed,0.0001659586907437,5.22
lands,0.0001659586907437,5.22
landing,0.0001659586907437,5.22
land,0.0001659586907437,5.22
missed,0.0001659586907437,5.22
miss,0.0001659586907437,5.22
missing,0.0001659586907437,5.22
misses,0.0001659586907437,5.22
projecting,0.0001659586907437,5.22
project,0.0001659586907437,5.22
projects,0.0001659586907437,5.22
projected,0.0001659586907437,5.22
sexed,0.0001659586907437,5.22
sexing,0.0001659586907437,5.22
sexes,0.0001659586907437,5.22
sex,0.0001659586907437,5.22
shots,0.0001659586907437,5.22
shot,0.0001659586907437,5.22
siting,0.0001659586907437,5.22
site,0.0001659586907437,5.22
sites,0.0001659586907437,5.22
sited,0.0001659586907437,5.22
strong,0.0001659586907437,5.22
strongest,0.0001659586907437,5.22
stronger,0.0001659586907437,5.22
you'll,0.0001659586907437,5.22
accounting,0.0001621810097358,5.21
accounted,0.0001621810097358,5.21
accounts,0.0001621810097358,5.21
account,0.0001621810097358,5.21
co,0.0001621810097358,5.21
especially,0.0001621810097358,5.21
eyes,0.0001621810097358,5.21
includes,0.0001621810097358,5.21
included,0.0001621810097358,5.21
include,0.0001621810097358,5.21
june,0.0001621810097358,5.21
parents,0.0001621810097358,5.21
period,0.0001621810097358,5.21
periods,0.0001621810097358,5.21
positioned,0.0001621810097358,5.21
positioning,0.0001621810097358,5.21
positions,0.0001621810097358,5.21
position,0.0001621810097358,5.21
recorded,0.0001621810097358,5.21
recording,0.0001621810097358,5.21
records,0.0001621810097358,5.21
record,0.0001621810097358,5.21
similar,0.0001621810097358,5.21
totaling,0.0001621810097358,5.21
totaled,0.0001621810097358,5.21
totals,0.0001621810097358,5.21
total,0.0001621810097358,5.21
totalling,0.0001621810097358,5.21
totalled,0.0001621810097358,5.21
w,0.0001621810097358,5.21
above,0.0001584893192461,5.2
clubbing,0.0001584893192461,5.2
clubs,0.0001584893192461,5.2
clubbed,0.0001584893192461,5.2
club,0.0001584893192461,5.2
common,0.0001584893192461,5.2
commons,0.0001584893192461,5.2
commoner,0.0001584893192461,5.2
commonest,0.0001584893192461,5.2
died,0.0001584893192461,5.2
films,0.0001584893192461,5.2
filming,0.0001584893192461,5.2
film,0.0001584893192461,5.2
filmed,0.0001584893192461,5.2
happened,0.0001584893192461,5.2
leading,0.0001584893192461,5.2
lead,0.0001584893192461,5.2
leads,0.0001584893192461,5.2
led,0.0001584893192461,5.2
likelier,0.0001584893192461,5.2
likely,0.0001584893192461,5.2
likeliest,0.0001584893192461,5.2
militaries,0.0001584893192461,5.2
military,0.0001584893192461,5.2
perfect,0.0001584893192461,5.2
perfecting,0.0001584893192461,5.2
perfected,0.0001584893192461,5.2
perfects,0.0001584893192461,5.2
personals,0.0001584893192461,5.2
personal,0.0001584893192461,5.2
securities,0.0001584893192461,5.2
security,0.0001584893192461,5.2
shares,0.0001584893192461,5.2
sharing,0.0001584893192461,5.2
share,0.0001584893192461,5.2
shared,0.0001584893192461,5.2
st,0.0001584893192461,5.2
tv,0.0001584893192461,5.2
what's,0.0001584893192461,5.2
x,0.0001584893192461,5.2
april,0.0001548816618912,5.19
centers,0.0001548816618912,5.19
center,0.0001548816618912,5.19
centering,0.0001548816618912,5.19
centered,0.0001548816618912,5.19
county,0.0001548816618912,5.19
couples,0.0001548816618912,5.19
couple,0.0001548816618912,5.19
coupled,0.0001548816618912,5.19
coupling,0.0001548816618912,5.19
deadest,0.0001548816618912,5.19
deader,0.0001548816618912,5.19
dead,0.0001548816618912,5.19
english,0.0001548816618912,5.19
happening,0.0001548816618912,5.19
happens,0.0001548816618912,5.19
happen,0.0001548816618912,5.19
holds,0.0001548816618912,5.19
hold,0.0001548816618912,5.19
holding,0.0001548816618912,5.19
industries,0.0001548816618912,5.19
industry,0.0001548816618912,5.19
inside,0.0001548816618912,5.19
insides,0.0001548816618912,5.19
online,0.0001548816618912,5.19
player,0.0001548816618912,5.19
privates,0.0001548816618912,5.19
private,0.0001548816618912,5.19
return,0.0001548816618912,5.19
returns,0.0001548816618912,5.19
returning,0.0001548816618912,5.19
returned,0.0001548816618912,5.19
sensed,0.0001548816618912,5.19
sense,0.0001548816618912,5.19
senses,0.0001548816618912,5.19
sensing,0.0001548816618912,5.19
star,0.0001548816618912,5.19
starring,0.0001548816618912,5.19
stars,0.0001548816618912,5.19
starred,0.0001548816618912,5.19
test,0.0001548816618912,5.19
testing,0.0001548816618912,5.19
tests,0.0001548816618912,5.19
tested,0.0001548816618912,5.19
viewed,0.0001548816618912,5.19
view,0.0001548816618912,5.19
viewing,0.0001548816618912,5.19
views,0.0001548816618912,5.19
"000,000",0.0001513561248436,5.18
broken,0.0001513561248436,5.18
broke,0.0001513561248436,5.18
breaks,0.0001513561248436,5.18
breaking,0.0001513561248436,5.18
break,0.0001513561248436,5.18
british,0.0001513561248436,5.18
event,0.0001513561248436,5.18
events,0.0001513561248436,5.18
hour,0.0001513561248436,5.18
l,0.0001513561248436,5.18
member,0.0001513561248436,5.18
middle,0.0001513561248436,5.18
middled,0.0001513561248436,5.18
middles,0.0001513561248436,5.18
middling,0.0001513561248436,5.18
presents,0.0001513561248436,5.18
presented,0.0001513561248436,5.18
present,0.0001513561248436,5.18
presenting,0.0001513561248436,5.18
resulted,0.0001513561248436,5.18
result,0.0001513561248436,5.18
resulting,0.0001513561248436,5.18
sorriest,0.0001513561248436,5.18
sorrier,0.0001513561248436,5.18
sorry,0.0001513561248436,5.18
trainings,0.0001513561248436,5.18
training,0.0001513561248436,5.18
wish,0.0001513561248436,5.18
wished,0.0001513561248436,5.18
wishing,0.0001513561248436,5.18
wishes,0.0001513561248436,5.18
wouldn't,0.0001513561248436,5.18
answered,0.0001479108388168,5.17
answer,0.0001479108388168,5.17
answers,0.0001479108388168,5.17
answering,0.0001479108388168,5.17
boy,0.0001479108388168,5.17
boys,0.0001479108388168,5.17
designing,0.0001479108388168,5.17
designs,0.0001479108388168,5.17
designed,0.0001479108388168,5.17
design,0.0001479108388168,5.17
finally,0.0001479108388168,5.17
gold,0.0001479108388168,5.17
golds,0.0001479108388168,5.17
guessed,0.0001479108388168,5.17
guesses,0.0001479108388168,5.17
guess,0.0001479108388168,5.17
guessing,0.0001479108388168,5.17
interests,0.0001479108388168,5.17
interesting,0.0001479108388168,5.17
interested,0.0001479108388168,5.17
interest,0.0001479108388168,5.17
july,0.0001479108388168,5.17
kinging,0.0001479108388168,5.17
kinged,0.0001479108388168,5.17
king,0.0001479108388168,5.17
kings,0.0001479108388168,5.17
learnt,0.0001479108388168,5.17
learning,0.0001479108388168,5.17
learn,0.0001479108388168,5.17
learns,0.0001479108388168,5.17
learned,0.0001479108388168,5.17
policies,0.0001479108388168,5.17
policy,0.0001479108388168,5.17
society,0.0001479108388168,5.17
societies,0.0001479108388168,5.17
added,0.0001445439770745,5.16
al,0.0001445439770745,5.16
alone,0.0001445439770745,5.16
average,0.0001445439770745,5.16
averaged,0.0001445439770745,5.16
averages,0.0001445439770745,5.16
averaging,0.0001445439770745,5.16
bank,0.0001445439770745,5.16
banks,0.0001445439770745,5.16
banking,0.0001445439770745,5.16
banked,0.0001445439770745,5.16
certain,0.0001445439770745,5.16
churches,0.0001445439770745,5.16
church,0.0001445439770745,5.16
east,0.0001445439770745,5.16
hotting,0.0001445439770745,5.16
hotter,0.0001445439770745,5.16
hotted,0.0001445439770745,5.16
hot,0.0001445439770745,5.16
hots,0.0001445439770745,5.16
hottest,0.0001445439770745,5.16
let's,0.0001445439770745,5.16
medicals,0.0001445439770745,5.16
medical,0.0001445439770745,5.16
movies,0.0001445439770745,5.16
movie,0.0001445439770745,5.16
originals,0.0001445439770745,5.16
original,0.0001445439770745,5.16
parks,0.0001445439770745,5.16
park,0.0001445439770745,5.16
parked,0.0001445439770745,5.16
parking,0.0001445439770745,5.16
performances,0.0001445439770745,5.16
performance,0.0001445439770745,5.16
pressed,0.0001445439770745,5.16
pressing,0.0001445439770745,5.16
press,0.0001445439770745,5.16
presses,0.0001445439770745,5.16
received,0.0001445439770745,5.16
roles,0.0001445439770745,5.16
role,0.0001445439770745,5.16
sent,0.0001445439770745,5.16
themselves,0.0001445439770745,5.16
worth,0.0001445439770745,5.16
bills,0.0001412537544622,5.15
billing,0.0001412537544622,5.15
billed,0.0001412537544622,5.15
bill,0.0001412537544622,5.15
cooling,0.0001412537544622,5.15
cools,0.0001412537544622,5.15
cooler,0.0001412537544622,5.15
coolest,0.0001412537544622,5.15
cool,0.0001412537544622,5.15
cooled,0.0001412537544622,5.15
directors,0.0001412537544622,5.15
director,0.0001412537544622,5.15
exactly,0.0001412537544622,5.15
grounds,0.0001412537544622,5.15
ground,0.0001412537544622,5.15
grounded,0.0001412537544622,5.15
grounding,0.0001412537544622,5.15
meetings,0.0001412537544622,5.15
n,0.0001412537544622,5.15
provides,0.0001412537544622,5.15
provide,0.0001412537544622,5.15
providing,0.0001412537544622,5.15
provided,0.0001412537544622,5.15
relationship,0.0001412537544622,5.15
relationships,0.0001412537544622,5.15
september,0.0001412537544622,5.15
sounder,0.0001412537544622,5.15
sounded,0.0001412537544622,5.15
sounds,0.0001412537544622,5.15
sound,0.0001412537544622,5.15
sounding,0.0001412537544622,5.15
soundest,0.0001412537544622,5.15
source,0.0001412537544622,5.15
sourcing,0.0001412537544622,5.15
sourced,0.0001412537544622,5.15
sources,0.0001412537544622,5.15
usually,0.0001412537544622,5.15
values,0.0001412537544622,5.15
valuing,0.0001412537544622,5.15
value,0.0001412537544622,5.15
valued,0.0001412537544622,5.15
evidencing,0.0001380384264602,5.14
evidences,0.0001380384264602,5.14
evidence,0.0001380384264602,5.14
evidenced,0.0001380384264602,5.14
follows,0.0001380384264602,5.14
followed,0.0001380384264602,5.14
follow,0.0001380384264602,5.14
officials,0.0001380384264602,5.14
official,0.0001380384264602,5.14
ok,0.0001380384264602,5.14
production,0.0001380384264602,5.14
productions,0.0001380384264602,5.14
rate,0.0001380384264602,5.14
rating,0.0001380384264602,5.14
rated,0.0001380384264602,5.14
rates,0.0001380384264602,5.14
readings,0.0001380384264602,5.14
roundest,0.0001380384264602,5.14
rounds,0.0001380384264602,5.14
rounder,0.0001380384264602,5.14
rounded,0.0001380384264602,5.14
rounding,0.0001380384264602,5.14
round,0.0001380384264602,5.14
saving,0.0001380384264602,5.14
saved,0.0001380384264602,5.14
saves,0.0001380384264602,5.14
save,0.0001380384264602,5.14
standing,0.0001380384264602,5.14
stand,0.0001380384264602,5.14
stands,0.0001380384264602,5.14
stood,0.0001380384264602,5.14
stuffed,0.0001380384264602,5.14
stuffing,0.0001380384264602,5.14
stuffs,0.0001380384264602,5.14
stuff,0.0001380384264602,5.14
taxes,0.0001380384264602,5.14
taxed,0.0001380384264602,5.14
taxing,0.0001380384264602,5.14
tax,0.0001380384264602,5.14
whatever,0.0001380384264602,5.14
amounted,0.0001348962882591,5.13
amount,0.0001348962882591,5.13
amounting,0.0001348962882591,5.13
amounts,0.0001348962882591,5.13
blued,0.0001348962882591,5.13
blueer,0.0001348962882591,5.13
blue,0.0001348962882591,5.13
blues,0.0001348962882591,5.13
bluing,0.0001348962882591,5.13
blueing,0.0001348962882591,5.13
blueest,0.0001348962882591,5.13
david,0.0001348962882591,5.13
driven,0.0001348962882591,5.13
drove,0.0001348962882591,5.13
driving,0.0001348962882591,5.13
drive,0.0001348962882591,5.13
drives,0.0001348962882591,5.13
eaten,0.0001348962882591,5.13
ate,0.0001348962882591,5.13
eating,0.0001348962882591,5.13
eat,0.0001348962882591,5.13
eats,0.0001348962882591,5.13
fallen,0.0001348962882591,5.13
falling,0.0001348962882591,5.13
falls,0.0001348962882591,5.13
fell,0.0001348962882591,5.13
fall,0.0001348962882591,5.13
fastest,0.0001348962882591,5.13
faster,0.0001348962882591,5.13
fasted,0.0001348962882591,5.13
fasting,0.0001348962882591,5.13
fast,0.0001348962882591,5.13
fasts,0.0001348962882591,5.13
federals,0.0001348962882591,5.13
federal,0.0001348962882591,5.13
feelings,0.0001348962882591,5.13
felts,0.0001348962882591,5.13
greenest,0.0001348962882591,5.13
greener,0.0001348962882591,5.13
greened,0.0001348962882591,5.13
greens,0.0001348962882591,5.13
greening,0.0001348962882591,5.13
green,0.0001348962882591,5.13
leagues,0.0001348962882591,5.13
leagued,0.0001348962882591,5.13
league,0.0001348962882591,5.13
leaguing,0.0001348962882591,5.13
managements,0.0001348962882591,5.13
management,0.0001348962882591,5.13
matched,0.0001348962882591,5.13
matching,0.0001348962882591,5.13
match,0.0001348962882591,5.13
matches,0.0001348962882591,5.13
modelled,0.0001348962882591,5.13
models,0.0001348962882591,5.13
modeling,0.0001348962882591,5.13
modeled,0.0001348962882591,5.13
modelling,0.0001348962882591,5.13
model,0.0001348962882591,5.13
p,0.0001348962882591,5.13
picture,0.0001348962882591,5.13
picturing,0.0001348962882591,5.13
pictured,0.0001348962882591,5.13
pictures,0.0001348962882591,5.13
sizes,0.0001348962882591,5.13
sized,0.0001348962882591,5.13
sizing,0.0001348962882591,5.13
size,0.0001348962882591,5.13
stepping,0.0001348962882591,5.13
steps,0.0001348962882591,5.13
step,0.0001348962882591,5.13
stepped,0.0001348962882591,5.13
trusts,0.0001348962882591,5.13
trusting,0.0001348962882591,5.13
trust,0.0001348962882591,5.13
trusted,0.0001348962882591,5.13
you've,0.0001348962882591,5.13
central,0.0001318256738556,5.12
centrals,0.0001318256738556,5.12
england,0.0001318256738556,5.12
forwarding,0.0001318256738556,5.12
forwards,0.0001318256738556,5.12
forwarded,0.0001318256738556,5.12
forward,0.0001318256738556,5.12
hey,0.0001318256738556,5.12
keyed,0.0001318256738556,5.12
keying,0.0001318256738556,5.12
keys,0.0001318256738556,5.12
key,0.0001318256738556,5.12
mom,0.0001318256738556,5.12
moms,0.0001318256738556,5.12
o,0.0001318256738556,5.12
paging,0.0001318256738556,5.12
page,0.0001318256738556,5.12
pages,0.0001318256738556,5.12
paged,0.0001318256738556,5.12
ranged,0.0001318256738556,5.12
ranges,0.0001318256738556,5.12
range,0.0001318256738556,5.12
ranging,0.0001318256738556,5.12
reviewing,0.0001318256738556,5.12
reviewed,0.0001318256738556,5.12
reviews,0.0001318256738556,5.12
review,0.0001318256738556,5.12
science,0.0001318256738556,5.12
sciences,0.0001318256738556,5.12
trading,0.0001318256738556,5.12
trade,0.0001318256738556,5.12
traded,0.0001318256738556,5.12
trades,0.0001318256738556,5.12
uk,0.0001318256738556,5.12
upon,0.0001318256738556,5.12
various,0.0001318256738556,5.12
attention,0.0001288249551693,5.11
attentions,0.0001288249551693,5.11
brother,0.0001288249551693,5.11
brothers,0.0001288249551693,5.11
cannot,0.0001288249551693,5.11
characters,0.0001288249551693,5.11
character,0.0001288249551693,5.11
chiefs,0.0001288249551693,5.11
chief,0.0001288249551693,5.11
cupping,0.0001288249551693,5.11
cupped,0.0001288249551693,5.11
cups,0.0001288249551693,5.11
cup,0.0001288249551693,5.11
football,0.0001288249551693,5.11
footballs,0.0001288249551693,5.11
hated,0.0001288249551693,5.11
hating,0.0001288249551693,5.11
hates,0.0001288249551693,5.11
hate,0.0001288249551693,5.11
haven't,0.0001288249551693,5.11
james,0.0001288249551693,5.11
lowers,0.0001288249551693,5.11
lowering,0.0001288249551693,5.11
lowered,0.0001288249551693,5.11
naturals,0.0001288249551693,5.11
natural,0.0001288249551693,5.11
october,0.0001288249551693,5.11
property,0.0001288249551693,5.11
properties,0.0001288249551693,5.11
qualities,0.0001288249551693,5.11
quality,0.0001288249551693,5.11
send,0.0001288249551693,5.11
sending,0.0001288249551693,5.11
sends,0.0001288249551693,5.11
style,0.0001288249551693,5.11
styles,0.0001288249551693,5.11
styling,0.0001288249551693,5.11
styled,0.0001288249551693,5.11
u,0.0001288249551693,5.11
voted,0.0001288249551693,5.11
voting,0.0001288249551693,5.11
vote,0.0001288249551693,5.11
votes,0.0001288249551693,5.11
00.00,0.0001258925411794,5.1
amazing,0.0001258925411794,5.1
august,0.0001258925411794,5.1
bloods,0.0001258925411794,5.1
blooded,0.0001258925411794,5.1
blooding,0.0001258925411794,5.1
blood,0.0001258925411794,5.1
chinas,0.0001258925411794,5.1
china,0.0001258925411794,5.1
completes,0.0001258925411794,5.1
completing,0.0001258925411794,5.1
completed,0.0001258925411794,5.1
complete,0.0001258925411794,5.1
dogged,0.0001258925411794,5.1
dogging,0.0001258925411794,5.1
dog,0.0001258925411794,5.1
dogs,0.0001258925411794,5.1
economic,0.0001258925411794,5.1
hells,0.0001258925411794,5.1
hell,0.0001258925411794,5.1
involved,0.0001258925411794,5.1
itself,0.0001258925411794,5.1
languages,0.0001258925411794,5.1
language,0.0001258925411794,5.1
languaging,0.0001258925411794,5.1
languaged,0.0001258925411794,5.1
lording,0.0001258925411794,5.1
lorded,0.0001258925411794,5.1
lord,0.0001258925411794,5.1
lords,0.0001258925411794,5.1
november,0.0001258925411794,5.1
oiled,0.0001258925411794,5.1
oiling,0.0001258925411794,5.1
oils,0.0001258925411794,5.1
oil,0.0001258925411794,5.1
related,0.0001258925411794,5.1
serious,0.0001258925411794,5.1
staged,0.0001258925411794,5.1
stage,0.0001258925411794,5.1
stages,0.0001258925411794,5.1
staging,0.0001258925411794,5.1
titled,0.0001258925411794,5.1
title,0.0001258925411794,5.1
titles,0.0001258925411794,5.1
titling,0.0001258925411794,5.1
adds,0.0001230268770812,5.09
add,0.0001230268770812,5.09
adding,0.0001230268770812,5.09
article,0.0001230268770812,5.09
articles,0.0001230268770812,5.09
articling,0.0001230268770812,5.09
articled,0.0001230268770812,5.09
attacks,0.0001230268770812,5.09
attacking,0.0001230268770812,5.09
attacked,0.0001230268770812,5.09
attack,0.0001230268770812,5.09
born,0.0001230268770812,5.09
couldn't,0.0001230268770812,5.09
damn,0.0001230268770812,5.09
damns,0.0001230268770812,5.09
damned,0.0001230268770812,5.09
damning,0.0001230268770812,5.09
decided,0.0001230268770812,5.09
decision,0.0001230268770812,5.09
decisions,0.0001230268770812,5.09
enjoy,0.0001230268770812,5.09
enjoys,0.0001230268770812,5.09
enjoyed,0.0001230268770812,5.09
enjoying,0.0001230268770812,5.09
entire,0.0001230268770812,5.09
french,0.0001230268770812,5.09
january,0.0001230268770812,5.09
kill,0.0001230268770812,5.09
killing,0.0001230268770812,5.09
kills,0.0001230268770812,5.09
perhaps,0.0001230268770812,5.09
poorer,0.0001230268770812,5.09
poor,0.0001230268770812,5.09
poorest,0.0001230268770812,5.09
released,0.0001230268770812,5.09
releasing,0.0001230268770812,5.09
releases,0.0001230268770812,5.09
release,0.0001230268770812,5.09
situations,0.0001230268770812,5.09
situation,0.0001230268770812,5.09
technology,0.0001230268770812,5.09
technologies,0.0001230268770812,5.09
website,0.0001230268770812,5.09
written,0.0001230268770812,5.09
choicer,0.0001202264434617,5.08
choicest,0.0001202264434617,5.08
choice,0.0001202264434617,5.08
choices,0.0001202264434617,5.08
coded,0.0001202264434617,5.08
coding,0.0001202264434617,5.08
code,0.0001202264434617,5.08
codes,0.0001202264434617,5.08
considered,0.0001202264434617,5.08
continue,0.0001202264434617,5.08
continuing,0.0001202264434617,5.08
continues,0.0001202264434617,5.08
continued,0.0001202264434617,5.08
council,0.0001202264434617,5.08
councils,0.0001202264434617,5.08
covers,0.0001202264434617,5.08
cover,0.0001202264434617,5.08
covering,0.0001202264434617,5.08
covered,0.0001202264434617,5.08
currently,0.0001202264434617,5.08
door,0.0001202264434617,5.08
doors,0.0001202264434617,5.08
election,0.0001202264434617,5.08
elections,0.0001202264434617,5.08
european,0.0001202264434617,5.08
f,0.0001202264434617,5.08
financial,0.0001202264434617,5.08
foreign,0.0001202264434617,5.08
hair,0.0001202264434617,5.08
hairs,0.0001202264434617,5.08
increased,0.0001202264434617,5.08
increase,0.0001202264434617,5.08
increases,0.0001202264434617,5.08
increasing,0.0001202264434617,5.08
legal,0.0001202264434617,5.08
losing,0.0001202264434617,5.08
loses,0.0001202264434617,5.08
lose,0.0001202264434617,5.08
michael,0.0001202264434617,5.08
pick,0.0001202264434617,5.08
picking,0.0001202264434617,5.08
picks,0.0001202264434617,5.08
picked,0.0001202264434617,5.08
races,0.0001202264434617,5.08
race,0.0001202264434617,5.08
racing,0.0001202264434617,5.08
raced,0.0001202264434617,5.08
seeming,0.0001202264434617,5.08
seemed,0.0001202264434617,5.08
seem,0.0001202264434617,5.08
seven,0.0001202264434617,5.08
sign,0.0001202264434617,5.08
signs,0.0001202264434617,5.08
signed,0.0001202264434617,5.08
signing,0.0001202264434617,5.08
simples,0.0001202264434617,5.08
simplest,0.0001202264434617,5.08
simpler,0.0001202264434617,5.08
simple,0.0001202264434617,5.08
simply,0.0001202264434617,5.08
staffs,0.0001202264434617,5.08
staff,0.0001202264434617,5.08
staffed,0.0001202264434617,5.08
staffing,0.0001202264434617,5.08
supers,0.0001202264434617,5.08
super,0.0001202264434617,5.08
unions,0.0001202264434617,5.08
union,0.0001202264434617,5.08
walking,0.0001202264434617,5.08
walked,0.0001202264434617,5.08
walk,0.0001202264434617,5.08
walks,0.0001202264434617,5.08
washington,0.0001202264434617,5.08
beds,0.0001174897554939,5.07
bedding,0.0001174897554939,5.07
bed,0.0001174897554939,5.07
bedded,0.0001174897554939,5.07
began,0.0001174897554939,5.07
built,0.0001174897554939,5.07
careered,0.0001174897554939,5.07
careering,0.0001174897554939,5.07
career,0.0001174897554939,5.07
careers,0.0001174897554939,5.07
crazier,0.0001174897554939,5.07
craziest,0.0001174897554939,5.07
crazy,0.0001174897554939,5.07
daily,0.0001174897554939,5.07
dailies,0.0001174897554939,5.07
daughters,0.0001174897554939,5.07
daughter,0.0001174897554939,5.07
december,0.0001174897554939,5.07
dies,0.0001174897554939,5.07
dice,0.0001174897554939,5.07
die,0.0001174897554939,5.07
dying,0.0001174897554939,5.07
difficult,0.0001174897554939,5.07
figures,0.0001174897554939,5.07
figured,0.0001174897554939,5.07
figuring,0.0001174897554939,5.07
figure,0.0001174897554939,5.07
hospitals,0.0001174897554939,5.07
hospital,0.0001174897554939,5.07
losses,0.0001174897554939,5.07
loss,0.0001174897554939,5.07
moderner,0.0001174897554939,5.07
modernest,0.0001174897554939,5.07
moderns,0.0001174897554939,5.07
modern,0.0001174897554939,5.07
papering,0.0001174897554939,5.07
paper,0.0001174897554939,5.07
papered,0.0001174897554939,5.07
papers,0.0001174897554939,5.07
popular,0.0001174897554939,5.07
published,0.0001174897554939,5.07
safest,0.0001174897554939,5.07
safing,0.0001174897554939,5.07
safer,0.0001174897554939,5.07
safes,0.0001174897554939,5.07
safed,0.0001174897554939,5.07
safe,0.0001174897554939,5.07
versioning,0.0001174897554939,5.07
version,0.0001174897554939,5.07
versions,0.0001174897554939,5.07
versioned,0.0001174897554939,5.07
voicing,0.0001174897554939,5.07
voiced,0.0001174897554939,5.07
voice,0.0001174897554939,5.07
voices,0.0001174897554939,5.07
whose,0.0001174897554939,5.07
writing,0.0001174897554939,5.07
armies,0.0001148153621496,5.06
army,0.0001148153621496,5.06
australia,0.0001148153621496,5.06
earth,0.0001148153621496,5.06
earths,0.0001148153621496,5.06
earthing,0.0001148153621496,5.06
earthed,0.0001148153621496,5.06
forgets,0.0001148153621496,5.06
forgotten,0.0001148153621496,5.06
forgot,0.0001148153621496,5.06
forgetting,0.0001148153621496,5.06
forget,0.0001148153621496,5.06
goal,0.0001148153621496,5.06
goals,0.0001148153621496,5.06
h,0.0001148153621496,5.06
huger,0.0001148153621496,5.06
huge,0.0001148153621496,5.06
hugest,0.0001148153621496,5.06
internets,0.0001148153621496,5.06
internet,0.0001148153621496,5.06
listen,0.0001148153621496,5.06
listened,0.0001148153621496,5.06
listening,0.0001148153621496,5.06
listens,0.0001148153621496,5.06
okay,0.0001148153621496,5.06
okaying,0.0001148153621496,5.06
okayed,0.0001148153621496,5.06
o.k.'d,0.0001148153621496,5.06
o.k.'s,0.0001148153621496,5.06
ok'd,0.0001148153621496,5.06
o.k.'ing,0.0001148153621496,5.06
ok'ing,0.0001148153621496,5.06
ok's,0.0001148153621496,5.06
okays,0.0001148153621496,5.06
practice,0.0001148153621496,5.06
practices,0.0001148153621496,5.06
practicing,0.0001148153621496,5.06
practiced,0.0001148153621496,5.06
rules,0.0001148153621496,5.06
sea,0.0001148153621496,5.06
seas,0.0001148153621496,5.06
sirs,0.0001148153621496,5.06
sir,0.0001148153621496,5.06
success,0.0001148153621496,5.06
successes,0.0001148153621496,5.06
towards,0.0001148153621496,5.06
v,0.0001148153621496,5.06
access,0.0001122018454301,5.05
accessing,0.0001122018454301,5.05
accessed,0.0001122018454301,5.05
accesses,0.0001122018454301,5.05
aren't,0.0001122018454301,5.05
baser,0.0001122018454301,5.05
basest,0.0001122018454301,5.05
base,0.0001122018454301,5.05
basing,0.0001122018454301,5.05
bases,0.0001122018454301,5.05
below,0.0001122018454301,5.05
created,0.0001122018454301,5.05
deeper,0.0001122018454301,5.05
deepest,0.0001122018454301,5.05
deep,0.0001122018454301,5.05
la,0.0001122018454301,5.05
lol,0.0001122018454301,5.05
mark,0.0001122018454301,5.05
marking,0.0001122018454301,5.05
marks,0.0001122018454301,5.05
marked,0.0001122018454301,5.05
offers,0.0001122018454301,5.05
offering,0.0001122018454301,5.05
offered,0.0001122018454301,5.05
offer,0.0001122018454301,5.05
passing,0.0001122018454301,5.05
pass,0.0001122018454301,5.05
passes,0.0001122018454301,5.05
passed,0.0001122018454301,5.05
professional,0.0001122018454301,5.05
professionals,0.0001122018454301,5.05
risks,0.0001122018454301,5.05
risked,0.0001122018454301,5.05
risk,0.0001122018454301,5.05
risking,0.0001122018454301,5.05
sleeps,0.0001122018454301,5.05
sleep,0.0001122018454301,5.05
sleeping,0.0001122018454301,5.05
slept,0.0001122018454301,5.05
tables,0.0001122018454301,5.05
table,0.0001122018454301,5.05
tabled,0.0001122018454301,5.05
tabling,0.0001122018454301,5.05
ten,0.0001122018454301,5.05
truth,0.0001122018454301,5.05
truths,0.0001122018454301,5.05
balled,0.0001096478196143,5.04
balls,0.0001096478196143,5.04
balling,0.0001096478196143,5.04
ball,0.0001096478196143,5.04
box,0.0001096478196143,5.04
boxed,0.0001096478196143,5.04
boxes,0.0001096478196143,5.04
boxing,0.0001096478196143,5.04
builds,0.0001096478196143,5.04
build,0.0001096478196143,5.04
cards,0.0001096478196143,5.04
card,0.0001096478196143,5.04
carding,0.0001096478196143,5.04
carded,0.0001096478196143,5.04
darker,0.0001096478196143,5.04
dark,0.0001096478196143,5.04
darkest,0.0001096478196143,5.04
districts,0.0001096478196143,5.04
district,0.0001096478196143,5.04
europe,0.0001096478196143,5.04
george,0.0001096478196143,5.04
india,0.0001096478196143,5.04
mines,0.0001096478196143,5.04
mined,0.0001096478196143,5.04
mine,0.0001096478196143,5.04
mining,0.0001096478196143,5.04
ministered,0.0001096478196143,5.04
ministers,0.0001096478196143,5.04
minister,0.0001096478196143,5.04
ministering,0.0001096478196143,5.04
noting,0.0001096478196143,5.04
noted,0.0001096478196143,5.04
notes,0.0001096478196143,5.04
note,0.0001096478196143,5.04
percent,0.0001096478196143,5.04
percents,0.0001096478196143,5.04
piece,0.0001096478196143,5.04
pieced,0.0001096478196143,5.04
piecing,0.0001096478196143,5.04
pieces,0.0001096478196143,5.04
products,0.0001096478196143,5.04
recent,0.0001096478196143,5.04
straights,0.0001096478196143,5.04
straight,0.0001096478196143,5.04
straightest,0.0001096478196143,5.04
straighter,0.0001096478196143,5.04
visit,0.0001096478196143,5.04
visits,0.0001096478196143,5.04
visited,0.0001096478196143,5.04
visiting,0.0001096478196143,5.04
walling,0.0001096478196143,5.04
walled,0.0001096478196143,5.04
walls,0.0001096478196143,5.04
wall,0.0001096478196143,5.04
wanna,0.0001096478196143,5.04
we've,0.0001096478196143,5.04
wrote,0.0001096478196143,5.04
allowed,0.0001071519305237,5.03
culturing,0.0001071519305237,5.03
cultured,0.0001071519305237,5.03
cultures,0.0001071519305237,5.03
culture,0.0001071519305237,5.03
etc,0.0001071519305237,5.03
fans,0.0001071519305237,5.03
february,0.0001071519305237,5.03
growths,0.0001071519305237,5.03
growth,0.0001071519305237,5.03
marrieds,0.0001071519305237,5.03
married,0.0001071519305237,5.03
officer,0.0001071519305237,5.03
officers,0.0001071519305237,5.03
pain,0.0001071519305237,5.03
paining,0.0001071519305237,5.03
pained,0.0001071519305237,5.03
pains,0.0001071519305237,5.03
paul,0.0001071519305237,5.03
respects,0.0001071519305237,5.03
respecting,0.0001071519305237,5.03
respect,0.0001071519305237,5.03
respected,0.0001071519305237,5.03
response,0.0001071519305237,5.03
responses,0.0001071519305237,5.03
river,0.0001071519305237,5.03
rivers,0.0001071519305237,5.03
rocked,0.0001071519305237,5.03
rocks,0.0001071519305237,5.03
rock,0.0001071519305237,5.03
rocking,0.0001071519305237,5.03
shall,0.0001071519305237,5.03
speaks,0.0001071519305237,5.03
speaking,0.0001071519305237,5.03
spoken,0.0001071519305237,5.03
spoke,0.0001071519305237,5.03
speak,0.0001071519305237,5.03
specific,0.0001071519305237,5.03
specifics,0.0001071519305237,5.03
standards,0.0001071519305237,5.03
standard,0.0001071519305237,5.03
tonight,0.0001071519305237,5.03
writes,0.0001071519305237,5.03
write,0.0001071519305237,5.03
y,0.0001071519305237,5.03
albums,0.000104712854805,5.02
album,0.000104712854805,5.02
century,0.000104712854805,5.02
centuries,0.000104712854805,5.02
charged,0.000104712854805,5.02
charge,0.000104712854805,5.02
charges,0.000104712854805,5.02
charging,0.000104712854805,5.02
cold,0.000104712854805,5.02
colder,0.000104712854805,5.02
coldest,0.000104712854805,5.02
colds,0.000104712854805,5.02
creating,0.000104712854805,5.02
creates,0.000104712854805,5.02
create,0.000104712854805,5.02
effecting,0.000104712854805,5.02
effect,0.000104712854805,5.02
effects,0.000104712854805,5.02
effected,0.000104712854805,5.02
eight,0.000104712854805,5.02
excepts,0.000104712854805,5.02
excepting,0.000104712854805,5.02
excepted,0.000104712854805,5.02
except,0.000104712854805,5.02
eyeing,0.000104712854805,5.02
eye,0.000104712854805,5.02
eyed,0.000104712854805,5.02
eying,0.000104712854805,5.02
funniest,0.000104712854805,5.02
funnier,0.000104712854805,5.02
funny,0.000104712854805,5.02
ii,0.000104712854805,5.02
limited,0.000104712854805,5.02
networks,0.000104712854805,5.02
networking,0.000104712854805,5.02
network,0.000104712854805,5.02
networked,0.000104712854805,5.02
peace,0.000104712854805,5.02
recently,0.000104712854805,5.02
required,0.000104712854805,5.02
sales,0.000104712854805,5.02
spent,0.000104712854805,5.02
store,0.000104712854805,5.02
storing,0.000104712854805,5.02
stores,0.000104712854805,5.02
stored,0.000104712854805,5.02
student,0.000104712854805,5.02
tomorrow,0.000104712854805,5.02
tomorrows,0.000104712854805,5.02
tracks,0.000104712854805,5.02
tracked,0.000104712854805,5.02
track,0.000104712854805,5.02
tracking,0.000104712854805,5.02
viae,0.000104712854805,5.02
via,0.000104712854805,5.02
weighted,0.000104712854805,5.02
weighting,0.000104712854805,5.02
weights,0.000104712854805,5.02
weight,0.000104712854805,5.02
addition,0.000102329299228,5.01
additions,0.000102329299228,5.01
ahead,0.000102329299228,5.01
allow,0.000102329299228,5.01
allowing,0.000102329299228,5.01
allows,0.000102329299228,5.01
anti,0.000102329299228,5.01
antis,0.000102329299228,5.01
association,0.000102329299228,5.01
associations,0.000102329299228,5.01
beaten,0.000102329299228,5.01
beats,0.000102329299228,5.01
beat,0.000102329299228,5.01
beating,0.000102329299228,5.01
brownest,0.000102329299228,5.01
brown,0.000102329299228,5.01
browning,0.000102329299228,5.01
browns,0.000102329299228,5.01
browner,0.000102329299228,5.01
browned,0.000102329299228,5.01
capitals,0.000102329299228,5.01
capital,0.000102329299228,5.01
chinese,0.000102329299228,5.01
committees,0.000102329299228,5.01
committee,0.000102329299228,5.01
conferences,0.000102329299228,5.01
conference,0.000102329299228,5.01
difference,0.000102329299228,5.01
differences,0.000102329299228,5.01
double,0.000102329299228,5.01
doubled,0.000102329299228,5.01
doubling,0.000102329299228,5.01
doubles,0.000102329299228,5.01
expects,0.000102329299228,5.01
expect,0.000102329299228,5.01
expected,0.000102329299228,5.01
expecting,0.000102329299228,5.01
gases,0.000102329299228,5.01
gassing,0.000102329299228,5.01
gassed,0.000102329299228,5.01
gas,0.000102329299228,5.01
gasses,0.000102329299228,5.01
island,0.000102329299228,5.01
islands,0.000102329299228,5.01
normals,0.000102329299228,5.01
normal,0.000102329299228,5.01
populations,0.000102329299228,5.01
population,0.000102329299228,5.01
potential,0.000102329299228,5.01
potentials,0.000102329299228,5.01
pressuring,0.000102329299228,5.01
pressured,0.000102329299228,5.01
pressures,0.000102329299228,5.01
pressure,0.000102329299228,5.01
radios,0.000102329299228,5.01
radioing,0.000102329299228,5.01
radio,0.000102329299228,5.01
radioed,0.000102329299228,5.01
russian,0.000102329299228,5.01
stationing,0.000102329299228,5.01
stations,0.000102329299228,5.01
station,0.000102329299228,5.01
stationed,0.000102329299228,5.01
texts,0.000102329299228,5.01
text,0.000102329299228,5.01
treatment,0.000102329299228,5.01
treatments,0.000102329299228,5.01
western,0.000102329299228,5.01
westerns,0.000102329299228,5.01
ass,0.0001,5.0
asses,0.0001,5.0
beginning,0.0001,5.0
beginnings,0.0001,5.0
california,0.0001,5.0
campaigns,0.0001,5.0
campaign,0.0001,5.0
campaigning,0.0001,5.0
campaigned,0.0001,5.0
certainly,0.0001,5.0
completely,0.0001,5.0
contenting,0.0001,5.0
contents,0.0001,5.0
contented,0.0001,5.0
content,0.0001,5.0
credit,0.0001,5.0
crediting,0.0001,5.0
credits,0.0001,5.0
credited,0.0001,5.0
crossed,0.0001,5.0
crosses,0.0001,5.0
crosser,0.0001,5.0
cross,0.0001,5.0
crossing,0.0001,5.0
crossest,0.0001,5.0
described,0.0001,5.0
despite,0.0001,5.0
females,0.0001,5.0
female,0.0001,5.0
focus,0.0001,5.0
focused,0.0001,5.0
focusses,0.0001,5.0
focussed,0.0001,5.0
focusing,0.0001,5.0
focussing,0.0001,5.0
foci,0.0001,5.0
focuses,0.0001,5.0
g,0.0001,5.0
hi,0.0001,5.0
husbands,0.0001,5.0
husbanding,0.0001,5.0
husband,0.0001,5.0
husbanded,0.0001,5.0
ice,0.0001,5.0
iced,0.0001,5.0
icing,0.0001,5.0
ices,0.0001,5.0
individuals,0.0001,5.0
individual,0.0001,5.0
j,0.0001,5.0
joined,0.0001,5.0
joining,0.0001,5.0
join,0.0001,5.0
joins,0.0001,5.0
message,0.0001,5.0
messages,0.0001,5.0
messaged,0.0001,5.0
messaging,0.0001,5.0
miles,0.0001,5.0
nearly,0.0001,5.0
particulars,0.0001,5.0
particular,0.0001,5.0
previous,0.0001,5.0
quickly,0.0001,5.0
regions,0.0001,5.0
region,0.0001,5.0
sectioning,0.0001,5.0
sections,0.0001,5.0
section,0.0001,5.0
sectioned,0.0001,5.0
sorts,0.0001,5.0
sorted,0.0001,5.0
sort,0.0001,5.0
sorting,0.0001,5.0
speeding,0.0001,5.0
speeds,0.0001,5.0
speeded,0.0001,5.0
sped,0.0001,5.0
speed,0.0001,5.0
travel,0.0001,5.0
traveled,0.0001,5.0
travels,0.0001,5.0
travelling,0.0001,5.0
traveling,0.0001,5.0
travelled,0.0001,5.0
considering,9.772372209558112e-05,4.99
considers,9.772372209558112e-05,4.99
consider,9.772372209558112e-05,4.99
contacted,9.772372209558112e-05,4.99
contacting,9.772372209558112e-05,4.99
contact,9.772372209558112e-05,4.99
contacts,9.772372209558112e-05,4.99
drops,9.772372209558112e-05,4.99
dropped,9.772372209558112e-05,4.99
drop,9.772372209558112e-05,4.99
dropping,9.772372209558112e-05,4.99
fair,9.772372209558112e-05,4.99
fairs,9.772372209558112e-05,4.99
fairing,9.772372209558112e-05,4.99
faired,9.772372209558112e-05,4.99
fairest,9.772372209558112e-05,4.99
fairer,9.772372209558112e-05,4.99
feet,9.772372209558112e-05,4.99
jesus,9.772372209558112e-05,4.99
kidded,9.772372209558112e-05,4.99
kid,9.772372209558112e-05,4.99
kidding,9.772372209558112e-05,4.99
linking,9.772372209558112e-05,4.99
links,9.772372209558112e-05,4.99
linked,9.772372209558112e-05,4.99
link,9.772372209558112e-05,4.99
positives,9.772372209558112e-05,4.99
positive,9.772372209558112e-05,4.99
sale,9.772372209558112e-05,4.99
throughout,9.772372209558112e-05,4.99
toured,9.772372209558112e-05,4.99
tour,9.772372209558112e-05,4.99
touring,9.772372209558112e-05,4.99
tours,9.772372209558112e-05,4.99
welcomed,9.772372209558112e-05,4.99
welcoming,9.772372209558112e-05,4.99
welcome,9.772372209558112e-05,4.99
welcomes,9.772372209558112e-05,4.99
absolutely,9.549925860214367e-05,4.98
additional,9.549925860214367e-05,4.98
beyond,9.549925860214367e-05,4.98
conditions,9.549925860214367e-05,4.98
extras,9.549925860214367e-05,4.98
extra,9.549925860214367e-05,4.98
immediately,9.549925860214367e-05,4.98
minuter,9.549925860214367e-05,4.98
minuted,9.549925860214367e-05,4.98
minute,9.549925860214367e-05,4.98
minuting,9.549925860214367e-05,4.98
minutest,9.549925860214367e-05,4.98
nature,9.549925860214367e-05,4.98
natures,9.549925860214367e-05,4.98
quickest,9.549925860214367e-05,4.98
quick,9.549925860214367e-05,4.98
quicker,9.549925860214367e-05,4.98
sold,9.549925860214367e-05,4.98
sell,9.549925860214367e-05,4.98
selling,9.549925860214367e-05,4.98
sells,9.549925860214367e-05,4.98
significant,9.549925860214367e-05,4.98
unless,9.549925860214367e-05,4.98
agree,9.332543007969905e-05,4.97
agreed,9.332543007969905e-05,4.97
agrees,9.332543007969905e-05,4.97
agreeing,9.332543007969905e-05,4.97
canada,9.332543007969905e-05,4.97
cleanest,9.332543007969905e-05,4.97
cleaner,9.332543007969905e-05,4.97
cleaned,9.332543007969905e-05,4.97
cleaning,9.332543007969905e-05,4.97
clean,9.332543007969905e-05,4.97
cleans,9.332543007969905e-05,4.97
computers,9.332543007969905e-05,4.97
computer,9.332543007969905e-05,4.97
construction,9.332543007969905e-05,4.97
constructions,9.332543007969905e-05,4.97
episodes,9.332543007969905e-05,4.97
episode,9.332543007969905e-05,4.97
favorite,9.332543007969905e-05,4.97
favorites,9.332543007969905e-05,4.97
incomes,9.332543007969905e-05,4.97
income,9.332543007969905e-05,4.97
justice,9.332543007969905e-05,4.97
justices,9.332543007969905e-05,4.97
managers,9.332543007969905e-05,4.97
manager,9.332543007969905e-05,4.97
movement,9.332543007969905e-05,4.97
movements,9.332543007969905e-05,4.97
photos,9.332543007969905e-05,4.97
photo,9.332543007969905e-05,4.97
safety,9.332543007969905e-05,4.97
safeties,9.332543007969905e-05,4.97
san,9.332543007969905e-05,4.97
scenes,9.332543007969905e-05,4.97
scene,9.332543007969905e-05,4.97
spending,9.332543007969905e-05,4.97
spend,9.332543007969905e-05,4.97
spends,9.332543007969905e-05,4.97
statements,9.332543007969905e-05,4.97
statement,9.332543007969905e-05,4.97
suns,9.332543007969905e-05,4.97
sunning,9.332543007969905e-05,4.97
sunned,9.332543007969905e-05,4.97
sun,9.332543007969905e-05,4.97
0000s,9.120108393559096e-05,4.96
ability,9.120108393559096e-05,4.96
abilities,9.120108393559096e-05,4.96
announced,9.120108393559096e-05,4.96
coaches,9.120108393559096e-05,4.96
coaching,9.120108393559096e-05,4.96
coached,9.120108393559096e-05,4.96
coach,9.120108393559096e-05,4.96
collections,9.120108393559096e-05,4.96
collection,9.120108393559096e-05,4.96
definitely,9.120108393559096e-05,4.96
friday,9.120108393559096e-05,4.96
gun,9.120108393559096e-05,4.96
guns,9.120108393559096e-05,4.96
gunning,9.120108393559096e-05,4.96
gunned,9.120108393559096e-05,4.96
heavier,9.120108393559096e-05,4.96
heavy,9.120108393559096e-05,4.96
heavies,9.120108393559096e-05,4.96
heaviest,9.120108393559096e-05,4.96
knowledges,9.120108393559096e-05,4.96
knowledge,9.120108393559096e-05,4.96
particularly,9.120108393559096e-05,4.96
searches,9.120108393559096e-05,4.96
searched,9.120108393559096e-05,4.96
search,9.120108393559096e-05,4.96
searching,9.120108393559096e-05,4.96
subjected,9.120108393559096e-05,4.96
subjects,9.120108393559096e-05,4.96
subject,9.120108393559096e-05,4.96
subjecting,9.120108393559096e-05,4.96
trained,9.120108393559096e-05,4.96
trains,9.120108393559096e-05,4.96
train,9.120108393559096e-05,4.96
wide,9.120108393559096e-05,4.96
widest,9.120108393559096e-05,4.96
wides,9.120108393559096e-05,4.96
wider,9.120108393559096e-05,4.96
wows,9.120108393559096e-05,4.96
wow,9.120108393559096e-05,4.96
wowing,9.120108393559096e-05,4.96
wowed,9.120108393559096e-05,4.96
authors,8.912509381337459e-05,4.95
authored,8.912509381337459e-05,4.95
author,8.912509381337459e-05,4.95
authoring,8.912509381337459e-05,4.95
centred,8.912509381337459e-05,4.95
centring,8.912509381337459e-05,4.95
centre,8.912509381337459e-05,4.95
centres,8.912509381337459e-05,4.95
claimed,8.912509381337459e-05,4.95
claiming,8.912509381337459e-05,4.95
claim,8.912509381337459e-05,4.95
claims,8.912509381337459e-05,4.95
dad,8.912509381337459e-05,4.95
dads,8.912509381337459e-05,4.95
developed,8.912509381337459e-05,4.95
feared,8.912509381337459e-05,4.95
fear,8.912509381337459e-05,4.95
fearing,8.912509381337459e-05,4.95
fears,8.912509381337459e-05,4.95
fitting,8.912509381337459e-05,4.95
fittest,8.912509381337459e-05,4.95
fits,8.912509381337459e-05,4.95
fitted,8.912509381337459e-05,4.95
fitter,8.912509381337459e-05,4.95
fit,8.912509381337459e-05,4.95
generally,8.912509381337459e-05,4.95
german,8.912509381337459e-05,4.95
global,8.912509381337459e-05,4.95
gotta,8.912509381337459e-05,4.95
hotels,8.912509381337459e-05,4.95
hotel,8.912509381337459e-05,4.95
judge,8.912509381337459e-05,4.95
judging,8.912509381337459e-05,4.95
judged,8.912509381337459e-05,4.95
judges,8.912509381337459e-05,4.95
ladies,8.912509381337459e-05,4.95
lady,8.912509381337459e-05,4.95
leader,8.912509381337459e-05,4.95
leaders,8.912509381337459e-05,4.95
letters,8.912509381337459e-05,4.95
lettered,8.912509381337459e-05,4.95
letter,8.912509381337459e-05,4.95
lettering,8.912509381337459e-05,4.95
materials,8.912509381337459e-05,4.95
material,8.912509381337459e-05,4.95
nobody,8.912509381337459e-05,4.95
nobodies,8.912509381337459e-05,4.95
opportunity,8.912509381337459e-05,4.95
opportunities,8.912509381337459e-05,4.95
plusses,8.912509381337459e-05,4.95
plus,8.912509381337459e-05,4.95
pluses,8.912509381337459e-05,4.95
pre,8.912509381337459e-05,4.95
product,8.912509381337459e-05,4.95
producting,8.912509381337459e-05,4.95
producted,8.912509381337459e-05,4.95
regular,8.912509381337459e-05,4.95
regulars,8.912509381337459e-05,4.95
secretaries,8.912509381337459e-05,4.95
secretary,8.912509381337459e-05,4.95
sister,8.912509381337459e-05,4.95
sisters,8.912509381337459e-05,4.95
unit,8.912509381337459e-05,4.95
units,8.912509381337459e-05,4.95
workers,8.912509381337459e-05,4.95
annuals,8.709635899560814e-05,4.94
annual,8.709635899560814e-05,4.94
anymore,8.709635899560814e-05,4.94
bars,8.709635899560814e-05,4.94
bar,8.709635899560814e-05,4.94
barring,8.709635899560814e-05,4.94
barred,8.709635899560814e-05,4.94
battle,8.709635899560814e-05,4.94
battling,8.709635899560814e-05,4.94
battled,8.709635899560814e-05,4.94
battles,8.709635899560814e-05,4.94
brained,8.709635899560814e-05,4.94
braining,8.709635899560814e-05,4.94
brains,8.709635899560814e-05,4.94
brain,8.709635899560814e-05,4.94
contracting,8.709635899560814e-05,4.94
contract,8.709635899560814e-05,4.94
contracts,8.709635899560814e-05,4.94
contracted,8.709635899560814e-05,4.94
degree,8.709635899560814e-05,4.94
degrees,8.709635899560814e-05,4.94
features,8.709635899560814e-05,4.94
finished,8.709635899560814e-05,4.94
floor,8.709635899560814e-05,4.94
floors,8.709635899560814e-05,4.94
flooring,8.709635899560814e-05,4.94
floored,8.709635899560814e-05,4.94
france,8.709635899560814e-05,4.94
growing,8.709635899560814e-05,4.94
hurt,8.709635899560814e-05,4.94
hurts,8.709635899560814e-05,4.94
hurting,8.709635899560814e-05,4.94
images,8.709635899560814e-05,4.94
imaged,8.709635899560814e-05,4.94
imaging,8.709635899560814e-05,4.94
image,8.709635899560814e-05,4.94
insurance,8.709635899560814e-05,4.94
insurances,8.709635899560814e-05,4.94
majority,8.709635899560814e-05,4.94
majorities,8.709635899560814e-05,4.94
openings,8.709635899560814e-05,4.94
opinions,8.709635899560814e-05,4.94
opinion,8.709635899560814e-05,4.94
physical,8.709635899560814e-05,4.94
physicals,8.709635899560814e-05,4.94
pro,8.709635899560814e-05,4.94
pros,8.709635899560814e-05,4.94
reach,8.709635899560814e-05,4.94
reaches,8.709635899560814e-05,4.94
reaching,8.709635899560814e-05,4.94
reached,8.709635899560814e-05,4.94
ruled,8.709635899560814e-05,4.94
rule,8.709635899560814e-05,4.94
ruling,8.709635899560814e-05,4.94
seriously,8.709635899560814e-05,4.94
sports,8.709635899560814e-05,4.94
stupidest,8.709635899560814e-05,4.94
stupid,8.709635899560814e-05,4.94
stupider,8.709635899560814e-05,4.94
successful,8.709635899560814e-05,4.94
actives,8.51138038202376e-05,4.93
active,8.51138038202376e-05,4.93
administrations,8.51138038202376e-05,4.93
administration,8.51138038202376e-05,4.93
approach,8.51138038202376e-05,4.93
approached,8.51138038202376e-05,4.93
approaches,8.51138038202376e-05,4.93
approaching,8.51138038202376e-05,4.93
australian,8.51138038202376e-05,4.93
cancers,8.51138038202376e-05,4.93
cancer,8.51138038202376e-05,4.93
civillest,8.51138038202376e-05,4.93
civiller,8.51138038202376e-05,4.93
civil,8.51138038202376e-05,4.93
dance,8.51138038202376e-05,4.93
danced,8.51138038202376e-05,4.93
dancing,8.51138038202376e-05,4.93
dances,8.51138038202376e-05,4.93
defenses,8.51138038202376e-05,4.93
defense,8.51138038202376e-05,4.93
direction,8.51138038202376e-05,4.93
directions,8.51138038202376e-05,4.93
independent,8.51138038202376e-05,4.93
independents,8.51138038202376e-05,4.93
mastered,8.51138038202376e-05,4.93
mastering,8.51138038202376e-05,4.93
master,8.51138038202376e-05,4.93
masters,8.51138038202376e-05,4.93
none,8.51138038202376e-05,4.93
russia,8.51138038202376e-05,4.93
ship,8.51138038202376e-05,4.93
shipping,8.51138038202376e-05,4.93
ships,8.51138038202376e-05,4.93
shipped,8.51138038202376e-05,4.93
stock,8.51138038202376e-05,4.93
stocks,8.51138038202376e-05,4.93
stocking,8.51138038202376e-05,4.93
stocked,8.51138038202376e-05,4.93
trumps,8.51138038202376e-05,4.93
trump,8.51138038202376e-05,4.93
trumping,8.51138038202376e-05,4.93
trumped,8.51138038202376e-05,4.93
weekend,8.51138038202376e-05,4.93
weekending,8.51138038202376e-05,4.93
weekends,8.51138038202376e-05,4.93
weekended,8.51138038202376e-05,4.93
wondering,8.51138038202376e-05,4.93
wondered,8.51138038202376e-05,4.93
wonder,8.51138038202376e-05,4.93
wonders,8.51138038202376e-05,4.93
africa,8.317637711026709e-05,4.92
awesome,8.317637711026709e-05,4.92
banding,8.317637711026709e-05,4.92
bands,8.317637711026709e-05,4.92
banded,8.317637711026709e-05,4.92
band,8.317637711026709e-05,4.92
beaching,8.317637711026709e-05,4.92
beached,8.317637711026709e-05,4.92
beach,8.317637711026709e-05,4.92
beaches,8.317637711026709e-05,4.92
cashes,8.317637711026709e-05,4.92
cashed,8.317637711026709e-05,4.92
cashing,8.317637711026709e-05,4.92
cash,8.317637711026709e-05,4.92
clearly,8.317637711026709e-05,4.92
commercials,8.317637711026709e-05,4.92
commercial,8.317637711026709e-05,4.92
compared,8.317637711026709e-05,4.92
efforts,8.317637711026709e-05,4.92
effort,8.317637711026709e-05,4.92
fanned,8.317637711026709e-05,4.92
fanning,8.317637711026709e-05,4.92
fan,8.317637711026709e-05,4.92
imagine,8.317637711026709e-05,4.92
imagining,8.317637711026709e-05,4.92
imagined,8.317637711026709e-05,4.92
imagines,8.317637711026709e-05,4.92
impact,8.317637711026709e-05,4.92
impacted,8.317637711026709e-05,4.92
impacting,8.317637711026709e-05,4.92
impacts,8.317637711026709e-05,4.92
lacked,8.317637711026709e-05,4.92
lack,8.317637711026709e-05,4.92
lacks,8.317637711026709e-05,4.92
lacking,8.317637711026709e-05,4.92
learnings,8.317637711026709e-05,4.92
multiples,8.317637711026709e-05,4.92
multiple,8.317637711026709e-05,4.92
operation,8.317637711026709e-05,4.92
operations,8.317637711026709e-05,4.92
organization,8.317637711026709e-05,4.92
organizations,8.317637711026709e-05,4.92
protecting,8.317637711026709e-05,4.92
protect,8.317637711026709e-05,4.92
protects,8.317637711026709e-05,4.92
protected,8.317637711026709e-05,4.92
secret,8.317637711026709e-05,4.92
secrets,8.317637711026709e-05,4.92
senior,8.317637711026709e-05,4.92
seniors,8.317637711026709e-05,4.92
spring,8.317637711026709e-05,4.92
springing,8.317637711026709e-05,4.92
springs,8.317637711026709e-05,4.92
sprung,8.317637711026709e-05,4.92
sprang,8.317637711026709e-05,4.92
sunday,8.317637711026709e-05,4.92
wear,8.317637711026709e-05,4.92
worn,8.317637711026709e-05,4.92
wears,8.317637711026709e-05,4.92
wearing,8.317637711026709e-05,4.92
wore,8.317637711026709e-05,4.92
activities,8.128305161640995e-05,4.91
addresses,8.128305161640995e-05,4.91
address,8.128305161640995e-05,4.91
addressing,8.128305161640995e-05,4.91
addressed,8.128305161640995e-05,4.91
analysis,8.128305161640995e-05,4.91
analyses,8.128305161640995e-05,4.91
anyway,8.128305161640995e-05,4.91
choosing,8.128305161640995e-05,4.91
chosen,8.128305161640995e-05,4.91
chose,8.128305161640995e-05,4.91
choose,8.128305161640995e-05,4.91
chooses,8.128305161640995e-05,4.91
christmas,8.128305161640995e-05,4.91
color,8.128305161640995e-05,4.91
coloring,8.128305161640995e-05,4.91
colored,8.128305161640995e-05,4.91
colors,8.128305161640995e-05,4.91
commission,8.128305161640995e-05,4.91
commissioning,8.128305161640995e-05,4.91
commissioned,8.128305161640995e-05,4.91
commissions,8.128305161640995e-05,4.91
competitions,8.128305161640995e-05,4.91
competition,8.128305161640995e-05,4.91
details,8.128305161640995e-05,4.91
directs,8.128305161640995e-05,4.91
direct,8.128305161640995e-05,4.91
directed,8.128305161640995e-05,4.91
directing,8.128305161640995e-05,4.91
dreamt,8.128305161640995e-05,4.91
dream,8.128305161640995e-05,4.91
dreams,8.128305161640995e-05,4.91
dreaming,8.128305161640995e-05,4.91
dreamed,8.128305161640995e-05,4.91
easily,8.128305161640995e-05,4.91
finishing,8.128305161640995e-05,4.91
finish,8.128305161640995e-05,4.91
finishes,8.128305161640995e-05,4.91
grander,8.128305161640995e-05,4.91
grands,8.128305161640995e-05,4.91
grandest,8.128305161640995e-05,4.91
grand,8.128305161640995e-05,4.91
here's,8.128305161640995e-05,4.91
indian,8.128305161640995e-05,4.91
k,8.128305161640995e-05,4.91
literally,8.128305161640995e-05,4.91
lucked,8.128305161640995e-05,4.91
lucks,8.128305161640995e-05,4.91
luck,8.128305161640995e-05,4.91
lucking,8.128305161640995e-05,4.91
marriages,8.128305161640995e-05,4.91
marriage,8.128305161640995e-05,4.91
necessaries,8.128305161640995e-05,4.91
necessary,8.128305161640995e-05,4.91
patients,8.128305161640995e-05,4.91
resources,8.128305161640995e-05,4.91
rich,8.128305161640995e-05,4.91
richest,8.128305161640995e-05,4.91
richer,8.128305161640995e-05,4.91
skin,8.128305161640995e-05,4.91
skinning,8.128305161640995e-05,4.91
skinned,8.128305161640995e-05,4.91
skins,8.128305161640995e-05,4.91
supposed,8.128305161640995e-05,4.91
sweetest,8.128305161640995e-05,4.91
sweet,8.128305161640995e-05,4.91
sweeter,8.128305161640995e-05,4.91
sweets,8.128305161640995e-05,4.91
thus,8.128305161640995e-05,4.91
touching,8.128305161640995e-05,4.91
touch,8.128305161640995e-05,4.91
touched,8.128305161640995e-05,4.91
touches,8.128305161640995e-05,4.91
yesterday,8.128305161640995e-05,4.91
yesterdays,8.128305161640995e-05,4.91
caught,7.943282347242822e-05,4.9
congressing,7.943282347242822e-05,4.9
congresses,7.943282347242822e-05,4.9
congressed,7.943282347242822e-05,4.9
congress,7.943282347242822e-05,4.9
damaging,7.943282347242822e-05,4.9
damage,7.943282347242822e-05,4.9
damaged,7.943282347242822e-05,4.9
damages,7.943282347242822e-05,4.9
directly,7.943282347242822e-05,4.9
diseases,7.943282347242822e-05,4.9
disease,7.943282347242822e-05,4.9
doctors,7.943282347242822e-05,4.9
doctor,7.943282347242822e-05,4.9
doctoring,7.943282347242822e-05,4.9
doctored,7.943282347242822e-05,4.9
doubt,7.943282347242822e-05,4.9
doubted,7.943282347242822e-05,4.9
doubting,7.943282347242822e-05,4.9
doubts,7.943282347242822e-05,4.9
drink,7.943282347242822e-05,4.9
drinking,7.943282347242822e-05,4.9
drunk,7.943282347242822e-05,4.9
drinks,7.943282347242822e-05,4.9
drank,7.943282347242822e-05,4.9
established,7.943282347242822e-05,4.9
facebook,7.943282347242822e-05,4.9
fishes,7.943282347242822e-05,4.9
fished,7.943282347242822e-05,4.9
fishing,7.943282347242822e-05,4.9
fish,7.943282347242822e-05,4.9
gayest,7.943282347242822e-05,4.9
gay,7.943282347242822e-05,4.9
gayer,7.943282347242822e-05,4.9
gays,7.943282347242822e-05,4.9
germany,7.943282347242822e-05,4.9
gladder,7.943282347242822e-05,4.9
glad,7.943282347242822e-05,4.9
gladdest,7.943282347242822e-05,4.9
grew,7.943282347242822e-05,4.9
grown,7.943282347242822e-05,4.9
grows,7.943282347242822e-05,4.9
grow,7.943282347242822e-05,4.9
machines,7.943282347242822e-05,4.9
machine,7.943282347242822e-05,4.9
machining,7.943282347242822e-05,4.9
machined,7.943282347242822e-05,4.9
noticed,7.943282347242822e-05,4.9
noticing,7.943282347242822e-05,4.9
notice,7.943282347242822e-05,4.9
notices,7.943282347242822e-05,4.9
overall,7.943282347242822e-05,4.9
plannings,7.943282347242822e-05,4.9
professor,7.943282347242822e-05,4.9
professors,7.943282347242822e-05,4.9
sat,7.943282347242822e-05,4.9
sit,7.943282347242822e-05,4.9
sits,7.943282347242822e-05,4.9
sitting,7.943282347242822e-05,4.9
tripping,7.943282347242822e-05,4.9
tripped,7.943282347242822e-05,4.9
trips,7.943282347242822e-05,4.9
trip,7.943282347242822e-05,4.9
associated,7.762471166286911e-05,4.89
basic,7.762471166286911e-05,4.89
captaining,7.762471166286911e-05,4.89
captains,7.762471166286911e-05,4.89
captain,7.762471166286911e-05,4.89
captained,7.762471166286911e-05,4.89
carries,7.762471166286911e-05,4.89
carry,7.762471166286911e-05,4.89
carried,7.762471166286911e-05,4.89
carrying,7.762471166286911e-05,4.89
crime,7.762471166286911e-05,4.89
crimes,7.762471166286911e-05,4.89
effective,7.762471166286911e-05,4.89
explaining,7.762471166286911e-05,4.89
explain,7.762471166286911e-05,4.89
explained,7.762471166286911e-05,4.89
explains,7.762471166286911e-05,4.89
fully,7.762471166286911e-05,4.89
highly,7.762471166286911e-05,4.89
holdings,7.762471166286911e-05,4.89
japan,7.762471166286911e-05,4.89
male,7.762471166286911e-05,4.89
males,7.762471166286911e-05,4.89
mrs,7.762471166286911e-05,4.89
planting,7.762471166286911e-05,4.89
plants,7.762471166286911e-05,4.89
planted,7.762471166286911e-05,4.89
plant,7.762471166286911e-05,4.89
realities,7.762471166286911e-05,4.89
reality,7.762471166286911e-05,4.89
smiths,7.762471166286911e-05,4.89
smith,7.762471166286911e-05,4.89
spotting,7.762471166286911e-05,4.89
spot,7.762471166286911e-05,4.89
spotted,7.762471166286911e-05,4.89
spots,7.762471166286911e-05,4.89
texas,7.762471166286911e-05,4.89
we'll,7.762471166286911e-05,4.89
wintered,7.762471166286911e-05,4.89
wintering,7.762471166286911e-05,4.89
winters,7.762471166286911e-05,4.89
winter,7.762471166286911e-05,4.89
worses,7.762471166286911e-05,4.89
worsing,7.762471166286911e-05,4.89
worsed,7.762471166286911e-05,4.89
advice,7.585775750291836e-05,4.88
advices,7.585775750291836e-05,4.88
agreements,7.585775750291836e-05,4.88
agreement,7.585775750291836e-05,4.88
ain't,7.585775750291836e-05,4.88
awarding,7.585775750291836e-05,4.88
awarded,7.585775750291836e-05,4.88
award,7.585775750291836e-05,4.88
awards,7.585775750291836e-05,4.88
blocks,7.585775750291836e-05,4.88
blocking,7.585775750291836e-05,4.88
blocked,7.585775750291836e-05,4.88
block,7.585775750291836e-05,4.88
challenges,7.585775750291836e-05,4.88
challenging,7.585775750291836e-05,4.88
challenge,7.585775750291836e-05,4.88
challenged,7.585775750291836e-05,4.88
christian,7.585775750291836e-05,4.88
commenting,7.585775750291836e-05,4.88
comments,7.585775750291836e-05,4.88
comment,7.585775750291836e-05,4.88
commented,7.585775750291836e-05,4.88
equipment,7.585775750291836e-05,4.88
equipments,7.585775750291836e-05,4.88
eventually,7.585775750291836e-05,4.88
holy,7.585775750291836e-05,4.88
holier,7.585775750291836e-05,4.88
holiest,7.585775750291836e-05,4.88
killings,7.585775750291836e-05,4.88
nations,7.585775750291836e-05,4.88
nation,7.585775750291836e-05,4.88
otherwise,7.585775750291836e-05,4.88
peters,7.585775750291836e-05,4.88
peter,7.585775750291836e-05,4.88
petered,7.585775750291836e-05,4.88
petering,7.585775750291836e-05,4.88
primary,7.585775750291836e-05,4.88
primaries,7.585775750291836e-05,4.88
purposes,7.585775750291836e-05,4.88
purposed,7.585775750291836e-05,4.88
purpose,7.585775750291836e-05,4.88
purposing,7.585775750291836e-05,4.88
responsible,7.585775750291836e-05,4.88
responsibles,7.585775750291836e-05,4.88
shopping,7.585775750291836e-05,4.88
shop,7.585775750291836e-05,4.88
shopped,7.585775750291836e-05,4.88
shops,7.585775750291836e-05,4.88
sicker,7.585775750291836e-05,4.88
sickest,7.585775750291836e-05,4.88
sick,7.585775750291836e-05,4.88
teachers,7.585775750291836e-05,4.88
teacher,7.585775750291836e-05,4.88
theory,7.585775750291836e-05,4.88
theories,7.585775750291836e-05,4.88
william,7.585775750291836e-05,4.88
00000,7.413102413009176e-05,4.87
agency,7.413102413009176e-05,4.87
agencies,7.413102413009176e-05,4.87
avoid,7.413102413009176e-05,4.87
avoided,7.413102413009176e-05,4.87
avoiding,7.413102413009176e-05,4.87
avoids,7.413102413009176e-05,4.87
camerae,7.413102413009176e-05,4.87
cameras,7.413102413009176e-05,4.87
camera,7.413102413009176e-05,4.87
catch,7.413102413009176e-05,4.87
catching,7.413102413009176e-05,4.87
catches,7.413102413009176e-05,4.87
cells,7.413102413009176e-05,4.87
cell,7.413102413009176e-05,4.87
coasting,7.413102413009176e-05,4.87
coasts,7.413102413009176e-05,4.87
coast,7.413102413009176e-05,4.87
coasted,7.413102413009176e-05,4.87
drugging,7.413102413009176e-05,4.87
drugs,7.413102413009176e-05,4.87
drug,7.413102413009176e-05,4.87
drugged,7.413102413009176e-05,4.87
economy,7.413102413009176e-05,4.87
economies,7.413102413009176e-05,4.87
environment,7.413102413009176e-05,4.87
environments,7.413102413009176e-05,4.87
executives,7.413102413009176e-05,4.87
executive,7.413102413009176e-05,4.87
foots,7.413102413009176e-05,4.87
footing,7.413102413009176e-05,4.87
foot,7.413102413009176e-05,4.87
footed,7.413102413009176e-05,4.87
halls,7.413102413009176e-05,4.87
hall,7.413102413009176e-05,4.87
massing,7.413102413009176e-05,4.87
massed,7.413102413009176e-05,4.87
mass,7.413102413009176e-05,4.87
masses,7.413102413009176e-05,4.87
meanings,7.413102413009176e-05,4.87
missions,7.413102413009176e-05,4.87
mission,7.413102413009176e-05,4.87
nine,7.413102413009176e-05,4.87
politics,7.413102413009176e-05,4.87
popped,7.413102413009176e-05,4.87
popping,7.413102413009176e-05,4.87
pops,7.413102413009176e-05,4.87
pop,7.413102413009176e-05,4.87
produced,7.413102413009176e-05,4.87
saturday,7.413102413009176e-05,4.87
status,7.413102413009176e-05,4.87
statuses,7.413102413009176e-05,4.87
therefore,7.413102413009176e-05,4.87
trials,7.413102413009176e-05,4.87
trial,7.413102413009176e-05,4.87
trialing,7.413102413009176e-05,4.87
trialed,7.413102413009176e-05,4.87
truly,7.413102413009176e-05,4.87
weathering,7.413102413009176e-05,4.87
weathered,7.413102413009176e-05,4.87
weathers,7.413102413009176e-05,4.87
weather,7.413102413009176e-05,4.87
activity,7.244359600749906e-05,4.86
app,7.244359600749906e-05,4.86
applications,7.244359600749906e-05,4.86
application,7.244359600749906e-05,4.86
coffee,7.244359600749906e-05,4.86
coffees,7.244359600749906e-05,4.86
complexing,7.244359600749906e-05,4.86
complexes,7.244359600749906e-05,4.86
complex,7.244359600749906e-05,4.86
complexed,7.244359600749906e-05,4.86
conditioning,7.244359600749906e-05,4.86
condition,7.244359600749906e-05,4.86
conditioned,7.244359600749906e-05,4.86
divisions,7.244359600749906e-05,4.86
division,7.244359600749906e-05,4.86
evenings,7.244359600749906e-05,4.86
flights,7.244359600749906e-05,4.86
flight,7.244359600749906e-05,4.86
freedom,7.244359600749906e-05,4.86
freedoms,7.244359600749906e-05,4.86
googling,7.244359600749906e-05,4.86
googled,7.244359600749906e-05,4.86
googles,7.244359600749906e-05,4.86
google,7.244359600749906e-05,4.86
heating,7.244359600749906e-05,4.86
heats,7.244359600749906e-05,4.86
heated,7.244359600749906e-05,4.86
heat,7.244359600749906e-05,4.86
interviewed,7.244359600749906e-05,4.86
interviewing,7.244359600749906e-05,4.86
interviews,7.244359600749906e-05,4.86
interview,7.244359600749906e-05,4.86
library,7.244359600749906e-05,4.86
libraries,7.244359600749906e-05,4.86
located,7.244359600749906e-05,4.86
location,7.244359600749906e-05,4.86
locations,7.244359600749906e-05,4.86
murdered,7.244359600749906e-05,4.86
murdering,7.244359600749906e-05,4.86
murders,7.244359600749906e-05,4.86
murder,7.244359600749906e-05,4.86
obama,7.244359600749906e-05,4.86
queening,7.244359600749906e-05,4.86
queened,7.244359600749906e-05,4.86
queens,7.244359600749906e-05,4.86
queen,7.244359600749906e-05,4.86
sittings,7.244359600749906e-05,4.86
standings,7.244359600749906e-05,4.86
accepted,7.079457843841373e-05,4.85
accepting,7.079457843841373e-05,4.85
accepts,7.079457843841373e-05,4.85
accept,7.079457843841373e-05,4.85
actual,7.079457843841373e-05,4.85
appearing,7.079457843841373e-05,4.85
appeared,7.079457843841373e-05,4.85
appear,7.079457843841373e-05,4.85
appears,7.079457843841373e-05,4.85
attempted,7.079457843841373e-05,4.85
attempting,7.079457843841373e-05,4.85
attempts,7.079457843841373e-05,4.85
attempt,7.079457843841373e-05,4.85
channeled,7.079457843841373e-05,4.85
channel,7.079457843841373e-05,4.85
channelled,7.079457843841373e-05,4.85
channelling,7.079457843841373e-05,4.85
channeling,7.079457843841373e-05,4.85
channels,7.079457843841373e-05,4.85
distances,7.079457843841373e-05,4.85
distancing,7.079457843841373e-05,4.85
distance,7.079457843841373e-05,4.85
distanced,7.079457843841373e-05,4.85
exchange,7.079457843841373e-05,4.85
exchanged,7.079457843841373e-05,4.85
exchanges,7.079457843841373e-05,4.85
exchanging,7.079457843841373e-05,4.85
fatting,7.079457843841373e-05,4.85
fatted,7.079457843841373e-05,4.85
fattest,7.079457843841373e-05,4.85
fatter,7.079457843841373e-05,4.85
fat,7.079457843841373e-05,4.85
fats,7.079457843841373e-05,4.85
fells,7.079457843841373e-05,4.85
felling,7.079457843841373e-05,4.85
felled,7.079457843841373e-05,4.85
findings,7.079457843841373e-05,4.85
glassed,7.079457843841373e-05,4.85
glassing,7.079457843841373e-05,4.85
glass,7.079457843841373e-05,4.85
glasses,7.079457843841373e-05,4.85
mobile,7.079457843841373e-05,4.85
mobiles,7.079457843841373e-05,4.85
northern,7.079457843841373e-05,4.85
powerful,7.079457843841373e-05,4.85
prior,7.079457843841373e-05,4.85
priors,7.079457843841373e-05,4.85
protections,7.079457843841373e-05,4.85
protection,7.079457843841373e-05,4.85
receiving,7.079457843841373e-05,4.85
receive,7.079457843841373e-05,4.85
receives,7.079457843841373e-05,4.85
religious,7.079457843841373e-05,4.85
rides,7.079457843841373e-05,4.85
ridden,7.079457843841373e-05,4.85
rode,7.079457843841373e-05,4.85
ride,7.079457843841373e-05,4.85
riding,7.079457843841373e-05,4.85
robert,7.079457843841373e-05,4.85
royal,7.079457843841373e-05,4.85
royals,7.079457843841373e-05,4.85
screens,7.079457843841373e-05,4.85
screening,7.079457843841373e-05,4.85
screened,7.079457843841373e-05,4.85
screen,7.079457843841373e-05,4.85
serves,7.079457843841373e-05,4.85
serving,7.079457843841373e-05,4.85
serve,7.079457843841373e-05,4.85
served,7.079457843841373e-05,4.85
slowed,7.079457843841373e-05,4.85
slows,7.079457843841373e-05,4.85
slowest,7.079457843841373e-05,4.85
slow,7.079457843841373e-05,4.85
slower,7.079457843841373e-05,4.85
slowing,7.079457843841373e-05,4.85
species,7.079457843841373e-05,4.85
speech,7.079457843841373e-05,4.85
speeches,7.079457843841373e-05,4.85
traffic,7.079457843841373e-05,4.85
traffics,7.079457843841373e-05,4.85
trafficked,7.079457843841373e-05,4.85
trafficking,7.079457843841373e-05,4.85
treeing,7.079457843841373e-05,4.85
trees,7.079457843841373e-05,4.85
tree,7.079457843841373e-05,4.85
treed,7.079457843841373e-05,4.85
vs,7.079457843841373e-05,4.85
who's,7.079457843841373e-05,4.85
whom,7.079457843841373e-05,4.85
wonderful,7.079457843841373e-05,4.85
airport,6.918309709189363e-05,4.84
airports,6.918309709189363e-05,4.84
animals,6.918309709189363e-05,4.84
begins,6.918309709189363e-05,4.84
begun,6.918309709189363e-05,4.84
begin,6.918309709189363e-05,4.84
benefits,6.918309709189363e-05,4.84
bottoms,6.918309709189363e-05,4.84
bottoming,6.918309709189363e-05,4.84
bottomed,6.918309709189363e-05,4.84
bottom,6.918309709189363e-05,4.84
demand,6.918309709189363e-05,4.84
demanding,6.918309709189363e-05,4.84
demands,6.918309709189363e-05,4.84
demanded,6.918309709189363e-05,4.84
engine,6.918309709189363e-05,4.84
engines,6.918309709189363e-05,4.84
everybody,6.918309709189363e-05,4.84
famous,6.918309709189363e-05,4.84
investment,6.918309709189363e-05,4.84
investments,6.918309709189363e-05,4.84
lay,6.918309709189363e-05,4.84
lies,6.918309709189363e-05,4.84
lie,6.918309709189363e-05,4.84
lying,6.918309709189363e-05,4.84
lied,6.918309709189363e-05,4.84
partnered,6.918309709189363e-05,4.84
partners,6.918309709189363e-05,4.84
partner,6.918309709189363e-05,4.84
partnering,6.918309709189363e-05,4.84
raised,6.918309709189363e-05,4.84
sad,6.918309709189363e-05,4.84
sadder,6.918309709189363e-05,4.84
saddest,6.918309709189363e-05,4.84
solutions,6.918309709189363e-05,4.84
solution,6.918309709189363e-05,4.84
southern,6.918309709189363e-05,4.84
square,6.918309709189363e-05,4.84
squarer,6.918309709189363e-05,4.84
squarest,6.918309709189363e-05,4.84
squaring,6.918309709189363e-05,4.84
squares,6.918309709189363e-05,4.84
squared,6.918309709189363e-05,4.84
structuring,6.918309709189363e-05,4.84
structured,6.918309709189363e-05,4.84
structure,6.918309709189363e-05,4.84
structures,6.918309709189363e-05,4.84
thomas,6.918309709189363e-05,4.84
traditional,6.918309709189363e-05,4.84
twice,6.918309709189363e-05,4.84
wound,6.918309709189363e-05,4.84
winds,6.918309709189363e-05,4.84
winding,6.918309709189363e-05,4.84
wind,6.918309709189363e-05,4.84
winded,6.918309709189363e-05,4.84
worries,6.918309709189363e-05,4.84
worrying,6.918309709189363e-05,4.84
worry,6.918309709189363e-05,4.84
worried,6.918309709189363e-05,4.84
00s,6.760829753919819e-05,4.83
1st,6.760829753919819e-05,4.83
americans,6.760829753919819e-05,4.83
brand,6.760829753919819e-05,4.83
brands,6.760829753919819e-05,4.83
branded,6.760829753919819e-05,4.83
branding,6.760829753919819e-05,4.83
bus,6.760829753919819e-05,4.83
bussing,6.760829753919819e-05,4.83
buses,6.760829753919819e-05,4.83
busing,6.760829753919819e-05,4.83
bussed,6.760829753919819e-05,4.83
bused,6.760829753919819e-05,4.83
busses,6.760829753919819e-05,4.83
cent,6.760829753919819e-05,4.83
cents,6.760829753919819e-05,4.83
chicago,6.760829753919819e-05,4.83
counts,6.760829753919819e-05,4.83
counting,6.760829753919819e-05,4.83
counted,6.760829753919819e-05,4.83
count,6.760829753919819e-05,4.83
critical,6.760829753919819e-05,4.83
digital,6.760829753919819e-05,4.83
fourths,6.760829753919819e-05,4.83
fourth,6.760829753919819e-05,4.83
fresher,6.760829753919819e-05,4.83
freshest,6.760829753919819e-05,4.83
fresh,6.760829753919819e-05,4.83
laked,6.760829753919819e-05,4.83
laking,6.760829753919819e-05,4.83
lake,6.760829753919819e-05,4.83
lakes,6.760829753919819e-05,4.83
mental,6.760829753919819e-05,4.83
mentioned,6.760829753919819e-05,4.83
mostly,6.760829753919819e-05,4.83
mouthing,6.760829753919819e-05,4.83
mouthed,6.760829753919819e-05,4.83
mouths,6.760829753919819e-05,4.83
mouth,6.760829753919819e-05,4.83
owner,6.760829753919819e-05,4.83
owners,6.760829753919819e-05,4.83
previously,6.760829753919819e-05,4.83
realized,6.760829753919819e-05,4.83
realizing,6.760829753919819e-05,4.83
realize,6.760829753919819e-05,4.83
realizes,6.760829753919819e-05,4.83
remains,6.760829753919819e-05,4.83
remained,6.760829753919819e-05,4.83
remaining,6.760829753919819e-05,4.83
remain,6.760829753919819e-05,4.83
scaling,6.760829753919819e-05,4.83
scaled,6.760829753919819e-05,4.83
scales,6.760829753919819e-05,4.83
scale,6.760829753919819e-05,4.83
scores,6.760829753919819e-05,4.83
score,6.760829753919819e-05,4.83
scoring,6.760829753919819e-05,4.83
scored,6.760829753919819e-05,4.83
separate,6.760829753919819e-05,4.83
separating,6.760829753919819e-05,4.83
separated,6.760829753919819e-05,4.83
separates,6.760829753919819e-05,4.83
smart,6.760829753919819e-05,4.83
smarter,6.760829753919819e-05,4.83
smarting,6.760829753919819e-05,4.83
smarts,6.760829753919819e-05,4.83
smarted,6.760829753919819e-05,4.83
smartest,6.760829753919819e-05,4.83
surfaces,6.760829753919819e-05,4.83
surfaced,6.760829753919819e-05,4.83
surfacing,6.760829753919819e-05,4.83
surface,6.760829753919819e-05,4.83
thrown,6.760829753919819e-05,4.83
throws,6.760829753919819e-05,4.83
threw,6.760829753919819e-05,4.83
throwing,6.760829753919819e-05,4.83
throw,6.760829753919819e-05,4.83
toms,6.760829753919819e-05,4.83
tom,6.760829753919819e-05,4.83
totally,6.760829753919819e-05,4.83
twittering,6.760829753919819e-05,4.83
twitters,6.760829753919819e-05,4.83
twitter,6.760829753919819e-05,4.83
twittered,6.760829753919819e-05,4.83
wedding,6.760829753919819e-05,4.83
weddings,6.760829753919819e-05,4.83
you'd,6.760829753919819e-05,4.83
african,6.606934480075965e-05,4.82
arms,6.606934480075965e-05,4.82
benefiting,6.606934480075965e-05,4.82
benefit,6.606934480075965e-05,4.82
benefitting,6.606934480075965e-05,4.82
benefitted,6.606934480075965e-05,4.82
benefited,6.606934480075965e-05,4.82
budgeting,6.606934480075965e-05,4.82
budgets,6.606934480075965e-05,4.82
budgeted,6.606934480075965e-05,4.82
budget,6.606934480075965e-05,4.82
click,6.606934480075965e-05,4.82
clicked,6.606934480075965e-05,4.82
clicks,6.606934480075965e-05,4.82
clicking,6.606934480075965e-05,4.82
estate,6.606934480075965e-05,4.82
estates,6.606934480075965e-05,4.82
failed,6.606934480075965e-05,4.82
faiths,6.606934480075965e-05,4.82
faith,6.606934480075965e-05,4.82
fashion,6.606934480075965e-05,4.82
fashions,6.606934480075965e-05,4.82
fashioning,6.606934480075965e-05,4.82
fashioned,6.606934480075965e-05,4.82
featured,6.606934480075965e-05,4.82
feature,6.606934480075965e-05,4.82
featuring,6.606934480075965e-05,4.82
funding,6.606934480075965e-05,4.82
funds,6.606934480075965e-05,4.82
fund,6.606934480075965e-05,4.82
funded,6.606934480075965e-05,4.82
generations,6.606934480075965e-05,4.82
generation,6.606934480075965e-05,4.82
hearings,6.606934480075965e-05,4.82
hills,6.606934480075965e-05,4.82
hill,6.606934480075965e-05,4.82
jacking,6.606934480075965e-05,4.82
jacks,6.606934480075965e-05,4.82
jack,6.606934480075965e-05,4.82
jacked,6.606934480075965e-05,4.82
louis,6.606934480075965e-05,4.82
metaled,6.606934480075965e-05,4.82
metaling,6.606934480075965e-05,4.82
metalling,6.606934480075965e-05,4.82
metalled,6.606934480075965e-05,4.82
metal,6.606934480075965e-05,4.82
metals,6.606934480075965e-05,4.82
mid,6.606934480075965e-05,4.82
paris,6.606934480075965e-05,4.82
profiled,6.606934480075965e-05,4.82
profile,6.606934480075965e-05,4.82
profiles,6.606934480075965e-05,4.82
profiling,6.606934480075965e-05,4.82
pulled,6.606934480075965e-05,4.82
pulling,6.606934480075965e-05,4.82
pull,6.606934480075965e-05,4.82
pulls,6.606934480075965e-05,4.82
pushed,6.606934480075965e-05,4.82
push,6.606934480075965e-05,4.82
pushes,6.606934480075965e-05,4.82
pushing,6.606934480075965e-05,4.82
roses,6.606934480075965e-05,4.82
rose,6.606934480075965e-05,4.82
seated,6.606934480075965e-05,4.82
seats,6.606934480075965e-05,4.82
seating,6.606934480075965e-05,4.82
seat,6.606934480075965e-05,4.82
sexuals,6.606934480075965e-05,4.82
sexual,6.606934480075965e-05,4.82
shouldn't,6.606934480075965e-05,4.82
targets,6.606934480075965e-05,4.82
targetted,6.606934480075965e-05,4.82
target,6.606934480075965e-05,4.82
targeting,6.606934480075965e-05,4.82
targetting,6.606934480075965e-05,4.82
targeted,6.606934480075965e-05,4.82
understandings,6.606934480075965e-05,4.82
villages,6.606934480075965e-05,4.82
village,6.606934480075965e-05,4.82
agent,6.456542290346549e-05,4.81
agents,6.456542290346549e-05,4.81
animal,6.456542290346549e-05,4.81
apply,6.456542290346549e-05,4.81
applying,6.456542290346549e-05,4.81
applies,6.456542290346549e-05,4.81
applied,6.456542290346549e-05,4.81
authority,6.456542290346549e-05,4.81
authorities,6.456542290346549e-05,4.81
basis,6.456542290346549e-05,4.81
chris,6.456542290346549e-05,4.81
draw,6.456542290346549e-05,4.81
drawn,6.456542290346549e-05,4.81
drew,6.456542290346549e-05,4.81
drawing,6.456542290346549e-05,4.81
draws,6.456542290346549e-05,4.81
dudes,6.456542290346549e-05,4.81
dude,6.456542290346549e-05,4.81
employees,6.456542290346549e-05,4.81
entering,6.456542290346549e-05,4.81
enters,6.456542290346549e-05,4.81
enter,6.456542290346549e-05,4.81
entered,6.456542290346549e-05,4.81
ex,6.456542290346549e-05,4.81
exes,6.456542290346549e-05,4.81
foundations,6.456542290346549e-05,4.81
foundation,6.456542290346549e-05,4.81
gain,6.456542290346549e-05,4.81
gained,6.456542290346549e-05,4.81
gaining,6.456542290346549e-05,4.81
gains,6.456542290346549e-05,4.81
http,6.456542290346549e-05,4.81
japanese,6.456542290346549e-05,4.81
memories,6.456542290346549e-05,4.81
memory,6.456542290346549e-05,4.81
primes,6.456542290346549e-05,4.81
priming,6.456542290346549e-05,4.81
primed,6.456542290346549e-05,4.81
prime,6.456542290346549e-05,4.81
rung,6.456542290346549e-05,4.81
rings,6.456542290346549e-05,4.81
ringing,6.456542290346549e-05,4.81
ring,6.456542290346549e-05,4.81
rang,6.456542290346549e-05,4.81
rises,6.456542290346549e-05,4.81
rising,6.456542290346549e-05,4.81
risen,6.456542290346549e-05,4.81
rise,6.456542290346549e-05,4.81
silver,6.456542290346549e-05,4.81
silvering,6.456542290346549e-05,4.81
silvered,6.456542290346549e-05,4.81
silvers,6.456542290346549e-05,4.81
souls,6.456542290346549e-05,4.81
soul,6.456542290346549e-05,4.81
spreads,6.456542290346549e-05,4.81
spread,6.456542290346549e-05,4.81
spreading,6.456542290346549e-05,4.81
supplies,6.456542290346549e-05,4.81
supplying,6.456542290346549e-05,4.81
supply,6.456542290346549e-05,4.81
supplied,6.456542290346549e-05,4.81
wastes,6.456542290346549e-05,4.81
waste,6.456542290346549e-05,4.81
wasted,6.456542290346549e-05,4.81
wasting,6.456542290346549e-05,4.81
weirder,6.456542290346549e-05,4.81
weirdest,6.456542290346549e-05,4.81
weird,6.456542290346549e-05,4.81
adult,6.309573444801929e-05,4.8
adults,6.309573444801929e-05,4.8
apparently,6.309573444801929e-05,4.8
artist,6.309573444801929e-05,4.8
artists,6.309573444801929e-05,4.8
chairmen,6.309573444801929e-05,4.8
chairman,6.309573444801929e-05,4.8
edition,6.309573444801929e-05,4.8
editions,6.309573444801929e-05,4.8
engineering,6.309573444801929e-05,4.8
grading,6.309573444801929e-05,4.8
graded,6.309573444801929e-05,4.8
grades,6.309573444801929e-05,4.8
grade,6.309573444801929e-05,4.8
happenings,6.309573444801929e-05,4.8
healthy,6.309573444801929e-05,4.8
healthier,6.309573444801929e-05,4.8
healthiest,6.309573444801929e-05,4.8
institute,6.309573444801929e-05,4.8
instituted,6.309573444801929e-05,4.8
institutes,6.309573444801929e-05,4.8
instituting,6.309573444801929e-05,4.8
methods,6.309573444801929e-05,4.8
method,6.309573444801929e-05,4.8
mike,6.309573444801929e-05,4.8
miking,6.309573444801929e-05,4.8
mikes,6.309573444801929e-05,4.8
miked,6.309573444801929e-05,4.8
monday,6.309573444801929e-05,4.8
obviously,6.309573444801929e-05,4.8
optioned,6.309573444801929e-05,4.8
option,6.309573444801929e-05,4.8
options,6.309573444801929e-05,4.8
optioning,6.309573444801929e-05,4.8
prisons,6.309573444801929e-05,4.8
prison,6.309573444801929e-05,4.8
senates,6.309573444801929e-05,4.8
senate,6.309573444801929e-05,4.8
somebody,6.309573444801929e-05,4.8
stoned,6.309573444801929e-05,4.8
stoning,6.309573444801929e-05,4.8
stone,6.309573444801929e-05,4.8
stones,6.309573444801929e-05,4.8
strength,6.309573444801929e-05,4.8
strengths,6.309573444801929e-05,4.8
users,6.309573444801929e-05,4.8
wilds,6.309573444801929e-05,4.8
wilder,6.309573444801929e-05,4.8
wildest,6.309573444801929e-05,4.8
wild,6.309573444801929e-05,4.8
windowed,6.309573444801929e-05,4.8
windowing,6.309573444801929e-05,4.8
window,6.309573444801929e-05,4.8
windows,6.309573444801929e-05,4.8
winner,6.309573444801929e-05,4.8
winners,6.309573444801929e-05,4.8
arrived,6.165950018614822e-05,4.79
bags,6.165950018614822e-05,4.79
bag,6.165950018614822e-05,4.79
bagged,6.165950018614822e-05,4.79
bagging,6.165950018614822e-05,4.79
betting,6.165950018614822e-05,4.79
bets,6.165950018614822e-05,4.79
betted,6.165950018614822e-05,4.79
bet,6.165950018614822e-05,4.79
camp,6.165950018614822e-05,4.79
camps,6.165950018614822e-05,4.79
camped,6.165950018614822e-05,4.79
camping,6.165950018614822e-05,4.79
casting,6.165950018614822e-05,4.79
casts,6.165950018614822e-05,4.79
cast,6.165950018614822e-05,4.79
christs,6.165950018614822e-05,4.79
christ,6.165950018614822e-05,4.79
corrected,6.165950018614822e-05,4.79
corrects,6.165950018614822e-05,4.79
correcting,6.165950018614822e-05,4.79
correct,6.165950018614822e-05,4.79
dangerous,6.165950018614822e-05,4.79
ed,6.165950018614822e-05,4.79
extremely,6.165950018614822e-05,4.79
firm,6.165950018614822e-05,4.79
firmer,6.165950018614822e-05,4.79
firming,6.165950018614822e-05,4.79
firms,6.165950018614822e-05,4.79
firmed,6.165950018614822e-05,4.79
firmest,6.165950018614822e-05,4.79
handle,6.165950018614822e-05,4.79
handled,6.165950018614822e-05,4.79
handling,6.165950018614822e-05,4.79
handles,6.165950018614822e-05,4.79
improved,6.165950018614822e-05,4.79
improves,6.165950018614822e-05,4.79
improving,6.165950018614822e-05,4.79
improve,6.165950018614822e-05,4.79
indeed,6.165950018614822e-05,4.79
negatived,6.165950018614822e-05,4.79
negative,6.165950018614822e-05,4.79
negativing,6.165950018614822e-05,4.79
negatives,6.165950018614822e-05,4.79
prevented,6.165950018614822e-05,4.79
prevents,6.165950018614822e-05,4.79
preventing,6.165950018614822e-05,4.79
prevent,6.165950018614822e-05,4.79
removed,6.165950018614822e-05,4.79
richard,6.165950018614822e-05,4.79
spirits,6.165950018614822e-05,4.79
spirit,6.165950018614822e-05,4.79
spirited,6.165950018614822e-05,4.79
spiriting,6.165950018614822e-05,4.79
televisions,6.165950018614822e-05,4.79
television,6.165950018614822e-05,4.79
till,6.165950018614822e-05,4.79
tilling,6.165950018614822e-05,4.79
tills,6.165950018614822e-05,4.79
tilled,6.165950018614822e-05,4.79
troubles,6.165950018614822e-05,4.79
troubling,6.165950018614822e-05,4.79
trouble,6.165950018614822e-05,4.79
troubled,6.165950018614822e-05,4.79
usa,6.165950018614822e-05,4.79
advantaging,6.0255958607435806e-05,4.78
advantages,6.0255958607435806e-05,4.78
advantaged,6.0255958607435806e-05,4.78
advantage,6.0255958607435806e-05,4.78
apart,6.0255958607435806e-05,4.78
aware,6.0255958607435806e-05,4.78
cats,6.0255958607435806e-05,4.78
catting,6.0255958607435806e-05,4.78
catted,6.0255958607435806e-05,4.78
cat,6.0255958607435806e-05,4.78
customers,6.0255958607435806e-05,4.78
decide,6.0255958607435806e-05,4.78
deciding,6.0255958607435806e-05,4.78
decides,6.0255958607435806e-05,4.78
dinners,6.0255958607435806e-05,4.78
dinner,6.0255958607435806e-05,4.78
dollars,6.0255958607435806e-05,4.78
eastern,6.0255958607435806e-05,4.78
fifth,6.0255958607435806e-05,4.78
fifths,6.0255958607435806e-05,4.78
function,6.0255958607435806e-05,4.78
functions,6.0255958607435806e-05,4.78
functioned,6.0255958607435806e-05,4.78
functioning,6.0255958607435806e-05,4.78
gift,6.0255958607435806e-05,4.78
gifting,6.0255958607435806e-05,4.78
gifts,6.0255958607435806e-05,4.78
gifted,6.0255958607435806e-05,4.78
helpings,6.0255958607435806e-05,4.78
herself,6.0255958607435806e-05,4.78
impossible,6.0255958607435806e-05,4.78
influencing,6.0255958607435806e-05,4.78
influences,6.0255958607435806e-05,4.78
influence,6.0255958607435806e-05,4.78
influenced,6.0255958607435806e-05,4.78
items,6.0255958607435806e-05,4.78
joe,6.0255958607435806e-05,4.78
los,6.0255958607435806e-05,4.78
marketings,6.0255958607435806e-05,4.78
mary,6.0255958607435806e-05,4.78
nor,6.0255958607435806e-05,4.78
produce,6.0255958607435806e-05,4.78
produces,6.0255958607435806e-05,4.78
producing,6.0255958607435806e-05,4.78
progressed,6.0255958607435806e-05,4.78
progressing,6.0255958607435806e-05,4.78
progresses,6.0255958607435806e-05,4.78
progress,6.0255958607435806e-05,4.78
proud,6.0255958607435806e-05,4.78
prouder,6.0255958607435806e-05,4.78
proudest,6.0255958607435806e-05,4.78
requiring,6.0255958607435806e-05,4.78
requires,6.0255958607435806e-05,4.78
require,6.0255958607435806e-05,4.78
shooting,6.0255958607435806e-05,4.78
shootings,6.0255958607435806e-05,4.78
shutting,6.0255958607435806e-05,4.78
shuts,6.0255958607435806e-05,4.78
shut,6.0255958607435806e-05,4.78
vans,6.0255958607435806e-05,4.78
van,6.0255958607435806e-05,4.78
wood,6.0255958607435806e-05,4.78
woods,6.0255958607435806e-05,4.78
wooding,6.0255958607435806e-05,4.78
wooded,6.0255958607435806e-05,4.78
backgrounded,5.888436553555884e-05,4.77
backgrounds,5.888436553555884e-05,4.77
background,5.888436553555884e-05,4.77
backgrounding,5.888436553555884e-05,4.77
births,5.888436553555884e-05,4.77
birth,5.888436553555884e-05,4.77
bridged,5.888436553555884e-05,4.77
bridging,5.888436553555884e-05,4.77
bridge,5.888436553555884e-05,4.77
bridges,5.888436553555884e-05,4.77
charles,5.888436553555884e-05,4.77
concept,5.888436553555884e-05,4.77
concepts,5.888436553555884e-05,4.77
copying,5.888436553555884e-05,4.77
copy,5.888436553555884e-05,4.77
copied,5.888436553555884e-05,4.77
copies,5.888436553555884e-05,4.77
dears,5.888436553555884e-05,4.77
dearest,5.888436553555884e-05,4.77
dearer,5.888436553555884e-05,4.77
dear,5.888436553555884e-05,4.77
gardened,5.888436553555884e-05,4.77
gardening,5.888436553555884e-05,4.77
gardens,5.888436553555884e-05,4.77
garden,5.888436553555884e-05,4.77
hosted,5.888436553555884e-05,4.77
hosting,5.888436553555884e-05,4.77
host,5.888436553555884e-05,4.77
hosts,5.888436553555884e-05,4.77
housings,5.888436553555884e-05,4.77
inc,5.888436553555884e-05,4.77
israel,5.888436553555884e-05,4.77
journals,5.888436553555884e-05,4.77
journal,5.888436553555884e-05,4.77
journaling,5.888436553555884e-05,4.77
journaled,5.888436553555884e-05,4.77
laboring,5.888436553555884e-05,4.77
labored,5.888436553555884e-05,4.77
labor,5.888436553555884e-05,4.77
labors,5.888436553555884e-05,4.77
leaderships,5.888436553555884e-05,4.77
leadership,5.888436553555884e-05,4.77
lengths,5.888436553555884e-05,4.77
length,5.888436553555884e-05,4.77
luckiest,5.888436553555884e-05,4.77
lucky,5.888436553555884e-05,4.77
luckier,5.888436553555884e-05,4.77
neither,5.888436553555884e-05,4.77
onto,5.888436553555884e-05,4.77
patient,5.888436553555884e-05,4.77
possibly,5.888436553555884e-05,4.77
proving,5.888436553555884e-05,4.77
prove,5.888436553555884e-05,4.77
proves,5.888436553555884e-05,4.77
proved,5.888436553555884e-05,4.77
rarer,5.888436553555884e-05,4.77
rarest,5.888436553555884e-05,4.77
rare,5.888436553555884e-05,4.77
settings,5.888436553555884e-05,4.77
skills,5.888436553555884e-05,4.77
software,5.888436553555884e-05,4.77
softwares,5.888436553555884e-05,4.77
thousands,5.888436553555884e-05,4.77
tougher,5.888436553555884e-05,4.77
toughing,5.888436553555884e-05,4.77
tough,5.888436553555884e-05,4.77
toughest,5.888436553555884e-05,4.77
toughs,5.888436553555884e-05,4.77
toughed,5.888436553555884e-05,4.77
ad,5.7543993733715664e-05,4.76
alive,5.7543993733715664e-05,4.76
apples,5.7543993733715664e-05,4.76
apple,5.7543993733715664e-05,4.76
balance,5.7543993733715664e-05,4.76
balanced,5.7543993733715664e-05,4.76
balances,5.7543993733715664e-05,4.76
balancing,5.7543993733715664e-05,4.76
birthday,5.7543993733715664e-05,4.76
birthdays,5.7543993733715664e-05,4.76
bitch,5.7543993733715664e-05,4.76
bitching,5.7543993733715664e-05,4.76
bitched,5.7543993733715664e-05,4.76
bitches,5.7543993733715664e-05,4.76
boss,5.7543993733715664e-05,4.76
bossing,5.7543993733715664e-05,4.76
bossed,5.7543993733715664e-05,4.76
bosses,5.7543993733715664e-05,4.76
connections,5.7543993733715664e-05,4.76
connection,5.7543993733715664e-05,4.76
dressing,5.7543993733715664e-05,4.76
dresses,5.7543993733715664e-05,4.76
dress,5.7543993733715664e-05,4.76
dressed,5.7543993733715664e-05,4.76
fellows,5.7543993733715664e-05,4.76
fellow,5.7543993733715664e-05,4.76
florida,5.7543993733715664e-05,4.76
horse,5.7543993733715664e-05,4.76
horsed,5.7543993733715664e-05,4.76
horses,5.7543993733715664e-05,4.76
horsing,5.7543993733715664e-05,4.76
magic,5.7543993733715664e-05,4.76
magics,5.7543993733715664e-05,4.76
managed,5.7543993733715664e-05,4.76
maps,5.7543993733715664e-05,4.76
mapping,5.7543993733715664e-05,4.76
mapped,5.7543993733715664e-05,4.76
map,5.7543993733715664e-05,4.76
net,5.7543993733715664e-05,4.76
netting,5.7543993733715664e-05,4.76
netted,5.7543993733715664e-05,4.76
nets,5.7543993733715664e-05,4.76
requesting,5.7543993733715664e-05,4.76
request,5.7543993733715664e-05,4.76
requested,5.7543993733715664e-05,4.76
requests,5.7543993733715664e-05,4.76
stuck,5.7543993733715664e-05,4.76
sticks,5.7543993733715664e-05,4.76
stick,5.7543993733715664e-05,4.76
sticking,5.7543993733715664e-05,4.76
they've,5.7543993733715664e-05,4.76
vehicle,5.7543993733715664e-05,4.76
vehicles,5.7543993733715664e-05,4.76
volume,5.7543993733715664e-05,4.76
volumes,5.7543993733715664e-05,4.76
voluming,5.7543993733715664e-05,4.76
volumed,5.7543993733715664e-05,4.76
woke,5.7543993733715664e-05,4.76
waked,5.7543993733715664e-05,4.76
wakes,5.7543993733715664e-05,4.76
waking,5.7543993733715664e-05,4.76
woken,5.7543993733715664e-05,4.76
wake,5.7543993733715664e-05,4.76
aided,5.623413251903491e-05,4.75
aid,5.623413251903491e-05,4.75
aiding,5.623413251903491e-05,4.75
aids,5.623413251903491e-05,4.75
beauty,5.623413251903491e-05,4.75
beauties,5.623413251903491e-05,4.75
billion,5.623413251903491e-05,4.75
billions,5.623413251903491e-05,4.75
busied,5.623413251903491e-05,4.75
busies,5.623413251903491e-05,4.75
busy,5.623413251903491e-05,4.75
busying,5.623413251903491e-05,4.75
busiest,5.623413251903491e-05,4.75
busier,5.623413251903491e-05,4.75
concerned,5.623413251903491e-05,4.75
conversation,5.623413251903491e-05,4.75
conversations,5.623413251903491e-05,4.75
corner,5.623413251903491e-05,4.75
cornered,5.623413251903491e-05,4.75
corners,5.623413251903491e-05,4.75
cornering,5.623413251903491e-05,4.75
criminal,5.623413251903491e-05,4.75
criminals,5.623413251903491e-05,4.75
cultural,5.623413251903491e-05,4.75
develop,5.623413251903491e-05,4.75
developing,5.623413251903491e-05,4.75
develops,5.623413251903491e-05,4.75
drivers,5.623413251903491e-05,4.75
driver,5.623413251903491e-05,4.75
existing,5.623413251903491e-05,4.75
farming,5.623413251903491e-05,4.75
farm,5.623413251903491e-05,4.75
farmed,5.623413251903491e-05,4.75
farms,5.623413251903491e-05,4.75
files,5.623413251903491e-05,4.75
filing,5.623413251903491e-05,4.75
filed,5.623413251903491e-05,4.75
file,5.623413251903491e-05,4.75
fixes,5.623413251903491e-05,4.75
fixing,5.623413251903491e-05,4.75
fixed,5.623413251903491e-05,4.75
fix,5.623413251903491e-05,4.75
flying,5.623413251903491e-05,4.75
flown,5.623413251903491e-05,4.75
flied,5.623413251903491e-05,4.75
flies,5.623413251903491e-05,4.75
flew,5.623413251903491e-05,4.75
fly,5.623413251903491e-05,4.75
frank,5.623413251903491e-05,4.75
frankest,5.623413251903491e-05,4.75
franker,5.623413251903491e-05,4.75
franks,5.623413251903491e-05,4.75
franking,5.623413251903491e-05,4.75
franked,5.623413251903491e-05,4.75
guide,5.623413251903491e-05,4.75
guiding,5.623413251903491e-05,4.75
guides,5.623413251903491e-05,4.75
guided,5.623413251903491e-05,4.75
investigation,5.623413251903491e-05,4.75
investigations,5.623413251903491e-05,4.75
mexico,5.623413251903491e-05,4.75
operating,5.623413251903491e-05,4.75
raise,5.623413251903491e-05,4.75
raises,5.623413251903491e-05,4.75
raising,5.623413251903491e-05,4.75
responsibilities,5.623413251903491e-05,4.75
responsibility,5.623413251903491e-05,4.75
rolled,5.623413251903491e-05,4.75
rolling,5.623413251903491e-05,4.75
rolls,5.623413251903491e-05,4.75
roll,5.623413251903491e-05,4.75
slightly,5.623413251903491e-05,4.75
suggesting,5.623413251903491e-05,4.75
suggest,5.623413251903491e-05,4.75
suggested,5.623413251903491e-05,4.75
suggests,5.623413251903491e-05,4.75
surprising,5.623413251903491e-05,4.75
surprise,5.623413251903491e-05,4.75
surprises,5.623413251903491e-05,4.75
surprised,5.623413251903491e-05,4.75
technical,5.623413251903491e-05,4.75
treated,5.623413251903491e-05,4.75
treats,5.623413251903491e-05,4.75
treat,5.623413251903491e-05,4.75
treating,5.623413251903491e-05,4.75
unique,5.623413251903491e-05,4.75
variety,5.623413251903491e-05,4.75
varieties,5.623413251903491e-05,4.75
violence,5.623413251903491e-05,4.75
weapons,5.623413251903491e-05,4.75
yours,5.623413251903491e-05,4.75
youth,5.623413251903491e-05,4.75
youths,5.623413251903491e-05,4.75
2nd,5.495408738576248e-05,4.74
appreciate,5.495408738576248e-05,4.74
appreciated,5.495408738576248e-05,4.74
appreciating,5.495408738576248e-05,4.74
appreciates,5.495408738576248e-05,4.74
discovered,5.495408738576248e-05,4.74
dont,5.495408738576248e-05,4.74
drier,5.495408738576248e-05,4.74
dried,5.495408738576248e-05,4.74
driest,5.495408738576248e-05,4.74
dry,5.495408738576248e-05,4.74
dries,5.495408738576248e-05,4.74
drying,5.495408738576248e-05,4.74
edged,5.495408738576248e-05,4.74
edge,5.495408738576248e-05,4.74
edges,5.495408738576248e-05,4.74
edging,5.495408738576248e-05,4.74
evils,5.495408738576248e-05,4.74
evil,5.495408738576248e-05,4.74
excited,5.495408738576248e-05,4.74
forever,5.495408738576248e-05,4.74
henry,5.495408738576248e-05,4.74
injuries,5.495408738576248e-05,4.74
injury,5.495408738576248e-05,4.74
ironed,5.495408738576248e-05,4.74
iron,5.495408738576248e-05,4.74
ironing,5.495408738576248e-05,4.74
irons,5.495408738576248e-05,4.74
loveliest,5.495408738576248e-05,4.74
lovely,5.495408738576248e-05,4.74
lovelier,5.495408738576248e-05,4.74
lovelies,5.495408738576248e-05,4.74
madder,5.495408738576248e-05,4.74
maddest,5.495408738576248e-05,4.74
mad,5.495408738576248e-05,4.74
magazine,5.495408738576248e-05,4.74
magazines,5.495408738576248e-05,4.74
martins,5.495408738576248e-05,4.74
martin,5.495408738576248e-05,4.74
parliament,5.495408738576248e-05,4.74
parliaments,5.495408738576248e-05,4.74
prepared,5.495408738576248e-05,4.74
referencing,5.495408738576248e-05,4.74
references,5.495408738576248e-05,4.74
referenced,5.495408738576248e-05,4.74
reference,5.495408738576248e-05,4.74
religions,5.495408738576248e-05,4.74
religion,5.495408738576248e-05,4.74
somewhere,5.495408738576248e-05,4.74
strategies,5.495408738576248e-05,4.74
strategy,5.495408738576248e-05,4.74
web,5.495408738576248e-05,4.74
webs,5.495408738576248e-05,4.74
webbing,5.495408738576248e-05,4.74
webbed,5.495408738576248e-05,4.74
wine,5.495408738576248e-05,4.74
wines,5.495408738576248e-05,4.74
angeles,5.370317963702533e-05,4.73
arm,5.370317963702533e-05,4.73
arming,5.370317963702533e-05,4.73
armed,5.370317963702533e-05,4.73
audience,5.370317963702533e-05,4.73
audiences,5.370317963702533e-05,4.73
baying,5.370317963702533e-05,4.73
bayed,5.370317963702533e-05,4.73
bay,5.370317963702533e-05,4.73
bays,5.370317963702533e-05,4.73
blog,5.370317963702533e-05,4.73
closers,5.370317963702533e-05,4.73
cored,5.370317963702533e-05,4.73
core,5.370317963702533e-05,4.73
cores,5.370317963702533e-05,4.73
coring,5.370317963702533e-05,4.73
democratic,5.370317963702533e-05,4.73
description,5.370317963702533e-05,4.73
descriptions,5.370317963702533e-05,4.73
excellent,5.370317963702533e-05,4.73
existed,5.370317963702533e-05,4.73
exist,5.370317963702533e-05,4.73
exists,5.370317963702533e-05,4.73
guard,5.370317963702533e-05,4.73
guards,5.370317963702533e-05,4.73
guarded,5.370317963702533e-05,4.73
guarding,5.370317963702533e-05,4.73
honest,5.370317963702533e-05,4.73
jones,5.370317963702533e-05,4.73
lee,5.370317963702533e-05,4.73
lees,5.370317963702533e-05,4.73
medicine,5.370317963702533e-05,4.73
medicines,5.370317963702533e-05,4.73
mentioning,5.370317963702533e-05,4.73
mention,5.370317963702533e-05,4.73
mentions,5.370317963702533e-05,4.73
mountains,5.370317963702533e-05,4.73
mountain,5.370317963702533e-05,4.73
nuclear,5.370317963702533e-05,4.73
ports,5.370317963702533e-05,4.73
porting,5.370317963702533e-05,4.73
port,5.370317963702533e-05,4.73
ported,5.370317963702533e-05,4.73
presence,5.370317963702533e-05,4.73
presences,5.370317963702533e-05,4.73
reaction,5.370317963702533e-05,4.73
reactions,5.370317963702533e-05,4.73
reduce,5.370317963702533e-05,4.73
reducing,5.370317963702533e-05,4.73
reduces,5.370317963702533e-05,4.73
reduced,5.370317963702533e-05,4.73
shoots,5.370317963702533e-05,4.73
shoot,5.370317963702533e-05,4.73
solids,5.370317963702533e-05,4.73
solid,5.370317963702533e-05,4.73
spanish,5.370317963702533e-05,4.73
sporting,5.370317963702533e-05,4.73
sported,5.370317963702533e-05,4.73
sport,5.370317963702533e-05,4.73
stress,5.370317963702533e-05,4.73
stressing,5.370317963702533e-05,4.73
stresses,5.370317963702533e-05,4.73
stressed,5.370317963702533e-05,4.73
taste,5.370317963702533e-05,4.73
tastes,5.370317963702533e-05,4.73
tasted,5.370317963702533e-05,4.73
tasting,5.370317963702533e-05,4.73
teas,5.370317963702533e-05,4.73
tea,5.370317963702533e-05,4.73
victory,5.370317963702533e-05,4.73
victories,5.370317963702533e-05,4.73
afternoon,5.248074602497723e-05,4.72
afternoons,5.248074602497723e-05,4.72
assistant,5.248074602497723e-05,4.72
assistants,5.248074602497723e-05,4.72
britain,5.248074602497723e-05,4.72
citizens,5.248074602497723e-05,4.72
classics,5.248074602497723e-05,4.72
classic,5.248074602497723e-05,4.72
clothes,5.248074602497723e-05,4.72
electric,5.248074602497723e-05,4.72
emergency,5.248074602497723e-05,4.72
emergencies,5.248074602497723e-05,4.72
entirely,5.248074602497723e-05,4.72
failure,5.248074602497723e-05,4.72
failures,5.248074602497723e-05,4.72
festivals,5.248074602497723e-05,4.72
festival,5.248074602497723e-05,4.72
flats,5.248074602497723e-05,4.72
flattest,5.248074602497723e-05,4.72
flat,5.248074602497723e-05,4.72
flatter,5.248074602497723e-05,4.72
fuelled,5.248074602497723e-05,4.72
fuelling,5.248074602497723e-05,4.72
fuels,5.248074602497723e-05,4.72
fuel,5.248074602497723e-05,4.72
fueled,5.248074602497723e-05,4.72
fueling,5.248074602497723e-05,4.72
harrying,5.248074602497723e-05,4.72
harry,5.248074602497723e-05,4.72
harried,5.248074602497723e-05,4.72
harries,5.248074602497723e-05,4.72
hellos,5.248074602497723e-05,4.72
hello,5.248074602497723e-05,4.72
ills,5.248074602497723e-05,4.72
iller,5.248074602497723e-05,4.72
ill,5.248074602497723e-05,4.72
illest,5.248074602497723e-05,4.72
initialling,5.248074602497723e-05,4.72
initialled,5.248074602497723e-05,4.72
initialing,5.248074602497723e-05,4.72
initials,5.248074602497723e-05,4.72
initial,5.248074602497723e-05,4.72
initialed,5.248074602497723e-05,4.72
introduced,5.248074602497723e-05,4.72
johnson,5.248074602497723e-05,4.72
kicking,5.248074602497723e-05,4.72
kicked,5.248074602497723e-05,4.72
kicks,5.248074602497723e-05,4.72
kick,5.248074602497723e-05,4.72
mailed,5.248074602497723e-05,4.72
mailing,5.248074602497723e-05,4.72
mail,5.248074602497723e-05,4.72
mails,5.248074602497723e-05,4.72
massive,5.248074602497723e-05,4.72
pairs,5.248074602497723e-05,4.72
paired,5.248074602497723e-05,4.72
pairing,5.248074602497723e-05,4.72
pair,5.248074602497723e-05,4.72
plane,5.248074602497723e-05,4.72
planed,5.248074602497723e-05,4.72
planes,5.248074602497723e-05,4.72
planing,5.248074602497723e-05,4.72
plenty,5.248074602497723e-05,4.72
princes,5.248074602497723e-05,4.72
prince,5.248074602497723e-05,4.72
proper,5.248074602497723e-05,4.72
quarter,5.248074602497723e-05,4.72
quarters,5.248074602497723e-05,4.72
quartered,5.248074602497723e-05,4.72
quartering,5.248074602497723e-05,4.72
regional,5.248074602497723e-05,4.72
regionals,5.248074602497723e-05,4.72
scott,5.248074602497723e-05,4.72
sessions,5.248074602497723e-05,4.72
session,5.248074602497723e-05,4.72
shaped,5.248074602497723e-05,4.72
shape,5.248074602497723e-05,4.72
shapes,5.248074602497723e-05,4.72
shaping,5.248074602497723e-05,4.72
sky,5.248074602497723e-05,4.72
skies,5.248074602497723e-05,4.72
skying,5.248074602497723e-05,4.72
skied,5.248074602497723e-05,4.72
teachings,5.248074602497723e-05,4.72
teaching,5.248074602497723e-05,4.72
toward,5.248074602497723e-05,4.72
transferring,5.248074602497723e-05,4.72
transfer,5.248074602497723e-05,4.72
transfers,5.248074602497723e-05,4.72
transferred,5.248074602497723e-05,4.72
uppers,5.248074602497723e-05,4.72
upper,5.248074602497723e-05,4.72
useful,5.248074602497723e-05,4.72
valley,5.248074602497723e-05,4.72
valleys,5.248074602497723e-05,4.72
willing,5.248074602497723e-05,4.72
zone,5.248074602497723e-05,4.72
zones,5.248074602497723e-05,4.72
zoned,5.248074602497723e-05,4.72
zoning,5.248074602497723e-05,4.72
accident,5.128613839913648e-05,4.71
accidents,5.128613839913648e-05,4.71
advanced,5.128613839913648e-05,4.71
alternatives,5.128613839913648e-05,4.71
alternative,5.128613839913648e-05,4.71
anywhere,5.128613839913648e-05,4.71
bearing,5.128613839913648e-05,4.71
bore,5.128613839913648e-05,4.71
bear,5.128613839913648e-05,4.71
borne,5.128613839913648e-05,4.71
bears,5.128613839913648e-05,4.71
boating,5.128613839913648e-05,4.71
boat,5.128613839913648e-05,4.71
boated,5.128613839913648e-05,4.71
boats,5.128613839913648e-05,4.71
capacity,5.128613839913648e-05,4.71
capacities,5.128613839913648e-05,4.71
cheapest,5.128613839913648e-05,4.71
cheaper,5.128613839913648e-05,4.71
cheap,5.128613839913648e-05,4.71
climate,5.128613839913648e-05,4.71
climates,5.128613839913648e-05,4.71
discussions,5.128613839913648e-05,4.71
discussion,5.128613839913648e-05,4.71
duties,5.128613839913648e-05,4.71
duty,5.128613839913648e-05,4.71
fantastic,5.128613839913648e-05,4.71
governors,5.128613839913648e-05,4.71
governor,5.128613839913648e-05,4.71
hasn't,5.128613839913648e-05,4.71
hundred,5.128613839913648e-05,4.71
hundreds,5.128613839913648e-05,4.71
industrials,5.128613839913648e-05,4.71
industrial,5.128613839913648e-05,4.71
jointed,5.128613839913648e-05,4.71
jointing,5.128613839913648e-05,4.71
joint,5.128613839913648e-05,4.71
joints,5.128613839913648e-05,4.71
mix,5.128613839913648e-05,4.71
mixes,5.128613839913648e-05,4.71
mixing,5.128613839913648e-05,4.71
mixed,5.128613839913648e-05,4.71
museum,5.128613839913648e-05,4.71
museums,5.128613839913648e-05,4.71
path,5.128613839913648e-05,4.71
paths,5.128613839913648e-05,4.71
promise,5.128613839913648e-05,4.71
promises,5.128613839913648e-05,4.71
promised,5.128613839913648e-05,4.71
promising,5.128613839913648e-05,4.71
proposed,5.128613839913648e-05,4.71
purchased,5.128613839913648e-05,4.71
purchase,5.128613839913648e-05,4.71
purchasing,5.128613839913648e-05,4.71
purchases,5.128613839913648e-05,4.71
rain,5.128613839913648e-05,4.71
rains,5.128613839913648e-05,4.71
rained,5.128613839913648e-05,4.71
raining,5.128613839913648e-05,4.71
removes,5.128613839913648e-05,4.71
removing,5.128613839913648e-05,4.71
remove,5.128613839913648e-05,4.71
steeled,5.128613839913648e-05,4.71
steeling,5.128613839913648e-05,4.71
steels,5.128613839913648e-05,4.71
steel,5.128613839913648e-05,4.71
steve,5.128613839913648e-05,4.71
terrible,5.128613839913648e-05,4.71
they'll,5.128613839913648e-05,4.71
tired,5.128613839913648e-05,4.71
turnings,5.128613839913648e-05,4.71
vice,5.128613839913648e-05,4.71
vices,5.128613839913648e-05,4.71
warming,5.128613839913648e-05,4.71
warm,5.128613839913648e-05,4.71
warmed,5.128613839913648e-05,4.71
warmer,5.128613839913648e-05,4.71
warmest,5.128613839913648e-05,4.71
warms,5.128613839913648e-05,4.71
°,5.128613839913648e-05,4.71
afraid,5.011872336272725e-05,4.7
beers,5.011872336272725e-05,4.7
beer,5.011872336272725e-05,4.7
bordered,5.011872336272725e-05,4.7
border,5.011872336272725e-05,4.7
borders,5.011872336272725e-05,4.7
bordering,5.011872336272725e-05,4.7
canadian,5.011872336272725e-05,4.7
commanding,5.011872336272725e-05,4.7
commands,5.011872336272725e-05,4.7
command,5.011872336272725e-05,4.7
commanded,5.011872336272725e-05,4.7
crew,5.011872336272725e-05,4.7
crewing,5.011872336272725e-05,4.7
crewed,5.011872336272725e-05,4.7
crews,5.011872336272725e-05,4.7
crowd,5.011872336272725e-05,4.7
crowds,5.011872336272725e-05,4.7
crowded,5.011872336272725e-05,4.7
crowding,5.011872336272725e-05,4.7
dick,5.011872336272725e-05,4.7
elements,5.011872336272725e-05,4.7
enemy,5.011872336272725e-05,4.7
enemies,5.011872336272725e-05,4.7
ensuring,5.011872336272725e-05,4.7
ensures,5.011872336272725e-05,4.7
ensured,5.011872336272725e-05,4.7
ensure,5.011872336272725e-05,4.7
environmental,5.011872336272725e-05,4.7
filled,5.011872336272725e-05,4.7
forested,5.011872336272725e-05,4.7
forest,5.011872336272725e-05,4.7
foresting,5.011872336272725e-05,4.7
forests,5.011872336272725e-05,4.7
intelligence,5.011872336272725e-05,4.7
intended,5.011872336272725e-05,4.7
labouring,5.011872336272725e-05,4.7
laboured,5.011872336272725e-05,4.7
labours,5.011872336272725e-05,4.7
labour,5.011872336272725e-05,4.7
limits,5.011872336272725e-05,4.7
limiting,5.011872336272725e-05,4.7
limit,5.011872336272725e-05,4.7
mooning,5.011872336272725e-05,4.7
mooned,5.011872336272725e-05,4.7
moon,5.011872336272725e-05,4.7
moons,5.011872336272725e-05,4.7
ocean,5.011872336272725e-05,4.7
oceans,5.011872336272725e-05,4.7
profited,5.011872336272725e-05,4.7
profiting,5.011872336272725e-05,4.7
profit,5.011872336272725e-05,4.7
profits,5.011872336272725e-05,4.7
proofs,5.011872336272725e-05,4.7
proof,5.011872336272725e-05,4.7
proofing,5.011872336272725e-05,4.7
proofed,5.011872336272725e-05,4.7
republican,5.011872336272725e-05,4.7
republicans,5.011872336272725e-05,4.7
soldiers,5.011872336272725e-05,4.7
suited,5.011872336272725e-05,4.7
suit,5.011872336272725e-05,4.7
suiting,5.011872336272725e-05,4.7
suits,5.011872336272725e-05,4.7
women's,5.011872336272725e-05,4.7
appearance,4.897788193684466e-05,4.69
appearances,4.897788193684466e-05,4.69
asian,4.897788193684466e-05,4.69
attorney,4.897788193684466e-05,4.69
attorneys,4.897788193684466e-05,4.69
behaviors,4.897788193684466e-05,4.69
behavior,4.897788193684466e-05,4.69
ben,4.897788193684466e-05,4.69
chairs,4.897788193684466e-05,4.69
chaired,4.897788193684466e-05,4.69
chair,4.897788193684466e-05,4.69
chairing,4.897788193684466e-05,4.69
debts,4.897788193684466e-05,4.69
debt,4.897788193684466e-05,4.69
domestic,4.897788193684466e-05,4.69
domestics,4.897788193684466e-05,4.69
expensive,4.897788193684466e-05,4.69
historical,4.897788193684466e-05,4.69
honestly,4.897788193684466e-05,4.69
honor,4.897788193684466e-05,4.69
honored,4.897788193684466e-05,4.69
honoring,4.897788193684466e-05,4.69
honors,4.897788193684466e-05,4.69
im,4.897788193684466e-05,4.69
jump,4.897788193684466e-05,4.69
jumping,4.897788193684466e-05,4.69
jumped,4.897788193684466e-05,4.69
jumps,4.897788193684466e-05,4.69
launch,4.897788193684466e-05,4.69
launching,4.897788193684466e-05,4.69
launches,4.897788193684466e-05,4.69
launched,4.897788193684466e-05,4.69
minimums,4.897788193684466e-05,4.69
minima,4.897788193684466e-05,4.69
minimum,4.897788193684466e-05,4.69
native,4.897788193684466e-05,4.69
natives,4.897788193684466e-05,4.69
originally,4.897788193684466e-05,4.69
pm,4.897788193684466e-05,4.69
rays,4.897788193684466e-05,4.69
ray,4.897788193684466e-05,4.69
raying,4.897788193684466e-05,4.69
rayed,4.897788193684466e-05,4.69
suddenly,4.897788193684466e-05,4.69
supreme,4.897788193684466e-05,4.69
surveys,4.897788193684466e-05,4.69
survey,4.897788193684466e-05,4.69
surveying,4.897788193684466e-05,4.69
surveyed,4.897788193684466e-05,4.69
tech,4.897788193684466e-05,4.69
updates,4.897788193684466e-05,4.69
updated,4.897788193684466e-05,4.69
updating,4.897788193684466e-05,4.69
update,4.897788193684466e-05,4.69
user,4.897788193684466e-05,4.69
writer,4.897788193684466e-05,4.69
writers,4.897788193684466e-05,4.69
yellower,4.897788193684466e-05,4.69
yellows,4.897788193684466e-05,4.69
yellow,4.897788193684466e-05,4.69
yellowed,4.897788193684466e-05,4.69
yellowest,4.897788193684466e-05,4.69
yellowing,4.897788193684466e-05,4.69
ancient,4.786300923226381e-05,4.68
ancients,4.786300923226381e-05,4.68
combined,4.786300923226381e-05,4.68
communications,4.786300923226381e-05,4.68
communication,4.786300923226381e-05,4.68
connected,4.786300923226381e-05,4.68
contains,4.786300923226381e-05,4.68
downloaded,4.786300923226381e-05,4.68
download,4.786300923226381e-05,4.68
downloading,4.786300923226381e-05,4.68
downloads,4.786300923226381e-05,4.68
emailing,4.786300923226381e-05,4.68
emailed,4.786300923226381e-05,4.68
emails,4.786300923226381e-05,4.68
email,4.786300923226381e-05,4.68
endings,4.786300923226381e-05,4.68
exercise,4.786300923226381e-05,4.68
exercised,4.786300923226381e-05,4.68
exercises,4.786300923226381e-05,4.68
exercising,4.786300923226381e-05,4.68
expresses,4.786300923226381e-05,4.68
expressed,4.786300923226381e-05,4.68
expressing,4.786300923226381e-05,4.68
express,4.786300923226381e-05,4.68
flowing,4.786300923226381e-05,4.68
flowed,4.786300923226381e-05,4.68
flows,4.786300923226381e-05,4.68
flow,4.786300923226381e-05,4.68
girlfriend,4.786300923226381e-05,4.68
girlfriends,4.786300923226381e-05,4.68
hero,4.786300923226381e-05,4.68
heroes,4.786300923226381e-05,4.68
illegal,4.786300923226381e-05,4.68
illegals,4.786300923226381e-05,4.68
joking,4.786300923226381e-05,4.68
joked,4.786300923226381e-05,4.68
jokes,4.786300923226381e-05,4.68
joke,4.786300923226381e-05,4.68
loans,4.786300923226381e-05,4.68
loaned,4.786300923226381e-05,4.68
loaning,4.786300923226381e-05,4.68
loan,4.786300923226381e-05,4.68
people's,4.786300923226381e-05,4.68
performed,4.786300923226381e-05,4.68
planets,4.786300923226381e-05,4.68
planet,4.786300923226381e-05,4.68
restaurants,4.786300923226381e-05,4.68
restaurant,4.786300923226381e-05,4.68
scotland,4.786300923226381e-05,4.68
selected,4.786300923226381e-05,4.68
shoppings,4.786300923226381e-05,4.68
softest,4.786300923226381e-05,4.68
soft,4.786300923226381e-05,4.68
softer,4.786300923226381e-05,4.68
sugars,4.786300923226381e-05,4.68
sugar,4.786300923226381e-05,4.68
sugaring,4.786300923226381e-05,4.68
sugared,4.786300923226381e-05,4.68
taught,4.786300923226381e-05,4.68
transports,4.786300923226381e-05,4.68
transporting,4.786300923226381e-05,4.68
transport,4.786300923226381e-05,4.68
transported,4.786300923226381e-05,4.68
weren't,4.786300923226381e-05,4.68
affairs,4.677351412871981e-05,4.67
appeals,4.677351412871981e-05,4.67
appealing,4.677351412871981e-05,4.67
appealed,4.677351412871981e-05,4.67
appeal,4.677351412871981e-05,4.67
appropriates,4.677351412871981e-05,4.67
appropriate,4.677351412871981e-05,4.67
appropriated,4.677351412871981e-05,4.67
appropriating,4.677351412871981e-05,4.67
boston,4.677351412871981e-05,4.67
ca,4.677351412871981e-05,4.67
confirmed,4.677351412871981e-05,4.67
devices,4.677351412871981e-05,4.67
device,4.677351412871981e-05,4.67
dramas,4.677351412871981e-05,4.67
drama,4.677351412871981e-05,4.67
entries,4.677351412871981e-05,4.67
entry,4.677351412871981e-05,4.67
eras,4.677351412871981e-05,4.67
era,4.677351412871981e-05,4.67
factors,4.677351412871981e-05,4.67
factor,4.677351412871981e-05,4.67
factoring,4.677351412871981e-05,4.67
factored,4.677351412871981e-05,4.67
feed,4.677351412871981e-05,4.67
fed,4.677351412871981e-05,4.67
feeds,4.677351412871981e-05,4.67
feeding,4.677351412871981e-05,4.67
golden,4.677351412871981e-05,4.67
goldenest,4.677351412871981e-05,4.67
goldener,4.677351412871981e-05,4.67
granted,4.677351412871981e-05,4.67
grants,4.677351412871981e-05,4.67
granting,4.677351412871981e-05,4.67
grant,4.677351412871981e-05,4.67
lawyer,4.677351412871981e-05,4.67
lawyers,4.677351412871981e-05,4.67
legs,4.677351412871981e-05,4.67
measures,4.677351412871981e-05,4.67
mistaken,4.677351412871981e-05,4.67
mistook,4.677351412871981e-05,4.67
mistaking,4.677351412871981e-05,4.67
mistake,4.677351412871981e-05,4.67
mistakes,4.677351412871981e-05,4.67
ms,4.677351412871981e-05,4.67
muslim,4.677351412871981e-05,4.67
platform,4.677351412871981e-05,4.67
platforms,4.677351412871981e-05,4.67
pooling,4.677351412871981e-05,4.67
pooled,4.677351412871981e-05,4.67
pools,4.677351412871981e-05,4.67
pool,4.677351412871981e-05,4.67
regarding,4.677351412871981e-05,4.67
relations,4.677351412871981e-05,4.67
routed,4.677351412871981e-05,4.67
route,4.677351412871981e-05,4.67
routes,4.677351412871981e-05,4.67
routing,4.677351412871981e-05,4.67
schedule,4.677351412871981e-05,4.67
scheduled,4.677351412871981e-05,4.67
schedules,4.677351412871981e-05,4.67
scheduling,4.677351412871981e-05,4.67
scientific,4.677351412871981e-05,4.67
shoes,4.677351412871981e-05,4.67
smoked,4.677351412871981e-05,4.67
smoking,4.677351412871981e-05,4.67
smokes,4.677351412871981e-05,4.67
smoke,4.677351412871981e-05,4.67
squads,4.677351412871981e-05,4.67
squad,4.677351412871981e-05,4.67
teach,4.677351412871981e-05,4.67
teaches,4.677351412871981e-05,4.67
testings,4.677351412871981e-05,4.67
williams,4.677351412871981e-05,4.67
ya,4.677351412871981e-05,4.67
abusing,4.570881896148752e-05,4.66
abused,4.570881896148752e-05,4.66
abuse,4.570881896148752e-05,4.66
abuses,4.570881896148752e-05,4.66
angrier,4.570881896148752e-05,4.66
angry,4.570881896148752e-05,4.66
angriest,4.570881896148752e-05,4.66
candidates,4.570881896148752e-05,4.66
candidate,4.570881896148752e-05,4.66
candidating,4.570881896148752e-05,4.66
candidated,4.570881896148752e-05,4.66
comfortable,4.570881896148752e-05,4.66
concerns,4.570881896148752e-05,4.66
concerning,4.570881896148752e-05,4.66
concern,4.570881896148752e-05,4.66
discusses,4.570881896148752e-05,4.66
discuss,4.570881896148752e-05,4.66
discussing,4.570881896148752e-05,4.66
discussed,4.570881896148752e-05,4.66
emotional,4.570881896148752e-05,4.66
et,4.570881896148752e-05,4.66
everywhere,4.570881896148752e-05,4.66
facilities,4.570881896148752e-05,4.66
foxes,4.570881896148752e-05,4.66
foxed,4.570881896148752e-05,4.66
fox,4.570881896148752e-05,4.66
foxing,4.570881896148752e-05,4.66
holed,4.570881896148752e-05,4.66
holes,4.570881896148752e-05,4.66
holing,4.570881896148752e-05,4.66
hole,4.570881896148752e-05,4.66
holidaying,4.570881896148752e-05,4.66
holidays,4.570881896148752e-05,4.66
holidayed,4.570881896148752e-05,4.66
holiday,4.570881896148752e-05,4.66
internals,4.570881896148752e-05,4.66
internal,4.570881896148752e-05,4.66
ireland,4.570881896148752e-05,4.66
italian,4.570881896148752e-05,4.66
italy,4.570881896148752e-05,4.66
jerseys,4.570881896148752e-05,4.66
jersey,4.570881896148752e-05,4.66
laughing,4.570881896148752e-05,4.66
laughs,4.570881896148752e-05,4.66
laughed,4.570881896148752e-05,4.66
laugh,4.570881896148752e-05,4.66
leg,4.570881896148752e-05,4.66
liberal,4.570881896148752e-05,4.66
liberals,4.570881896148752e-05,4.66
ll,4.570881896148752e-05,4.66
lunch,4.570881896148752e-05,4.66
lunches,4.570881896148752e-05,4.66
lunching,4.570881896148752e-05,4.66
lunched,4.570881896148752e-05,4.66
max,4.570881896148752e-05,4.66
milked,4.570881896148752e-05,4.66
milks,4.570881896148752e-05,4.66
milking,4.570881896148752e-05,4.66
milk,4.570881896148752e-05,4.66
packed,4.570881896148752e-05,4.66
pack,4.570881896148752e-05,4.66
packs,4.570881896148752e-05,4.66
packing,4.570881896148752e-05,4.66
payments,4.570881896148752e-05,4.66
payment,4.570881896148752e-05,4.66
performs,4.570881896148752e-05,4.66
perform,4.570881896148752e-05,4.66
performing,4.570881896148752e-05,4.66
relatively,4.570881896148752e-05,4.66
sectoring,4.570881896148752e-05,4.66
sectored,4.570881896148752e-05,4.66
sector,4.570881896148752e-05,4.66
sectors,4.570881896148752e-05,4.66
snow,4.570881896148752e-05,4.66
snowed,4.570881896148752e-05,4.66
snowing,4.570881896148752e-05,4.66
snows,4.570881896148752e-05,4.66
storming,4.570881896148752e-05,4.66
storms,4.570881896148752e-05,4.66
stormed,4.570881896148752e-05,4.66
storm,4.570881896148752e-05,4.66
struck,4.570881896148752e-05,4.66
strikes,4.570881896148752e-05,4.66
stricken,4.570881896148752e-05,4.66
strike,4.570881896148752e-05,4.66
striking,4.570881896148752e-05,4.66
studios,4.570881896148752e-05,4.66
studio,4.570881896148752e-05,4.66
subs,4.570881896148752e-05,4.66
sub,4.570881896148752e-05,4.66
subbing,4.570881896148752e-05,4.66
subbed,4.570881896148752e-05,4.66
weak,4.570881896148752e-05,4.66
weakest,4.570881896148752e-05,4.66
weaker,4.570881896148752e-05,4.66
youtube,4.570881896148752e-05,4.66
3rd,4.466835921509635e-05,4.65
actor,4.466835921509635e-05,4.65
actors,4.466835921509635e-05,4.65
advance,4.466835921509635e-05,4.65
advancing,4.466835921509635e-05,4.65
advances,4.466835921509635e-05,4.65
apartment,4.466835921509635e-05,4.65
apartments,4.466835921509635e-05,4.65
asia,4.466835921509635e-05,4.65
chaining,4.466835921509635e-05,4.65
chained,4.466835921509635e-05,4.65
chains,4.466835921509635e-05,4.65
chain,4.466835921509635e-05,4.65
chapters,4.466835921509635e-05,4.65
chapter,4.466835921509635e-05,4.65
committed,4.466835921509635e-05,4.65
confidence,4.466835921509635e-05,4.65
confidences,4.466835921509635e-05,4.65
cooks,4.466835921509635e-05,4.65
cooking,4.466835921509635e-05,4.65
cooked,4.466835921509635e-05,4.65
cook,4.466835921509635e-05,4.65
cuter,4.466835921509635e-05,4.65
cutest,4.466835921509635e-05,4.65
cute,4.466835921509635e-05,4.65
equaling,4.466835921509635e-05,4.65
equaled,4.466835921509635e-05,4.65
equals,4.466835921509635e-05,4.65
equalled,4.466835921509635e-05,4.65
equalling,4.466835921509635e-05,4.65
equal,4.466835921509635e-05,4.65
faked,4.466835921509635e-05,4.65
fakes,4.466835921509635e-05,4.65
faking,4.466835921509635e-05,4.65
fake,4.466835921509635e-05,4.65
finance,4.466835921509635e-05,4.65
financing,4.466835921509635e-05,4.65
finances,4.466835921509635e-05,4.65
financed,4.466835921509635e-05,4.65
identity,4.466835921509635e-05,4.65
identities,4.466835921509635e-05,4.65
journeying,4.466835921509635e-05,4.65
journeyed,4.466835921509635e-05,4.65
journeys,4.466835921509635e-05,4.65
journey,4.466835921509635e-05,4.65
kitchens,4.466835921509635e-05,4.65
kitchen,4.466835921509635e-05,4.65
korea,4.466835921509635e-05,4.65
maintaining,4.466835921509635e-05,4.65
maintain,4.466835921509635e-05,4.65
maintains,4.466835921509635e-05,4.65
maintained,4.466835921509635e-05,4.65
measure,4.466835921509635e-05,4.65
measured,4.466835921509635e-05,4.65
measuring,4.466835921509635e-05,4.65
mm,4.466835921509635e-05,4.65
numerous,4.466835921509635e-05,4.65
quieter,4.466835921509635e-05,4.65
quieted,4.466835921509635e-05,4.65
quietest,4.466835921509635e-05,4.65
quiets,4.466835921509635e-05,4.65
quiet,4.466835921509635e-05,4.65
quieting,4.466835921509635e-05,4.65
revealed,4.466835921509635e-05,4.65
specifically,4.466835921509635e-05,4.65
split,4.466835921509635e-05,4.65
splitting,4.466835921509635e-05,4.65
splits,4.466835921509635e-05,4.65
tasked,4.466835921509635e-05,4.65
tasking,4.466835921509635e-05,4.65
tasks,4.466835921509635e-05,4.65
task,4.466835921509635e-05,4.65
taylor,4.466835921509635e-05,4.65
twenty,4.466835921509635e-05,4.65
urban,4.466835921509635e-05,4.65
affected,4.3651583224016566e-05,4.64
affecteds,4.3651583224016566e-05,4.64
aircraft,4.3651583224016566e-05,4.64
aircrafts,4.3651583224016566e-05,4.64
approved,4.3651583224016566e-05,4.64
approximately,4.3651583224016566e-05,4.64
argument,4.3651583224016566e-05,4.64
arguments,4.3651583224016566e-05,4.64
arrested,4.3651583224016566e-05,4.64
conflicted,4.3651583224016566e-05,4.64
conflicts,4.3651583224016566e-05,4.64
conflict,4.3651583224016566e-05,4.64
conflicting,4.3651583224016566e-05,4.64
corporate,4.3651583224016566e-05,4.64
debates,4.3651583224016566e-05,4.64
debating,4.3651583224016566e-05,4.64
debate,4.3651583224016566e-05,4.64
debated,4.3651583224016566e-05,4.64
determined,4.3651583224016566e-05,4.64
distributions,4.3651583224016566e-05,4.64
distribution,4.3651583224016566e-05,4.64
documents,4.3651583224016566e-05,4.64
escaped,4.3651583224016566e-05,4.64
escape,4.3651583224016566e-05,4.64
escapes,4.3651583224016566e-05,4.64
escaping,4.3651583224016566e-05,4.64
extended,4.3651583224016566e-05,4.64
faulted,4.3651583224016566e-05,4.64
faulting,4.3651583224016566e-05,4.64
faults,4.3651583224016566e-05,4.64
fault,4.3651583224016566e-05,4.64
fill,4.3651583224016566e-05,4.64
filling,4.3651583224016566e-05,4.64
fills,4.3651583224016566e-05,4.64
flowers,4.3651583224016566e-05,4.64
friendlier,4.3651583224016566e-05,4.64
friendliest,4.3651583224016566e-05,4.64
friendly,4.3651583224016566e-05,4.64
laying,4.3651583224016566e-05,4.64
lays,4.3651583224016566e-05,4.64
laid,4.3651583224016566e-05,4.64
phasing,4.3651583224016566e-05,4.64
phased,4.3651583224016566e-05,4.64
phases,4.3651583224016566e-05,4.64
phase,4.3651583224016566e-05,4.64
properly,4.3651583224016566e-05,4.64
purest,4.3651583224016566e-05,4.64
pure,4.3651583224016566e-05,4.64
purer,4.3651583224016566e-05,4.64
requirements,4.3651583224016566e-05,4.64
residents,4.3651583224016566e-05,4.64
revenue,4.3651583224016566e-05,4.64
revenues,4.3651583224016566e-05,4.64
sam,4.3651583224016566e-05,4.64
securest,4.3651583224016566e-05,4.64
securer,4.3651583224016566e-05,4.64
secures,4.3651583224016566e-05,4.64
secure,4.3651583224016566e-05,4.64
securing,4.3651583224016566e-05,4.64
secured,4.3651583224016566e-05,4.64
smiled,4.3651583224016566e-05,4.64
smiling,4.3651583224016566e-05,4.64
smile,4.3651583224016566e-05,4.64
smiles,4.3651583224016566e-05,4.64
strange,4.3651583224016566e-05,4.64
strangest,4.3651583224016566e-05,4.64
stranger,4.3651583224016566e-05,4.64
talent,4.3651583224016566e-05,4.64
talents,4.3651583224016566e-05,4.64
temperature,4.3651583224016566e-05,4.64
temperatures,4.3651583224016566e-05,4.64
thousand,4.3651583224016566e-05,4.64
tony,4.3651583224016566e-05,4.64
troops,4.3651583224016566e-05,4.64
trucks,4.3651583224016566e-05,4.64
trucked,4.3651583224016566e-05,4.64
truck,4.3651583224016566e-05,4.64
trucking,4.3651583224016566e-05,4.64
ah,4.265795188015926e-05,4.63
basically,4.265795188015926e-05,4.63
besides,4.265795188015926e-05,4.63
bird,4.265795188015926e-05,4.63
birds,4.265795188015926e-05,4.63
blamed,4.265795188015926e-05,4.63
blame,4.265795188015926e-05,4.63
blames,4.265795188015926e-05,4.63
blaming,4.265795188015926e-05,4.63
bob,4.265795188015926e-05,4.63
bobbed,4.265795188015926e-05,4.63
bobs,4.265795188015926e-05,4.63
bobbing,4.265795188015926e-05,4.63
bowls,4.265795188015926e-05,4.63
bowled,4.265795188015926e-05,4.63
bowling,4.265795188015926e-05,4.63
bowl,4.265795188015926e-05,4.63
chickening,4.265795188015926e-05,4.63
chickened,4.265795188015926e-05,4.63
chickens,4.265795188015926e-05,4.63
chicken,4.265795188015926e-05,4.63
collected,4.265795188015926e-05,4.63
context,4.265795188015926e-05,4.63
contexts,4.265795188015926e-05,4.63
coverages,4.265795188015926e-05,4.63
coverage,4.265795188015926e-05,4.63
determines,4.265795188015926e-05,4.63
determining,4.265795188015926e-05,4.63
determine,4.265795188015926e-05,4.63
displayed,4.265795188015926e-05,4.63
displaying,4.265795188015926e-05,4.63
display,4.265795188015926e-05,4.63
displays,4.265795188015926e-05,4.63
elected,4.265795188015926e-05,4.63
false,4.265795188015926e-05,4.63
fundings,4.265795188015926e-05,4.63
identified,4.265795188015926e-05,4.63
iii,4.265795188015926e-05,4.63
incredible,4.265795188015926e-05,4.63
inspired,4.265795188015926e-05,4.63
ma,4.265795188015926e-05,4.63
meat,4.265795188015926e-05,4.63
meats,4.265795188015926e-05,4.63
ministries,4.265795188015926e-05,4.63
ministry,4.265795188015926e-05,4.63
modes,4.265795188015926e-05,4.63
mode,4.265795188015926e-05,4.63
necking,4.265795188015926e-05,4.63
neck,4.265795188015926e-05,4.63
necked,4.265795188015926e-05,4.63
necks,4.265795188015926e-05,4.63
novels,4.265795188015926e-05,4.63
novel,4.265795188015926e-05,4.63
obvious,4.265795188015926e-05,4.63
shirt,4.265795188015926e-05,4.63
shirts,4.265795188015926e-05,4.63
slowly,4.265795188015926e-05,4.63
stadiums,4.265795188015926e-05,4.63
stadia,4.265795188015926e-05,4.63
stadium,4.265795188015926e-05,4.63
surgery,4.265795188015926e-05,4.63
surgeries,4.265795188015926e-05,4.63
tuesday,4.265795188015926e-05,4.63
vision,4.265795188015926e-05,4.63
visioned,4.265795188015926e-05,4.63
visions,4.265795188015926e-05,4.63
visioning,4.265795188015926e-05,4.63
whenever,4.265795188015926e-05,4.63
zeroes,4.265795188015926e-05,4.63
zeroing,4.265795188015926e-05,4.63
zero,4.265795188015926e-05,4.63
zeroed,4.265795188015926e-05,4.63
zeros,4.265795188015926e-05,4.63
alex,4.168693834703355e-05,4.62
championed,4.168693834703355e-05,4.62
champion,4.168693834703355e-05,4.62
champions,4.168693834703355e-05,4.62
championing,4.168693834703355e-05,4.62
creamed,4.168693834703355e-05,4.62
creaming,4.168693834703355e-05,4.62
cream,4.168693834703355e-05,4.62
creams,4.168693834703355e-05,4.62
crises,4.168693834703355e-05,4.62
crisis,4.168693834703355e-05,4.62
daniel,4.168693834703355e-05,4.62
delivered,4.168693834703355e-05,4.62
editors,4.168693834703355e-05,4.62
editor,4.168693834703355e-05,4.62
estimated,4.168693834703355e-05,4.62
eu,4.168693834703355e-05,4.62
giants,4.168693834703355e-05,4.62
giant,4.168693834703355e-05,4.62
iran,4.168693834703355e-05,4.62
jail,4.168693834703355e-05,4.62
jailed,4.168693834703355e-05,4.62
jailing,4.168693834703355e-05,4.62
jails,4.168693834703355e-05,4.62
jim,4.168693834703355e-05,4.62
kingdom,4.168693834703355e-05,4.62
kingdoms,4.168693834703355e-05,4.62
literatures,4.168693834703355e-05,4.62
literature,4.168693834703355e-05,4.62
mayor,4.168693834703355e-05,4.62
mayors,4.168693834703355e-05,4.62
minoring,4.168693834703355e-05,4.62
minors,4.168693834703355e-05,4.62
minored,4.168693834703355e-05,4.62
minor,4.168693834703355e-05,4.62
opposite,4.168693834703355e-05,4.62
opposites,4.168693834703355e-05,4.62
oranges,4.168693834703355e-05,4.62
orange,4.168693834703355e-05,4.62
ourselves,4.168693834703355e-05,4.62
selections,4.168693834703355e-05,4.62
selection,4.168693834703355e-05,4.62
servings,4.168693834703355e-05,4.62
signaled,4.168693834703355e-05,4.62
signalling,4.168693834703355e-05,4.62
signalled,4.168693834703355e-05,4.62
signaling,4.168693834703355e-05,4.62
signal,4.168693834703355e-05,4.62
signals,4.168693834703355e-05,4.62
stream,4.168693834703355e-05,4.62
streamed,4.168693834703355e-05,4.62
streams,4.168693834703355e-05,4.62
streaming,4.168693834703355e-05,4.62
struggles,4.168693834703355e-05,4.62
struggling,4.168693834703355e-05,4.62
struggled,4.168693834703355e-05,4.62
struggle,4.168693834703355e-05,4.62
suiciding,4.168693834703355e-05,4.62
suicides,4.168693834703355e-05,4.62
suicide,4.168693834703355e-05,4.62
suicided,4.168693834703355e-05,4.62
theme,4.168693834703355e-05,4.62
themes,4.168693834703355e-05,4.62
thursday,4.168693834703355e-05,4.62
tiniest,4.168693834703355e-05,4.62
tinier,4.168693834703355e-05,4.62
tiny,4.168693834703355e-05,4.62
typically,4.168693834703355e-05,4.62
un,4.168693834703355e-05,4.62
unfortunately,4.168693834703355e-05,4.62
usual,4.168693834703355e-05,4.62
virginia,4.168693834703355e-05,4.62
waves,4.168693834703355e-05,4.62
wave,4.168693834703355e-05,4.62
waved,4.168693834703355e-05,4.62
waving,4.168693834703355e-05,4.62
alcohol,4.07380277804113e-05,4.61
alcohols,4.07380277804113e-05,4.61
assemblies,4.07380277804113e-05,4.61
assembly,4.07380277804113e-05,4.61
breakfast,4.07380277804113e-05,4.61
breakfasted,4.07380277804113e-05,4.61
breakfasts,4.07380277804113e-05,4.61
breakfasting,4.07380277804113e-05,4.61
brighter,4.07380277804113e-05,4.61
bright,4.07380277804113e-05,4.61
brightest,4.07380277804113e-05,4.61
capable,4.07380277804113e-05,4.61
combinations,4.07380277804113e-05,4.61
combination,4.07380277804113e-05,4.61
conservatives,4.07380277804113e-05,4.61
conservative,4.07380277804113e-05,4.61
customer,4.07380277804113e-05,4.61
cuttings,4.07380277804113e-05,4.61
desire,4.07380277804113e-05,4.61
desired,4.07380277804113e-05,4.61
desires,4.07380277804113e-05,4.61
desiring,4.07380277804113e-05,4.61
destroyed,4.07380277804113e-05,4.61
drafting,4.07380277804113e-05,4.61
drafted,4.07380277804113e-05,4.61
draft,4.07380277804113e-05,4.61
drafts,4.07380277804113e-05,4.61
drunker,4.07380277804113e-05,4.61
drunks,4.07380277804113e-05,4.61
drunkest,4.07380277804113e-05,4.61
essential,4.07380277804113e-05,4.61
essentials,4.07380277804113e-05,4.61
failing,4.07380277804113e-05,4.61
fail,4.07380277804113e-05,4.61
fails,4.07380277804113e-05,4.61
familiar,4.07380277804113e-05,4.61
familiars,4.07380277804113e-05,4.61
guilty,4.07380277804113e-05,4.61
guiltier,4.07380277804113e-05,4.61
guiltiest,4.07380277804113e-05,4.61
ids,4.07380277804113e-05,4.61
id,4.07380277804113e-05,4.61
jewish,4.07380277804113e-05,4.61
largely,4.07380277804113e-05,4.61
mediums,4.07380277804113e-05,4.61
medium,4.07380277804113e-05,4.61
ohio,4.07380277804113e-05,4.61
perfectly,4.07380277804113e-05,4.61
recommend,4.07380277804113e-05,4.61
recommends,4.07380277804113e-05,4.61
recommending,4.07380277804113e-05,4.61
recommended,4.07380277804113e-05,4.61
referred,4.07380277804113e-05,4.61
relevant,4.07380277804113e-05,4.61
seeking,4.07380277804113e-05,4.61
seeks,4.07380277804113e-05,4.61
sought,4.07380277804113e-05,4.61
seek,4.07380277804113e-05,4.61
soli,4.07380277804113e-05,4.61
solos,4.07380277804113e-05,4.61
soloed,4.07380277804113e-05,4.61
solo,4.07380277804113e-05,4.61
soloing,4.07380277804113e-05,4.61
spokes,4.07380277804113e-05,4.61
ticket,4.07380277804113e-05,4.61
ticketed,4.07380277804113e-05,4.61
ticketing,4.07380277804113e-05,4.61
tickets,4.07380277804113e-05,4.61
unable,4.07380277804113e-05,4.61
upset,4.07380277804113e-05,4.61
upsets,4.07380277804113e-05,4.61
upsetting,4.07380277804113e-05,4.61
wings,4.07380277804113e-05,4.61
winging,4.07380277804113e-05,4.61
wing,4.07380277804113e-05,4.61
winged,4.07380277804113e-05,4.61
world's,4.07380277804113e-05,4.61
bomb,3.9810717055349695e-05,4.6
bombed,3.9810717055349695e-05,4.6
bombing,3.9810717055349695e-05,4.6
bombs,3.9810717055349695e-05,4.6
creatives,3.9810717055349695e-05,4.6
creative,3.9810717055349695e-05,4.6
cycled,3.9810717055349695e-05,4.6
cycle,3.9810717055349695e-05,4.6
cycles,3.9810717055349695e-05,4.6
cycling,3.9810717055349695e-05,4.6
donned,3.9810717055349695e-05,4.6
donning,3.9810717055349695e-05,4.6
dons,3.9810717055349695e-05,4.6
don,3.9810717055349695e-05,4.6
educational,3.9810717055349695e-05,4.6
entertainments,3.9810717055349695e-05,4.6
entertainment,3.9810717055349695e-05,4.6
extremes,3.9810717055349695e-05,4.6
extreme,3.9810717055349695e-05,4.6
facility,3.9810717055349695e-05,4.6
hanging,3.9810717055349695e-05,4.6
hung,3.9810717055349695e-05,4.6
hang,3.9810717055349695e-05,4.6
hanged,3.9810717055349695e-05,4.6
hangs,3.9810717055349695e-05,4.6
info,3.9810717055349695e-05,4.6
mainly,3.9810717055349695e-05,4.6
maximum,3.9810717055349695e-05,4.6
maximums,3.9810717055349695e-05,4.6
maxima,3.9810717055349695e-05,4.6
newspapers,3.9810717055349695e-05,4.6
newspaper,3.9810717055349695e-05,4.6
offerings,3.9810717055349695e-05,4.6
paintings,3.9810717055349695e-05,4.6
painting,3.9810717055349695e-05,4.6
republic,3.9810717055349695e-05,4.6
republics,3.9810717055349695e-05,4.6
reserve,3.9810717055349695e-05,4.6
reserves,3.9810717055349695e-05,4.6
reserved,3.9810717055349695e-05,4.6
reserving,3.9810717055349695e-05,4.6
rows,3.9810717055349695e-05,4.6
rowed,3.9810717055349695e-05,4.6
rowing,3.9810717055349695e-05,4.6
row,3.9810717055349695e-05,4.6
salting,3.9810717055349695e-05,4.6
salted,3.9810717055349695e-05,4.6
salt,3.9810717055349695e-05,4.6
salts,3.9810717055349695e-05,4.6
scared,3.9810717055349695e-05,4.6
scottish,3.9810717055349695e-05,4.6
statistics,3.9810717055349695e-05,4.6
switches,3.9810717055349695e-05,4.6
switching,3.9810717055349695e-05,4.6
switched,3.9810717055349695e-05,4.6
switch,3.9810717055349695e-05,4.6
territory,3.9810717055349695e-05,4.6
territories,3.9810717055349695e-05,4.6
threat,3.9810717055349695e-05,4.6
threats,3.9810717055349695e-05,4.6
wales,3.9810717055349695e-05,4.6
affects,3.8904514499428046e-05,4.59
affecting,3.8904514499428046e-05,4.59
affect,3.8904514499428046e-05,4.59
appointed,3.8904514499428046e-05,4.59
asides,3.8904514499428046e-05,4.59
aside,3.8904514499428046e-05,4.59
assistance,3.8904514499428046e-05,4.59
belled,3.8904514499428046e-05,4.59
bell,3.8904514499428046e-05,4.59
belling,3.8904514499428046e-05,4.59
bells,3.8904514499428046e-05,4.59
blown,3.8904514499428046e-05,4.59
blew,3.8904514499428046e-05,4.59
blow,3.8904514499428046e-05,4.59
blows,3.8904514499428046e-05,4.59
blowing,3.8904514499428046e-05,4.59
bond,3.8904514499428046e-05,4.59
bonds,3.8904514499428046e-05,4.59
bonding,3.8904514499428046e-05,4.59
bonded,3.8904514499428046e-05,4.59
boyfriends,3.8904514499428046e-05,4.59
boyfriend,3.8904514499428046e-05,4.59
careful,3.8904514499428046e-05,4.59
circumstances,3.8904514499428046e-05,4.59
corporation,3.8904514499428046e-05,4.59
corporations,3.8904514499428046e-05,4.59
cry,3.8904514499428046e-05,4.59
cried,3.8904514499428046e-05,4.59
crying,3.8904514499428046e-05,4.59
cries,3.8904514499428046e-05,4.59
dangers,3.8904514499428046e-05,4.59
danger,3.8904514499428046e-05,4.59
delivery,3.8904514499428046e-05,4.59
deliveries,3.8904514499428046e-05,4.59
deserving,3.8904514499428046e-05,4.59
deserves,3.8904514499428046e-05,4.59
deserve,3.8904514499428046e-05,4.59
deserved,3.8904514499428046e-05,4.59
dollar,3.8904514499428046e-05,4.59
empties,3.8904514499428046e-05,4.59
emptier,3.8904514499428046e-05,4.59
emptying,3.8904514499428046e-05,4.59
emptiest,3.8904514499428046e-05,4.59
empty,3.8904514499428046e-05,4.59
emptied,3.8904514499428046e-05,4.59
folks,3.8904514499428046e-05,4.59
fucked,3.8904514499428046e-05,4.59
gendered,3.8904514499428046e-05,4.59
gendering,3.8904514499428046e-05,4.59
gender,3.8904514499428046e-05,4.59
genders,3.8904514499428046e-05,4.59
instancing,3.8904514499428046e-05,4.59
instance,3.8904514499428046e-05,4.59
instances,3.8904514499428046e-05,4.59
instanced,3.8904514499428046e-05,4.59
kim,3.8904514499428046e-05,4.59
kinda,3.8904514499428046e-05,4.59
mile,3.8904514499428046e-05,4.59
motions,3.8904514499428046e-05,4.59
motion,3.8904514499428046e-05,4.59
motioning,3.8904514499428046e-05,4.59
motioned,3.8904514499428046e-05,4.59
nicking,3.8904514499428046e-05,4.59
nick,3.8904514499428046e-05,4.59
nicked,3.8904514499428046e-05,4.59
nicks,3.8904514499428046e-05,4.59
pacific,3.8904514499428046e-05,4.59
prize,3.8904514499428046e-05,4.59
prizes,3.8904514499428046e-05,4.59
prizing,3.8904514499428046e-05,4.59
prized,3.8904514499428046e-05,4.59
reasonable,3.8904514499428046e-05,4.59
registers,3.8904514499428046e-05,4.59
register,3.8904514499428046e-05,4.59
registered,3.8904514499428046e-05,4.59
registering,3.8904514499428046e-05,4.59
resolutions,3.8904514499428046e-05,4.59
resolution,3.8904514499428046e-05,4.59
rural,3.8904514499428046e-05,4.59
rurals,3.8904514499428046e-05,4.59
ryan,3.8904514499428046e-05,4.59
singing,3.8904514499428046e-05,4.59
spain,3.8904514499428046e-05,4.59
tools,3.8904514499428046e-05,4.59
typical,3.8904514499428046e-05,4.59
universes,3.8904514499428046e-05,4.59
universe,3.8904514499428046e-05,4.59
warning,3.8904514499428046e-05,4.59
warnings,3.8904514499428046e-05,4.59
wednesday,3.8904514499428046e-05,4.59
admits,3.801893963205613e-05,4.58
admitting,3.801893963205613e-05,4.58
admit,3.801893963205613e-05,4.58
admitted,3.801893963205613e-05,4.58
attitude,3.801893963205613e-05,4.58
attitudes,3.801893963205613e-05,4.58
branch,3.801893963205613e-05,4.58
branching,3.801893963205613e-05,4.58
branched,3.801893963205613e-05,4.58
branches,3.801893963205613e-05,4.58
brazil,3.801893963205613e-05,4.58
conducted,3.801893963205613e-05,4.58
decades,3.801893963205613e-05,4.58
dedicated,3.801893963205613e-05,4.58
definitions,3.801893963205613e-05,4.58
definition,3.801893963205613e-05,4.58
drawings,3.801893963205613e-05,4.58
favored,3.801893963205613e-05,4.58
favoring,3.801893963205613e-05,4.58
favor,3.801893963205613e-05,4.58
favors,3.801893963205613e-05,4.58
flagging,3.801893963205613e-05,4.58
flag,3.801893963205613e-05,4.58
flags,3.801893963205613e-05,4.58
flagged,3.801893963205613e-05,4.58
frames,3.801893963205613e-05,4.58
frame,3.801893963205613e-05,4.58
framing,3.801893963205613e-05,4.58
framed,3.801893963205613e-05,4.58
guests,3.801893963205613e-05,4.58
guested,3.801893963205613e-05,4.58
guesting,3.801893963205613e-05,4.58
guest,3.801893963205613e-05,4.58
ha,3.801893963205613e-05,4.58
heavens,3.801893963205613e-05,4.58
heaven,3.801893963205613e-05,4.58
independence,3.801893963205613e-05,4.58
independences,3.801893963205613e-05,4.58
institutions,3.801893963205613e-05,4.58
it'll,3.801893963205613e-05,4.58
jackson,3.801893963205613e-05,4.58
kiss,3.801893963205613e-05,4.58
kisses,3.801893963205613e-05,4.58
kissed,3.801893963205613e-05,4.58
kissing,3.801893963205613e-05,4.58
loaded,3.801893963205613e-05,4.58
loading,3.801893963205613e-05,4.58
load,3.801893963205613e-05,4.58
loads,3.801893963205613e-05,4.58
plots,3.801893963205613e-05,4.58
plotting,3.801893963205613e-05,4.58
plotted,3.801893963205613e-05,4.58
plot,3.801893963205613e-05,4.58
possibilities,3.801893963205613e-05,4.58
possibility,3.801893963205613e-05,4.58
random,3.801893963205613e-05,4.58
recovery,3.801893963205613e-05,4.58
recoveries,3.801893963205613e-05,4.58
rented,3.801893963205613e-05,4.58
rents,3.801893963205613e-05,4.58
rent,3.801893963205613e-05,4.58
renting,3.801893963205613e-05,4.58
replaced,3.801893963205613e-05,4.58
replace,3.801893963205613e-05,4.58
replacing,3.801893963205613e-05,4.58
replaces,3.801893963205613e-05,4.58
represented,3.801893963205613e-05,4.58
represent,3.801893963205613e-05,4.58
representing,3.801893963205613e-05,4.58
represents,3.801893963205613e-05,4.58
senators,3.801893963205613e-05,4.58
senator,3.801893963205613e-05,4.58
sentenced,3.801893963205613e-05,4.58
sentences,3.801893963205613e-05,4.58
sentence,3.801893963205613e-05,4.58
sentencing,3.801893963205613e-05,4.58
teeth,3.801893963205613e-05,4.58
tips,3.801893963205613e-05,4.58
academic,3.715352290971728e-05,4.57
academics,3.715352290971728e-05,4.57
academies,3.715352290971728e-05,4.57
academy,3.715352290971728e-05,4.57
accurate,3.715352290971728e-05,4.57
achieving,3.715352290971728e-05,4.57
achieve,3.715352290971728e-05,4.57
achieves,3.715352290971728e-05,4.57
achieved,3.715352290971728e-05,4.57
adam,3.715352290971728e-05,4.57
affording,3.715352290971728e-05,4.57
afford,3.715352290971728e-05,4.57
afforded,3.715352290971728e-05,4.57
affords,3.715352290971728e-05,4.57
andrew,3.715352290971728e-05,4.57
assumes,3.715352290971728e-05,4.57
assumed,3.715352290971728e-05,4.57
assume,3.715352290971728e-05,4.57
assuming,3.715352290971728e-05,4.57
bbc,3.715352290971728e-05,4.57
bottling,3.715352290971728e-05,4.57
bottles,3.715352290971728e-05,4.57
bottled,3.715352290971728e-05,4.57
bottle,3.715352290971728e-05,4.57
bunched,3.715352290971728e-05,4.57
bunch,3.715352290971728e-05,4.57
bunching,3.715352290971728e-05,4.57
bunches,3.715352290971728e-05,4.57
category,3.715352290971728e-05,4.57
categories,3.715352290971728e-05,4.57
chat,3.715352290971728e-05,4.57
chats,3.715352290971728e-05,4.57
chatted,3.715352290971728e-05,4.57
chatting,3.715352290971728e-05,4.57
cheeses,3.715352290971728e-05,4.57
cheese,3.715352290971728e-05,4.57
chemicals,3.715352290971728e-05,4.57
chemical,3.715352290971728e-05,4.57
clinton,3.715352290971728e-05,4.57
competitive,3.715352290971728e-05,4.57
detailing,3.715352290971728e-05,4.57
detail,3.715352290971728e-05,4.57
detailed,3.715352290971728e-05,4.57
diet,3.715352290971728e-05,4.57
dieted,3.715352290971728e-05,4.57
dieting,3.715352290971728e-05,4.57
diets,3.715352290971728e-05,4.57
em,3.715352290971728e-05,4.57
favourite,3.715352290971728e-05,4.57
favourites,3.715352290971728e-05,4.57
fruits,3.715352290971728e-05,4.57
fruited,3.715352290971728e-05,4.57
fruiting,3.715352290971728e-05,4.57
fruit,3.715352290971728e-05,4.57
he'd,3.715352290971728e-05,4.57
indexing,3.715352290971728e-05,4.57
indices,3.715352290971728e-05,4.57
indexed,3.715352290971728e-05,4.57
indexes,3.715352290971728e-05,4.57
index,3.715352290971728e-05,4.57
item,3.715352290971728e-05,4.57
lane,3.715352290971728e-05,4.57
lanes,3.715352290971728e-05,4.57
messes,3.715352290971728e-05,4.57
messed,3.715352290971728e-05,4.57
messing,3.715352290971728e-05,4.57
mess,3.715352290971728e-05,4.57
navy,3.715352290971728e-05,4.57
navies,3.715352290971728e-05,4.57
normally,3.715352290971728e-05,4.57
occurred,3.715352290971728e-05,4.57
opposition,3.715352290971728e-05,4.57
oppositions,3.715352290971728e-05,4.57
parent,3.715352290971728e-05,4.57
permanent,3.715352290971728e-05,4.57
permanents,3.715352290971728e-05,4.57
personally,3.715352290971728e-05,4.57
pleasured,3.715352290971728e-05,4.57
pleasuring,3.715352290971728e-05,4.57
pleasure,3.715352290971728e-05,4.57
pleasures,3.715352290971728e-05,4.57
preferred,3.715352290971728e-05,4.57
prefers,3.715352290971728e-05,4.57
prefer,3.715352290971728e-05,4.57
preferring,3.715352290971728e-05,4.57
programming,3.715352290971728e-05,4.57
programmed,3.715352290971728e-05,4.57
programme,3.715352290971728e-05,4.57
programmes,3.715352290971728e-05,4.57
representatives,3.715352290971728e-05,4.57
representative,3.715352290971728e-05,4.57
scheme,3.715352290971728e-05,4.57
schemed,3.715352290971728e-05,4.57
schemes,3.715352290971728e-05,4.57
scheming,3.715352290971728e-05,4.57
shift,3.715352290971728e-05,4.57
shifted,3.715352290971728e-05,4.57
shifts,3.715352290971728e-05,4.57
shifting,3.715352290971728e-05,4.57
storage,3.715352290971728e-05,4.57
storages,3.715352290971728e-05,4.57
tanking,3.715352290971728e-05,4.57
tanks,3.715352290971728e-05,4.57
tank,3.715352290971728e-05,4.57
tanked,3.715352290971728e-05,4.57
tending,3.715352290971728e-05,4.57
tend,3.715352290971728e-05,4.57
tended,3.715352290971728e-05,4.57
tends,3.715352290971728e-05,4.57
tightest,3.715352290971728e-05,4.57
tight,3.715352290971728e-05,4.57
tighter,3.715352290971728e-05,4.57
transportation,3.715352290971728e-05,4.57
transportations,3.715352290971728e-05,4.57
ultimately,3.715352290971728e-05,4.57
unlike,3.715352290971728e-05,4.57
weeklies,3.715352290971728e-05,4.57
weekly,3.715352290971728e-05,4.57
yarded,3.715352290971728e-05,4.57
yarding,3.715352290971728e-05,4.57
yards,3.715352290971728e-05,4.57
yard,3.715352290971728e-05,4.57
000000,3.63078054770101e-05,4.56
anybody,3.63078054770101e-05,4.56
assets,3.63078054770101e-05,4.56
basketball,3.63078054770101e-05,4.56
basketballs,3.63078054770101e-05,4.56
buttoned,3.63078054770101e-05,4.56
buttons,3.63078054770101e-05,4.56
buttoning,3.63078054770101e-05,4.56
button,3.63078054770101e-05,4.56
combatted,3.63078054770101e-05,4.56
combatting,3.63078054770101e-05,4.56
combating,3.63078054770101e-05,4.56
combated,3.63078054770101e-05,4.56
combat,3.63078054770101e-05,4.56
combats,3.63078054770101e-05,4.56
constitution,3.63078054770101e-05,4.56
constitutions,3.63078054770101e-05,4.56
consumers,3.63078054770101e-05,4.56
consumer,3.63078054770101e-05,4.56
counters,3.63078054770101e-05,4.56
counter,3.63078054770101e-05,4.56
countered,3.63078054770101e-05,4.56
countering,3.63078054770101e-05,4.56
creations,3.63078054770101e-05,4.56
creation,3.63078054770101e-05,4.56
crown,3.63078054770101e-05,4.56
crowns,3.63078054770101e-05,4.56
crowned,3.63078054770101e-05,4.56
crowning,3.63078054770101e-05,4.56
dc,3.63078054770101e-05,4.56
defined,3.63078054770101e-05,4.56
depending,3.63078054770101e-05,4.56
depressions,3.63078054770101e-05,4.56
depression,3.63078054770101e-05,4.56
describing,3.63078054770101e-05,4.56
describe,3.63078054770101e-05,4.56
describes,3.63078054770101e-05,4.56
el,3.63078054770101e-05,4.56
employments,3.63078054770101e-05,4.56
employment,3.63078054770101e-05,4.56
exclusives,3.63078054770101e-05,4.56
exclusive,3.63078054770101e-05,4.56
excuses,3.63078054770101e-05,4.56
excused,3.63078054770101e-05,4.56
excusing,3.63078054770101e-05,4.56
excuse,3.63078054770101e-05,4.56
expert,3.63078054770101e-05,4.56
experts,3.63078054770101e-05,4.56
frequently,3.63078054770101e-05,4.56
golfing,3.63078054770101e-05,4.56
golf,3.63078054770101e-05,4.56
golfs,3.63078054770101e-05,4.56
golfed,3.63078054770101e-05,4.56
graces,3.63078054770101e-05,4.56
graced,3.63078054770101e-05,4.56
gracing,3.63078054770101e-05,4.56
grace,3.63078054770101e-05,4.56
hopefully,3.63078054770101e-05,4.56
identifies,3.63078054770101e-05,4.56
identifying,3.63078054770101e-05,4.56
identify,3.63078054770101e-05,4.56
importance,3.63078054770101e-05,4.56
importances,3.63078054770101e-05,4.56
kevin,3.63078054770101e-05,4.56
latter,3.63078054770101e-05,4.56
manufacturing,3.63078054770101e-05,4.56
objected,3.63078054770101e-05,4.56
object,3.63078054770101e-05,4.56
objecting,3.63078054770101e-05,4.56
objects,3.63078054770101e-05,4.56
pattern,3.63078054770101e-05,4.56
patterns,3.63078054770101e-05,4.56
patterning,3.63078054770101e-05,4.56
patterned,3.63078054770101e-05,4.56
personnel,3.63078054770101e-05,4.56
perspectives,3.63078054770101e-05,4.56
perspective,3.63078054770101e-05,4.56
pregnants,3.63078054770101e-05,4.56
pregnant,3.63078054770101e-05,4.56
premiers,3.63078054770101e-05,4.56
premier,3.63078054770101e-05,4.56
premiered,3.63078054770101e-05,4.56
premiering,3.63078054770101e-05,4.56
promotes,3.63078054770101e-05,4.56
promoted,3.63078054770101e-05,4.56
promote,3.63078054770101e-05,4.56
promoting,3.63078054770101e-05,4.56
q,3.63078054770101e-05,4.56
revolutions,3.63078054770101e-05,4.56
revolution,3.63078054770101e-05,4.56
severer,3.63078054770101e-05,4.56
severe,3.63078054770101e-05,4.56
severest,3.63078054770101e-05,4.56
supposing,3.63078054770101e-05,4.56
supposes,3.63078054770101e-05,4.56
suppose,3.63078054770101e-05,4.56
tooling,3.63078054770101e-05,4.56
tooled,3.63078054770101e-05,4.56
tool,3.63078054770101e-05,4.56
tournaments,3.63078054770101e-05,4.56
tournament,3.63078054770101e-05,4.56
turkey,3.63078054770101e-05,4.56
turkeys,3.63078054770101e-05,4.56
ve,3.63078054770101e-05,4.56
victim,3.63078054770101e-05,4.56
victims,3.63078054770101e-05,4.56
4th,3.5481338923357534e-05,4.55
amazon,3.5481338923357534e-05,4.55
arrests,3.5481338923357534e-05,4.55
arresting,3.5481338923357534e-05,4.55
arrest,3.5481338923357534e-05,4.55
attended,3.5481338923357534e-05,4.55
attend,3.5481338923357534e-05,4.55
attending,3.5481338923357534e-05,4.55
attends,3.5481338923357534e-05,4.55
ban,3.5481338923357534e-05,4.55
banned,3.5481338923357534e-05,4.55
bans,3.5481338923357534e-05,4.55
banning,3.5481338923357534e-05,4.55
brilliants,3.5481338923357534e-05,4.55
brilliant,3.5481338923357534e-05,4.55
carbon,3.5481338923357534e-05,4.55
carbons,3.5481338923357534e-05,4.55
catholic,3.5481338923357534e-05,4.55
circle,3.5481338923357534e-05,4.55
circles,3.5481338923357534e-05,4.55
circled,3.5481338923357534e-05,4.55
circling,3.5481338923357534e-05,4.55
concerts,3.5481338923357534e-05,4.55
concert,3.5481338923357534e-05,4.55
crash,3.5481338923357534e-05,4.55
crashed,3.5481338923357534e-05,4.55
crashes,3.5481338923357534e-05,4.55
crashing,3.5481338923357534e-05,4.55
declared,3.5481338923357534e-05,4.55
delivers,3.5481338923357534e-05,4.55
deliver,3.5481338923357534e-05,4.55
delivering,3.5481338923357534e-05,4.55
depths,3.5481338923357534e-05,4.55
depth,3.5481338923357534e-05,4.55
deputy,3.5481338923357534e-05,4.55
deputies,3.5481338923357534e-05,4.55
dirtied,3.5481338923357534e-05,4.55
dirty,3.5481338923357534e-05,4.55
dirtying,3.5481338923357534e-05,4.55
dirtiest,3.5481338923357534e-05,4.55
dirtier,3.5481338923357534e-05,4.55
dirties,3.5481338923357534e-05,4.55
earned,3.5481338923357534e-05,4.55
electronic,3.5481338923357534e-05,4.55
errors,3.5481338923357534e-05,4.55
error,3.5481338923357534e-05,4.55
existence,3.5481338923357534e-05,4.55
existences,3.5481338923357534e-05,4.55
expressions,3.5481338923357534e-05,4.55
expression,3.5481338923357534e-05,4.55
factory,3.5481338923357534e-05,4.55
factories,3.5481338923357534e-05,4.55
interior,3.5481338923357534e-05,4.55
interiors,3.5481338923357534e-05,4.55
joy,3.5481338923357534e-05,4.55
joys,3.5481338923357534e-05,4.55
jr,3.5481338923357534e-05,4.55
legislations,3.5481338923357534e-05,4.55
legislation,3.5481338923357534e-05,4.55
maintenance,3.5481338923357534e-05,4.55
manners,3.5481338923357534e-05,4.55
manner,3.5481338923357534e-05,4.55
mates,3.5481338923357534e-05,4.55
mating,3.5481338923357534e-05,4.55
mate,3.5481338923357534e-05,4.55
mated,3.5481338923357534e-05,4.55
matt,3.5481338923357534e-05,4.55
nearby,3.5481338923357534e-05,4.55
noised,3.5481338923357534e-05,4.55
noising,3.5481338923357534e-05,4.55
noises,3.5481338923357534e-05,4.55
noise,3.5481338923357534e-05,4.55
origin,3.5481338923357534e-05,4.55
origins,3.5481338923357534e-05,4.55
pakistan,3.5481338923357534e-05,4.55
panel,3.5481338923357534e-05,4.55
paneled,3.5481338923357534e-05,4.55
panelled,3.5481338923357534e-05,4.55
panelling,3.5481338923357534e-05,4.55
panels,3.5481338923357534e-05,4.55
personalities,3.5481338923357534e-05,4.55
personality,3.5481338923357534e-05,4.55
plating,3.5481338923357534e-05,4.55
plates,3.5481338923357534e-05,4.55
plate,3.5481338923357534e-05,4.55
plated,3.5481338923357534e-05,4.55
preparing,3.5481338923357534e-05,4.55
prepare,3.5481338923357534e-05,4.55
prepares,3.5481338923357534e-05,4.55
reliefs,3.5481338923357534e-05,4.55
relief,3.5481338923357534e-05,4.55
resistance,3.5481338923357534e-05,4.55
resistances,3.5481338923357534e-05,4.55
retailed,3.5481338923357534e-05,4.55
retailing,3.5481338923357534e-05,4.55
retail,3.5481338923357534e-05,4.55
retails,3.5481338923357534e-05,4.55
rices,3.5481338923357534e-05,4.55
rice,3.5481338923357534e-05,4.55
roofed,3.5481338923357534e-05,4.55
roof,3.5481338923357534e-05,4.55
rooves,3.5481338923357534e-05,4.55
roofs,3.5481338923357534e-05,4.55
roofing,3.5481338923357534e-05,4.55
shamed,3.5481338923357534e-05,4.55
shaming,3.5481338923357534e-05,4.55
shames,3.5481338923357534e-05,4.55
shame,3.5481338923357534e-05,4.55
somewhat,3.5481338923357534e-05,4.55
surely,3.5481338923357534e-05,4.55
tipping,3.5481338923357534e-05,4.55
tipped,3.5481338923357534e-05,4.55
tip,3.5481338923357534e-05,4.55
absolutes,3.467368504525317e-05,4.54
absolute,3.467368504525317e-05,4.54
advertising,3.467368504525317e-05,4.54
baseball,3.467368504525317e-05,4.54
baseballs,3.467368504525317e-05,4.54
bathrooms,3.467368504525317e-05,4.54
bathroom,3.467368504525317e-05,4.54
bible,3.467368504525317e-05,4.54
cabling,3.467368504525317e-05,4.54
cabled,3.467368504525317e-05,4.54
cable,3.467368504525317e-05,4.54
cables,3.467368504525317e-05,4.54
calm,3.467368504525317e-05,4.54
calmest,3.467368504525317e-05,4.54
calmer,3.467368504525317e-05,4.54
calming,3.467368504525317e-05,4.54
calms,3.467368504525317e-05,4.54
calmed,3.467368504525317e-05,4.54
championship,3.467368504525317e-05,4.54
championships,3.467368504525317e-05,4.54
clients,3.467368504525317e-05,4.54
client,3.467368504525317e-05,4.54
constants,3.467368504525317e-05,4.54
constant,3.467368504525317e-05,4.54
da,3.467368504525317e-05,4.54
democrats,3.467368504525317e-05,4.54
dumbest,3.467368504525317e-05,4.54
dumb,3.467368504525317e-05,4.54
dumber,3.467368504525317e-05,4.54
empire,3.467368504525317e-05,4.54
exciting,3.467368504525317e-05,4.54
expansion,3.467368504525317e-05,4.54
expansions,3.467368504525317e-05,4.54
he'll,3.467368504525317e-05,4.54
heavily,3.467368504525317e-05,4.54
hid,3.467368504525317e-05,4.54
hidden,3.467368504525317e-05,4.54
hide,3.467368504525317e-05,4.54
hiding,3.467368504525317e-05,4.54
hides,3.467368504525317e-05,4.54
incidents,3.467368504525317e-05,4.54
incident,3.467368504525317e-05,4.54
irish,3.467368504525317e-05,4.54
manage,3.467368504525317e-05,4.54
manages,3.467368504525317e-05,4.54
managing,3.467368504525317e-05,4.54
michigan,3.467368504525317e-05,4.54
multi,3.467368504525317e-05,4.54
nfl,3.467368504525317e-05,4.54
politicians,3.467368504525317e-05,4.54
printed,3.467368504525317e-05,4.54
print,3.467368504525317e-05,4.54
printing,3.467368504525317e-05,4.54
prints,3.467368504525317e-05,4.54
quitting,3.467368504525317e-05,4.54
quit,3.467368504525317e-05,4.54
quits,3.467368504525317e-05,4.54
quitted,3.467368504525317e-05,4.54
refused,3.467368504525317e-05,4.54
reportings,3.467368504525317e-05,4.54
sight,3.467368504525317e-05,4.54
sights,3.467368504525317e-05,4.54
sighting,3.467368504525317e-05,4.54
sighted,3.467368504525317e-05,4.54
significantly,3.467368504525317e-05,4.54
sung,3.467368504525317e-05,4.54
sing,3.467368504525317e-05,4.54
sings,3.467368504525317e-05,4.54
sang,3.467368504525317e-05,4.54
soviet,3.467368504525317e-05,4.54
weapon,3.467368504525317e-05,4.54
wet,3.467368504525317e-05,4.54
wettest,3.467368504525317e-05,4.54
wets,3.467368504525317e-05,4.54
wetter,3.467368504525317e-05,4.54
wetted,3.467368504525317e-05,4.54
wetting,3.467368504525317e-05,4.54
widely,3.467368504525317e-05,4.54
worldwide,3.467368504525317e-05,4.54
anniversary,3.388441561392028e-05,4.53
anniversaries,3.388441561392028e-05,4.53
attractive,3.388441561392028e-05,4.53
bike,3.388441561392028e-05,4.53
biked,3.388441561392028e-05,4.53
biking,3.388441561392028e-05,4.53
bikes,3.388441561392028e-05,4.53
broad,3.388441561392028e-05,4.53
broadest,3.388441561392028e-05,4.53
broader,3.388441561392028e-05,4.53
broads,3.388441561392028e-05,4.53
burning,3.388441561392028e-05,4.53
burned,3.388441561392028e-05,4.53
burns,3.388441561392028e-05,4.53
burn,3.388441561392028e-05,4.53
burnt,3.388441561392028e-05,4.53
cakes,3.388441561392028e-05,4.53
cake,3.388441561392028e-05,4.53
caking,3.388441561392028e-05,4.53
caked,3.388441561392028e-05,4.53
closely,3.388441561392028e-05,4.53
constantly,3.388441561392028e-05,4.53
contest,3.388441561392028e-05,4.53
contesting,3.388441561392028e-05,4.53
contests,3.388441561392028e-05,4.53
contested,3.388441561392028e-05,4.53
depends,3.388441561392028e-05,4.53
e.g,3.388441561392028e-05,4.53
fees,3.388441561392028e-05,4.53
francisco,3.388441561392028e-05,4.53
haha,3.388441561392028e-05,4.53
hardly,3.388441561392028e-05,4.53
hat,3.388441561392028e-05,4.53
hats,3.388441561392028e-05,4.53
height,3.388441561392028e-05,4.53
heights,3.388441561392028e-05,4.53
hong,3.388441561392028e-05,4.53
invited,3.388441561392028e-05,4.53
loud,3.388441561392028e-05,4.53
loudest,3.388441561392028e-05,4.53
louder,3.388441561392028e-05,4.53
manchester,3.388441561392028e-05,4.53
marine,3.388441561392028e-05,4.53
marines,3.388441561392028e-05,4.53
motoring,3.388441561392028e-05,4.53
motored,3.388441561392028e-05,4.53
motors,3.388441561392028e-05,4.53
motor,3.388441561392028e-05,4.53
officially,3.388441561392028e-05,4.53
pc,3.388441561392028e-05,4.53
peaked,3.388441561392028e-05,4.53
peaking,3.388441561392028e-05,4.53
peaks,3.388441561392028e-05,4.53
peak,3.388441561392028e-05,4.53
portions,3.388441561392028e-05,4.53
portioning,3.388441561392028e-05,4.53
portioned,3.388441561392028e-05,4.53
portion,3.388441561392028e-05,4.53
pounds,3.388441561392028e-05,4.53
princesses,3.388441561392028e-05,4.53
princess,3.388441561392028e-05,4.53
protein,3.388441561392028e-05,4.53
proteins,3.388441561392028e-05,4.53
raw,3.388441561392028e-05,4.53
reform,3.388441561392028e-05,4.53
reforming,3.388441561392028e-05,4.53
reforms,3.388441561392028e-05,4.53
reformed,3.388441561392028e-05,4.53
respond,3.388441561392028e-05,4.53
responding,3.388441561392028e-05,4.53
responded,3.388441561392028e-05,4.53
responds,3.388441561392028e-05,4.53
retirement,3.388441561392028e-05,4.53
retirements,3.388441561392028e-05,4.53
samples,3.388441561392028e-05,4.53
sample,3.388441561392028e-05,4.53
sampling,3.388441561392028e-05,4.53
sampled,3.388441561392028e-05,4.53
secondaries,3.388441561392028e-05,4.53
secondary,3.388441561392028e-05,4.53
solar,3.388441561392028e-05,4.53
somehow,3.388441561392028e-05,4.53
suffering,3.388441561392028e-05,4.53
sufferings,3.388441561392028e-05,4.53
sydney,3.388441561392028e-05,4.53
today's,3.388441561392028e-05,4.53
ultimate,3.388441561392028e-05,4.53
unknown,3.388441561392028e-05,4.53
unknowns,3.388441561392028e-05,4.53
wilson,3.388441561392028e-05,4.53
attached,3.311311214825908e-05,4.52
automatically,3.311311214825908e-05,4.52
batteries,3.311311214825908e-05,4.52
battery,3.311311214825908e-05,4.52
blindest,3.311311214825908e-05,4.52
blinder,3.311311214825908e-05,4.52
blinding,3.311311214825908e-05,4.52
blinds,3.311311214825908e-05,4.52
blind,3.311311214825908e-05,4.52
blinded,3.311311214825908e-05,4.52
breath,3.311311214825908e-05,4.52
breaths,3.311311214825908e-05,4.52
briefed,3.311311214825908e-05,4.52
briefing,3.311311214825908e-05,4.52
briefest,3.311311214825908e-05,4.52
brief,3.311311214825908e-05,4.52
briefer,3.311311214825908e-05,4.52
briefs,3.311311214825908e-05,4.52
carolina,3.311311214825908e-05,4.52
chests,3.311311214825908e-05,4.52
chest,3.311311214825908e-05,4.52
conduct,3.311311214825908e-05,4.52
conducts,3.311311214825908e-05,4.52
conducting,3.311311214825908e-05,4.52
debut,3.311311214825908e-05,4.52
debuted,3.311311214825908e-05,4.52
debuting,3.311311214825908e-05,4.52
debuts,3.311311214825908e-05,4.52
decade,3.311311214825908e-05,4.52
destroying,3.311311214825908e-05,4.52
destroys,3.311311214825908e-05,4.52
destroy,3.311311214825908e-05,4.52
edward,3.311311214825908e-05,4.52
engaged,3.311311214825908e-05,4.52
externals,3.311311214825908e-05,4.52
external,3.311311214825908e-05,4.52
fantasied,3.311311214825908e-05,4.52
fantasy,3.311311214825908e-05,4.52
fantasies,3.311311214825908e-05,4.52
fantasying,3.311311214825908e-05,4.52
ft,3.311311214825908e-05,4.52
grabbing,3.311311214825908e-05,4.52
grab,3.311311214825908e-05,4.52
grabbed,3.311311214825908e-05,4.52
grabs,3.311311214825908e-05,4.52
hollywood,3.311311214825908e-05,4.52
i.e,3.311311214825908e-05,4.52
immediate,3.311311214825908e-05,4.52
introduction,3.311311214825908e-05,4.52
introductions,3.311311214825908e-05,4.52
joseph,3.311311214825908e-05,4.52
license,3.311311214825908e-05,4.52
licenses,3.311311214825908e-05,4.52
licensing,3.311311214825908e-05,4.52
licensed,3.311311214825908e-05,4.52
painted,3.311311214825908e-05,4.52
paint,3.311311214825908e-05,4.52
paints,3.311311214825908e-05,4.52
piloting,3.311311214825908e-05,4.52
piloted,3.311311214825908e-05,4.52
pilot,3.311311214825908e-05,4.52
pilots,3.311311214825908e-05,4.52
pinking,3.311311214825908e-05,4.52
pinked,3.311311214825908e-05,4.52
pink,3.311311214825908e-05,4.52
pinker,3.311311214825908e-05,4.52
pinks,3.311311214825908e-05,4.52
pinkest,3.311311214825908e-05,4.52
presidential,3.311311214825908e-05,4.52
principal,3.311311214825908e-05,4.52
principals,3.311311214825908e-05,4.52
recognizes,3.311311214825908e-05,4.52
recognized,3.311311214825908e-05,4.52
recognize,3.311311214825908e-05,4.52
recognizing,3.311311214825908e-05,4.52
regularly,3.311311214825908e-05,4.52
singers,3.311311214825908e-05,4.52
singer,3.311311214825908e-05,4.52
steamed,3.311311214825908e-05,4.52
steams,3.311311214825908e-05,4.52
steaming,3.311311214825908e-05,4.52
steam,3.311311214825908e-05,4.52
suffered,3.311311214825908e-05,4.52
surviving,3.311311214825908e-05,4.52
survived,3.311311214825908e-05,4.52
survives,3.311311214825908e-05,4.52
survive,3.311311214825908e-05,4.52
taller,3.311311214825908e-05,4.52
tall,3.311311214825908e-05,4.52
tallest,3.311311214825908e-05,4.52
thats,3.311311214825908e-05,4.52
theatre,3.311311214825908e-05,4.52
theatres,3.311311214825908e-05,4.52
therapies,3.311311214825908e-05,4.52
therapy,3.311311214825908e-05,4.52
witnessing,3.311311214825908e-05,4.52
witnessed,3.311311214825908e-05,4.52
witness,3.311311214825908e-05,4.52
witnesses,3.311311214825908e-05,4.52
adopted,3.235936569296281e-05,4.51
aiming,3.235936569296281e-05,4.51
aims,3.235936569296281e-05,4.51
aim,3.235936569296281e-05,4.51
aimed,3.235936569296281e-05,4.51
campus,3.235936569296281e-05,4.51
campi,3.235936569296281e-05,4.51
campuses,3.235936569296281e-05,4.51
capping,3.235936569296281e-05,4.51
capped,3.235936569296281e-05,4.51
caps,3.235936569296281e-05,4.51
cap,3.235936569296281e-05,4.51
childhood,3.235936569296281e-05,4.51
childhoods,3.235936569296281e-05,4.51
clinical,3.235936569296281e-05,4.51
clinicals,3.235936569296281e-05,4.51
comedy,3.235936569296281e-05,4.51
comedies,3.235936569296281e-05,4.51
commander,3.235936569296281e-05,4.51
commanders,3.235936569296281e-05,4.51
comparison,3.235936569296281e-05,4.51
comparisons,3.235936569296281e-05,4.51
dan,3.235936569296281e-05,4.51
defeated,3.235936569296281e-05,4.51
defeats,3.235936569296281e-05,4.51
defeating,3.235936569296281e-05,4.51
defeat,3.235936569296281e-05,4.51
defence,3.235936569296281e-05,4.51
defences,3.235936569296281e-05,4.51
democracy,3.235936569296281e-05,4.51
democracies,3.235936569296281e-05,4.51
entitled,3.235936569296281e-05,4.51
exacting,3.235936569296281e-05,4.51
exacter,3.235936569296281e-05,4.51
exacted,3.235936569296281e-05,4.51
exact,3.235936569296281e-05,4.51
exacts,3.235936569296281e-05,4.51
exactest,3.235936569296281e-05,4.51
exposed,3.235936569296281e-05,4.51
fee'd,3.235936569296281e-05,4.51
fee,3.235936569296281e-05,4.51
feeing,3.235936569296281e-05,4.51
injured,3.235936569296281e-05,4.51
jan,3.235936569296281e-05,4.51
jordan,3.235936569296281e-05,4.51
locking,3.235936569296281e-05,4.51
locked,3.235936569296281e-05,4.51
lock,3.235936569296281e-05,4.51
locks,3.235936569296281e-05,4.51
musicals,3.235936569296281e-05,4.51
musical,3.235936569296281e-05,4.51
nosing,3.235936569296281e-05,4.51
nose,3.235936569296281e-05,4.51
noses,3.235936569296281e-05,4.51
nosed,3.235936569296281e-05,4.51
opposed,3.235936569296281e-05,4.51
organized,3.235936569296281e-05,4.51
plastics,3.235936569296281e-05,4.51
plastic,3.235936569296281e-05,4.51
quoted,3.235936569296281e-05,4.51
quotes,3.235936569296281e-05,4.51
quoting,3.235936569296281e-05,4.51
quote,3.235936569296281e-05,4.51
recordings,3.235936569296281e-05,4.51
semi,3.235936569296281e-05,4.51
semis,3.235936569296281e-05,4.51
suspecting,3.235936569296281e-05,4.51
suspected,3.235936569296281e-05,4.51
suspects,3.235936569296281e-05,4.51
suspect,3.235936569296281e-05,4.51
swears,3.235936569296281e-05,4.51
swearing,3.235936569296281e-05,4.51
sworn,3.235936569296281e-05,4.51
swore,3.235936569296281e-05,4.51
swear,3.235936569296281e-05,4.51
techniques,3.235936569296281e-05,4.51
tieing,3.235936569296281e-05,4.51
tying,3.235936569296281e-05,4.51
tie,3.235936569296281e-05,4.51
ties,3.235936569296281e-05,4.51
tied,3.235936569296281e-05,4.51
tim,3.235936569296281e-05,4.51
trend,3.235936569296281e-05,4.51
trending,3.235936569296281e-05,4.51
trended,3.235936569296281e-05,4.51
trends,3.235936569296281e-05,4.51
valuables,3.235936569296281e-05,4.51
valuable,3.235936569296281e-05,4.51
wealth,3.235936569296281e-05,4.51
wise,3.235936569296281e-05,4.51
wised,3.235936569296281e-05,4.51
wiser,3.235936569296281e-05,4.51
wisest,3.235936569296281e-05,4.51
wising,3.235936569296281e-05,4.51
wises,3.235936569296281e-05,4.51
approvals,3.1622776601683795e-05,4.5
approval,3.1622776601683795e-05,4.5
aspects,3.1622776601683795e-05,4.5
bread,3.1622776601683795e-05,4.5
breads,3.1622776601683795e-05,4.5
burnings,3.1622776601683795e-05,4.5
containing,3.1622776601683795e-05,4.5
contained,3.1622776601683795e-05,4.5
contain,3.1622776601683795e-05,4.5
conventions,3.1622776601683795e-05,4.5
convention,3.1622776601683795e-05,4.5
documented,3.1622776601683795e-05,4.5
documenting,3.1622776601683795e-05,4.5
document,3.1622776601683795e-05,4.5
eggs,3.1622776601683795e-05,4.5
employee,3.1622776601683795e-05,4.5
en,3.1622776601683795e-05,4.5
engineers,3.1622776601683795e-05,4.5
engineered,3.1622776601683795e-05,4.5
engineer,3.1622776601683795e-05,4.5
equivalent,3.1622776601683795e-05,4.5
equivalents,3.1622776601683795e-05,4.5
facings,3.1622776601683795e-05,4.5
fairly,3.1622776601683795e-05,4.5
fingers,3.1622776601683795e-05,4.5
fording,3.1622776601683795e-05,4.5
fords,3.1622776601683795e-05,4.5
forded,3.1622776601683795e-05,4.5
ford,3.1622776601683795e-05,4.5
gangs,3.1622776601683795e-05,4.5
ganging,3.1622776601683795e-05,4.5
ganged,3.1622776601683795e-05,4.5
gang,3.1622776601683795e-05,4.5
graduating,3.1622776601683795e-05,4.5
graduate,3.1622776601683795e-05,4.5
graduates,3.1622776601683795e-05,4.5
graduated,3.1622776601683795e-05,4.5
greek,3.1622776601683795e-05,4.5
hangings,3.1622776601683795e-05,4.5
inner,3.1622776601683795e-05,4.5
le,3.1622776601683795e-05,4.5
lifts,3.1622776601683795e-05,4.5
lifted,3.1622776601683795e-05,4.5
lifting,3.1622776601683795e-05,4.5
lift,3.1622776601683795e-05,4.5
millers,3.1622776601683795e-05,4.5
miller,3.1622776601683795e-05,4.5
monthlies,3.1622776601683795e-05,4.5
monthly,3.1622776601683795e-05,4.5
neighborhoods,3.1622776601683795e-05,4.5
neighborhood,3.1622776601683795e-05,4.5
operates,3.1622776601683795e-05,4.5
operate,3.1622776601683795e-05,4.5
operated,3.1622776601683795e-05,4.5
outstanding,3.1622776601683795e-05,4.5
permissions,3.1622776601683795e-05,4.5
permission,3.1622776601683795e-05,4.5
porn,3.1622776601683795e-05,4.5
regulations,3.1622776601683795e-05,4.5
replies,3.1622776601683795e-05,4.5
replying,3.1622776601683795e-05,4.5
reply,3.1622776601683795e-05,4.5
replied,3.1622776601683795e-05,4.5
rid,3.1622776601683795e-05,4.5
rids,3.1622776601683795e-05,4.5
ridding,3.1622776601683795e-05,4.5
ridded,3.1622776601683795e-05,4.5
roman,3.1622776601683795e-05,4.5
scientists,3.1622776601683795e-05,4.5
shoulder,3.1622776601683795e-05,4.5
shouldered,3.1622776601683795e-05,4.5
shouldering,3.1622776601683795e-05,4.5
shoulders,3.1622776601683795e-05,4.5
shower,3.1622776601683795e-05,4.5
showers,3.1622776601683795e-05,4.5
showering,3.1622776601683795e-05,4.5
showered,3.1622776601683795e-05,4.5
stephen,3.1622776601683795e-05,4.5
towered,3.1622776601683795e-05,4.5
towering,3.1622776601683795e-05,4.5
towers,3.1622776601683795e-05,4.5
tower,3.1622776601683795e-05,4.5
traditions,3.1622776601683795e-05,4.5
tradition,3.1622776601683795e-05,4.5
visuals,3.1622776601683795e-05,4.5
visual,3.1622776601683795e-05,4.5
wheel,3.1622776601683795e-05,4.5
wheeling,3.1622776601683795e-05,4.5
wheeled,3.1622776601683795e-05,4.5
wheels,3.1622776601683795e-05,4.5
zealand,3.1622776601683795e-05,4.5
appointments,3.090295432513592e-05,4.49
appointment,3.090295432513592e-05,4.49
barely,3.090295432513592e-05,4.49
bc,3.090295432513592e-05,4.49
bushes,3.090295432513592e-05,4.49
bush,3.090295432513592e-05,4.49
cabinets,3.090295432513592e-05,4.49
cabinet,3.090295432513592e-05,4.49
celebrates,3.090295432513592e-05,4.49
celebrating,3.090295432513592e-05,4.49
celebrated,3.090295432513592e-05,4.49
celebrate,3.090295432513592e-05,4.49
chocolate,3.090295432513592e-05,4.49
chocolates,3.090295432513592e-05,4.49
coals,3.090295432513592e-05,4.49
coal,3.090295432513592e-05,4.49
coloured,3.090295432513592e-05,4.49
colouring,3.090295432513592e-05,4.49
colours,3.090295432513592e-05,4.49
colour,3.090295432513592e-05,4.49
contemporary,3.090295432513592e-05,4.49
contemporaries,3.090295432513592e-05,4.49
criticism,3.090295432513592e-05,4.49
criticisms,3.090295432513592e-05,4.49
davis,3.090295432513592e-05,4.49
dna,3.090295432513592e-05,4.49
effectively,3.090295432513592e-05,4.49
eric,3.090295432513592e-05,4.49
extensive,3.090295432513592e-05,4.49
formations,3.090295432513592e-05,4.49
formation,3.090295432513592e-05,4.49
gallery,3.090295432513592e-05,4.49
highways,3.090295432513592e-05,4.49
highway,3.090295432513592e-05,4.49
historic,3.090295432513592e-05,4.49
hunted,3.090295432513592e-05,4.49
hunting,3.090295432513592e-05,4.49
hunt,3.090295432513592e-05,4.49
hunts,3.090295432513592e-05,4.49
improvement,3.090295432513592e-05,4.49
improvements,3.090295432513592e-05,4.49
inching,3.090295432513592e-05,4.49
inch,3.090295432513592e-05,4.49
inches,3.090295432513592e-05,4.49
inched,3.090295432513592e-05,4.49
initially,3.090295432513592e-05,4.49
junior,3.090295432513592e-05,4.49
juniors,3.090295432513592e-05,4.49
juries,3.090295432513592e-05,4.49
jury,3.090295432513592e-05,4.49
kong,3.090295432513592e-05,4.49
korean,3.090295432513592e-05,4.49
monster,3.090295432513592e-05,4.49
monsters,3.090295432513592e-05,4.49
obtained,3.090295432513592e-05,4.49
olympic,3.090295432513592e-05,4.49
philosophy,3.090295432513592e-05,4.49
philosophies,3.090295432513592e-05,4.49
prided,3.090295432513592e-05,4.49
pride,3.090295432513592e-05,4.49
priding,3.090295432513592e-05,4.49
prides,3.090295432513592e-05,4.49
repeated,3.090295432513592e-05,4.49
repeats,3.090295432513592e-05,4.49
repeat,3.090295432513592e-05,4.49
repeating,3.090295432513592e-05,4.49
rougher,3.090295432513592e-05,4.49
roughed,3.090295432513592e-05,4.49
roughing,3.090295432513592e-05,4.49
rough,3.090295432513592e-05,4.49
roughest,3.090295432513592e-05,4.49
roughs,3.090295432513592e-05,4.49
santa,3.090295432513592e-05,4.49
settlement,3.090295432513592e-05,4.49
settlements,3.090295432513592e-05,4.49
smelt,3.090295432513592e-05,4.49
smelling,3.090295432513592e-05,4.49
smelled,3.090295432513592e-05,4.49
smell,3.090295432513592e-05,4.49
smells,3.090295432513592e-05,4.49
speakers,3.090295432513592e-05,4.49
speaker,3.090295432513592e-05,4.49
surrounding,3.090295432513592e-05,4.49
tone,3.090295432513592e-05,4.49
tones,3.090295432513592e-05,4.49
toned,3.090295432513592e-05,4.49
toning,3.090295432513592e-05,4.49
topic,3.090295432513592e-05,4.49
topics,3.090295432513592e-05,4.49
toronto,3.090295432513592e-05,4.49
universal,3.090295432513592e-05,4.49
universals,3.090295432513592e-05,4.49
vast,3.090295432513592e-05,4.49
vaster,3.090295432513592e-05,4.49
vastest,3.090295432513592e-05,4.49
visitors,3.090295432513592e-05,4.49
auto,3.0199517204020192e-05,4.48
autos,3.0199517204020192e-05,4.48
consistent,3.0199517204020192e-05,4.48
earn,3.0199517204020192e-05,4.48
earns,3.0199517204020192e-05,4.48
earning,3.0199517204020192e-05,4.48
fingered,3.0199517204020192e-05,4.48
finger,3.0199517204020192e-05,4.48
fingering,3.0199517204020192e-05,4.48
grey,3.0199517204020192e-05,4.48
greys,3.0199517204020192e-05,4.48
greyer,3.0199517204020192e-05,4.48
greying,3.0199517204020192e-05,4.48
greyest,3.0199517204020192e-05,4.48
greyed,3.0199517204020192e-05,4.48
guitar,3.0199517204020192e-05,4.48
guitars,3.0199517204020192e-05,4.48
headings,3.0199517204020192e-05,4.48
howard,3.0199517204020192e-05,4.48
ignore,3.0199517204020192e-05,4.48
ignoring,3.0199517204020192e-05,4.48
ignored,3.0199517204020192e-05,4.48
ignores,3.0199517204020192e-05,4.48
involving,3.0199517204020192e-05,4.48
latin,3.0199517204020192e-05,4.48
lewis,3.0199517204020192e-05,4.48
meal,3.0199517204020192e-05,4.48
mealing,3.0199517204020192e-05,4.48
meals,3.0199517204020192e-05,4.48
mealed,3.0199517204020192e-05,4.48
meanwhile,3.0199517204020192e-05,4.48
naturally,3.0199517204020192e-05,4.48
necessarily,3.0199517204020192e-05,4.48
pants,3.0199517204020192e-05,4.48
partnerships,3.0199517204020192e-05,4.48
partnership,3.0199517204020192e-05,4.48
percentages,3.0199517204020192e-05,4.48
percentage,3.0199517204020192e-05,4.48
pocket,3.0199517204020192e-05,4.48
pocketed,3.0199517204020192e-05,4.48
pockets,3.0199517204020192e-05,4.48
pocketing,3.0199517204020192e-05,4.48
practical,3.0199517204020192e-05,4.48
practicals,3.0199517204020192e-05,4.48
primarily,3.0199517204020192e-05,4.48
raping,3.0199517204020192e-05,4.48
raped,3.0199517204020192e-05,4.48
rape,3.0199517204020192e-05,4.48
rapes,3.0199517204020192e-05,4.48
regardless,3.0199517204020192e-05,4.48
relative,3.0199517204020192e-05,4.48
relatives,3.0199517204020192e-05,4.48
rescuing,3.0199517204020192e-05,4.48
rescued,3.0199517204020192e-05,4.48
rescue,3.0199517204020192e-05,4.48
rescues,3.0199517204020192e-05,4.48
rushed,3.0199517204020192e-05,4.48
rush,3.0199517204020192e-05,4.48
rushes,3.0199517204020192e-05,4.48
rushing,3.0199517204020192e-05,4.48
sarah,3.0199517204020192e-05,4.48
sharps,3.0199517204020192e-05,4.48
sharpest,3.0199517204020192e-05,4.48
sharp,3.0199517204020192e-05,4.48
sharper,3.0199517204020192e-05,4.48
simon,3.0199517204020192e-05,4.48
soccer,3.0199517204020192e-05,4.48
stablest,3.0199517204020192e-05,4.48
stabling,3.0199517204020192e-05,4.48
stables,3.0199517204020192e-05,4.48
stable,3.0199517204020192e-05,4.48
stabler,3.0199517204020192e-05,4.48
stabled,3.0199517204020192e-05,4.48
symptoms,3.0199517204020192e-05,4.48
temporary,3.0199517204020192e-05,4.48
temporaries,3.0199517204020192e-05,4.48
trick,3.0199517204020192e-05,4.48
tricks,3.0199517204020192e-05,4.48
tricked,3.0199517204020192e-05,4.48
tricking,3.0199517204020192e-05,4.48
audio,2.951209226666384e-05,4.47
boned,2.951209226666384e-05,4.47
bone,2.951209226666384e-05,4.47
bones,2.951209226666384e-05,4.47
boning,2.951209226666384e-05,4.47
brian,2.951209226666384e-05,4.47
bullshit,2.951209226666384e-05,4.47
chambers,2.951209226666384e-05,4.47
chamber,2.951209226666384e-05,4.47
charted,2.951209226666384e-05,4.47
chart,2.951209226666384e-05,4.47
charts,2.951209226666384e-05,4.47
charting,2.951209226666384e-05,4.47
children's,2.951209226666384e-05,4.47
circuits,2.951209226666384e-05,4.47
circuit,2.951209226666384e-05,4.47
clothing,2.951209226666384e-05,4.47
complicated,2.951209226666384e-05,4.47
confused,2.951209226666384e-05,4.47
consequences,2.951209226666384e-05,4.47
defend,2.951209226666384e-05,4.47
defended,2.951209226666384e-05,4.47
defending,2.951209226666384e-05,4.47
defends,2.951209226666384e-05,4.47
divided,2.951209226666384e-05,4.47
elizabeth,2.951209226666384e-05,4.47
everyday,2.951209226666384e-05,4.47
extents,2.951209226666384e-05,4.47
extent,2.951209226666384e-05,4.47
formatted,2.951209226666384e-05,4.47
formatting,2.951209226666384e-05,4.47
format,2.951209226666384e-05,4.47
formats,2.951209226666384e-05,4.47
gaps,2.951209226666384e-05,4.47
gapped,2.951209226666384e-05,4.47
gap,2.951209226666384e-05,4.47
gapping,2.951209226666384e-05,4.47
gate,2.951209226666384e-05,4.47
gating,2.951209226666384e-05,4.47
gated,2.951209226666384e-05,4.47
gates,2.951209226666384e-05,4.47
harmed,2.951209226666384e-05,4.47
harms,2.951209226666384e-05,4.47
harming,2.951209226666384e-05,4.47
harm,2.951209226666384e-05,4.47
healthcare,2.951209226666384e-05,4.47
households,2.951209226666384e-05,4.47
household,2.951209226666384e-05,4.47
immigrations,2.951209226666384e-05,4.47
immigration,2.951209226666384e-05,4.47
impressive,2.951209226666384e-05,4.47
jews,2.951209226666384e-05,4.47
joinings,2.951209226666384e-05,4.47
killers,2.951209226666384e-05,4.47
killer,2.951209226666384e-05,4.47
lessons,2.951209226666384e-05,4.47
lesson,2.951209226666384e-05,4.47
ltd,2.951209226666384e-05,4.47
memberships,2.951209226666384e-05,4.47
membership,2.951209226666384e-05,4.47
miami,2.951209226666384e-05,4.47
mirrors,2.951209226666384e-05,4.47
mirroring,2.951209226666384e-05,4.47
mirrored,2.951209226666384e-05,4.47
mirror,2.951209226666384e-05,4.47
mounted,2.951209226666384e-05,4.47
mounting,2.951209226666384e-05,4.47
mount,2.951209226666384e-05,4.47
mounts,2.951209226666384e-05,4.47
occuring,2.951209226666384e-05,4.47
occur,2.951209226666384e-05,4.47
occured,2.951209226666384e-05,4.47
occurs,2.951209226666384e-05,4.47
occurring,2.951209226666384e-05,4.47
proposals,2.951209226666384e-05,4.47
proposal,2.951209226666384e-05,4.47
province,2.951209226666384e-05,4.47
provinces,2.951209226666384e-05,4.47
recognition,2.951209226666384e-05,4.47
recognitions,2.951209226666384e-05,4.47
reputation,2.951209226666384e-05,4.47
reputations,2.951209226666384e-05,4.47
shortly,2.951209226666384e-05,4.47
strongly,2.951209226666384e-05,4.47
tears,2.951209226666384e-05,4.47
technique,2.951209226666384e-05,4.47
thinned,2.951209226666384e-05,4.47
thins,2.951209226666384e-05,4.47
thinning,2.951209226666384e-05,4.47
thinnest,2.951209226666384e-05,4.47
thinner,2.951209226666384e-05,4.47
thin,2.951209226666384e-05,4.47
z,2.951209226666384e-05,4.47
000.0,2.8840315031266056e-05,4.46
3d,2.8840315031266056e-05,4.46
accused,2.8840315031266056e-05,4.46
adventures,2.8840315031266056e-05,4.46
adventure,2.8840315031266056e-05,4.46
adventuring,2.8840315031266056e-05,4.46
adventured,2.8840315031266056e-05,4.46
argues,2.8840315031266056e-05,4.46
arguing,2.8840315031266056e-05,4.46
argue,2.8840315031266056e-05,4.46
argued,2.8840315031266056e-05,4.46
assessment,2.8840315031266056e-05,4.46
assessments,2.8840315031266056e-05,4.46
atmosphere,2.8840315031266056e-05,4.46
atmospheres,2.8840315031266056e-05,4.46
awful,2.8840315031266056e-05,4.46
bedrooms,2.8840315031266056e-05,4.46
bedroom,2.8840315031266056e-05,4.46
belief,2.8840315031266056e-05,4.46
beliefs,2.8840315031266056e-05,4.46
bounded,2.8840315031266056e-05,4.46
bound,2.8840315031266056e-05,4.46
bounding,2.8840315031266056e-05,4.46
bounds,2.8840315031266056e-05,4.46
carefully,2.8840315031266056e-05,4.46
ceo,2.8840315031266056e-05,4.46
closings,2.8840315031266056e-05,4.46
clouded,2.8840315031266056e-05,4.46
cloud,2.8840315031266056e-05,4.46
clouding,2.8840315031266056e-05,4.46
clouds,2.8840315031266056e-05,4.46
colorado,2.8840315031266056e-05,4.46
contrasting,2.8840315031266056e-05,4.46
contrast,2.8840315031266056e-05,4.46
contrasted,2.8840315031266056e-05,4.46
contrasts,2.8840315031266056e-05,4.46
donald,2.8840315031266056e-05,4.46
egged,2.8840315031266056e-05,4.46
egging,2.8840315031266056e-05,4.46
egg,2.8840315031266056e-05,4.46
element,2.8840315031266056e-05,4.46
elsewhere,2.8840315031266056e-05,4.46
establishes,2.8840315031266056e-05,4.46
establishing,2.8840315031266056e-05,4.46
establish,2.8840315031266056e-05,4.46
extensions,2.8840315031266056e-05,4.46
extension,2.8840315031266056e-05,4.46
foundered,2.8840315031266056e-05,4.46
founder,2.8840315031266056e-05,4.46
founders,2.8840315031266056e-05,4.46
foundering,2.8840315031266056e-05,4.46
gear,2.8840315031266056e-05,4.46
gearing,2.8840315031266056e-05,4.46
gears,2.8840315031266056e-05,4.46
geared,2.8840315031266056e-05,4.46
georgia,2.8840315031266056e-05,4.46
hippest,2.8840315031266056e-05,4.46
hipper,2.8840315031266056e-05,4.46
hips,2.8840315031266056e-05,4.46
hip,2.8840315031266056e-05,4.46
infrastructures,2.8840315031266056e-05,4.46
infrastructure,2.8840315031266056e-05,4.46
jason,2.8840315031266056e-05,4.46
loosed,2.8840315031266056e-05,4.46
loose,2.8840315031266056e-05,4.46
loosing,2.8840315031266056e-05,4.46
loosest,2.8840315031266056e-05,4.46
looser,2.8840315031266056e-05,4.46
looses,2.8840315031266056e-05,4.46
men's,2.8840315031266056e-05,4.46
morals,2.8840315031266056e-05,4.46
moral,2.8840315031266056e-05,4.46
offensives,2.8840315031266056e-05,4.46
offensive,2.8840315031266056e-05,4.46
pa,2.8840315031266056e-05,4.46
packages,2.8840315031266056e-05,4.46
package,2.8840315031266056e-05,4.46
packaged,2.8840315031266056e-05,4.46
packaging,2.8840315031266056e-05,4.46
poverty,2.8840315031266056e-05,4.46
processings,2.8840315031266056e-05,4.46
qualified,2.8840315031266056e-05,4.46
railway,2.8840315031266056e-05,4.46
railways,2.8840315031266056e-05,4.46
ridiculous,2.8840315031266056e-05,4.46
sensitives,2.8840315031266056e-05,4.46
sensitive,2.8840315031266056e-05,4.46
servers,2.8840315031266056e-05,4.46
server,2.8840315031266056e-05,4.46
shocked,2.8840315031266056e-05,4.46
shocking,2.8840315031266056e-05,4.46
shock,2.8840315031266056e-05,4.46
shocks,2.8840315031266056e-05,4.46
silences,2.8840315031266056e-05,4.46
silence,2.8840315031266056e-05,4.46
silenced,2.8840315031266056e-05,4.46
silencing,2.8840315031266056e-05,4.46
soldiering,2.8840315031266056e-05,4.46
soldiered,2.8840315031266056e-05,4.46
soldier,2.8840315031266056e-05,4.46
superiors,2.8840315031266056e-05,4.46
superior,2.8840315031266056e-05,4.46
supporters,2.8840315031266056e-05,4.46
thicker,2.8840315031266056e-05,4.46
thickest,2.8840315031266056e-05,4.46
thick,2.8840315031266056e-05,4.46
tons,2.8840315031266056e-05,4.46
transitions,2.8840315031266056e-05,4.46
transition,2.8840315031266056e-05,4.46
transitioning,2.8840315031266056e-05,4.46
transitioned,2.8840315031266056e-05,4.46
violent,2.8840315031266056e-05,4.46
voters,2.8840315031266056e-05,4.46
wash,2.8840315031266056e-05,4.46
washed,2.8840315031266056e-05,4.46
washes,2.8840315031266056e-05,4.46
washing,2.8840315031266056e-05,4.46
00st,2.818382931264455e-05,4.45
acids,2.818382931264455e-05,4.45
acid,2.818382931264455e-05,4.45
actress,2.818382931264455e-05,4.45
actresses,2.818382931264455e-05,4.45
administrative,2.818382931264455e-05,4.45
alan,2.818382931264455e-05,4.45
alongside,2.818382931264455e-05,4.45
angel,2.818382931264455e-05,4.45
angels,2.818382931264455e-05,4.45
anxiety,2.818382931264455e-05,4.45
anxieties,2.818382931264455e-05,4.45
bonuses,2.818382931264455e-05,4.45
bonus,2.818382931264455e-05,4.45
castled,2.818382931264455e-05,4.45
castles,2.818382931264455e-05,4.45
castling,2.818382931264455e-05,4.45
castle,2.818382931264455e-05,4.45
charities,2.818382931264455e-05,4.45
charity,2.818382931264455e-05,4.45
compare,2.818382931264455e-05,4.45
compares,2.818382931264455e-05,4.45
comparing,2.818382931264455e-05,4.45
coverings,2.818382931264455e-05,4.45
curious,2.818382931264455e-05,4.45
discoveries,2.818382931264455e-05,4.45
discovery,2.818382931264455e-05,4.45
dukes,2.818382931264455e-05,4.45
duke,2.818382931264455e-05,4.45
egypt,2.818382931264455e-05,4.45
encouraging,2.818382931264455e-05,4.45
encouraged,2.818382931264455e-05,4.45
encourages,2.818382931264455e-05,4.45
encourage,2.818382931264455e-05,4.45
enforcement,2.818382931264455e-05,4.45
flashing,2.818382931264455e-05,4.45
flashed,2.818382931264455e-05,4.45
flashes,2.818382931264455e-05,4.45
flash,2.818382931264455e-05,4.45
formal,2.818382931264455e-05,4.45
formulas,2.818382931264455e-05,4.45
formulæ,2.818382931264455e-05,4.45
formula,2.818382931264455e-05,4.45
formulae,2.818382931264455e-05,4.45
forts,2.818382931264455e-05,4.45
fort,2.818382931264455e-05,4.45
grayed,2.818382931264455e-05,4.45
gray,2.818382931264455e-05,4.45
grays,2.818382931264455e-05,4.45
grayest,2.818382931264455e-05,4.45
grayer,2.818382931264455e-05,4.45
graying,2.818382931264455e-05,4.45
grossest,2.818382931264455e-05,4.45
grossed,2.818382931264455e-05,4.45
grossing,2.818382931264455e-05,4.45
grosses,2.818382931264455e-05,4.45
grosser,2.818382931264455e-05,4.45
gross,2.818382931264455e-05,4.45
hungriest,2.818382931264455e-05,4.45
hungry,2.818382931264455e-05,4.45
hungrier,2.818382931264455e-05,4.45
informed,2.818382931264455e-05,4.45
innocent,2.818382931264455e-05,4.45
innocents,2.818382931264455e-05,4.45
jeff,2.818382931264455e-05,4.45
luke,2.818382931264455e-05,4.45
mac,2.818382931264455e-05,4.45
math,2.818382931264455e-05,4.45
maths,2.818382931264455e-05,4.45
mysteries,2.818382931264455e-05,4.45
mystery,2.818382931264455e-05,4.45
olympics,2.818382931264455e-05,4.45
palaces,2.818382931264455e-05,4.45
palace,2.818382931264455e-05,4.45
penalty,2.818382931264455e-05,4.45
penalties,2.818382931264455e-05,4.45
pets,2.818382931264455e-05,4.45
petted,2.818382931264455e-05,4.45
petting,2.818382931264455e-05,4.45
pet,2.818382931264455e-05,4.45
photographies,2.818382931264455e-05,4.45
photography,2.818382931264455e-05,4.45
protesting,2.818382931264455e-05,4.45
protests,2.818382931264455e-05,4.45
protested,2.818382931264455e-05,4.45
protest,2.818382931264455e-05,4.45
publication,2.818382931264455e-05,4.45
publications,2.818382931264455e-05,4.45
ratings,2.818382931264455e-05,4.45
refered,2.818382931264455e-05,4.45
refer,2.818382931264455e-05,4.45
referring,2.818382931264455e-05,4.45
refers,2.818382931264455e-05,4.45
refering,2.818382931264455e-05,4.45
respectively,2.818382931264455e-05,4.45
rome,2.818382931264455e-05,4.45
selects,2.818382931264455e-05,4.45
selecting,2.818382931264455e-05,4.45
select,2.818382931264455e-05,4.45
silent,2.818382931264455e-05,4.45
successfully,2.818382931264455e-05,4.45
suffer,2.818382931264455e-05,4.45
suffers,2.818382931264455e-05,4.45
temple,2.818382931264455e-05,4.45
temples,2.818382931264455e-05,4.45
trailed,2.818382931264455e-05,4.45
trailing,2.818382931264455e-05,4.45
trails,2.818382931264455e-05,4.45
trail,2.818382931264455e-05,4.45
uncles,2.818382931264455e-05,4.45
uncle,2.818382931264455e-05,4.45
unusual,2.818382931264455e-05,4.45
yo,2.818382931264455e-05,4.45
arrivals,2.754228703338169e-05,4.44
arrival,2.754228703338169e-05,4.44
assault,2.754228703338169e-05,4.44
assaults,2.754228703338169e-05,4.44
assaulted,2.754228703338169e-05,4.44
assaulting,2.754228703338169e-05,4.44
awarenesses,2.754228703338169e-05,4.44
awareness,2.754228703338169e-05,4.44
badly,2.754228703338169e-05,4.44
bathed,2.754228703338169e-05,4.44
bathing,2.754228703338169e-05,4.44
baths,2.754228703338169e-05,4.44
bath,2.754228703338169e-05,4.44
captured,2.754228703338169e-05,4.44
chasing,2.754228703338169e-05,4.44
chased,2.754228703338169e-05,4.44
chase,2.754228703338169e-05,4.44
chases,2.754228703338169e-05,4.44
components,2.754228703338169e-05,4.44
concreted,2.754228703338169e-05,4.44
concretes,2.754228703338169e-05,4.44
concrete,2.754228703338169e-05,4.44
concreting,2.754228703338169e-05,4.44
dave,2.754228703338169e-05,4.44
deeply,2.754228703338169e-05,4.44
expectations,2.754228703338169e-05,4.44
explanations,2.754228703338169e-05,4.44
explanation,2.754228703338169e-05,4.44
exposure,2.754228703338169e-05,4.44
exposures,2.754228703338169e-05,4.44
fictions,2.754228703338169e-05,4.44
fiction,2.754228703338169e-05,4.44
guaranteeing,2.754228703338169e-05,4.44
guaranteed,2.754228703338169e-05,4.44
guarantee,2.754228703338169e-05,4.44
guarantees,2.754228703338169e-05,4.44
happiness,2.754228703338169e-05,4.44
harris,2.754228703338169e-05,4.44
horrible,2.754228703338169e-05,4.44
ideals,2.754228703338169e-05,4.44
ideal,2.754228703338169e-05,4.44
illinois,2.754228703338169e-05,4.44
islamic,2.754228703338169e-05,4.44
jimmy,2.754228703338169e-05,4.44
jimmying,2.754228703338169e-05,4.44
jimmies,2.754228703338169e-05,4.44
jimmied,2.754228703338169e-05,4.44
kelly,2.754228703338169e-05,4.44
legend,2.754228703338169e-05,4.44
legends,2.754228703338169e-05,4.44
lieutenants,2.754228703338169e-05,4.44
lieutenant,2.754228703338169e-05,4.44
mini,2.754228703338169e-05,4.44
minis,2.754228703338169e-05,4.44
mood,2.754228703338169e-05,4.44
moods,2.754228703338169e-05,4.44
muscle,2.754228703338169e-05,4.44
muscling,2.754228703338169e-05,4.44
muscles,2.754228703338169e-05,4.44
muscled,2.754228703338169e-05,4.44
muslims,2.754228703338169e-05,4.44
p.m,2.754228703338169e-05,4.44
passion,2.754228703338169e-05,4.44
passions,2.754228703338169e-05,4.44
procedure,2.754228703338169e-05,4.44
procedures,2.754228703338169e-05,4.44
producer,2.754228703338169e-05,4.44
producers,2.754228703338169e-05,4.44
ranked,2.754228703338169e-05,4.44
ranking,2.754228703338169e-05,4.44
ranks,2.754228703338169e-05,4.44
rank,2.754228703338169e-05,4.44
replacement,2.754228703338169e-05,4.44
replacements,2.754228703338169e-05,4.44
retired,2.754228703338169e-05,4.44
sanded,2.754228703338169e-05,4.44
sands,2.754228703338169e-05,4.44
sand,2.754228703338169e-05,4.44
sanding,2.754228703338169e-05,4.44
savings,2.754228703338169e-05,4.44
settled,2.754228703338169e-05,4.44
shadows,2.754228703338169e-05,4.44
shadow,2.754228703338169e-05,4.44
shadowed,2.754228703338169e-05,4.44
shadowing,2.754228703338169e-05,4.44
tagged,2.754228703338169e-05,4.44
tag,2.754228703338169e-05,4.44
tags,2.754228703338169e-05,4.44
tagging,2.754228703338169e-05,4.44
taping,2.754228703338169e-05,4.44
taped,2.754228703338169e-05,4.44
tape,2.754228703338169e-05,4.44
tapes,2.754228703338169e-05,4.44
threaded,2.754228703338169e-05,4.44
threads,2.754228703338169e-05,4.44
threading,2.754228703338169e-05,4.44
thread,2.754228703338169e-05,4.44
victoria,2.754228703338169e-05,4.44
wage,2.754228703338169e-05,4.44
wages,2.754228703338169e-05,4.44
waged,2.754228703338169e-05,4.44
waging,2.754228703338169e-05,4.44
we'd,2.754228703338169e-05,4.44
andy,2.691534803926914e-05,4.43
avenues,2.691534803926914e-05,4.43
avenue,2.691534803926914e-05,4.43
beatings,2.691534803926914e-05,4.43
boring,2.691534803926914e-05,4.43
charlie,2.691534803926914e-05,4.43
clocks,2.691534803926914e-05,4.43
clock,2.691534803926914e-05,4.43
clocked,2.691534803926914e-05,4.43
clocking,2.691534803926914e-05,4.43
commissioner,2.691534803926914e-05,4.43
commissioners,2.691534803926914e-05,4.43
commitment,2.691534803926914e-05,4.43
commitments,2.691534803926914e-05,4.43
confident,2.691534803926914e-05,4.43
custom,2.691534803926914e-05,4.43
customs,2.691534803926914e-05,4.43
denied,2.691534803926914e-05,4.43
desk,2.691534803926914e-05,4.43
desks,2.691534803926914e-05,4.43
ear,2.691534803926914e-05,4.43
ears,2.691534803926914e-05,4.43
eared,2.691534803926914e-05,4.43
earing,2.691534803926914e-05,4.43
electricity,2.691534803926914e-05,4.43
farmers,2.691534803926914e-05,4.43
fbi,2.691534803926914e-05,4.43
gyms,2.691534803926914e-05,4.43
gym,2.691534803926914e-05,4.43
helpful,2.691534803926914e-05,4.43
horror,2.691534803926914e-05,4.43
horrors,2.691534803926914e-05,4.43
iphone,2.691534803926914e-05,4.43
iraq,2.691534803926914e-05,4.43
labeling,2.691534803926914e-05,4.43
labels,2.691534803926914e-05,4.43
labelled,2.691534803926914e-05,4.43
labelling,2.691534803926914e-05,4.43
labeled,2.691534803926914e-05,4.43
label,2.691534803926914e-05,4.43
liverpool,2.691534803926914e-05,4.43
naked,2.691534803926914e-05,4.43
ny,2.691534803926914e-05,4.43
outputted,2.691534803926914e-05,4.43
outputs,2.691534803926914e-05,4.43
outputting,2.691534803926914e-05,4.43
output,2.691534803926914e-05,4.43
pitches,2.691534803926914e-05,4.43
pitch,2.691534803926914e-05,4.43
pitching,2.691534803926914e-05,4.43
pitched,2.691534803926914e-05,4.43
pizzas,2.691534803926914e-05,4.43
pizza,2.691534803926914e-05,4.43
plains,2.691534803926914e-05,4.43
plain,2.691534803926914e-05,4.43
plainer,2.691534803926914e-05,4.43
plainest,2.691534803926914e-05,4.43
rears,2.691534803926914e-05,4.43
rearing,2.691534803926914e-05,4.43
rear,2.691534803926914e-05,4.43
reared,2.691534803926914e-05,4.43
reveals,2.691534803926914e-05,4.43
reveal,2.691534803926914e-05,4.43
revealing,2.691534803926914e-05,4.43
romantic,2.691534803926914e-05,4.43
romantics,2.691534803926914e-05,4.43
strategic,2.691534803926914e-05,4.43
swimming,2.691534803926914e-05,4.43
welfare,2.691534803926914e-05,4.43
wired,2.691534803926914e-05,4.43
wires,2.691534803926914e-05,4.43
wire,2.691534803926914e-05,4.43
wiring,2.691534803926914e-05,4.43
worker,2.691534803926914e-05,4.43
00k,2.630267991895381e-05,4.42
5th,2.630267991895381e-05,4.42
afterwards,2.630267991895381e-05,4.42
alright,2.630267991895381e-05,4.42
android,2.630267991895381e-05,4.42
androids,2.630267991895381e-05,4.42
angered,2.630267991895381e-05,4.42
angering,2.630267991895381e-05,4.42
angers,2.630267991895381e-05,4.42
anger,2.630267991895381e-05,4.42
architecture,2.630267991895381e-05,4.42
architectures,2.630267991895381e-05,4.42
assist,2.630267991895381e-05,4.42
assists,2.630267991895381e-05,4.42
assisted,2.630267991895381e-05,4.42
assisting,2.630267991895381e-05,4.42
behalf,2.630267991895381e-05,4.42
belts,2.630267991895381e-05,4.42
belt,2.630267991895381e-05,4.42
belting,2.630267991895381e-05,4.42
belted,2.630267991895381e-05,4.42
capture,2.630267991895381e-05,4.42
capturing,2.630267991895381e-05,4.42
captures,2.630267991895381e-05,4.42
ceremony,2.630267991895381e-05,4.42
ceremonies,2.630267991895381e-05,4.42
comics,2.630267991895381e-05,4.42
comic,2.630267991895381e-05,4.42
cops,2.630267991895381e-05,4.42
dallas,2.630267991895381e-05,4.42
designers,2.630267991895381e-05,4.42
designer,2.630267991895381e-05,4.42
diamonds,2.630267991895381e-05,4.42
diamond,2.630267991895381e-05,4.42
disappointed,2.630267991895381e-05,4.42
economics,2.630267991895381e-05,4.42
efficient,2.630267991895381e-05,4.42
electrical,2.630267991895381e-05,4.42
employed,2.630267991895381e-05,4.42
essentially,2.630267991895381e-05,4.42
establishment,2.630267991895381e-05,4.42
establishments,2.630267991895381e-05,4.42
flowered,2.630267991895381e-05,4.42
flower,2.630267991895381e-05,4.42
flowering,2.630267991895381e-05,4.42
ghosting,2.630267991895381e-05,4.42
ghost,2.630267991895381e-05,4.42
ghosted,2.630267991895381e-05,4.42
ghosts,2.630267991895381e-05,4.42
hockey,2.630267991895381e-05,4.42
houston,2.630267991895381e-05,4.42
https,2.630267991895381e-05,4.42
islam,2.630267991895381e-05,4.42
jane,2.630267991895381e-05,4.42
kits,2.630267991895381e-05,4.42
kit,2.630267991895381e-05,4.42
lab,2.630267991895381e-05,4.42
min,2.630267991895381e-05,4.42
morgan,2.630267991895381e-05,4.42
morgans,2.630267991895381e-05,4.42
moscow,2.630267991895381e-05,4.42
na,2.630267991895381e-05,4.42
nervous,2.630267991895381e-05,4.42
newly,2.630267991895381e-05,4.42
odder,2.630267991895381e-05,4.42
odd,2.630267991895381e-05,4.42
oddest,2.630267991895381e-05,4.42
op,2.630267991895381e-05,4.42
ordinary,2.630267991895381e-05,4.42
participating,2.630267991895381e-05,4.42
participates,2.630267991895381e-05,4.42
participated,2.630267991895381e-05,4.42
participate,2.630267991895381e-05,4.42
philadelphia,2.630267991895381e-05,4.42
prayer,2.630267991895381e-05,4.42
prayers,2.630267991895381e-05,4.42
principles,2.630267991895381e-05,4.42
racists,2.630267991895381e-05,4.42
racist,2.630267991895381e-05,4.42
rarely,2.630267991895381e-05,4.42
sexiest,2.630267991895381e-05,4.42
sexy,2.630267991895381e-05,4.42
sexier,2.630267991895381e-05,4.42
skilled,2.630267991895381e-05,4.42
skill,2.630267991895381e-05,4.42
skilling,2.630267991895381e-05,4.42
soiling,2.630267991895381e-05,4.42
soiled,2.630267991895381e-05,4.42
soil,2.630267991895381e-05,4.42
soils,2.630267991895381e-05,4.42
solve,2.630267991895381e-05,4.42
solved,2.630267991895381e-05,4.42
solves,2.630267991895381e-05,4.42
solving,2.630267991895381e-05,4.42
stomach,2.630267991895381e-05,4.42
stomachs,2.630267991895381e-05,4.42
stomaching,2.630267991895381e-05,4.42
stomached,2.630267991895381e-05,4.42
sucks,2.630267991895381e-05,4.42
sucked,2.630267991895381e-05,4.42
sucking,2.630267991895381e-05,4.42
suck,2.630267991895381e-05,4.42
trashed,2.630267991895381e-05,4.42
trashes,2.630267991895381e-05,4.42
trashing,2.630267991895381e-05,4.42
trash,2.630267991895381e-05,4.42
uglier,2.630267991895381e-05,4.42
ugly,2.630267991895381e-05,4.42
ugliest,2.630267991895381e-05,4.42
vegas,2.630267991895381e-05,4.42
viruses,2.630267991895381e-05,4.42
virus,2.630267991895381e-05,4.42
walkers,2.630267991895381e-05,4.42
walker,2.630267991895381e-05,4.42
whoever,2.630267991895381e-05,4.42
anthony,2.5703957827688645e-05,4.41
arthur,2.5703957827688645e-05,4.41
aspect,2.5703957827688645e-05,4.41
boosts,2.5703957827688645e-05,4.41
boost,2.5703957827688645e-05,4.41
boosted,2.5703957827688645e-05,4.41
boosting,2.5703957827688645e-05,4.41
bureaux,2.5703957827688645e-05,4.41
bureaus,2.5703957827688645e-05,4.41
bureau,2.5703957827688645e-05,4.41
colonels,2.5703957827688645e-05,4.41
colonel,2.5703957827688645e-05,4.41
comfort,2.5703957827688645e-05,4.41
comforted,2.5703957827688645e-05,4.41
comforting,2.5703957827688645e-05,4.41
comforts,2.5703957827688645e-05,4.41
cousin,2.5703957827688645e-05,4.41
cousins,2.5703957827688645e-05,4.41
cracking,2.5703957827688645e-05,4.41
cracked,2.5703957827688645e-05,4.41
cracks,2.5703957827688645e-05,4.41
crack,2.5703957827688645e-05,4.41
deck,2.5703957827688645e-05,4.41
decks,2.5703957827688645e-05,4.41
decking,2.5703957827688645e-05,4.41
decked,2.5703957827688645e-05,4.41
dragons,2.5703957827688645e-05,4.41
dragon,2.5703957827688645e-05,4.41
dramatic,2.5703957827688645e-05,4.41
dusted,2.5703957827688645e-05,4.41
dusting,2.5703957827688645e-05,4.41
dust,2.5703957827688645e-05,4.41
dusts,2.5703957827688645e-05,4.41
dutch,2.5703957827688645e-05,4.41
evolutions,2.5703957827688645e-05,4.41
evolution,2.5703957827688645e-05,4.41
hired,2.5703957827688645e-05,4.41
illnesses,2.5703957827688645e-05,4.41
illness,2.5703957827688645e-05,4.41
inspirations,2.5703957827688645e-05,4.41
inspiration,2.5703957827688645e-05,4.41
institution,2.5703957827688645e-05,4.41
knifed,2.5703957827688645e-05,4.41
knives,2.5703957827688645e-05,4.41
knifing,2.5703957827688645e-05,4.41
knifes,2.5703957827688645e-05,4.41
knife,2.5703957827688645e-05,4.41
lately,2.5703957827688645e-05,4.41
memorial,2.5703957827688645e-05,4.41
memorials,2.5703957827688645e-05,4.41
mexican,2.5703957827688645e-05,4.41
minorities,2.5703957827688645e-05,4.41
minority,2.5703957827688645e-05,4.41
mum,2.5703957827688645e-05,4.41
mums,2.5703957827688645e-05,4.41
priority,2.5703957827688645e-05,4.41
priorities,2.5703957827688645e-05,4.41
promotion,2.5703957827688645e-05,4.41
promotions,2.5703957827688645e-05,4.41
railed,2.5703957827688645e-05,4.41
rails,2.5703957827688645e-05,4.41
rail,2.5703957827688645e-05,4.41
railing,2.5703957827688645e-05,4.41
readers,2.5703957827688645e-05,4.41
remotest,2.5703957827688645e-05,4.41
remoter,2.5703957827688645e-05,4.41
remote,2.5703957827688645e-05,4.41
repairing,2.5703957827688645e-05,4.41
repair,2.5703957827688645e-05,4.41
repaired,2.5703957827688645e-05,4.41
repairs,2.5703957827688645e-05,4.41
roots,2.5703957827688645e-05,4.41
rooting,2.5703957827688645e-05,4.41
rooted,2.5703957827688645e-05,4.41
root,2.5703957827688645e-05,4.41
saints,2.5703957827688645e-05,4.41
saint,2.5703957827688645e-05,4.41
steal,2.5703957827688645e-05,4.41
stole,2.5703957827688645e-05,4.41
steals,2.5703957827688645e-05,4.41
stealing,2.5703957827688645e-05,4.41
stolen,2.5703957827688645e-05,4.41
telephoning,2.5703957827688645e-05,4.41
telephone,2.5703957827688645e-05,4.41
telephones,2.5703957827688645e-05,4.41
telephoned,2.5703957827688645e-05,4.41
tho,2.5703957827688645e-05,4.41
trans,2.5703957827688645e-05,4.41
vol,2.5703957827688645e-05,4.41
whereas,2.5703957827688645e-05,4.41
abandoned,2.5118864315095825e-05,4.4
acquired,2.5118864315095825e-05,4.4
alexander,2.5118864315095825e-05,4.4
alliances,2.5118864315095825e-05,4.4
alliance,2.5118864315095825e-05,4.4
annoying,2.5118864315095825e-05,4.4
ap,2.5118864315095825e-05,4.4
bids,2.5118864315095825e-05,4.4
bade,2.5118864315095825e-05,4.4
bid,2.5118864315095825e-05,4.4
bidden,2.5118864315095825e-05,4.4
bidding,2.5118864315095825e-05,4.4
bro,2.5118864315095825e-05,4.4
buddies,2.5118864315095825e-05,4.4
buddied,2.5118864315095825e-05,4.4
buddy,2.5118864315095825e-05,4.4
buddying,2.5118864315095825e-05,4.4
buried,2.5118864315095825e-05,4.4
butters,2.5118864315095825e-05,4.4
buttering,2.5118864315095825e-05,4.4
buttered,2.5118864315095825e-05,4.4
butter,2.5118864315095825e-05,4.4
columbia,2.5118864315095825e-05,4.4
conclusions,2.5118864315095825e-05,4.4
conclusion,2.5118864315095825e-05,4.4
confirms,2.5118864315095825e-05,4.4
confirm,2.5118864315095825e-05,4.4
confirming,2.5118864315095825e-05,4.4
congratulations,2.5118864315095825e-05,4.4
convinced,2.5118864315095825e-05,4.4
crap,2.5118864315095825e-05,4.4
crystals,2.5118864315095825e-05,4.4
crystal,2.5118864315095825e-05,4.4
deaned,2.5118864315095825e-05,4.4
deans,2.5118864315095825e-05,4.4
dean,2.5118864315095825e-05,4.4
deaning,2.5118864315095825e-05,4.4
decent,2.5118864315095825e-05,4.4
declines,2.5118864315095825e-05,4.4
declining,2.5118864315095825e-05,4.4
declined,2.5118864315095825e-05,4.4
decline,2.5118864315095825e-05,4.4
delay,2.5118864315095825e-05,4.4
delays,2.5118864315095825e-05,4.4
delayed,2.5118864315095825e-05,4.4
delaying,2.5118864315095825e-05,4.4
desert,2.5118864315095825e-05,4.4
deserting,2.5118864315095825e-05,4.4
deserted,2.5118864315095825e-05,4.4
deserts,2.5118864315095825e-05,4.4
downtown,2.5118864315095825e-05,4.4
downtowns,2.5118864315095825e-05,4.4
elite,2.5118864315095825e-05,4.4
elites,2.5118864315095825e-05,4.4
forth,2.5118864315095825e-05,4.4
hadn't,2.5118864315095825e-05,4.4
hires,2.5118864315095825e-05,4.4
hiring,2.5118864315095825e-05,4.4
hire,2.5118864315095825e-05,4.4
hopping,2.5118864315095825e-05,4.4
hop,2.5118864315095825e-05,4.4
hopped,2.5118864315095825e-05,4.4
hops,2.5118864315095825e-05,4.4
insane,2.5118864315095825e-05,4.4
installed,2.5118864315095825e-05,4.4
israeli,2.5118864315095825e-05,4.4
landings,2.5118864315095825e-05,4.4
layers,2.5118864315095825e-05,4.4
layered,2.5118864315095825e-05,4.4
layer,2.5118864315095825e-05,4.4
layering,2.5118864315095825e-05,4.4
marry,2.5118864315095825e-05,4.4
marrying,2.5118864315095825e-05,4.4
marries,2.5118864315095825e-05,4.4
nah,2.5118864315095825e-05,4.4
nowhere,2.5118864315095825e-05,4.4
nursing,2.5118864315095825e-05,4.4
nursed,2.5118864315095825e-05,4.4
nurses,2.5118864315095825e-05,4.4
nurse,2.5118864315095825e-05,4.4
obtain,2.5118864315095825e-05,4.4
obtains,2.5118864315095825e-05,4.4
obtaining,2.5118864315095825e-05,4.4
organics,2.5118864315095825e-05,4.4
organic,2.5118864315095825e-05,4.4
ownership,2.5118864315095825e-05,4.4
participants,2.5118864315095825e-05,4.4
pennsylvania,2.5118864315095825e-05,4.4
poetry,2.5118864315095825e-05,4.4
potting,2.5118864315095825e-05,4.4
pots,2.5118864315095825e-05,4.4
potted,2.5118864315095825e-05,4.4
pot,2.5118864315095825e-05,4.4
praying,2.5118864315095825e-05,4.4
prays,2.5118864315095825e-05,4.4
pray,2.5118864315095825e-05,4.4
prayed,2.5118864315095825e-05,4.4
recalls,2.5118864315095825e-05,4.4
recalled,2.5118864315095825e-05,4.4
recalling,2.5118864315095825e-05,4.4
recall,2.5118864315095825e-05,4.4
rugby,2.5118864315095825e-05,4.4
sakes,2.5118864315095825e-05,4.4
sake,2.5118864315095825e-05,4.4
sheeting,2.5118864315095825e-05,4.4
sheets,2.5118864315095825e-05,4.4
sheet,2.5118864315095825e-05,4.4
sheeted,2.5118864315095825e-05,4.4
smooths,2.5118864315095825e-05,4.4
smoothest,2.5118864315095825e-05,4.4
smoothed,2.5118864315095825e-05,4.4
smoothing,2.5118864315095825e-05,4.4
smooth,2.5118864315095825e-05,4.4
smoothes,2.5118864315095825e-05,4.4
smoother,2.5118864315095825e-05,4.4
spirituals,2.5118864315095825e-05,4.4
spiritual,2.5118864315095825e-05,4.4
stringing,2.5118864315095825e-05,4.4
strung,2.5118864315095825e-05,4.4
string,2.5118864315095825e-05,4.4
strings,2.5118864315095825e-05,4.4
sudden,2.5118864315095825e-05,4.4
sweden,2.5118864315095825e-05,4.4
syria,2.5118864315095825e-05,4.4
vacationing,2.5118864315095825e-05,4.4
vacation,2.5118864315095825e-05,4.4
vacationed,2.5118864315095825e-05,4.4
vacations,2.5118864315095825e-05,4.4
abroad,2.454708915685029e-05,4.39
arab,2.454708915685029e-05,4.39
assigned,2.454708915685029e-05,4.39
associate,2.454708915685029e-05,4.39
associating,2.454708915685029e-05,4.39
associates,2.454708915685029e-05,4.39
atlantic,2.454708915685029e-05,4.39
bench,2.454708915685029e-05,4.39
benches,2.454708915685029e-05,4.39
bother,2.454708915685029e-05,4.39
bothered,2.454708915685029e-05,4.39
bothering,2.454708915685029e-05,4.39
bothers,2.454708915685029e-05,4.39
broadcasting,2.454708915685029e-05,4.39
broadcasts,2.454708915685029e-05,4.39
broadcast,2.454708915685029e-05,4.39
broadcasted,2.454708915685029e-05,4.39
bye,2.454708915685029e-05,4.39
cambridge,2.454708915685029e-05,4.39
citizen,2.454708915685029e-05,4.39
compete,2.454708915685029e-05,4.39
competes,2.454708915685029e-05,4.39
competing,2.454708915685029e-05,4.39
competed,2.454708915685029e-05,4.39
consists,2.454708915685029e-05,4.39
contributed,2.454708915685029e-05,4.39
cricket,2.454708915685029e-05,4.39
crickets,2.454708915685029e-05,4.39
critics,2.454708915685029e-05,4.39
disasters,2.454708915685029e-05,4.39
disaster,2.454708915685029e-05,4.39
discover,2.454708915685029e-05,4.39
discovering,2.454708915685029e-05,4.39
discovers,2.454708915685029e-05,4.39
disney,2.454708915685029e-05,4.39
entrance,2.454708915685029e-05,4.39
entrances,2.454708915685029e-05,4.39
entranced,2.454708915685029e-05,4.39
entrancing,2.454708915685029e-05,4.39
equally,2.454708915685029e-05,4.39
fitnesses,2.454708915685029e-05,4.39
fitness,2.454708915685029e-05,4.39
francis,2.454708915685029e-05,4.39
friendships,2.454708915685029e-05,4.39
friendship,2.454708915685029e-05,4.39
gary,2.454708915685029e-05,4.39
handlings,2.454708915685029e-05,4.39
idiot,2.454708915685029e-05,4.39
idiots,2.454708915685029e-05,4.39
intensest,2.454708915685029e-05,4.39
intenser,2.454708915685029e-05,4.39
intense,2.454708915685029e-05,4.39
lifetimes,2.454708915685029e-05,4.39
lifetime,2.454708915685029e-05,4.39
liquids,2.454708915685029e-05,4.39
liquid,2.454708915685029e-05,4.39
makeups,2.454708915685029e-05,4.39
makeup,2.454708915685029e-05,4.39
medals,2.454708915685029e-05,4.39
medal,2.454708915685029e-05,4.39
mortgages,2.454708915685029e-05,4.39
mortgaging,2.454708915685029e-05,4.39
mortgaged,2.454708915685029e-05,4.39
mortgage,2.454708915685029e-05,4.39
narrative,2.454708915685029e-05,4.39
narratives,2.454708915685029e-05,4.39
narrower,2.454708915685029e-05,4.39
narrows,2.454708915685029e-05,4.39
narrowest,2.454708915685029e-05,4.39
narrowed,2.454708915685029e-05,4.39
narrow,2.454708915685029e-05,4.39
narrowing,2.454708915685029e-05,4.39
nba,2.454708915685029e-05,4.39
observed,2.454708915685029e-05,4.39
occasionally,2.454708915685029e-05,4.39
one's,2.454708915685029e-05,4.39
panned,2.454708915685029e-05,4.39
pans,2.454708915685029e-05,4.39
panning,2.454708915685029e-05,4.39
pan,2.454708915685029e-05,4.39
physics,2.454708915685029e-05,4.39
postings,2.454708915685029e-05,4.39
potentially,2.454708915685029e-05,4.39
reductions,2.454708915685029e-05,4.39
reduction,2.454708915685029e-05,4.39
reflected,2.454708915685029e-05,4.39
reflecting,2.454708915685029e-05,4.39
reflect,2.454708915685029e-05,4.39
reflects,2.454708915685029e-05,4.39
refusing,2.454708915685029e-05,4.39
refuse,2.454708915685029e-05,4.39
refuses,2.454708915685029e-05,4.39
researchers,2.454708915685029e-05,4.39
resourcing,2.454708915685029e-05,4.39
resourced,2.454708915685029e-05,4.39
resource,2.454708915685029e-05,4.39
roger,2.454708915685029e-05,4.39
ross,2.454708915685029e-05,4.39
seattle,2.454708915685029e-05,4.39
shell,2.454708915685029e-05,4.39
shells,2.454708915685029e-05,4.39
shelled,2.454708915685029e-05,4.39
shelling,2.454708915685029e-05,4.39
silliest,2.454708915685029e-05,4.39
sillier,2.454708915685029e-05,4.39
silly,2.454708915685029e-05,4.39
sillies,2.454708915685029e-05,4.39
subsequent,2.454708915685029e-05,4.39
they'd,2.454708915685029e-05,4.39
translations,2.454708915685029e-05,4.39
translation,2.454708915685029e-05,4.39
visibles,2.454708915685029e-05,4.39
visible,2.454708915685029e-05,4.39
yep,2.454708915685029e-05,4.39
allen,2.39883291901949e-05,4.38
amendment,2.39883291901949e-05,4.38
amendments,2.39883291901949e-05,4.38
angled,2.39883291901949e-05,4.38
angle,2.39883291901949e-05,4.38
angling,2.39883291901949e-05,4.38
angles,2.39883291901949e-05,4.38
arizona,2.39883291901949e-05,4.38
arrives,2.39883291901949e-05,4.38
arrive,2.39883291901949e-05,4.38
arriving,2.39883291901949e-05,4.38
belongs,2.39883291901949e-05,4.38
belonging,2.39883291901949e-05,4.38
belong,2.39883291901949e-05,4.38
belonged,2.39883291901949e-05,4.38
berlin,2.39883291901949e-05,4.38
bishop,2.39883291901949e-05,4.38
bishops,2.39883291901949e-05,4.38
clark,2.39883291901949e-05,4.38
commonly,2.39883291901949e-05,4.38
connects,2.39883291901949e-05,4.38
connect,2.39883291901949e-05,4.38
connecting,2.39883291901949e-05,4.38
defensive,2.39883291901949e-05,4.38
efficiency,2.39883291901949e-05,4.38
efficiencies,2.39883291901949e-05,4.38
enterprises,2.39883291901949e-05,4.38
enterprise,2.39883291901949e-05,4.38
experiment,2.39883291901949e-05,4.38
experiments,2.39883291901949e-05,4.38
experimenting,2.39883291901949e-05,4.38
experimented,2.39883291901949e-05,4.38
feb,2.39883291901949e-05,4.38
forums,2.39883291901949e-05,4.38
fora,2.39883291901949e-05,4.38
forum,2.39883291901949e-05,4.38
grass,2.39883291901949e-05,4.38
grassed,2.39883291901949e-05,4.38
grasses,2.39883291901949e-05,4.38
grassing,2.39883291901949e-05,4.38
hence,2.39883291901949e-05,4.38
increasingly,2.39883291901949e-05,4.38
incredibly,2.39883291901949e-05,4.38
iv,2.39883291901949e-05,4.38
jay,2.39883291901949e-05,4.38
jays,2.39883291901949e-05,4.38
journalists,2.39883291901949e-05,4.38
journalist,2.39883291901949e-05,4.38
mills,2.39883291901949e-05,4.38
milling,2.39883291901949e-05,4.38
mill,2.39883291901949e-05,4.38
milled,2.39883291901949e-05,4.38
mo,2.39883291901949e-05,4.38
occasioning,2.39883291901949e-05,4.38
occasioned,2.39883291901949e-05,4.38
occasion,2.39883291901949e-05,4.38
occasions,2.39883291901949e-05,4.38
oxfords,2.39883291901949e-05,4.38
oxford,2.39883291901949e-05,4.38
paces,2.39883291901949e-05,4.38
paced,2.39883291901949e-05,4.38
pace,2.39883291901949e-05,4.38
pacing,2.39883291901949e-05,4.38
passenger,2.39883291901949e-05,4.38
passengers,2.39883291901949e-05,4.38
penned,2.39883291901949e-05,4.38
penning,2.39883291901949e-05,4.38
pen,2.39883291901949e-05,4.38
pens,2.39883291901949e-05,4.38
popes,2.39883291901949e-05,4.38
pope,2.39883291901949e-05,4.38
possession,2.39883291901949e-05,4.38
possessions,2.39883291901949e-05,4.38
pp,2.39883291901949e-05,4.38
rapider,2.39883291901949e-05,4.38
rapid,2.39883291901949e-05,4.38
rapids,2.39883291901949e-05,4.38
rapidest,2.39883291901949e-05,4.38
regulation,2.39883291901949e-05,4.38
resident,2.39883291901949e-05,4.38
sixth,2.39883291901949e-05,4.38
spun,2.39883291901949e-05,4.38
spinning,2.39883291901949e-05,4.38
spins,2.39883291901949e-05,4.38
spin,2.39883291901949e-05,4.38
suitable,2.39883291901949e-05,4.38
thirty,2.39883291901949e-05,4.38
valid,2.39883291901949e-05,4.38
vital,2.39883291901949e-05,4.38
whilst,2.39883291901949e-05,4.38
year's,2.39883291901949e-05,4.38
agriculture,2.344228815319923e-05,4.37
alleged,2.344228815319923e-05,4.37
anna,2.344228815319923e-05,4.37
atlanta,2.344228815319923e-05,4.37
christians,2.344228815319923e-05,4.37
collecting,2.344228815319923e-05,4.37
collects,2.344228815319923e-05,4.37
collect,2.344228815319923e-05,4.37
commerce,2.344228815319923e-05,4.37
cop,2.344228815319923e-05,4.37
creeks,2.344228815319923e-05,4.37
creek,2.344228815319923e-05,4.37
currencies,2.344228815319923e-05,4.37
currency,2.344228815319923e-05,4.37
emotions,2.344228815319923e-05,4.37
exhibitions,2.344228815319923e-05,4.37
exhibition,2.344228815319923e-05,4.37
fraud,2.344228815319923e-05,4.37
frauds,2.344228815319923e-05,4.37
funerals,2.344228815319923e-05,4.37
funeral,2.344228815319923e-05,4.37
genuine,2.344228815319923e-05,4.37
god's,2.344228815319923e-05,4.37
gordon,2.344228815319923e-05,4.37
honeys,2.344228815319923e-05,4.37
honey,2.344228815319923e-05,4.37
honours,2.344228815319923e-05,4.37
honouring,2.344228815319923e-05,4.37
honour,2.344228815319923e-05,4.37
honoured,2.344228815319923e-05,4.37
hooks,2.344228815319923e-05,4.37
hook,2.344228815319923e-05,4.37
hooking,2.344228815319923e-05,4.37
hooked,2.344228815319923e-05,4.37
hunters,2.344228815319923e-05,4.37
hunter,2.344228815319923e-05,4.37
immigrants,2.344228815319923e-05,4.37
instructions,2.344228815319923e-05,4.37
introduce,2.344228815319923e-05,4.37
introducing,2.344228815319923e-05,4.37
introduces,2.344228815319923e-05,4.37
kansas,2.344228815319923e-05,4.37
km,2.344228815319923e-05,4.37
legacies,2.344228815319923e-05,4.37
legacy,2.344228815319923e-05,4.37
logging,2.344228815319923e-05,4.37
log,2.344228815319923e-05,4.37
logs,2.344228815319923e-05,4.37
logged,2.344228815319923e-05,4.37
matthew,2.344228815319923e-05,4.37
merely,2.344228815319923e-05,4.37
monitor,2.344228815319923e-05,4.37
monitoring,2.344228815319923e-05,4.37
monitored,2.344228815319923e-05,4.37
monitors,2.344228815319923e-05,4.37
mother's,2.344228815319923e-05,4.37
nov,2.344228815319923e-05,4.37
patrick,2.344228815319923e-05,4.37
phil,2.344228815319923e-05,4.37
prisoners,2.344228815319923e-05,4.37
publishing,2.344228815319923e-05,4.37
ratios,2.344228815319923e-05,4.37
ratioed,2.344228815319923e-05,4.37
ratio,2.344228815319923e-05,4.37
ratioing,2.344228815319923e-05,4.37
regret,2.344228815319923e-05,4.37
regretting,2.344228815319923e-05,4.37
regrets,2.344228815319923e-05,4.37
regretted,2.344228815319923e-05,4.37
rejected,2.344228815319923e-05,4.37
reminded,2.344228815319923e-05,4.37
remind,2.344228815319923e-05,4.37
reminding,2.344228815319923e-05,4.37
reminds,2.344228815319923e-05,4.37
resort,2.344228815319923e-05,4.37
resorting,2.344228815319923e-05,4.37
resorts,2.344228815319923e-05,4.37
resorted,2.344228815319923e-05,4.37
reversed,2.344228815319923e-05,4.37
reverses,2.344228815319923e-05,4.37
reversing,2.344228815319923e-05,4.37
reverse,2.344228815319923e-05,4.37
routine,2.344228815319923e-05,4.37
routines,2.344228815319923e-05,4.37
scariest,2.344228815319923e-05,4.37
scarier,2.344228815319923e-05,4.37
scary,2.344228815319923e-05,4.37
seeded,2.344228815319923e-05,4.37
seeding,2.344228815319923e-05,4.37
seeds,2.344228815319923e-05,4.37
seed,2.344228815319923e-05,4.37
settling,2.344228815319923e-05,4.37
settle,2.344228815319923e-05,4.37
settles,2.344228815319923e-05,4.37
sins,2.344228815319923e-05,4.37
sin,2.344228815319923e-05,4.37
sinned,2.344228815319923e-05,4.37
sinning,2.344228815319923e-05,4.37
spelled,2.344228815319923e-05,4.37
spells,2.344228815319923e-05,4.37
spell,2.344228815319923e-05,4.37
spelt,2.344228815319923e-05,4.37
spelling,2.344228815319923e-05,4.37
summaries,2.344228815319923e-05,4.37
summary,2.344228815319923e-05,4.37
survivals,2.344228815319923e-05,4.37
survival,2.344228815319923e-05,4.37
swords,2.344228815319923e-05,4.37
sword,2.344228815319923e-05,4.37
tongued,2.344228815319923e-05,4.37
tonguing,2.344228815319923e-05,4.37
tongue,2.344228815319923e-05,4.37
tongues,2.344228815319923e-05,4.37
ward,2.344228815319923e-05,4.37
warded,2.344228815319923e-05,4.37
warding,2.344228815319923e-05,4.37
wards,2.344228815319923e-05,4.37
wayne,2.344228815319923e-05,4.37
achievements,2.290867652767775e-05,4.36
achievement,2.290867652767775e-05,4.36
anderson,2.290867652767775e-05,4.36
asleep,2.290867652767775e-05,4.36
austin,2.290867652767775e-05,4.36
automatics,2.290867652767775e-05,4.36
automatic,2.290867652767775e-05,4.36
behaviours,2.290867652767775e-05,4.36
behaviour,2.290867652767775e-05,4.36
cd,2.290867652767775e-05,4.36
coated,2.290867652767775e-05,4.36
coats,2.290867652767775e-05,4.36
coating,2.290867652767775e-05,4.36
coat,2.290867652767775e-05,4.36
comprehensive,2.290867652767775e-05,4.36
consenting,2.290867652767775e-05,4.36
consent,2.290867652767775e-05,4.36
consents,2.290867652767775e-05,4.36
consented,2.290867652767775e-05,4.36
daddy,2.290867652767775e-05,4.36
daddies,2.290867652767775e-05,4.36
destruction,2.290867652767775e-05,4.36
destructions,2.290867652767775e-05,4.36
diego,2.290867652767775e-05,4.36
divorcing,2.290867652767775e-05,4.36
divorce,2.290867652767775e-05,4.36
divorces,2.290867652767775e-05,4.36
divorced,2.290867652767775e-05,4.36
doc,2.290867652767775e-05,4.36
droves,2.290867652767775e-05,4.36
engage,2.290867652767775e-05,4.36
engages,2.290867652767775e-05,4.36
engaging,2.290867652767775e-05,4.36
extraordinary,2.290867652767775e-05,4.36
fating,2.290867652767775e-05,4.36
fated,2.290867652767775e-05,4.36
fates,2.290867652767775e-05,4.36
fate,2.290867652767775e-05,4.36
frequencies,2.290867652767775e-05,4.36
frequency,2.290867652767775e-05,4.36
genes,2.290867652767775e-05,4.36
gene,2.290867652767775e-05,4.36
glories,2.290867652767775e-05,4.36
gloried,2.290867652767775e-05,4.36
glorying,2.290867652767775e-05,4.36
glory,2.290867652767775e-05,4.36
headquarters,2.290867652767775e-05,4.36
heritages,2.290867652767775e-05,4.36
heritage,2.290867652767775e-05,4.36
initiative,2.290867652767775e-05,4.36
initiatives,2.290867652767775e-05,4.36
jean,2.290867652767775e-05,4.36
juicing,2.290867652767775e-05,4.36
juices,2.290867652767775e-05,4.36
juiced,2.290867652767775e-05,4.36
juice,2.290867652767775e-05,4.36
landscapes,2.290867652767775e-05,4.36
landscaped,2.290867652767775e-05,4.36
landscape,2.290867652767775e-05,4.36
landscaping,2.290867652767775e-05,4.36
logics,2.290867652767775e-05,4.36
logic,2.290867652767775e-05,4.36
melbourne,2.290867652767775e-05,4.36
microsoft,2.290867652767775e-05,4.36
objectives,2.290867652767775e-05,4.36
objective,2.290867652767775e-05,4.36
organisation,2.290867652767775e-05,4.36
organisations,2.290867652767775e-05,4.36
privacy,2.290867652767775e-05,4.36
regards,2.290867652767775e-05,4.36
regard,2.290867652767775e-05,4.36
regarded,2.290867652767775e-05,4.36
residences,2.290867652767775e-05,4.36
residence,2.290867652767775e-05,4.36
roughly,2.290867652767775e-05,4.36
salaried,2.290867652767775e-05,4.36
salaries,2.290867652767775e-05,4.36
salarying,2.290867652767775e-05,4.36
salary,2.290867652767775e-05,4.36
scorings,2.290867652767775e-05,4.36
scripting,2.290867652767775e-05,4.36
scripts,2.290867652767775e-05,4.36
script,2.290867652767775e-05,4.36
scripted,2.290867652767775e-05,4.36
stripping,2.290867652767775e-05,4.36
strips,2.290867652767775e-05,4.36
stripped,2.290867652767775e-05,4.36
strip,2.290867652767775e-05,4.36
surrounded,2.290867652767775e-05,4.36
threatened,2.290867652767775e-05,4.36
tube,2.290867652767775e-05,4.36
tubes,2.290867652767775e-05,4.36
walter,2.290867652767775e-05,4.36
wisconsin,2.290867652767775e-05,4.36
would've,2.290867652767775e-05,4.36
00m,2.238721138568338e-05,4.35
a.m,2.238721138568338e-05,4.35
ambassador,2.238721138568338e-05,4.35
ambassadors,2.238721138568338e-05,4.35
ann,2.238721138568338e-05,4.35
apps,2.238721138568338e-05,4.35
breast,2.238721138568338e-05,4.35
breasted,2.238721138568338e-05,4.35
breasts,2.238721138568338e-05,4.35
breasting,2.238721138568338e-05,4.35
cants,2.238721138568338e-05,4.35
cant,2.238721138568338e-05,4.35
canted,2.238721138568338e-05,4.35
canting,2.238721138568338e-05,4.35
carter,2.238721138568338e-05,4.35
chelsea,2.238721138568338e-05,4.35
chemistry,2.238721138568338e-05,4.35
chemistries,2.238721138568338e-05,4.35
concluded,2.238721138568338e-05,4.35
consumption,2.238721138568338e-05,4.35
consumptions,2.238721138568338e-05,4.35
corruption,2.238721138568338e-05,4.35
corruptions,2.238721138568338e-05,4.35
cottons,2.238721138568338e-05,4.35
cotton,2.238721138568338e-05,4.35
detroit,2.238721138568338e-05,4.35
discounts,2.238721138568338e-05,4.35
discount,2.238721138568338e-05,4.35
discounting,2.238721138568338e-05,4.35
discounted,2.238721138568338e-05,4.35
dozens,2.238721138568338e-05,4.35
dozen,2.238721138568338e-05,4.35
epic,2.238721138568338e-05,4.35
epics,2.238721138568338e-05,4.35
exceptions,2.238721138568338e-05,4.35
exception,2.238721138568338e-05,4.35
exit,2.238721138568338e-05,4.35
exited,2.238721138568338e-05,4.35
exits,2.238721138568338e-05,4.35
exiting,2.238721138568338e-05,4.35
expanded,2.238721138568338e-05,4.35
expanding,2.238721138568338e-05,4.35
expands,2.238721138568338e-05,4.35
expand,2.238721138568338e-05,4.35
fancied,2.238721138568338e-05,4.35
fancies,2.238721138568338e-05,4.35
fancying,2.238721138568338e-05,4.35
fancier,2.238721138568338e-05,4.35
fancy,2.238721138568338e-05,4.35
fanciest,2.238721138568338e-05,4.35
gorgeous,2.238721138568338e-05,4.35
grateful,2.238721138568338e-05,4.35
impression,2.238721138568338e-05,4.35
impressions,2.238721138568338e-05,4.35
indicate,2.238721138568338e-05,4.35
indicates,2.238721138568338e-05,4.35
indicating,2.238721138568338e-05,4.35
indicated,2.238721138568338e-05,4.35
inputting,2.238721138568338e-05,4.35
inputted,2.238721138568338e-05,4.35
inputs,2.238721138568338e-05,4.35
input,2.238721138568338e-05,4.35
johnny,2.238721138568338e-05,4.35
josh,2.238721138568338e-05,4.35
knocked,2.238721138568338e-05,4.35
knocking,2.238721138568338e-05,4.35
knock,2.238721138568338e-05,4.35
knocks,2.238721138568338e-05,4.35
leathering,2.238721138568338e-05,4.35
leathered,2.238721138568338e-05,4.35
leather,2.238721138568338e-05,4.35
leathers,2.238721138568338e-05,4.35
lips,2.238721138568338e-05,4.35
luxury,2.238721138568338e-05,4.35
luxuries,2.238721138568338e-05,4.35
lyrics,2.238721138568338e-05,4.35
manufacturers,2.238721138568338e-05,4.35
oct,2.238721138568338e-05,4.35
ought,2.238721138568338e-05,4.35
outcome,2.238721138568338e-05,4.35
outcomes,2.238721138568338e-05,4.35
polls,2.238721138568338e-05,4.35
polled,2.238721138568338e-05,4.35
poll,2.238721138568338e-05,4.35
polling,2.238721138568338e-05,4.35
removal,2.238721138568338e-05,4.35
removals,2.238721138568338e-05,4.35
rep,2.238721138568338e-05,4.35
reporter,2.238721138568338e-05,4.35
reporters,2.238721138568338e-05,4.35
rio,2.238721138568338e-05,4.35
robs,2.238721138568338e-05,4.35
rob,2.238721138568338e-05,4.35
robbing,2.238721138568338e-05,4.35
robbed,2.238721138568338e-05,4.35
screaming,2.238721138568338e-05,4.35
sept,2.238721138568338e-05,4.35
sequences,2.238721138568338e-05,4.35
sequenced,2.238721138568338e-05,4.35
sequence,2.238721138568338e-05,4.35
sequencing,2.238721138568338e-05,4.35
singapore,2.238721138568338e-05,4.35
stretched,2.238721138568338e-05,4.35
stretching,2.238721138568338e-05,4.35
stretch,2.238721138568338e-05,4.35
stretches,2.238721138568338e-05,4.35
tore,2.238721138568338e-05,4.35
teared,2.238721138568338e-05,4.35
tear,2.238721138568338e-05,4.35
torn,2.238721138568338e-05,4.35
tearing,2.238721138568338e-05,4.35
tennis,2.238721138568338e-05,4.35
terrorist,2.238721138568338e-05,4.35
terrorists,2.238721138568338e-05,4.35
theater,2.238721138568338e-05,4.35
theaters,2.238721138568338e-05,4.35
twelve,2.238721138568338e-05,4.35
virgins,2.238721138568338e-05,4.35
virgin,2.238721138568338e-05,4.35
wolfing,2.238721138568338e-05,4.35
wolf,2.238721138568338e-05,4.35
wolves,2.238721138568338e-05,4.35
wolfs,2.238721138568338e-05,4.35
wolfed,2.238721138568338e-05,4.35
absences,2.187761623949552e-05,4.34
absence,2.187761623949552e-05,4.34
agricultural,2.187761623949552e-05,4.34
asshole,2.187761623949552e-05,4.34
athletes,2.187761623949552e-05,4.34
bruce,2.187761623949552e-05,4.34
bulling,2.187761623949552e-05,4.34
bull,2.187761623949552e-05,4.34
bulls,2.187761623949552e-05,4.34
bulled,2.187761623949552e-05,4.34
commonwealths,2.187761623949552e-05,4.34
commonwealth,2.187761623949552e-05,4.34
contribute,2.187761623949552e-05,4.34
contributes,2.187761623949552e-05,4.34
contributing,2.187761623949552e-05,4.34
contribution,2.187761623949552e-05,4.34
contributions,2.187761623949552e-05,4.34
delicious,2.187761623949552e-05,4.34
denies,2.187761623949552e-05,4.34
deny,2.187761623949552e-05,4.34
denying,2.187761623949552e-05,4.34
eases,2.187761623949552e-05,4.34
eased,2.187761623949552e-05,4.34
ease,2.187761623949552e-05,4.34
easing,2.187761623949552e-05,4.34
extending,2.187761623949552e-05,4.34
extend,2.187761623949552e-05,4.34
extends,2.187761623949552e-05,4.34
fame,2.187761623949552e-05,4.34
faming,2.187761623949552e-05,4.34
famed,2.187761623949552e-05,4.34
fames,2.187761623949552e-05,4.34
flooded,2.187761623949552e-05,4.34
flood,2.187761623949552e-05,4.34
flooding,2.187761623949552e-05,4.34
floods,2.187761623949552e-05,4.34
generated,2.187761623949552e-05,4.34
genetic,2.187761623949552e-05,4.34
impressed,2.187761623949552e-05,4.34
instants,2.187761623949552e-05,4.34
instant,2.187761623949552e-05,4.34
investors,2.187761623949552e-05,4.34
involves,2.187761623949552e-05,4.34
kate,2.187761623949552e-05,4.34
liberty,2.187761623949552e-05,4.34
liberties,2.187761623949552e-05,4.34
man's,2.187761623949552e-05,4.34
maria,2.187761623949552e-05,4.34
monitorings,2.187761623949552e-05,4.34
photographs,2.187761623949552e-05,4.34
principle,2.187761623949552e-05,4.34
progressives,2.187761623949552e-05,4.34
progressive,2.187761623949552e-05,4.34
punishment,2.187761623949552e-05,4.34
punishments,2.187761623949552e-05,4.34
rallied,2.187761623949552e-05,4.34
rallying,2.187761623949552e-05,4.34
rally,2.187761623949552e-05,4.34
rallies,2.187761623949552e-05,4.34
rapidly,2.187761623949552e-05,4.34
reader,2.187761623949552e-05,4.34
representations,2.187761623949552e-05,4.34
representation,2.187761623949552e-05,4.34
summed,2.187761623949552e-05,4.34
sums,2.187761623949552e-05,4.34
summing,2.187761623949552e-05,4.34
sum,2.187761623949552e-05,4.34
swung,2.187761623949552e-05,4.34
swings,2.187761623949552e-05,4.34
swing,2.187761623949552e-05,4.34
swinging,2.187761623949552e-05,4.34
tailing,2.187761623949552e-05,4.34
tail,2.187761623949552e-05,4.34
tails,2.187761623949552e-05,4.34
tailed,2.187761623949552e-05,4.34
twinned,2.187761623949552e-05,4.34
twin,2.187761623949552e-05,4.34
twinning,2.187761623949552e-05,4.34
twins,2.187761623949552e-05,4.34
upcoming,2.187761623949552e-05,4.34
veterans,2.187761623949552e-05,4.34
alerts,2.1379620895022323e-05,4.33
alert,2.1379620895022323e-05,4.33
alerted,2.1379620895022323e-05,4.33
alerting,2.1379620895022323e-05,4.33
arena,2.1379620895022323e-05,4.33
arenas,2.1379620895022323e-05,4.33
aug,2.1379620895022323e-05,4.33
billies,2.1379620895022323e-05,4.33
billys,2.1379620895022323e-05,4.33
billy,2.1379620895022323e-05,4.33
booming,2.1379620895022323e-05,4.33
booms,2.1379620895022323e-05,4.33
boom,2.1379620895022323e-05,4.33
boomed,2.1379620895022323e-05,4.33
boots,2.1379620895022323e-05,4.33
braving,2.1379620895022323e-05,4.33
brave,2.1379620895022323e-05,4.33
braves,2.1379620895022323e-05,4.33
bravest,2.1379620895022323e-05,4.33
braved,2.1379620895022323e-05,4.33
braver,2.1379620895022323e-05,4.33
columns,2.1379620895022323e-05,4.33
column,2.1379620895022323e-05,4.33
commits,2.1379620895022323e-05,4.33
commit,2.1379620895022323e-05,4.33
committing,2.1379620895022323e-05,4.33
compensations,2.1379620895022323e-05,4.33
compensation,2.1379620895022323e-05,4.33
compositions,2.1379620895022323e-05,4.33
composition,2.1379620895022323e-05,4.33
conservation,2.1379620895022323e-05,4.33
conservations,2.1379620895022323e-05,4.33
constitutional,2.1379620895022323e-05,4.33
constitutionals,2.1379620895022323e-05,4.33
crossings,2.1379620895022323e-05,4.33
d.c,2.1379620895022323e-05,4.33
density,2.1379620895022323e-05,4.33
densities,2.1379620895022323e-05,4.33
di,2.1379620895022323e-05,4.33
difficulties,2.1379620895022323e-05,4.33
difficulty,2.1379620895022323e-05,4.33
elementary,2.1379620895022323e-05,4.33
ethnic,2.1379620895022323e-05,4.33
ethnics,2.1379620895022323e-05,4.33
expenses,2.1379620895022323e-05,4.33
fleet,2.1379620895022323e-05,4.33
fleets,2.1379620895022323e-05,4.33
fostering,2.1379620895022323e-05,4.33
foster,2.1379620895022323e-05,4.33
fosters,2.1379620895022323e-05,4.33
fostered,2.1379620895022323e-05,4.33
fuckin,2.1379620895022323e-05,4.33
fundamental,2.1379620895022323e-05,4.33
fundamentals,2.1379620895022323e-05,4.33
gen,2.1379620895022323e-05,4.33
genius,2.1379620895022323e-05,4.33
geniuses,2.1379620895022323e-05,4.33
greatly,2.1379620895022323e-05,4.33
guidance,2.1379620895022323e-05,4.33
guidances,2.1379620895022323e-05,4.33
infections,2.1379620895022323e-05,4.33
infection,2.1379620895022323e-05,4.33
instagram,2.1379620895022323e-05,4.33
intention,2.1379620895022323e-05,4.33
intentions,2.1379620895022323e-05,4.33
iowa,2.1379620895022323e-05,4.33
kneeing,2.1379620895022323e-05,4.33
knees,2.1379620895022323e-05,4.33
knee,2.1379620895022323e-05,4.33
kneed,2.1379620895022323e-05,4.33
mechanical,2.1379620895022323e-05,4.33
nigeria,2.1379620895022323e-05,4.33
participation,2.1379620895022323e-05,4.33
participations,2.1379620895022323e-05,4.33
precious,2.1379620895022323e-05,4.33
pregnancy,2.1379620895022323e-05,4.33
pregnancies,2.1379620895022323e-05,4.33
premiums,2.1379620895022323e-05,4.33
premium,2.1379620895022323e-05,4.33
pretending,2.1379620895022323e-05,4.33
pretends,2.1379620895022323e-05,4.33
pretended,2.1379620895022323e-05,4.33
pretend,2.1379620895022323e-05,4.33
priests,2.1379620895022323e-05,4.33
priest,2.1379620895022323e-05,4.33
prominent,2.1379620895022323e-05,4.33
prominents,2.1379620895022323e-05,4.33
proven,2.1379620895022323e-05,4.33
radicals,2.1379620895022323e-05,4.33
radical,2.1379620895022323e-05,4.33
residential,2.1379620895022323e-05,4.33
reward,2.1379620895022323e-05,4.33
rewarding,2.1379620895022323e-05,4.33
rewarded,2.1379620895022323e-05,4.33
rewards,2.1379620895022323e-05,4.33
robins,2.1379620895022323e-05,4.33
robin,2.1379620895022323e-05,4.33
russell,2.1379620895022323e-05,4.33
satellite,2.1379620895022323e-05,4.33
satellites,2.1379620895022323e-05,4.33
shake,2.1379620895022323e-05,4.33
shakes,2.1379620895022323e-05,4.33
shaking,2.1379620895022323e-05,4.33
shaken,2.1379620895022323e-05,4.33
shook,2.1379620895022323e-05,4.33
shored,2.1379620895022323e-05,4.33
shore,2.1379620895022323e-05,4.33
shoring,2.1379620895022323e-05,4.33
shores,2.1379620895022323e-05,4.33
stats,2.1379620895022323e-05,4.33
substantial,2.1379620895022323e-05,4.33
teen,2.1379620895022323e-05,4.33
teens,2.1379620895022323e-05,4.33
transmissions,2.1379620895022323e-05,4.33
transmission,2.1379620895022323e-05,4.33
trapping,2.1379620895022323e-05,4.33
trapped,2.1379620895022323e-05,4.33
traps,2.1379620895022323e-05,4.33
trap,2.1379620895022323e-05,4.33
uniform,2.1379620895022323e-05,4.33
uniforms,2.1379620895022323e-05,4.33
uniformed,2.1379620895022323e-05,4.33
uniforming,2.1379620895022323e-05,4.33
wildlife,2.1379620895022323e-05,4.33
wooden,2.1379620895022323e-05,4.33
ads,2.089296130854041e-05,4.32
aggressives,2.089296130854041e-05,4.32
aggressive,2.089296130854041e-05,4.32
anne,2.089296130854041e-05,4.32
apparent,2.089296130854041e-05,4.32
bangs,2.089296130854041e-05,4.32
banging,2.089296130854041e-05,4.32
bang,2.089296130854041e-05,4.32
banged,2.089296130854041e-05,4.32
blasting,2.089296130854041e-05,4.32
blasted,2.089296130854041e-05,4.32
blasts,2.089296130854041e-05,4.32
blast,2.089296130854041e-05,4.32
communist,2.089296130854041e-05,4.32
communists,2.089296130854041e-05,4.32
complaints,2.089296130854041e-05,4.32
complaint,2.089296130854041e-05,4.32
component,2.089296130854041e-05,4.32
courage,2.089296130854041e-05,4.32
cures,2.089296130854041e-05,4.32
curing,2.089296130854041e-05,4.32
cured,2.089296130854041e-05,4.32
cure,2.089296130854041e-05,4.32
del,2.089296130854041e-05,4.32
desperate,2.089296130854041e-05,4.32
diversity,2.089296130854041e-05,4.32
diversities,2.089296130854041e-05,4.32
eve,2.089296130854041e-05,4.32
faculties,2.089296130854041e-05,4.32
faculty,2.089296130854041e-05,4.32
feedback,2.089296130854041e-05,4.32
feedbacks,2.089296130854041e-05,4.32
fighters,2.089296130854041e-05,4.32
fighter,2.089296130854041e-05,4.32
frozen,2.089296130854041e-05,4.32
humanity,2.089296130854041e-05,4.32
ian,2.089296130854041e-05,4.32
il,2.089296130854041e-05,4.32
innovations,2.089296130854041e-05,4.32
innovation,2.089296130854041e-05,4.32
instruments,2.089296130854041e-05,4.32
investing,2.089296130854041e-05,4.32
invested,2.089296130854041e-05,4.32
invest,2.089296130854041e-05,4.32
invests,2.089296130854041e-05,4.32
jacketing,2.089296130854041e-05,4.32
jackets,2.089296130854041e-05,4.32
jacketed,2.089296130854041e-05,4.32
jacket,2.089296130854041e-05,4.32
justin,2.089296130854041e-05,4.32
legislative,2.089296130854041e-05,4.32
listings,2.089296130854041e-05,4.32
manual,2.089296130854041e-05,4.32
manuals,2.089296130854041e-05,4.32
nursings,2.089296130854041e-05,4.32
occupied,2.089296130854041e-05,4.32
ongoing,2.089296130854041e-05,4.32
operator,2.089296130854041e-05,4.32
operators,2.089296130854041e-05,4.32
painful,2.089296130854041e-05,4.32
pounding,2.089296130854041e-05,4.32
pound,2.089296130854041e-05,4.32
pounded,2.089296130854041e-05,4.32
preparation,2.089296130854041e-05,4.32
preparations,2.089296130854041e-05,4.32
punched,2.089296130854041e-05,4.32
punching,2.089296130854041e-05,4.32
punches,2.089296130854041e-05,4.32
punch,2.089296130854041e-05,4.32
purples,2.089296130854041e-05,4.32
purplest,2.089296130854041e-05,4.32
purple,2.089296130854041e-05,4.32
purpler,2.089296130854041e-05,4.32
railroading,2.089296130854041e-05,4.32
railroad,2.089296130854041e-05,4.32
railroads,2.089296130854041e-05,4.32
railroaded,2.089296130854041e-05,4.32
registration,2.089296130854041e-05,4.32
registrations,2.089296130854041e-05,4.32
ricked,2.089296130854041e-05,4.32
ricking,2.089296130854041e-05,4.32
rick,2.089296130854041e-05,4.32
ricks,2.089296130854041e-05,4.32
romances,2.089296130854041e-05,4.32
romance,2.089296130854041e-05,4.32
someone's,2.089296130854041e-05,4.32
submitted,2.089296130854041e-05,4.32
sufficient,2.089296130854041e-05,4.32
suspended,2.089296130854041e-05,4.32
tissue,2.089296130854041e-05,4.32
tissues,2.089296130854041e-05,4.32
trailer,2.089296130854041e-05,4.32
trailers,2.089296130854041e-05,4.32
ukraine,2.089296130854041e-05,4.32
undergrounds,2.089296130854041e-05,4.32
underground,2.089296130854041e-05,4.32
versus,2.089296130854041e-05,4.32
virtual,2.089296130854041e-05,4.32
wounded,2.089296130854041e-05,4.32
ali,2.0417379446695277e-05,4.31
amongst,2.0417379446695277e-05,4.31
announcements,2.0417379446695277e-05,4.31
announcement,2.0417379446695277e-05,4.31
arranged,2.0417379446695277e-05,4.31
arsenal,2.0417379446695277e-05,4.31
arsenals,2.0417379446695277e-05,4.31
attendings,2.0417379446695277e-05,4.31
attracted,2.0417379446695277e-05,4.31
biological,2.0417379446695277e-05,4.31
biting,2.0417379446695277e-05,4.31
bitten,2.0417379446695277e-05,4.31
bite,2.0417379446695277e-05,4.31
bites,2.0417379446695277e-05,4.31
chip,2.0417379446695277e-05,4.31
chipping,2.0417379446695277e-05,4.31
chipped,2.0417379446695277e-05,4.31
chips,2.0417379446695277e-05,4.31
company's,2.0417379446695277e-05,4.31
dare,2.0417379446695277e-05,4.31
databases,2.0417379446695277e-05,4.31
database,2.0417379446695277e-05,4.31
define,2.0417379446695277e-05,4.31
defining,2.0417379446695277e-05,4.31
defines,2.0417379446695277e-05,4.31
discrimination,2.0417379446695277e-05,4.31
discriminations,2.0417379446695277e-05,4.31
disordered,2.0417379446695277e-05,4.31
disordering,2.0417379446695277e-05,4.31
disorder,2.0417379446695277e-05,4.31
disorders,2.0417379446695277e-05,4.31
distributed,2.0417379446695277e-05,4.31
documentary,2.0417379446695277e-05,4.31
documentaries,2.0417379446695277e-05,4.31
domains,2.0417379446695277e-05,4.31
domain,2.0417379446695277e-05,4.31
dynamic,2.0417379446695277e-05,4.31
edited,2.0417379446695277e-05,4.31
engagements,2.0417379446695277e-05,4.31
engagement,2.0417379446695277e-05,4.31
explore,2.0417379446695277e-05,4.31
explored,2.0417379446695277e-05,4.31
exploring,2.0417379446695277e-05,4.31
explores,2.0417379446695277e-05,4.31
favouring,2.0417379446695277e-05,4.31
favours,2.0417379446695277e-05,4.31
favour,2.0417379446695277e-05,4.31
favoured,2.0417379446695277e-05,4.31
footage,2.0417379446695277e-05,4.31
graves,2.0417379446695277e-05,4.31
gravest,2.0417379446695277e-05,4.31
grave,2.0417379446695277e-05,4.31
graver,2.0417379446695277e-05,4.31
hamilton,2.0417379446695277e-05,4.31
implementations,2.0417379446695277e-05,4.31
implementation,2.0417379446695277e-05,4.31
indiana,2.0417379446695277e-05,4.31
investigating,2.0417379446695277e-05,4.31
investigate,2.0417379446695277e-05,4.31
investigates,2.0417379446695277e-05,4.31
investigated,2.0417379446695277e-05,4.31
jazzed,2.0417379446695277e-05,4.31
jazzes,2.0417379446695277e-05,4.31
jazz,2.0417379446695277e-05,4.31
jazzing,2.0417379446695277e-05,4.31
jon,2.0417379446695277e-05,4.31
jonathan,2.0417379446695277e-05,4.31
laboratories,2.0417379446695277e-05,4.31
laboratory,2.0417379446695277e-05,4.31
lawrence,2.0417379446695277e-05,4.31
lincoln,2.0417379446695277e-05,4.31
literary,2.0417379446695277e-05,4.31
masks,2.0417379446695277e-05,4.31
masking,2.0417379446695277e-05,4.31
masked,2.0417379446695277e-05,4.31
mask,2.0417379446695277e-05,4.31
massachusetts,2.0417379446695277e-05,4.31
midnight,2.0417379446695277e-05,4.31
minnesota,2.0417379446695277e-05,4.31
mouse,2.0417379446695277e-05,4.31
mice,2.0417379446695277e-05,4.31
oscar,2.0417379446695277e-05,4.31
pianos,2.0417379446695277e-05,4.31
piano,2.0417379446695277e-05,4.31
praised,2.0417379446695277e-05,4.31
praise,2.0417379446695277e-05,4.31
praises,2.0417379446695277e-05,4.31
praising,2.0417379446695277e-05,4.31
presentations,2.0417379446695277e-05,4.31
presentation,2.0417379446695277e-05,4.31
psychology,2.0417379446695277e-05,4.31
psychologies,2.0417379446695277e-05,4.31
relation,2.0417379446695277e-05,4.31
restrictions,2.0417379446695277e-05,4.31
rocketing,2.0417379446695277e-05,4.31
rocketed,2.0417379446695277e-05,4.31
rockets,2.0417379446695277e-05,4.31
rocket,2.0417379446695277e-05,4.31
ruining,2.0417379446695277e-05,4.31
ruined,2.0417379446695277e-05,4.31
ruins,2.0417379446695277e-05,4.31
ruin,2.0417379446695277e-05,4.31
saudi,2.0417379446695277e-05,4.31
sean,2.0417379446695277e-05,4.31
sec,2.0417379446695277e-05,4.31
slaving,2.0417379446695277e-05,4.31
slave,2.0417379446695277e-05,4.31
slaved,2.0417379446695277e-05,4.31
slaves,2.0417379446695277e-05,4.31
stabilities,2.0417379446695277e-05,4.31
stability,2.0417379446695277e-05,4.31
steadier,2.0417379446695277e-05,4.31
steadying,2.0417379446695277e-05,4.31
steadiest,2.0417379446695277e-05,4.31
steadies,2.0417379446695277e-05,4.31
steadied,2.0417379446695277e-05,4.31
steady,2.0417379446695277e-05,4.31
symbols,2.0417379446695277e-05,4.31
symbol,2.0417379446695277e-05,4.31
terminal,2.0417379446695277e-05,4.31
terminals,2.0417379446695277e-05,4.31
toilet,2.0417379446695277e-05,4.31
toilets,2.0417379446695277e-05,4.31
treaty,2.0417379446695277e-05,4.31
treaties,2.0417379446695277e-05,4.31
triples,2.0417379446695277e-05,4.31
triple,2.0417379446695277e-05,4.31
tripling,2.0417379446695277e-05,4.31
tripled,2.0417379446695277e-05,4.31
unlikelier,2.0417379446695277e-05,4.31
unlikeliest,2.0417379446695277e-05,4.31
unlikely,2.0417379446695277e-05,4.31
vietnam,2.0417379446695277e-05,4.31
6th,1.9952623149688783e-05,4.3
affair,1.9952623149688783e-05,4.3
agendas,1.9952623149688783e-05,4.3
agenda,1.9952623149688783e-05,4.3
batted,1.9952623149688783e-05,4.3
bats,1.9952623149688783e-05,4.3
batting,1.9952623149688783e-05,4.3
bat,1.9952623149688783e-05,4.3
bowed,1.9952623149688783e-05,4.3
bowing,1.9952623149688783e-05,4.3
bow,1.9952623149688783e-05,4.3
bows,1.9952623149688783e-05,4.3
calendar,1.9952623149688783e-05,4.3
calendaring,1.9952623149688783e-05,4.3
calendared,1.9952623149688783e-05,4.3
calendars,1.9952623149688783e-05,4.3
capes,1.9952623149688783e-05,4.3
cape,1.9952623149688783e-05,4.3
collective,1.9952623149688783e-05,4.3
collectives,1.9952623149688783e-05,4.3
cooperations,1.9952623149688783e-05,4.3
cooperation,1.9952623149688783e-05,4.3
crafts,1.9952623149688783e-05,4.3
craft,1.9952623149688783e-05,4.3
crafted,1.9952623149688783e-05,4.3
crafting,1.9952623149688783e-05,4.3
darkness,1.9952623149688783e-05,4.3
deviled,1.9952623149688783e-05,4.3
devils,1.9952623149688783e-05,4.3
devilled,1.9952623149688783e-05,4.3
deviling,1.9952623149688783e-05,4.3
devil,1.9952623149688783e-05,4.3
devilling,1.9952623149688783e-05,4.3
edits,1.9952623149688783e-05,4.3
edit,1.9952623149688783e-05,4.3
editing,1.9952623149688783e-05,4.3
enable,1.9952623149688783e-05,4.3
enabling,1.9952623149688783e-05,4.3
enables,1.9952623149688783e-05,4.3
enabled,1.9952623149688783e-05,4.3
equity,1.9952623149688783e-05,4.3
equities,1.9952623149688783e-05,4.3
estimates,1.9952623149688783e-05,4.3
failings,1.9952623149688783e-05,4.3
fortune,1.9952623149688783e-05,4.3
fortunes,1.9952623149688783e-05,4.3
goodbye,1.9952623149688783e-05,4.3
goodbyes,1.9952623149688783e-05,4.3
graham,1.9952623149688783e-05,4.3
hardware,1.9952623149688783e-05,4.3
hillary,1.9952623149688783e-05,4.3
intellectuals,1.9952623149688783e-05,4.3
intellectual,1.9952623149688783e-05,4.3
invite,1.9952623149688783e-05,4.3
inviting,1.9952623149688783e-05,4.3
invites,1.9952623149688783e-05,4.3
involvements,1.9952623149688783e-05,4.3
involvement,1.9952623149688783e-05,4.3
kentucky,1.9952623149688783e-05,4.3
madrid,1.9952623149688783e-05,4.3
mi,1.9952623149688783e-05,4.3
nuts,1.9952623149688783e-05,4.3
oregon,1.9952623149688783e-05,4.3
partly,1.9952623149688783e-05,4.3
petition,1.9952623149688783e-05,4.3
petitions,1.9952623149688783e-05,4.3
petitioning,1.9952623149688783e-05,4.3
petitioned,1.9952623149688783e-05,4.3
phrase,1.9952623149688783e-05,4.3
phrases,1.9952623149688783e-05,4.3
phrasing,1.9952623149688783e-05,4.3
phrased,1.9952623149688783e-05,4.3
physically,1.9952623149688783e-05,4.3
racial,1.9952623149688783e-05,4.3
regime,1.9952623149688783e-05,4.3
regimes,1.9952623149688783e-05,4.3
sa,1.9952623149688783e-05,4.3
sauce,1.9952623149688783e-05,4.3
sauces,1.9952623149688783e-05,4.3
sealed,1.9952623149688783e-05,4.3
seal,1.9952623149688783e-05,4.3
seals,1.9952623149688783e-05,4.3
sealing,1.9952623149688783e-05,4.3
shielding,1.9952623149688783e-05,4.3
shields,1.9952623149688783e-05,4.3
shielded,1.9952623149688783e-05,4.3
shield,1.9952623149688783e-05,4.3
similarly,1.9952623149688783e-05,4.3
slides,1.9952623149688783e-05,4.3
slide,1.9952623149688783e-05,4.3
sliding,1.9952623149688783e-05,4.3
slid,1.9952623149688783e-05,4.3
stemming,1.9952623149688783e-05,4.3
stem,1.9952623149688783e-05,4.3
stemmed,1.9952623149688783e-05,4.3
stems,1.9952623149688783e-05,4.3
summit,1.9952623149688783e-05,4.3
summits,1.9952623149688783e-05,4.3
talented,1.9952623149688783e-05,4.3
throats,1.9952623149688783e-05,4.3
throat,1.9952623149688783e-05,4.3
tigers,1.9952623149688783e-05,4.3
tiger,1.9952623149688783e-05,4.3
toys,1.9952623149688783e-05,4.3
toying,1.9952623149688783e-05,4.3
toyed,1.9952623149688783e-05,4.3
toy,1.9952623149688783e-05,4.3
warriors,1.9952623149688783e-05,4.3
wisdom,1.9952623149688783e-05,4.3
wisdoms,1.9952623149688783e-05,4.3
accountings,1.9498445997580456e-05,4.29
alien,1.9498445997580456e-05,4.29
aliens,1.9498445997580456e-05,4.29
awkward,1.9498445997580456e-05,4.29
beasts,1.9498445997580456e-05,4.29
beast,1.9498445997580456e-05,4.29
beefs,1.9498445997580456e-05,4.29
beef,1.9498445997580456e-05,4.29
beefed,1.9498445997580456e-05,4.29
beeves,1.9498445997580456e-05,4.29
beefing,1.9498445997580456e-05,4.29
candied,1.9498445997580456e-05,4.29
candies,1.9498445997580456e-05,4.29
candying,1.9498445997580456e-05,4.29
candy,1.9498445997580456e-05,4.29
carriers,1.9498445997580456e-05,4.29
carrier,1.9498445997580456e-05,4.29
celebration,1.9498445997580456e-05,4.29
celebrations,1.9498445997580456e-05,4.29
celebrity,1.9498445997580456e-05,4.29
celebrities,1.9498445997580456e-05,4.29
certificate,1.9498445997580456e-05,4.29
certificates,1.9498445997580456e-05,4.29
certificating,1.9498445997580456e-05,4.29
certificated,1.9498445997580456e-05,4.29
cited,1.9498445997580456e-05,4.29
clay,1.9498445997580456e-05,4.29
clays,1.9498445997580456e-05,4.29
colleagues,1.9498445997580456e-05,4.29
constructed,1.9498445997580456e-05,4.29
dec,1.9498445997580456e-05,4.29
defaults,1.9498445997580456e-05,4.29
default,1.9498445997580456e-05,4.29
defaulted,1.9498445997580456e-05,4.29
defaulting,1.9498445997580456e-05,4.29
delhi,1.9498445997580456e-05,4.29
derived,1.9498445997580456e-05,4.29
dialogue,1.9498445997580456e-05,4.29
dialogues,1.9498445997580456e-05,4.29
dialogued,1.9498445997580456e-05,4.29
dialoguing,1.9498445997580456e-05,4.29
disabled,1.9498445997580456e-05,4.29
distincter,1.9498445997580456e-05,4.29
distinctest,1.9498445997580456e-05,4.29
distinct,1.9498445997580456e-05,4.29
dragged,1.9498445997580456e-05,4.29
drags,1.9498445997580456e-05,4.29
dragging,1.9498445997580456e-05,4.29
drag,1.9498445997580456e-05,4.29
educated,1.9498445997580456e-05,4.29
eligible,1.9498445997580456e-05,4.29
eligibles,1.9498445997580456e-05,4.29
estimate,1.9498445997580456e-05,4.29
estimating,1.9498445997580456e-05,4.29
execution,1.9498445997580456e-05,4.29
executions,1.9498445997580456e-05,4.29
fifty,1.9498445997580456e-05,4.29
followers,1.9498445997580456e-05,4.29
fool,1.9498445997580456e-05,4.29
fools,1.9498445997580456e-05,4.29
fooled,1.9498445997580456e-05,4.29
fooling,1.9498445997580456e-05,4.29
frameworks,1.9498445997580456e-05,4.29
framework,1.9498445997580456e-05,4.29
franchised,1.9498445997580456e-05,4.29
franchise,1.9498445997580456e-05,4.29
franchises,1.9498445997580456e-05,4.29
franchising,1.9498445997580456e-05,4.29
furniture,1.9498445997580456e-05,4.29
integrated,1.9498445997580456e-05,4.29
intelligent,1.9498445997580456e-05,4.29
interaction,1.9498445997580456e-05,4.29
interactions,1.9498445997580456e-05,4.29
jetting,1.9498445997580456e-05,4.29
jets,1.9498445997580456e-05,4.29
jetted,1.9498445997580456e-05,4.29
jet,1.9498445997580456e-05,4.29
lifestyle,1.9498445997580456e-05,4.29
lifestyles,1.9498445997580456e-05,4.29
lightings,1.9498445997580456e-05,4.29
lisa,1.9498445997580456e-05,4.29
looped,1.9498445997580456e-05,4.29
looping,1.9498445997580456e-05,4.29
loops,1.9498445997580456e-05,4.29
loop,1.9498445997580456e-05,4.29
mall,1.9498445997580456e-05,4.29
malls,1.9498445997580456e-05,4.29
mp,1.9498445997580456e-05,4.29
overseas,1.9498445997580456e-05,4.29
philippines,1.9498445997580456e-05,4.29
polishes,1.9498445997580456e-05,4.29
polishing,1.9498445997580456e-05,4.29
polish,1.9498445997580456e-05,4.29
polished,1.9498445997580456e-05,4.29
recommendations,1.9498445997580456e-05,4.29
recovering,1.9498445997580456e-05,4.29
recover,1.9498445997580456e-05,4.29
recovers,1.9498445997580456e-05,4.29
recovered,1.9498445997580456e-05,4.29
relaxed,1.9498445997580456e-05,4.29
relax,1.9498445997580456e-05,4.29
relaxes,1.9498445997580456e-05,4.29
relaxing,1.9498445997580456e-05,4.29
reliable,1.9498445997580456e-05,4.29
relied,1.9498445997580456e-05,4.29
rely,1.9498445997580456e-05,4.29
relies,1.9498445997580456e-05,4.29
relying,1.9498445997580456e-05,4.29
remarkable,1.9498445997580456e-05,4.29
rulings,1.9498445997580456e-05,4.29
sacrifice,1.9498445997580456e-05,4.29
sacrificed,1.9498445997580456e-05,4.29
sacrifices,1.9498445997580456e-05,4.29
sacrificing,1.9498445997580456e-05,4.29
se,1.9498445997580456e-05,4.29
sole,1.9498445997580456e-05,4.29
soling,1.9498445997580456e-05,4.29
soles,1.9498445997580456e-05,4.29
soled,1.9498445997580456e-05,4.29
succeed,1.9498445997580456e-05,4.29
succeeding,1.9498445997580456e-05,4.29
succeeds,1.9498445997580456e-05,4.29
succeeded,1.9498445997580456e-05,4.29
tale,1.9498445997580456e-05,4.29
tales,1.9498445997580456e-05,4.29
timings,1.9498445997580456e-05,4.29
ton,1.9498445997580456e-05,4.29
volunteers,1.9498445997580456e-05,4.29
worshipped,1.9498445997580456e-05,4.29
worshipping,1.9498445997580456e-05,4.29
worshiping,1.9498445997580456e-05,4.29
worship,1.9498445997580456e-05,4.29
worships,1.9498445997580456e-05,4.29
worshiped,1.9498445997580456e-05,4.29
worthier,1.9498445997580456e-05,4.29
worthies,1.9498445997580456e-05,4.29
worthy,1.9498445997580456e-05,4.29
worthiest,1.9498445997580456e-05,4.29
alarms,1.9054607179632484e-05,4.28
alarming,1.9054607179632484e-05,4.28
alarm,1.9054607179632484e-05,4.28
alarmed,1.9054607179632484e-05,4.28
bass,1.9054607179632484e-05,4.28
basses,1.9054607179632484e-05,4.28
bloodiest,1.9054607179632484e-05,4.28
bloodier,1.9054607179632484e-05,4.28
bloody,1.9054607179632484e-05,4.28
bloodied,1.9054607179632484e-05,4.28
bloodying,1.9054607179632484e-05,4.28
bloodies,1.9054607179632484e-05,4.28
breathing,1.9054607179632484e-05,4.28
breathings,1.9054607179632484e-05,4.28
butt,1.9054607179632484e-05,4.28
butting,1.9054607179632484e-05,4.28
butts,1.9054607179632484e-05,4.28
butted,1.9054607179632484e-05,4.28
characteristics,1.9054607179632484e-05,4.28
cnn,1.9054607179632484e-05,4.28
collaboration,1.9054607179632484e-05,4.28
collaborations,1.9054607179632484e-05,4.28
conned,1.9054607179632484e-05,4.28
conning,1.9054607179632484e-05,4.28
con,1.9054607179632484e-05,4.28
cons,1.9054607179632484e-05,4.28
consideration,1.9054607179632484e-05,4.28
considerations,1.9054607179632484e-05,4.28
crucial,1.9054607179632484e-05,4.28
dependent,1.9054607179632484e-05,4.28
dependents,1.9054607179632484e-05,4.28
duals,1.9054607179632484e-05,4.28
dual,1.9054607179632484e-05,4.28
edinburgh,1.9054607179632484e-05,4.28
equipped,1.9054607179632484e-05,4.28
experimental,1.9054607179632484e-05,4.28
experimentals,1.9054607179632484e-05,4.28
feedings,1.9054607179632484e-05,4.28
filters,1.9054607179632484e-05,4.28
filtering,1.9054607179632484e-05,4.28
filter,1.9054607179632484e-05,4.28
filtered,1.9054607179632484e-05,4.28
galaxy,1.9054607179632484e-05,4.28
galaxies,1.9054607179632484e-05,4.28
globes,1.9054607179632484e-05,4.28
globe,1.9054607179632484e-05,4.28
greece,1.9054607179632484e-05,4.28
gulfs,1.9054607179632484e-05,4.28
gulf,1.9054607179632484e-05,4.28
highlights,1.9054607179632484e-05,4.28
intents,1.9054607179632484e-05,4.28
intent,1.9054607179632484e-05,4.28
involve,1.9054607179632484e-05,4.28
judgment,1.9054607179632484e-05,4.28
judgments,1.9054607179632484e-05,4.28
kennedy,1.9054607179632484e-05,4.28
knighting,1.9054607179632484e-05,4.28
knighted,1.9054607179632484e-05,4.28
knight,1.9054607179632484e-05,4.28
knights,1.9054607179632484e-05,4.28
larry,1.9054607179632484e-05,4.28
las,1.9054607179632484e-05,4.28
lmao,1.9054607179632484e-05,4.28
logos,1.9054607179632484e-05,4.28
logo,1.9054607179632484e-05,4.28
malaysia,1.9054607179632484e-05,4.28
matured,1.9054607179632484e-05,4.28
maturer,1.9054607179632484e-05,4.28
mature,1.9054607179632484e-05,4.28
maturest,1.9054607179632484e-05,4.28
maturing,1.9054607179632484e-05,4.28
matures,1.9054607179632484e-05,4.28
moore,1.9054607179632484e-05,4.28
nazi,1.9054607179632484e-05,4.28
netherlands,1.9054607179632484e-05,4.28
odds,1.9054607179632484e-05,4.28
peaceful,1.9054607179632484e-05,4.28
philip,1.9054607179632484e-05,4.28
photographer,1.9054607179632484e-05,4.28
photographers,1.9054607179632484e-05,4.28
pinned,1.9054607179632484e-05,4.28
pinning,1.9054607179632484e-05,4.28
pin,1.9054607179632484e-05,4.28
pins,1.9054607179632484e-05,4.28
preventions,1.9054607179632484e-05,4.28
prevention,1.9054607179632484e-05,4.28
publicly,1.9054607179632484e-05,4.28
pumping,1.9054607179632484e-05,4.28
pump,1.9054607179632484e-05,4.28
pumped,1.9054607179632484e-05,4.28
pumps,1.9054607179632484e-05,4.28
revenge,1.9054607179632484e-05,4.28
revenged,1.9054607179632484e-05,4.28
revenging,1.9054607179632484e-05,4.28
revenges,1.9054607179632484e-05,4.28
satisfied,1.9054607179632484e-05,4.28
slip,1.9054607179632484e-05,4.28
slipping,1.9054607179632484e-05,4.28
slips,1.9054607179632484e-05,4.28
slipped,1.9054607179632484e-05,4.28
sparest,1.9054607179632484e-05,4.28
spares,1.9054607179632484e-05,4.28
sparing,1.9054607179632484e-05,4.28
spared,1.9054607179632484e-05,4.28
spare,1.9054607179632484e-05,4.28
sparer,1.9054607179632484e-05,4.28
specialists,1.9054607179632484e-05,4.28
specialist,1.9054607179632484e-05,4.28
strangers,1.9054607179632484e-05,4.28
submitting,1.9054607179632484e-05,4.28
submit,1.9054607179632484e-05,4.28
submits,1.9054607179632484e-05,4.28
tap,1.9054607179632484e-05,4.28
tapping,1.9054607179632484e-05,4.28
tapped,1.9054607179632484e-05,4.28
taps,1.9054607179632484e-05,4.28
thompson,1.9054607179632484e-05,4.28
tourism,1.9054607179632484e-05,4.28
turkish,1.9054607179632484e-05,4.28
volunteering,1.9054607179632484e-05,4.28
volunteered,1.9054607179632484e-05,4.28
volunteer,1.9054607179632484e-05,4.28
000.00,1.8620871366628657e-05,4.27
7th,1.8620871366628657e-05,4.27
acceptable,1.8620871366628657e-05,4.27
allies,1.8620871366628657e-05,4.27
auctioning,1.8620871366628657e-05,4.27
auctioned,1.8620871366628657e-05,4.27
auctions,1.8620871366628657e-05,4.27
auction,1.8620871366628657e-05,4.27
chaos,1.8620871366628657e-05,4.27
cleveland,1.8620871366628657e-05,4.27
cm,1.8620871366628657e-05,4.27
composed,1.8620871366628657e-05,4.27
concentration,1.8620871366628657e-05,4.27
concentrations,1.8620871366628657e-05,4.27
coppering,1.8620871366628657e-05,4.27
copper,1.8620871366628657e-05,4.27
coppers,1.8620871366628657e-05,4.27
coppered,1.8620871366628657e-05,4.27
corp,1.8620871366628657e-05,4.27
corps,1.8620871366628657e-05,4.27
dawns,1.8620871366628657e-05,4.27
dawned,1.8620871366628657e-05,4.27
dawn,1.8620871366628657e-05,4.27
dawning,1.8620871366628657e-05,4.27
dispute,1.8620871366628657e-05,4.27
disputing,1.8620871366628657e-05,4.27
disputes,1.8620871366628657e-05,4.27
disputed,1.8620871366628657e-05,4.27
earnings,1.8620871366628657e-05,4.27
everyone's,1.8620871366628657e-05,4.27
executed,1.8620871366628657e-05,4.27
firings,1.8620871366628657e-05,4.27
frequenting,1.8620871366628657e-05,4.27
frequented,1.8620871366628657e-05,4.27
frequent,1.8620871366628657e-05,4.27
frequents,1.8620871366628657e-05,4.27
gathered,1.8620871366628657e-05,4.27
hilarious,1.8620871366628657e-05,4.27
huh,1.8620871366628657e-05,4.27
isis,1.8620871366628657e-05,4.27
margin,1.8620871366628657e-05,4.27
margins,1.8620871366628657e-05,4.27
mars,1.8620871366628657e-05,4.27
maryland,1.8620871366628657e-05,4.27
mechanisms,1.8620871366628657e-05,4.27
mechanism,1.8620871366628657e-05,4.27
moderating,1.8620871366628657e-05,4.27
moderated,1.8620871366628657e-05,4.27
moderate,1.8620871366628657e-05,4.27
moderates,1.8620871366628657e-05,4.27
murray,1.8620871366628657e-05,4.27
oklahoma,1.8620871366628657e-05,4.27
operas,1.8620871366628657e-05,4.27
opera,1.8620871366628657e-05,4.27
overcome,1.8620871366628657e-05,4.27
overcomes,1.8620871366628657e-05,4.27
over-coming,1.8620871366628657e-05,4.27
over-came,1.8620871366628657e-05,4.27
over-comes,1.8620871366628657e-05,4.27
overcame,1.8620871366628657e-05,4.27
overcoming,1.8620871366628657e-05,4.27
paralleled,1.8620871366628657e-05,4.27
parallelled,1.8620871366628657e-05,4.27
parallels,1.8620871366628657e-05,4.27
parallel,1.8620871366628657e-05,4.27
paralleling,1.8620871366628657e-05,4.27
parallelling,1.8620871366628657e-05,4.27
passage,1.8620871366628657e-05,4.27
passages,1.8620871366628657e-05,4.27
pit,1.8620871366628657e-05,4.27
pits,1.8620871366628657e-05,4.27
pitting,1.8620871366628657e-05,4.27
pitted,1.8620871366628657e-05,4.27
psychological,1.8620871366628657e-05,4.27
quests,1.8620871366628657e-05,4.27
quested,1.8620871366628657e-05,4.27
quest,1.8620871366628657e-05,4.27
questing,1.8620871366628657e-05,4.27
radiation,1.8620871366628657e-05,4.27
radiations,1.8620871366628657e-05,4.27
strokes,1.8620871366628657e-05,4.27
stroking,1.8620871366628657e-05,4.27
stroke,1.8620871366628657e-05,4.27
stroked,1.8620871366628657e-05,4.27
stunning,1.8620871366628657e-05,4.27
tokyo,1.8620871366628657e-05,4.27
tune,1.8620871366628657e-05,4.27
tunes,1.8620871366628657e-05,4.27
tuned,1.8620871366628657e-05,4.27
tuning,1.8620871366628657e-05,4.27
utility,1.8620871366628657e-05,4.27
utilities,1.8620871366628657e-05,4.27
vessels,1.8620871366628657e-05,4.27
vessel,1.8620871366628657e-05,4.27
weeding,1.8620871366628657e-05,4.27
weeds,1.8620871366628657e-05,4.27
weeded,1.8620871366628657e-05,4.27
weed,1.8620871366628657e-05,4.27
wherever,1.8620871366628657e-05,4.27
©,1.8620871366628657e-05,4.27
0.000,1.8197008586099827e-05,4.26
acquisitions,1.8197008586099827e-05,4.26
acquisition,1.8197008586099827e-05,4.26
alabama,1.8197008586099827e-05,4.26
alice,1.8197008586099827e-05,4.26
anime,1.8197008586099827e-05,4.26
announce,1.8197008586099827e-05,4.26
announcing,1.8197008586099827e-05,4.26
announces,1.8197008586099827e-05,4.26
autumns,1.8197008586099827e-05,4.26
autumn,1.8197008586099827e-05,4.26
barry,1.8197008586099827e-05,4.26
bolder,1.8197008586099827e-05,4.26
bold,1.8197008586099827e-05,4.26
boldest,1.8197008586099827e-05,4.26
breathe,1.8197008586099827e-05,4.26
breathed,1.8197008586099827e-05,4.26
breathes,1.8197008586099827e-05,4.26
cameron,1.8197008586099827e-05,4.26
classical,1.8197008586099827e-05,4.26
classifieds,1.8197008586099827e-05,4.26
classified,1.8197008586099827e-05,4.26
clipping,1.8197008586099827e-05,4.26
clips,1.8197008586099827e-05,4.26
clip,1.8197008586099827e-05,4.26
clipped,1.8197008586099827e-05,4.26
coins,1.8197008586099827e-05,4.26
conspiracies,1.8197008586099827e-05,4.26
conspiracy,1.8197008586099827e-05,4.26
controversy,1.8197008586099827e-05,4.26
controversies,1.8197008586099827e-05,4.26
convincing,1.8197008586099827e-05,4.26
convinces,1.8197008586099827e-05,4.26
convince,1.8197008586099827e-05,4.26
cooper,1.8197008586099827e-05,4.26
disappeared,1.8197008586099827e-05,4.26
eh,1.8197008586099827e-05,4.26
encounters,1.8197008586099827e-05,4.26
encountered,1.8197008586099827e-05,4.26
encountering,1.8197008586099827e-05,4.26
encounter,1.8197008586099827e-05,4.26
equalities,1.8197008586099827e-05,4.26
equality,1.8197008586099827e-05,4.26
exams,1.8197008586099827e-05,4.26
exam,1.8197008586099827e-05,4.26
examinations,1.8197008586099827e-05,4.26
examination,1.8197008586099827e-05,4.26
father's,1.8197008586099827e-05,4.26
federation,1.8197008586099827e-05,4.26
federations,1.8197008586099827e-05,4.26
fi,1.8197008586099827e-05,4.26
fiscal,1.8197008586099827e-05,4.26
guardian,1.8197008586099827e-05,4.26
guardians,1.8197008586099827e-05,4.26
hd,1.8197008586099827e-05,4.26
homeless,1.8197008586099827e-05,4.26
instrument,1.8197008586099827e-05,4.26
instrumenting,1.8197008586099827e-05,4.26
instrumented,1.8197008586099827e-05,4.26
interventions,1.8197008586099827e-05,4.26
intervention,1.8197008586099827e-05,4.26
jerry,1.8197008586099827e-05,4.26
lovers,1.8197008586099827e-05,4.26
lover,1.8197008586099827e-05,4.26
mainstreaming,1.8197008586099827e-05,4.26
mainstreamed,1.8197008586099827e-05,4.26
mainstream,1.8197008586099827e-05,4.26
mainstreams,1.8197008586099827e-05,4.26
menus,1.8197008586099827e-05,4.26
menu,1.8197008586099827e-05,4.26
missouri,1.8197008586099827e-05,4.26
mutual,1.8197008586099827e-05,4.26
nope,1.8197008586099827e-05,4.26
offenses,1.8197008586099827e-05,4.26
offense,1.8197008586099827e-05,4.26
oral,1.8197008586099827e-05,4.26
orals,1.8197008586099827e-05,4.26
panics,1.8197008586099827e-05,4.26
panic,1.8197008586099827e-05,4.26
panicked,1.8197008586099827e-05,4.26
panicking,1.8197008586099827e-05,4.26
pursuing,1.8197008586099827e-05,4.26
pursue,1.8197008586099827e-05,4.26
pursued,1.8197008586099827e-05,4.26
pursues,1.8197008586099827e-05,4.26
realising,1.8197008586099827e-05,4.26
realised,1.8197008586099827e-05,4.26
realises,1.8197008586099827e-05,4.26
realise,1.8197008586099827e-05,4.26
refugees,1.8197008586099827e-05,4.26
requirement,1.8197008586099827e-05,4.26
rips,1.8197008586099827e-05,4.26
ripping,1.8197008586099827e-05,4.26
ripped,1.8197008586099827e-05,4.26
rip,1.8197008586099827e-05,4.26
scoped,1.8197008586099827e-05,4.26
scopes,1.8197008586099827e-05,4.26
scoping,1.8197008586099827e-05,4.26
scope,1.8197008586099827e-05,4.26
segments,1.8197008586099827e-05,4.26
segment,1.8197008586099827e-05,4.26
segmented,1.8197008586099827e-05,4.26
segmenting,1.8197008586099827e-05,4.26
spectrums,1.8197008586099827e-05,4.26
spectra,1.8197008586099827e-05,4.26
spectrum,1.8197008586099827e-05,4.26
ted,1.8197008586099827e-05,4.26
terrors,1.8197008586099827e-05,4.26
terror,1.8197008586099827e-05,4.26
uh,1.8197008586099827e-05,4.26
va,1.8197008586099827e-05,4.26
venturing,1.8197008586099827e-05,4.26
venture,1.8197008586099827e-05,4.26
ventures,1.8197008586099827e-05,4.26
ventured,1.8197008586099827e-05,4.26
virtually,1.8197008586099827e-05,4.26
warren,1.8197008586099827e-05,4.26
warrens,1.8197008586099827e-05,4.26
yeas,1.8197008586099827e-05,4.26
yea,1.8197008586099827e-05,4.26
ac,1.778279410038923e-05,4.25
accompanied,1.778279410038923e-05,4.25
adams,1.778279410038923e-05,4.25
alpha,1.778279410038923e-05,4.25
arrangements,1.778279410038923e-05,4.25
arrangement,1.778279410038923e-05,4.25
boundaries,1.778279410038923e-05,4.25
bricked,1.778279410038923e-05,4.25
bricking,1.778279410038923e-05,4.25
brick,1.778279410038923e-05,4.25
bricks,1.778279410038923e-05,4.25
brooklyn,1.778279410038923e-05,4.25
considerable,1.778279410038923e-05,4.25
conventional,1.778279410038923e-05,4.25
danny,1.778279410038923e-05,4.25
des,1.778279410038923e-05,4.25
designated,1.778279410038923e-05,4.25
dvd,1.778279410038923e-05,4.25
emperors,1.778279410038923e-05,4.25
emperor,1.778279410038923e-05,4.25
employers,1.778279410038923e-05,4.25
enormous,1.778279410038923e-05,4.25
forgave,1.778279410038923e-05,4.25
forgiving,1.778279410038923e-05,4.25
forgive,1.778279410038923e-05,4.25
forgiven,1.778279410038923e-05,4.25
forgives,1.778279410038923e-05,4.25
garages,1.778279410038923e-05,4.25
garaged,1.778279410038923e-05,4.25
garage,1.778279410038923e-05,4.25
garaging,1.778279410038923e-05,4.25
gatherings,1.778279410038923e-05,4.25
gathering,1.778279410038923e-05,4.25
guidelines,1.778279410038923e-05,4.25
indians,1.778279410038923e-05,4.25
indonesia,1.778279410038923e-05,4.25
inquiries,1.778279410038923e-05,4.25
inquiry,1.778279410038923e-05,4.25
inspector,1.778279410038923e-05,4.25
inspectors,1.778279410038923e-05,4.25
khans,1.778279410038923e-05,4.25
khan,1.778279410038923e-05,4.25
li,1.778279410038923e-05,4.25
lion,1.778279410038923e-05,4.25
lions,1.778279410038923e-05,4.25
lonelier,1.778279410038923e-05,4.25
loneliest,1.778279410038923e-05,4.25
lonely,1.778279410038923e-05,4.25
mercy,1.778279410038923e-05,4.25
mercies,1.778279410038923e-05,4.25
nevertheless,1.778279410038923e-05,4.25
outer,1.778279410038923e-05,4.25
oxygen,1.778279410038923e-05,4.25
oxygens,1.778279410038923e-05,4.25
pipes,1.778279410038923e-05,4.25
pipe,1.778279410038923e-05,4.25
piped,1.778279410038923e-05,4.25
piping,1.778279410038923e-05,4.25
pissed,1.778279410038923e-05,4.25
poems,1.778279410038923e-05,4.25
poem,1.778279410038923e-05,4.25
powders,1.778279410038923e-05,4.25
powder,1.778279410038923e-05,4.25
powdering,1.778279410038923e-05,4.25
powdered,1.778279410038923e-05,4.25
racism,1.778279410038923e-05,4.25
racisms,1.778279410038923e-05,4.25
roy,1.778279410038923e-05,4.25
ruder,1.778279410038923e-05,4.25
rudest,1.778279410038923e-05,4.25
rude,1.778279410038923e-05,4.25
screwing,1.778279410038923e-05,4.25
screw,1.778279410038923e-05,4.25
screws,1.778279410038923e-05,4.25
screwed,1.778279410038923e-05,4.25
seventh,1.778279410038923e-05,4.25
sevenths,1.778279410038923e-05,4.25
sheltered,1.778279410038923e-05,4.25
shelter,1.778279410038923e-05,4.25
sheltering,1.778279410038923e-05,4.25
shelters,1.778279410038923e-05,4.25
signature,1.778279410038923e-05,4.25
signatures,1.778279410038923e-05,4.25
spiders,1.778279410038923e-05,4.25
spider,1.778279410038923e-05,4.25
stewart,1.778279410038923e-05,4.25
tribute,1.778279410038923e-05,4.25
tributes,1.778279410038923e-05,4.25
trigger,1.778279410038923e-05,4.25
triggering,1.778279410038923e-05,4.25
triggers,1.778279410038923e-05,4.25
triggered,1.778279410038923e-05,4.25
varied,1.778279410038923e-05,4.25
vary,1.778279410038923e-05,4.25
varying,1.778279410038923e-05,4.25
varies,1.778279410038923e-05,4.25
venue,1.778279410038923e-05,4.25
venues,1.778279410038923e-05,4.25
ye,1.778279410038923e-05,4.25
😂,1.778279410038923e-05,4.25
000m,1.7378008287493764e-05,4.24
00pm,1.7378008287493764e-05,4.24
8th,1.7378008287493764e-05,4.24
abc,1.7378008287493764e-05,4.24
abortions,1.7378008287493764e-05,4.24
abortion,1.7378008287493764e-05,4.24
accuracies,1.7378008287493764e-05,4.24
accuracy,1.7378008287493764e-05,4.24
albert,1.7378008287493764e-05,4.24
artificial,1.7378008287493764e-05,4.24
beneath,1.7378008287493764e-05,4.24
bitcoin,1.7378008287493764e-05,4.24
bullets,1.7378008287493764e-05,4.24
bullet,1.7378008287493764e-05,4.24
carl,1.7378008287493764e-05,4.24
consistently,1.7378008287493764e-05,4.24
conversions,1.7378008287493764e-05,4.24
conversion,1.7378008287493764e-05,4.24
copyright,1.7378008287493764e-05,4.24
copyrighting,1.7378008287493764e-05,4.24
copyrighted,1.7378008287493764e-05,4.24
copyrights,1.7378008287493764e-05,4.24
counties,1.7378008287493764e-05,4.24
democrat,1.7378008287493764e-05,4.24
deposits,1.7378008287493764e-05,4.24
deposited,1.7378008287493764e-05,4.24
depositing,1.7378008287493764e-05,4.24
deposit,1.7378008287493764e-05,4.24
destination,1.7378008287493764e-05,4.24
destinations,1.7378008287493764e-05,4.24
dirt,1.7378008287493764e-05,4.24
diverse,1.7378008287493764e-05,4.24
divined,1.7378008287493764e-05,4.24
divining,1.7378008287493764e-05,4.24
divines,1.7378008287493764e-05,4.24
divine,1.7378008287493764e-05,4.24
er,1.7378008287493764e-05,4.24
exclusively,1.7378008287493764e-05,4.24
exported,1.7378008287493764e-05,4.24
export,1.7378008287493764e-05,4.24
exports,1.7378008287493764e-05,4.24
exporting,1.7378008287493764e-05,4.24
formerly,1.7378008287493764e-05,4.24
functionals,1.7378008287493764e-05,4.24
functional,1.7378008287493764e-05,4.24
gathers,1.7378008287493764e-05,4.24
gather,1.7378008287493764e-05,4.24
grandfathering,1.7378008287493764e-05,4.24
grandfather,1.7378008287493764e-05,4.24
grandfathers,1.7378008287493764e-05,4.24
grandfathered,1.7378008287493764e-05,4.24
habit,1.7378008287493764e-05,4.24
habits,1.7378008287493764e-05,4.24
harvard,1.7378008287493764e-05,4.24
isolated,1.7378008287493764e-05,4.24
jealous,1.7378008287493764e-05,4.24
laura,1.7378008287493764e-05,4.24
lazier,1.7378008287493764e-05,4.24
lazy,1.7378008287493764e-05,4.24
laziest,1.7378008287493764e-05,4.24
mamas,1.7378008287493764e-05,4.24
mama,1.7378008287493764e-05,4.24
marshall,1.7378008287493764e-05,4.24
mitchell,1.7378008287493764e-05,4.24
modified,1.7378008287493764e-05,4.24
municipal,1.7378008287493764e-05,4.24
municipals,1.7378008287493764e-05,4.24
naval,1.7378008287493764e-05,4.24
neighbors,1.7378008287493764e-05,4.24
nelson,1.7378008287493764e-05,4.24
neutral,1.7378008287493764e-05,4.24
neutrals,1.7378008287493764e-05,4.24
nobler,1.7378008287493764e-05,4.24
nobles,1.7378008287493764e-05,4.24
noble,1.7378008287493764e-05,4.24
noblest,1.7378008287493764e-05,4.24
patting,1.7378008287493764e-05,4.24
pats,1.7378008287493764e-05,4.24
patted,1.7378008287493764e-05,4.24
pat,1.7378008287493764e-05,4.24
poland,1.7378008287493764e-05,4.24
popularities,1.7378008287493764e-05,4.24
popularity,1.7378008287493764e-05,4.24
pussy,1.7378008287493764e-05,4.24
pussies,1.7378008287493764e-05,4.24
relates,1.7378008287493764e-05,4.24
relate,1.7378008287493764e-05,4.24
relating,1.7378008287493764e-05,4.24
robot,1.7378008287493764e-05,4.24
robots,1.7378008287493764e-05,4.24
sacred,1.7378008287493764e-05,4.24
shoeing,1.7378008287493764e-05,4.24
shod,1.7378008287493764e-05,4.24
shoe,1.7378008287493764e-05,4.24
shoed,1.7378008287493764e-05,4.24
spies,1.7378008287493764e-05,4.24
spy,1.7378008287493764e-05,4.24
spied,1.7378008287493764e-05,4.24
spying,1.7378008287493764e-05,4.24
steven,1.7378008287493764e-05,4.24
suggestions,1.7378008287493764e-05,4.24
susan,1.7378008287493764e-05,4.24
suspension,1.7378008287493764e-05,4.24
suspensions,1.7378008287493764e-05,4.24
terrorism,1.7378008287493764e-05,4.24
terry,1.7378008287493764e-05,4.24
toxics,1.7378008287493764e-05,4.24
toxic,1.7378008287493764e-05,4.24
treasuries,1.7378008287493764e-05,4.24
treasury,1.7378008287493764e-05,4.24
tunneled,1.7378008287493764e-05,4.24
tunneling,1.7378008287493764e-05,4.24
tunnels,1.7378008287493764e-05,4.24
tunnel,1.7378008287493764e-05,4.24
tunnelling,1.7378008287493764e-05,4.24
tunnelled,1.7378008287493764e-05,4.24
upgrading,1.7378008287493764e-05,4.24
upgrades,1.7378008287493764e-05,4.24
upgrade,1.7378008287493764e-05,4.24
upgraded,1.7378008287493764e-05,4.24
warrants,1.7378008287493764e-05,4.24
warranting,1.7378008287493764e-05,4.24
warranted,1.7378008287493764e-05,4.24
warrant,1.7378008287493764e-05,4.24
wounding,1.7378008287493764e-05,4.24
wounds,1.7378008287493764e-05,4.24
aaron,1.698243652461746e-05,4.23
actively,1.698243652461746e-05,4.23
afghanistan,1.698243652461746e-05,4.23
ai,1.698243652461746e-05,4.23
ais,1.698243652461746e-05,4.23
asset,1.698243652461746e-05,4.23
backings,1.698243652461746e-05,4.23
bakers,1.698243652461746e-05,4.23
baker,1.698243652461746e-05,4.23
barcelona,1.698243652461746e-05,4.23
blessed,1.698243652461746e-05,4.23
brazilian,1.698243652461746e-05,4.23
brushing,1.698243652461746e-05,4.23
brush,1.698243652461746e-05,4.23
brushed,1.698243652461746e-05,4.23
brushes,1.698243652461746e-05,4.23
burdens,1.698243652461746e-05,4.23
burden,1.698243652461746e-05,4.23
burdened,1.698243652461746e-05,4.23
burdening,1.698243652461746e-05,4.23
campbell,1.698243652461746e-05,4.23
casuals,1.698243652461746e-05,4.23
casual,1.698243652461746e-05,4.23
certified,1.698243652461746e-05,4.23
charter,1.698243652461746e-05,4.23
chartered,1.698243652461746e-05,4.23
chartering,1.698243652461746e-05,4.23
charters,1.698243652461746e-05,4.23
chef,1.698243652461746e-05,4.23
chefs,1.698243652461746e-05,4.23
city's,1.698243652461746e-05,4.23
civilians,1.698243652461746e-05,4.23
civilian,1.698243652461746e-05,4.23
coalition,1.698243652461746e-05,4.23
coalitions,1.698243652461746e-05,4.23
cocking,1.698243652461746e-05,4.23
cocks,1.698243652461746e-05,4.23
cock,1.698243652461746e-05,4.23
cocked,1.698243652461746e-05,4.23
complained,1.698243652461746e-05,4.23
complaining,1.698243652461746e-05,4.23
complain,1.698243652461746e-05,4.23
complains,1.698243652461746e-05,4.23
controversial,1.698243652461746e-05,4.23
denver,1.698243652461746e-05,4.23
differently,1.698243652461746e-05,4.23
disciplines,1.698243652461746e-05,4.23
disciplining,1.698243652461746e-05,4.23
discipline,1.698243652461746e-05,4.23
disciplined,1.698243652461746e-05,4.23
disgusting,1.698243652461746e-05,4.23
dj,1.698243652461746e-05,4.23
dominants,1.698243652461746e-05,4.23
dominant,1.698243652461746e-05,4.23
emma,1.698243652461746e-05,4.23
essayed,1.698243652461746e-05,4.23
essays,1.698243652461746e-05,4.23
essaying,1.698243652461746e-05,4.23
essay,1.698243652461746e-05,4.23
expense,1.698243652461746e-05,4.23
furthermore,1.698243652461746e-05,4.23
graphic,1.698243652461746e-05,4.23
graphics,1.698243652461746e-05,4.23
greg,1.698243652461746e-05,4.23
healing,1.698243652461746e-05,4.23
healings,1.698243652461746e-05,4.23
implemented,1.698243652461746e-05,4.23
instantly,1.698243652461746e-05,4.23
invasion,1.698243652461746e-05,4.23
invasions,1.698243652461746e-05,4.23
jacob,1.698243652461746e-05,4.23
laptop,1.698243652461746e-05,4.23
laptops,1.698243652461746e-05,4.23
legendary,1.698243652461746e-05,4.23
leo,1.698243652461746e-05,4.23
maker,1.698243652461746e-05,4.23
makers,1.698243652461746e-05,4.23
margaret,1.698243652461746e-05,4.23
mario,1.698243652461746e-05,4.23
opponents,1.698243652461746e-05,4.23
outdoor,1.698243652461746e-05,4.23
palms,1.698243652461746e-05,4.23
palming,1.698243652461746e-05,4.23
palm,1.698243652461746e-05,4.23
palmed,1.698243652461746e-05,4.23
parker,1.698243652461746e-05,4.23
photograph,1.698243652461746e-05,4.23
photographing,1.698243652461746e-05,4.23
photographed,1.698243652461746e-05,4.23
poling,1.698243652461746e-05,4.23
pole,1.698243652461746e-05,4.23
poled,1.698243652461746e-05,4.23
poles,1.698243652461746e-05,4.23
pub,1.698243652461746e-05,4.23
queensland,1.698243652461746e-05,4.23
rangers,1.698243652461746e-05,4.23
reception,1.698243652461746e-05,4.23
receptions,1.698243652461746e-05,4.23
recipes,1.698243652461746e-05,4.23
recipe,1.698243652461746e-05,4.23
regulatory,1.698243652461746e-05,4.23
rubber,1.698243652461746e-05,4.23
rubbers,1.698243652461746e-05,4.23
serial,1.698243652461746e-05,4.23
serials,1.698243652461746e-05,4.23
shedding,1.698243652461746e-05,4.23
sheds,1.698243652461746e-05,4.23
shed,1.698243652461746e-05,4.23
snakes,1.698243652461746e-05,4.23
snaked,1.698243652461746e-05,4.23
snake,1.698243652461746e-05,4.23
snaking,1.698243652461746e-05,4.23
sponsored,1.698243652461746e-05,4.23
strictest,1.698243652461746e-05,4.23
stricter,1.698243652461746e-05,4.23
strict,1.698243652461746e-05,4.23
subsequently,1.698243652461746e-05,4.23
substance,1.698243652461746e-05,4.23
substances,1.698243652461746e-05,4.23
suggestion,1.698243652461746e-05,4.23
switzerland,1.698243652461746e-05,4.23
syndrome,1.698243652461746e-05,4.23
syndromes,1.698243652461746e-05,4.23
ultra,1.698243652461746e-05,4.23
ultras,1.698243652461746e-05,4.23
unexpected,1.698243652461746e-05,4.23
usage,1.698243652461746e-05,4.23
usages,1.698243652461746e-05,4.23
utah,1.698243652461746e-05,4.23
000k,1.6595869074375598e-05,4.22
accidentally,1.6595869074375598e-05,4.22
affordable,1.6595869074375598e-05,4.22
amateurs,1.6595869074375598e-05,4.22
amateur,1.6595869074375598e-05,4.22
argentina,1.6595869074375598e-05,4.22
baltimore,1.6595869074375598e-05,4.22
batman,1.6595869074375598e-05,4.22
bearings,1.6595869074375598e-05,4.22
bin,1.6595869074375598e-05,4.22
binned,1.6595869074375598e-05,4.22
bins,1.6595869074375598e-05,4.22
binning,1.6595869074375598e-05,4.22
biologies,1.6595869074375598e-05,4.22
biology,1.6595869074375598e-05,4.22
bobby,1.6595869074375598e-05,4.22
bobbies,1.6595869074375598e-05,4.22
briefly,1.6595869074375598e-05,4.22
canalled,1.6595869074375598e-05,4.22
canalling,1.6595869074375598e-05,4.22
canaled,1.6595869074375598e-05,4.22
canaling,1.6595869074375598e-05,4.22
canals,1.6595869074375598e-05,4.22
canal,1.6595869074375598e-05,4.22
cancelled,1.6595869074375598e-05,4.22
charlotte,1.6595869074375598e-05,4.22
christopher,1.6595869074375598e-05,4.22
climbs,1.6595869074375598e-05,4.22
climbing,1.6595869074375598e-05,4.22
climb,1.6595869074375598e-05,4.22
climbed,1.6595869074375598e-05,4.22
com,1.6595869074375598e-05,4.22
completion,1.6595869074375598e-05,4.22
completions,1.6595869074375598e-05,4.22
cruise,1.6595869074375598e-05,4.22
cruises,1.6595869074375598e-05,4.22
cruised,1.6595869074375598e-05,4.22
cruising,1.6595869074375598e-05,4.22
custody,1.6595869074375598e-05,4.22
custodies,1.6595869074375598e-05,4.22
deleting,1.6595869074375598e-05,4.22
deleted,1.6595869074375598e-05,4.22
deletes,1.6595869074375598e-05,4.22
delete,1.6595869074375598e-05,4.22
demonstrated,1.6595869074375598e-05,4.22
departures,1.6595869074375598e-05,4.22
departure,1.6595869074375598e-05,4.22
developers,1.6595869074375598e-05,4.22
dug,1.6595869074375598e-05,4.22
digs,1.6595869074375598e-05,4.22
digging,1.6595869074375598e-05,4.22
dig,1.6595869074375598e-05,4.22
eagles,1.6595869074375598e-05,4.22
employer,1.6595869074375598e-05,4.22
evans,1.6595869074375598e-05,4.22
explosion,1.6595869074375598e-05,4.22
explosions,1.6595869074375598e-05,4.22
fevering,1.6595869074375598e-05,4.22
fevers,1.6595869074375598e-05,4.22
fever,1.6595869074375598e-05,4.22
fevered,1.6595869074375598e-05,4.22
fluid,1.6595869074375598e-05,4.22
fluids,1.6595869074375598e-05,4.22
folk,1.6595869074375598e-05,4.22
generates,1.6595869074375598e-05,4.22
generate,1.6595869074375598e-05,4.22
generating,1.6595869074375598e-05,4.22
gop,1.6595869074375598e-05,4.22
handsome,1.6595869074375598e-05,4.22
handsomer,1.6595869074375598e-05,4.22
handsomest,1.6595869074375598e-05,4.22
ho,1.6595869074375598e-05,4.22
imaginations,1.6595869074375598e-05,4.22
imagination,1.6595869074375598e-05,4.22
integrations,1.6595869074375598e-05,4.22
integration,1.6595869074375598e-05,4.22
integrities,1.6595869074375598e-05,4.22
integrity,1.6595869074375598e-05,4.22
interpretation,1.6595869074375598e-05,4.22
interpretations,1.6595869074375598e-05,4.22
leafing,1.6595869074375598e-05,4.22
leaf,1.6595869074375598e-05,4.22
leafed,1.6595869074375598e-05,4.22
leafs,1.6595869074375598e-05,4.22
legitimate,1.6595869074375598e-05,4.22
legitimating,1.6595869074375598e-05,4.22
legitimates,1.6595869074375598e-05,4.22
legitimated,1.6595869074375598e-05,4.22
lightnings,1.6595869074375598e-05,4.22
lightninged,1.6595869074375598e-05,4.22
lightning,1.6595869074375598e-05,4.22
magical,1.6595869074375598e-05,4.22
motivations,1.6595869074375598e-05,4.22
motivation,1.6595869074375598e-05,4.22
nastiest,1.6595869074375598e-05,4.22
nasty,1.6595869074375598e-05,4.22
nastier,1.6595869074375598e-05,4.22
oliver,1.6595869074375598e-05,4.22
outfits,1.6595869074375598e-05,4.22
outfit,1.6595869074375598e-05,4.22
outfitting,1.6595869074375598e-05,4.22
outfitted,1.6595869074375598e-05,4.22
pensions,1.6595869074375598e-05,4.22
pension,1.6595869074375598e-05,4.22
pensioned,1.6595869074375598e-05,4.22
pensioning,1.6595869074375598e-05,4.22
permit,1.6595869074375598e-05,4.22
permitting,1.6595869074375598e-05,4.22
permitted,1.6595869074375598e-05,4.22
permits,1.6595869074375598e-05,4.22
perry,1.6595869074375598e-05,4.22
pleasantest,1.6595869074375598e-05,4.22
pleasant,1.6595869074375598e-05,4.22
pleasanter,1.6595869074375598e-05,4.22
portrait,1.6595869074375598e-05,4.22
portraits,1.6595869074375598e-05,4.22
productive,1.6595869074375598e-05,4.22
ron,1.6595869074375598e-05,4.22
safely,1.6595869074375598e-05,4.22
slightest,1.6595869074375598e-05,4.22
slighter,1.6595869074375598e-05,4.22
slight,1.6595869074375598e-05,4.22
slights,1.6595869074375598e-05,4.22
slighted,1.6595869074375598e-05,4.22
slighting,1.6595869074375598e-05,4.22
socialists,1.6595869074375598e-05,4.22
socialist,1.6595869074375598e-05,4.22
streamings,1.6595869074375598e-05,4.22
sue,1.6595869074375598e-05,4.22
sues,1.6595869074375598e-05,4.22
suing,1.6595869074375598e-05,4.22
sued,1.6595869074375598e-05,4.22
tensioning,1.6595869074375598e-05,4.22
tensioned,1.6595869074375598e-05,4.22
tensions,1.6595869074375598e-05,4.22
tension,1.6595869074375598e-05,4.22
thailand,1.6595869074375598e-05,4.22
transactions,1.6595869074375598e-05,4.22
twisting,1.6595869074375598e-05,4.22
twists,1.6595869074375598e-05,4.22
twist,1.6595869074375598e-05,4.22
twisted,1.6595869074375598e-05,4.22
ugh,1.6595869074375598e-05,4.22
unemployment,1.6595869074375598e-05,4.22
unities,1.6595869074375598e-05,4.22
unity,1.6595869074375598e-05,4.22
useless,1.6595869074375598e-05,4.22
viewers,1.6595869074375598e-05,4.22
wtf,1.6595869074375598e-05,4.22
_,1.62181009735893e-05,4.21
advocated,1.62181009735893e-05,4.21
advocates,1.62181009735893e-05,4.21
advocating,1.62181009735893e-05,4.21
advocate,1.62181009735893e-05,4.21
arc,1.62181009735893e-05,4.21
arced,1.62181009735893e-05,4.21
arcs,1.62181009735893e-05,4.21
arcking,1.62181009735893e-05,4.21
arcing,1.62181009735893e-05,4.21
arcked,1.62181009735893e-05,4.21
backup,1.62181009735893e-05,4.21
backups,1.62181009735893e-05,4.21
bitterest,1.62181009735893e-05,4.21
bitter,1.62181009735893e-05,4.21
bitterer,1.62181009735893e-05,4.21
cia,1.62181009735893e-05,4.21
cleverest,1.62181009735893e-05,4.21
clever,1.62181009735893e-05,4.21
cleverer,1.62181009735893e-05,4.21
clinics,1.62181009735893e-05,4.21
clinic,1.62181009735893e-05,4.21
continuous,1.62181009735893e-05,4.21
converted,1.62181009735893e-05,4.21
correctly,1.62181009735893e-05,4.21
correctliest,1.62181009735893e-05,4.21
correctlier,1.62181009735893e-05,4.21
creator,1.62181009735893e-05,4.21
creators,1.62181009735893e-05,4.21
creatures,1.62181009735893e-05,4.21
criteria,1.62181009735893e-05,4.21
detectives,1.62181009735893e-05,4.21
detective,1.62181009735893e-05,4.21
disability,1.62181009735893e-05,4.21
disabilities,1.62181009735893e-05,4.21
dished,1.62181009735893e-05,4.21
dishing,1.62181009735893e-05,4.21
dish,1.62181009735893e-05,4.21
dishes,1.62181009735893e-05,4.21
douglas,1.62181009735893e-05,4.21
du,1.62181009735893e-05,4.21
ducks,1.62181009735893e-05,4.21
ducked,1.62181009735893e-05,4.21
duck,1.62181009735893e-05,4.21
ducking,1.62181009735893e-05,4.21
egyptian,1.62181009735893e-05,4.21
ep,1.62181009735893e-05,4.21
evaluations,1.62181009735893e-05,4.21
evaluation,1.62181009735893e-05,4.21
excesses,1.62181009735893e-05,4.21
excess,1.62181009735893e-05,4.21
fence,1.62181009735893e-05,4.21
fencing,1.62181009735893e-05,4.21
fences,1.62181009735893e-05,4.21
fenced,1.62181009735893e-05,4.21
fifa,1.62181009735893e-05,4.21
franklin,1.62181009735893e-05,4.21
fred,1.62181009735893e-05,4.21
gradually,1.62181009735893e-05,4.21
gravities,1.62181009735893e-05,4.21
gravity,1.62181009735893e-05,4.21
hawaii,1.62181009735893e-05,4.21
highlighted,1.62181009735893e-05,4.21
highlight,1.62181009735893e-05,4.21
highlighting,1.62181009735893e-05,4.21
holders,1.62181009735893e-05,4.21
holder,1.62181009735893e-05,4.21
hoods,1.62181009735893e-05,4.21
hood,1.62181009735893e-05,4.21
identical,1.62181009735893e-05,4.21
imperial,1.62181009735893e-05,4.21
jose,1.62181009735893e-05,4.21
kenned,1.62181009735893e-05,4.21
ken,1.62181009735893e-05,4.21
kenning,1.62181009735893e-05,4.21
kens,1.62181009735893e-05,4.21
legally,1.62181009735893e-05,4.21
manufacturer,1.62181009735893e-05,4.21
meters,1.62181009735893e-05,4.21
nailing,1.62181009735893e-05,4.21
nail,1.62181009735893e-05,4.21
nailed,1.62181009735893e-05,4.21
nails,1.62181009735893e-05,4.21
nasa,1.62181009735893e-05,4.21
negotiations,1.62181009735893e-05,4.21
nonsense,1.62181009735893e-05,4.21
ontario,1.62181009735893e-05,4.21
operational,1.62181009735893e-05,4.21
orleans,1.62181009735893e-05,4.21
phoenix,1.62181009735893e-05,4.21
playoffs,1.62181009735893e-05,4.21
poet,1.62181009735893e-05,4.21
poets,1.62181009735893e-05,4.21
repeatedly,1.62181009735893e-05,4.21
robinson,1.62181009735893e-05,4.21
scientist,1.62181009735893e-05,4.21
sunk,1.62181009735893e-05,4.21
sinking,1.62181009735893e-05,4.21
sinks,1.62181009735893e-05,4.21
sink,1.62181009735893e-05,4.21
sank,1.62181009735893e-05,4.21
skipping,1.62181009735893e-05,4.21
skip,1.62181009735893e-05,4.21
skips,1.62181009735893e-05,4.21
skipped,1.62181009735893e-05,4.21
slavery,1.62181009735893e-05,4.21
snap,1.62181009735893e-05,4.21
snapped,1.62181009735893e-05,4.21
snaps,1.62181009735893e-05,4.21
snapping,1.62181009735893e-05,4.21
swedish,1.62181009735893e-05,4.21
swum,1.62181009735893e-05,4.21
swam,1.62181009735893e-05,4.21
swims,1.62181009735893e-05,4.21
swim,1.62181009735893e-05,4.21
swiss,1.62181009735893e-05,4.21
tennessee,1.62181009735893e-05,4.21
transaction,1.62181009735893e-05,4.21
transformation,1.62181009735893e-05,4.21
transformations,1.62181009735893e-05,4.21
veteran,1.62181009735893e-05,4.21
vulnerable,1.62181009735893e-05,4.21
wealthiest,1.62181009735893e-05,4.21
wealthier,1.62181009735893e-05,4.21
wealthy,1.62181009735893e-05,4.21
additionally,1.584893192461114e-05,4.2
amy,1.584893192461114e-05,4.2
attract,1.584893192461114e-05,4.2
attracts,1.584893192461114e-05,4.2
attracting,1.584893192461114e-05,4.2
barbara,1.584893192461114e-05,4.2
betas,1.584893192461114e-05,4.2
beta,1.584893192461114e-05,4.2
blowings,1.584893192461114e-05,4.2
bored,1.584893192461114e-05,4.2
bronze,1.584893192461114e-05,4.2
bronzing,1.584893192461114e-05,4.2
bronzed,1.584893192461114e-05,4.2
bronzes,1.584893192461114e-05,4.2
bugs,1.584893192461114e-05,4.2
bug,1.584893192461114e-05,4.2
bugged,1.584893192461114e-05,4.2
bugging,1.584893192461114e-05,4.2
caves,1.584893192461114e-05,4.2
cave,1.584893192461114e-05,4.2
caving,1.584893192461114e-05,4.2
caved,1.584893192461114e-05,4.2
cheating,1.584893192461114e-05,4.2
chronics,1.584893192461114e-05,4.2
chronic,1.584893192461114e-05,4.2
communicates,1.584893192461114e-05,4.2
communicated,1.584893192461114e-05,4.2
communicate,1.584893192461114e-05,4.2
communicating,1.584893192461114e-05,4.2
convicted,1.584893192461114e-05,4.2
demonstrates,1.584893192461114e-05,4.2
demonstrate,1.584893192461114e-05,4.2
demonstrating,1.584893192461114e-05,4.2
depend,1.584893192461114e-05,4.2
depended,1.584893192461114e-05,4.2
developer,1.584893192461114e-05,4.2
diagnoses,1.584893192461114e-05,4.2
diagnosis,1.584893192461114e-05,4.2
dismissed,1.584893192461114e-05,4.2
distinguished,1.584893192461114e-05,4.2
dosing,1.584893192461114e-05,4.2
dose,1.584893192461114e-05,4.2
dosed,1.584893192461114e-05,4.2
doses,1.584893192461114e-05,4.2
eighth,1.584893192461114e-05,4.2
fa,1.584893192461114e-05,4.2
flesh,1.584893192461114e-05,4.2
fleshed,1.584893192461114e-05,4.2
fleshing,1.584893192461114e-05,4.2
fleshes,1.584893192461114e-05,4.2
flip,1.584893192461114e-05,4.2
flips,1.584893192461114e-05,4.2
flipping,1.584893192461114e-05,4.2
flipped,1.584893192461114e-05,4.2
flipper,1.584893192461114e-05,4.2
flippest,1.584893192461114e-05,4.2
forty,1.584893192461114e-05,4.2
generous,1.584893192461114e-05,4.2
germans,1.584893192461114e-05,4.2
hr,1.584893192461114e-05,4.2
implements,1.584893192461114e-05,4.2
implementing,1.584893192461114e-05,4.2
implement,1.584893192461114e-05,4.2
incorporated,1.584893192461114e-05,4.2
jerusalem,1.584893192461114e-05,4.2
lasered,1.584893192461114e-05,4.2
lasers,1.584893192461114e-05,4.2
laser,1.584893192461114e-05,4.2
lasering,1.584893192461114e-05,4.2
loyallest,1.584893192461114e-05,4.2
loyal,1.584893192461114e-05,4.2
loyaller,1.584893192461114e-05,4.2
marijuana,1.584893192461114e-05,4.2
md,1.584893192461114e-05,4.2
mentally,1.584893192461114e-05,4.2
occupations,1.584893192461114e-05,4.2
occupation,1.584893192461114e-05,4.2
opponent,1.584893192461114e-05,4.2
patch,1.584893192461114e-05,4.2
patching,1.584893192461114e-05,4.2
patches,1.584893192461114e-05,4.2
patched,1.584893192461114e-05,4.2
patience,1.584893192461114e-05,4.2
pic,1.584893192461114e-05,4.2
pollutions,1.584893192461114e-05,4.2
pollution,1.584893192461114e-05,4.2
precisely,1.584893192461114e-05,4.2
prisoner,1.584893192461114e-05,4.2
privileged,1.584893192461114e-05,4.2
privilege,1.584893192461114e-05,4.2
privileging,1.584893192461114e-05,4.2
privileges,1.584893192461114e-05,4.2
punks,1.584893192461114e-05,4.2
punk,1.584893192461114e-05,4.2
radar,1.584893192461114e-05,4.2
resists,1.584893192461114e-05,4.2
resisting,1.584893192461114e-05,4.2
resist,1.584893192461114e-05,4.2
resisted,1.584893192461114e-05,4.2
solely,1.584893192461114e-05,4.2
th,1.584893192461114e-05,4.2
tourist,1.584893192461114e-05,4.2
tourists,1.584893192461114e-05,4.2
transited,1.584893192461114e-05,4.2
transiting,1.584893192461114e-05,4.2
transit,1.584893192461114e-05,4.2
transits,1.584893192461114e-05,4.2
villas,1.584893192461114e-05,4.2
villa,1.584893192461114e-05,4.2
websites,1.584893192461114e-05,4.2
wirelesses,1.584893192461114e-05,4.2
wireless,1.584893192461114e-05,4.2
wrap,1.584893192461114e-05,4.2
wrapping,1.584893192461114e-05,4.2
wraps,1.584893192461114e-05,4.2
wrapped,1.584893192461114e-05,4.2
wrights,1.584893192461114e-05,4.2
wright,1.584893192461114e-05,4.2
yoga,1.584893192461114e-05,4.2
adopting,1.5488166189124828e-05,4.19
adopts,1.5488166189124828e-05,4.19
adopt,1.5488166189124828e-05,4.19
airlines,1.5488166189124828e-05,4.19
alaska,1.5488166189124828e-05,4.19
america's,1.5488166189124828e-05,4.19
anytime,1.5488166189124828e-05,4.19
bacterias,1.5488166189124828e-05,4.19
bacteria,1.5488166189124828e-05,4.19
beside,1.5488166189124828e-05,4.19
blade,1.5488166189124828e-05,4.19
blades,1.5488166189124828e-05,4.19
booting,1.5488166189124828e-05,4.19
booted,1.5488166189124828e-05,4.19
boot,1.5488166189124828e-05,4.19
bucks,1.5488166189124828e-05,4.19
bulk,1.5488166189124828e-05,4.19
bulks,1.5488166189124828e-05,4.19
bulked,1.5488166189124828e-05,4.19
bulking,1.5488166189124828e-05,4.19
cargo,1.5488166189124828e-05,4.19
cargos,1.5488166189124828e-05,4.19
cargoes,1.5488166189124828e-05,4.19
censuses,1.5488166189124828e-05,4.19
census,1.5488166189124828e-05,4.19
censusing,1.5488166189124828e-05,4.19
censused,1.5488166189124828e-05,4.19
christianity,1.5488166189124828e-05,4.19
coastal,1.5488166189124828e-05,4.19
coining,1.5488166189124828e-05,4.19
coin,1.5488166189124828e-05,4.19
coined,1.5488166189124828e-05,4.19
coloreds,1.5488166189124828e-05,4.19
commentaries,1.5488166189124828e-05,4.19
commentary,1.5488166189124828e-05,4.19
confusions,1.5488166189124828e-05,4.19
confusion,1.5488166189124828e-05,4.19
congressional,1.5488166189124828e-05,4.19
corns,1.5488166189124828e-05,4.19
corn,1.5488166189124828e-05,4.19
corning,1.5488166189124828e-05,4.19
corned,1.5488166189124828e-05,4.19
dealers,1.5488166189124828e-05,4.19
dealer,1.5488166189124828e-05,4.19
deemed,1.5488166189124828e-05,4.19
destiny,1.5488166189124828e-05,4.19
distant,1.5488166189124828e-05,4.19
electronics,1.5488166189124828e-05,4.19
emerging,1.5488166189124828e-05,4.19
emotion,1.5488166189124828e-05,4.19
emphasis,1.5488166189124828e-05,4.19
emphases,1.5488166189124828e-05,4.19
ethics,1.5488166189124828e-05,4.19
excitement,1.5488166189124828e-05,4.19
excitements,1.5488166189124828e-05,4.19
explorations,1.5488166189124828e-05,4.19
exploration,1.5488166189124828e-05,4.19
fillings,1.5488166189124828e-05,4.19
glasgow,1.5488166189124828e-05,4.19
helen,1.5488166189124828e-05,4.19
humor,1.5488166189124828e-05,4.19
humored,1.5488166189124828e-05,4.19
humors,1.5488166189124828e-05,4.19
humoring,1.5488166189124828e-05,4.19
insight,1.5488166189124828e-05,4.19
insights,1.5488166189124828e-05,4.19
it'd,1.5488166189124828e-05,4.19
jennifer,1.5488166189124828e-05,4.19
louisiana,1.5488166189124828e-05,4.19
mar,1.5488166189124828e-05,4.19
marred,1.5488166189124828e-05,4.19
marring,1.5488166189124828e-05,4.19
marie,1.5488166189124828e-05,4.19
mississippi,1.5488166189124828e-05,4.19
nerve,1.5488166189124828e-05,4.19
nerves,1.5488166189124828e-05,4.19
nerving,1.5488166189124828e-05,4.19
nerved,1.5488166189124828e-05,4.19
netflix,1.5488166189124828e-05,4.19
nightmares,1.5488166189124828e-05,4.19
nightmare,1.5488166189124828e-05,4.19
overnight,1.5488166189124828e-05,4.19
partially,1.5488166189124828e-05,4.19
pie,1.5488166189124828e-05,4.19
pies,1.5488166189124828e-05,4.19
posters,1.5488166189124828e-05,4.19
poster,1.5488166189124828e-05,4.19
pr,1.5488166189124828e-05,4.19
practically,1.5488166189124828e-05,4.19
preserving,1.5488166189124828e-05,4.19
preserves,1.5488166189124828e-05,4.19
preserve,1.5488166189124828e-05,4.19
preserved,1.5488166189124828e-05,4.19
qualifying,1.5488166189124828e-05,4.19
qualify,1.5488166189124828e-05,4.19
qualifies,1.5488166189124828e-05,4.19
raided,1.5488166189124828e-05,4.19
raids,1.5488166189124828e-05,4.19
raiding,1.5488166189124828e-05,4.19
raid,1.5488166189124828e-05,4.19
rammed,1.5488166189124828e-05,4.19
rams,1.5488166189124828e-05,4.19
ram,1.5488166189124828e-05,4.19
ramming,1.5488166189124828e-05,4.19
rankings,1.5488166189124828e-05,4.19
respective,1.5488166189124828e-05,4.19
restricted,1.5488166189124828e-05,4.19
samuel,1.5488166189124828e-05,4.19
sandy,1.5488166189124828e-05,4.19
sandier,1.5488166189124828e-05,4.19
sandiest,1.5488166189124828e-05,4.19
scenarios,1.5488166189124828e-05,4.19
scenario,1.5488166189124828e-05,4.19
sheep,1.5488166189124828e-05,4.19
situated,1.5488166189124828e-05,4.19
sony,1.5488166189124828e-05,4.19
stanley,1.5488166189124828e-05,4.19
sustainable,1.5488166189124828e-05,4.19
sustained,1.5488166189124828e-05,4.19
taxis,1.5488166189124828e-05,4.19
taxied,1.5488166189124828e-05,4.19
taxiing,1.5488166189124828e-05,4.19
taxying,1.5488166189124828e-05,4.19
taxi,1.5488166189124828e-05,4.19
taxies,1.5488166189124828e-05,4.19
threatening,1.5488166189124828e-05,4.19
tobaccoes,1.5488166189124828e-05,4.19
tobacco,1.5488166189124828e-05,4.19
tobaccos,1.5488166189124828e-05,4.19
traces,1.5488166189124828e-05,4.19
trace,1.5488166189124828e-05,4.19
traced,1.5488166189124828e-05,4.19
tracing,1.5488166189124828e-05,4.19
turner,1.5488166189124828e-05,4.19
turners,1.5488166189124828e-05,4.19
uncomfortable,1.5488166189124828e-05,4.19
weaknesses,1.5488166189124828e-05,4.19
weakness,1.5488166189124828e-05,4.19
widespread,1.5488166189124828e-05,4.19
xbox,1.5488166189124828e-05,4.19
000th,1.5135612484362071e-05,4.18
accessible,1.5135612484362071e-05,4.18
acknowledges,1.5135612484362071e-05,4.18
acknowledged,1.5135612484362071e-05,4.18
acknowledge,1.5135612484362071e-05,4.18
acknowledging,1.5135612484362071e-05,4.18
advised,1.5135612484362071e-05,4.18
advisories,1.5135612484362071e-05,4.18
advisory,1.5135612484362071e-05,4.18
animations,1.5135612484362071e-05,4.18
animation,1.5135612484362071e-05,4.18
assignment,1.5135612484362071e-05,4.18
assignments,1.5135612484362071e-05,4.18
bares,1.5135612484362071e-05,4.18
bare,1.5135612484362071e-05,4.18
baring,1.5135612484362071e-05,4.18
barer,1.5135612484362071e-05,4.18
bared,1.5135612484362071e-05,4.18
barest,1.5135612484362071e-05,4.18
basements,1.5135612484362071e-05,4.18
basement,1.5135612484362071e-05,4.18
biases,1.5135612484362071e-05,4.18
bias,1.5135612484362071e-05,4.18
biasses,1.5135612484362071e-05,4.18
biased,1.5135612484362071e-05,4.18
biassing,1.5135612484362071e-05,4.18
biasing,1.5135612484362071e-05,4.18
biassed,1.5135612484362071e-05,4.18
birmingham,1.5135612484362071e-05,4.18
canceled,1.5135612484362071e-05,4.18
canceling,1.5135612484362071e-05,4.18
cancelling,1.5135612484362071e-05,4.18
cancel,1.5135612484362071e-05,4.18
cancels,1.5135612484362071e-05,4.18
carpeting,1.5135612484362071e-05,4.18
carpet,1.5135612484362071e-05,4.18
carpeted,1.5135612484362071e-05,4.18
carpets,1.5135612484362071e-05,4.18
ceiling,1.5135612484362071e-05,4.18
ceilings,1.5135612484362071e-05,4.18
cherries,1.5135612484362071e-05,4.18
cherry,1.5135612484362071e-05,4.18
chilling,1.5135612484362071e-05,4.18
chills,1.5135612484362071e-05,4.18
chilled,1.5135612484362071e-05,4.18
chill,1.5135612484362071e-05,4.18
classification,1.5135612484362071e-05,4.18
classifications,1.5135612484362071e-05,4.18
cluing,1.5135612484362071e-05,4.18
clues,1.5135612484362071e-05,4.18
clue,1.5135612484362071e-05,4.18
clued,1.5135612484362071e-05,4.18
cole,1.5135612484362071e-05,4.18
collapse,1.5135612484362071e-05,4.18
collapsing,1.5135612484362071e-05,4.18
collapsed,1.5135612484362071e-05,4.18
collapses,1.5135612484362071e-05,4.18
compounded,1.5135612484362071e-05,4.18
compound,1.5135612484362071e-05,4.18
compounds,1.5135612484362071e-05,4.18
compounding,1.5135612484362071e-05,4.18
conscious,1.5135612484362071e-05,4.18
consecutive,1.5135612484362071e-05,4.18
costuming,1.5135612484362071e-05,4.18
costumed,1.5135612484362071e-05,4.18
costumes,1.5135612484362071e-05,4.18
costume,1.5135612484362071e-05,4.18
craig,1.5135612484362071e-05,4.18
devoted,1.5135612484362071e-05,4.18
didnt,1.5135612484362071e-05,4.18
dominated,1.5135612484362071e-05,4.18
earl,1.5135612484362071e-05,4.18
earls,1.5135612484362071e-05,4.18
endless,1.5135612484362071e-05,4.18
examining,1.5135612484362071e-05,4.18
examine,1.5135612484362071e-05,4.18
examined,1.5135612484362071e-05,4.18
examines,1.5135612484362071e-05,4.18
floating,1.5135612484362071e-05,4.18
garbage,1.5135612484362071e-05,4.18
gospels,1.5135612484362071e-05,4.18
gospel,1.5135612484362071e-05,4.18
grained,1.5135612484362071e-05,4.18
grain,1.5135612484362071e-05,4.18
grains,1.5135612484362071e-05,4.18
graining,1.5135612484362071e-05,4.18
grids,1.5135612484362071e-05,4.18
grid,1.5135612484362071e-05,4.18
heatings,1.5135612484362071e-05,4.18
identification,1.5135612484362071e-05,4.18
identifications,1.5135612484362071e-05,4.18
lapping,1.5135612484362071e-05,4.18
lap,1.5135612484362071e-05,4.18
lapped,1.5135612484362071e-05,4.18
laps,1.5135612484362071e-05,4.18
livers,1.5135612484362071e-05,4.18
liver,1.5135612484362071e-05,4.18
metro,1.5135612484362071e-05,4.18
metros,1.5135612484362071e-05,4.18
metropolitan,1.5135612484362071e-05,4.18
metropolitans,1.5135612484362071e-05,4.18
mixture,1.5135612484362071e-05,4.18
mixtures,1.5135612484362071e-05,4.18
nominated,1.5135612484362071e-05,4.18
oak,1.5135612484362071e-05,4.18
oaks,1.5135612484362071e-05,4.18
parliamentary,1.5135612484362071e-05,4.18
patents,1.5135612484362071e-05,4.18
patented,1.5135612484362071e-05,4.18
patent,1.5135612484362071e-05,4.18
patenting,1.5135612484362071e-05,4.18
perception,1.5135612484362071e-05,4.18
perceptions,1.5135612484362071e-05,4.18
physician,1.5135612484362071e-05,4.18
physicians,1.5135612484362071e-05,4.18
portland,1.5135612484362071e-05,4.18
proceeding,1.5135612484362071e-05,4.18
proceed,1.5135612484362071e-05,4.18
proceeds,1.5135612484362071e-05,4.18
proceeded,1.5135612484362071e-05,4.18
proceedings,1.5135612484362071e-05,4.18
pupils,1.5135612484362071e-05,4.18
restoring,1.5135612484362071e-05,4.18
restore,1.5135612484362071e-05,4.18
restores,1.5135612484362071e-05,4.18
restored,1.5135612484362071e-05,4.18
rifling,1.5135612484362071e-05,4.18
rifled,1.5135612484362071e-05,4.18
rifle,1.5135612484362071e-05,4.18
rifles,1.5135612484362071e-05,4.18
rivals,1.5135612484362071e-05,4.18
rivaling,1.5135612484362071e-05,4.18
rivalled,1.5135612484362071e-05,4.18
rival,1.5135612484362071e-05,4.18
rivaled,1.5135612484362071e-05,4.18
rivalling,1.5135612484362071e-05,4.18
rs,1.5135612484362071e-05,4.18
runners,1.5135612484362071e-05,4.18
runner,1.5135612484362071e-05,4.18
sadly,1.5135612484362071e-05,4.18
sc,1.5135612484362071e-05,4.18
she'd,1.5135612484362071e-05,4.18
she'll,1.5135612484362071e-05,4.18
significance,1.5135612484362071e-05,4.18
significances,1.5135612484362071e-05,4.18
soaps,1.5135612484362071e-05,4.18
soap,1.5135612484362071e-05,4.18
soaped,1.5135612484362071e-05,4.18
soaping,1.5135612484362071e-05,4.18
spraying,1.5135612484362071e-05,4.18
sprayed,1.5135612484362071e-05,4.18
spray,1.5135612484362071e-05,4.18
sprays,1.5135612484362071e-05,4.18
structural,1.5135612484362071e-05,4.18
suite,1.5135612484362071e-05,4.18
suites,1.5135612484362071e-05,4.18
tbh,1.5135612484362071e-05,4.18
tropical,1.5135612484362071e-05,4.18
ukrainian,1.5135612484362071e-05,4.18
unnecessary,1.5135612484362071e-05,4.18
verses,1.5135612484362071e-05,4.18
verse,1.5135612484362071e-05,4.18
victors,1.5135612484362071e-05,4.18
victor,1.5135612484362071e-05,4.18
vintages,1.5135612484362071e-05,4.18
vintage,1.5135612484362071e-05,4.18
warned,1.5135612484362071e-05,4.18
watson,1.5135612484362071e-05,4.18
"0,000,000",1.4791083881682072e-05,4.17
00am,1.4791083881682072e-05,4.17
acres,1.4791083881682072e-05,4.17
adapted,1.4791083881682072e-05,4.17
adoptions,1.4791083881682072e-05,4.17
adoption,1.4791083881682072e-05,4.17
anonymous,1.4791083881682072e-05,4.17
antonio,1.4791083881682072e-05,4.17
artistic,1.4791083881682072e-05,4.17
attendance,1.4791083881682072e-05,4.17
attendances,1.4791083881682072e-05,4.17
aviation,1.4791083881682072e-05,4.17
barrel,1.4791083881682072e-05,4.17
barrelling,1.4791083881682072e-05,4.17
barreling,1.4791083881682072e-05,4.17
barrelled,1.4791083881682072e-05,4.17
barrels,1.4791083881682072e-05,4.17
barreled,1.4791083881682072e-05,4.17
beloveds,1.4791083881682072e-05,4.17
beloved,1.4791083881682072e-05,4.17
blessing,1.4791083881682072e-05,4.17
blest,1.4791083881682072e-05,4.17
bless,1.4791083881682072e-05,4.17
blesses,1.4791083881682072e-05,4.17
chuck,1.4791083881682072e-05,4.17
chucked,1.4791083881682072e-05,4.17
chucking,1.4791083881682072e-05,4.17
chucks,1.4791083881682072e-05,4.17
cinemas,1.4791083881682072e-05,4.17
cinema,1.4791083881682072e-05,4.17
colonials,1.4791083881682072e-05,4.17
colonial,1.4791083881682072e-05,4.17
compliance,1.4791083881682072e-05,4.17
compliances,1.4791083881682072e-05,4.17
contraries,1.4791083881682072e-05,4.17
contrary,1.4791083881682072e-05,4.17
couches,1.4791083881682072e-05,4.17
couch,1.4791083881682072e-05,4.17
couching,1.4791083881682072e-05,4.17
couched,1.4791083881682072e-05,4.17
country's,1.4791083881682072e-05,4.17
crushes,1.4791083881682072e-05,4.17
crushing,1.4791083881682072e-05,4.17
crushed,1.4791083881682072e-05,4.17
crush,1.4791083881682072e-05,4.17
dammed,1.4791083881682072e-05,4.17
damming,1.4791083881682072e-05,4.17
dams,1.4791083881682072e-05,4.17
dam,1.4791083881682072e-05,4.17
decreasing,1.4791083881682072e-05,4.17
decreases,1.4791083881682072e-05,4.17
decrease,1.4791083881682072e-05,4.17
decreased,1.4791083881682072e-05,4.17
diabetes,1.4791083881682072e-05,4.17
dressings,1.4791083881682072e-05,4.17
genre,1.4791083881682072e-05,4.17
genres,1.4791083881682072e-05,4.17
gentler,1.4791083881682072e-05,4.17
gentling,1.4791083881682072e-05,4.17
gentlest,1.4791083881682072e-05,4.17
gentle,1.4791083881682072e-05,4.17
gentled,1.4791083881682072e-05,4.17
gentles,1.4791083881682072e-05,4.17
grammar,1.4791083881682072e-05,4.17
grammars,1.4791083881682072e-05,4.17
hiv,1.4791083881682072e-05,4.17
idk,1.4791083881682072e-05,4.17
illustrated,1.4791083881682072e-05,4.17
invented,1.4791083881682072e-05,4.17
jake,1.4791083881682072e-05,4.17
jams,1.4791083881682072e-05,4.17
jam,1.4791083881682072e-05,4.17
jammed,1.4791083881682072e-05,4.17
jamming,1.4791083881682072e-05,4.17
jamie,1.4791083881682072e-05,4.17
jessica,1.4791083881682072e-05,4.17
keith,1.4791083881682072e-05,4.17
kent,1.4791083881682072e-05,4.17
leases,1.4791083881682072e-05,4.17
leased,1.4791083881682072e-05,4.17
lease,1.4791083881682072e-05,4.17
leasing,1.4791083881682072e-05,4.17
lensing,1.4791083881682072e-05,4.17
lens,1.4791083881682072e-05,4.17
lensed,1.4791083881682072e-05,4.17
lenses,1.4791083881682072e-05,4.17
loyalty,1.4791083881682072e-05,4.17
loyalties,1.4791083881682072e-05,4.17
madison,1.4791083881682072e-05,4.17
magnetic,1.4791083881682072e-05,4.17
metres,1.4791083881682072e-05,4.17
mysterious,1.4791083881682072e-05,4.17
notions,1.4791083881682072e-05,4.17
notion,1.4791083881682072e-05,4.17
partial,1.4791083881682072e-05,4.17
partials,1.4791083881682072e-05,4.17
pisses,1.4791083881682072e-05,4.17
pissing,1.4791083881682072e-05,4.17
piss,1.4791083881682072e-05,4.17
propaganda,1.4791083881682072e-05,4.17
rat,1.4791083881682072e-05,4.17
ratted,1.4791083881682072e-05,4.17
rats,1.4791083881682072e-05,4.17
ratting,1.4791083881682072e-05,4.17
reflection,1.4791083881682072e-05,4.17
resolving,1.4791083881682072e-05,4.17
resolved,1.4791083881682072e-05,4.17
resolve,1.4791083881682072e-05,4.17
resolves,1.4791083881682072e-05,4.17
revolutionary,1.4791083881682072e-05,4.17
revolutionaries,1.4791083881682072e-05,4.17
scandals,1.4791083881682072e-05,4.17
scandal,1.4791083881682072e-05,4.17
shines,1.4791083881682072e-05,4.17
shine,1.4791083881682072e-05,4.17
shining,1.4791083881682072e-05,4.17
shone,1.4791083881682072e-05,4.17
shined,1.4791083881682072e-05,4.17
si,1.4791083881682072e-05,4.17
simultaneously,1.4791083881682072e-05,4.17
substitutes,1.4791083881682072e-05,4.17
substitute,1.4791083881682072e-05,4.17
substituting,1.4791083881682072e-05,4.17
substituted,1.4791083881682072e-05,4.17
surveillances,1.4791083881682072e-05,4.17
surveillance,1.4791083881682072e-05,4.17
tactics,1.4791083881682072e-05,4.17
testimony,1.4791083881682072e-05,4.17
testimonies,1.4791083881682072e-05,4.17
thai,1.4791083881682072e-05,4.17
treasured,1.4791083881682072e-05,4.17
treasures,1.4791083881682072e-05,4.17
treasuring,1.4791083881682072e-05,4.17
treasure,1.4791083881682072e-05,4.17
trophies,1.4791083881682072e-05,4.17
trophy,1.4791083881682072e-05,4.17
tweet,1.4791083881682072e-05,4.17
tweeted,1.4791083881682072e-05,4.17
tweets,1.4791083881682072e-05,4.17
tweeting,1.4791083881682072e-05,4.17
tyler,1.4791083881682072e-05,4.17
underlying,1.4791083881682072e-05,4.17
unfair,1.4791083881682072e-05,4.17
von,1.4791083881682072e-05,4.17
wa,1.4791083881682072e-05,4.17
acceptances,1.445439770745928e-05,4.16
acceptance,1.445439770745928e-05,4.16
annually,1.445439770745928e-05,4.16
apologized,1.445439770745928e-05,4.16
apologizes,1.445439770745928e-05,4.16
apologizing,1.445439770745928e-05,4.16
apologize,1.445439770745928e-05,4.16
ash,1.445439770745928e-05,4.16
ashes,1.445439770745928e-05,4.16
ashing,1.445439770745928e-05,4.16
ashed,1.445439770745928e-05,4.16
aunts,1.445439770745928e-05,4.16
aunt,1.445439770745928e-05,4.16
benjamin,1.445439770745928e-05,4.16
blake,1.445439770745928e-05,4.16
bubble,1.445439770745928e-05,4.16
bubbled,1.445439770745928e-05,4.16
bubbles,1.445439770745928e-05,4.16
bubbling,1.445439770745928e-05,4.16
buyers,1.445439770745928e-05,4.16
casino,1.445439770745928e-05,4.16
counsels,1.445439770745928e-05,4.16
counsel,1.445439770745928e-05,4.16
counselling,1.445439770745928e-05,4.16
counseling,1.445439770745928e-05,4.16
counselled,1.445439770745928e-05,4.16
counseled,1.445439770745928e-05,4.16
creature,1.445439770745928e-05,4.16
deadliest,1.445439770745928e-05,4.16
deadlier,1.445439770745928e-05,4.16
deadly,1.445439770745928e-05,4.16
der,1.445439770745928e-05,4.16
determinations,1.445439770745928e-05,4.16
determination,1.445439770745928e-05,4.16
embracing,1.445439770745928e-05,4.16
embraces,1.445439770745928e-05,4.16
embraced,1.445439770745928e-05,4.16
embrace,1.445439770745928e-05,4.16
emerged,1.445439770745928e-05,4.16
exhibits,1.445439770745928e-05,4.16
exhibiting,1.445439770745928e-05,4.16
exhibit,1.445439770745928e-05,4.16
exhibited,1.445439770745928e-05,4.16
gentleman,1.445439770745928e-05,4.16
gentlemen,1.445439770745928e-05,4.16
gm,1.445439770745928e-05,4.16
halloween,1.445439770745928e-05,4.16
hammers,1.445439770745928e-05,4.16
hammer,1.445439770745928e-05,4.16
hammering,1.445439770745928e-05,4.16
hammered,1.445439770745928e-05,4.16
hitler,1.445439770745928e-05,4.16
icons,1.445439770745928e-05,4.16
icon,1.445439770745928e-05,4.16
imposed,1.445439770745928e-05,4.16
indigenous,1.445439770745928e-05,4.16
infinite,1.445439770745928e-05,4.16
installation,1.445439770745928e-05,4.16
installations,1.445439770745928e-05,4.16
inter,1.445439770745928e-05,4.16
interring,1.445439770745928e-05,4.16
inters,1.445439770745928e-05,4.16
interred,1.445439770745928e-05,4.16
iranian,1.445439770745928e-05,4.16
legislatures,1.445439770745928e-05,4.16
legislature,1.445439770745928e-05,4.16
liabilities,1.445439770745928e-05,4.16
liability,1.445439770745928e-05,4.16
maine,1.445439770745928e-05,4.16
manhattan,1.445439770745928e-05,4.16
marathon,1.445439770745928e-05,4.16
marathons,1.445439770745928e-05,4.16
marathonned,1.445439770745928e-05,4.16
marathonning,1.445439770745928e-05,4.16
marvel,1.445439770745928e-05,4.16
marvels,1.445439770745928e-05,4.16
marvelled,1.445439770745928e-05,4.16
marveling,1.445439770745928e-05,4.16
marveled,1.445439770745928e-05,4.16
michelle,1.445439770745928e-05,4.16
moreover,1.445439770745928e-05,4.16
mps,1.445439770745928e-05,4.16
neil,1.445439770745928e-05,4.16
ours,1.445439770745928e-05,4.16
parade,1.445439770745928e-05,4.16
parading,1.445439770745928e-05,4.16
parades,1.445439770745928e-05,4.16
paraded,1.445439770745928e-05,4.16
paradise,1.445439770745928e-05,4.16
paradises,1.445439770745928e-05,4.16
perceived,1.445439770745928e-05,4.16
pics,1.445439770745928e-05,4.16
politician,1.445439770745928e-05,4.16
preliminary,1.445439770745928e-05,4.16
preliminaries,1.445439770745928e-05,4.16
premieres,1.445439770745928e-05,4.16
premiere,1.445439770745928e-05,4.16
presidency,1.445439770745928e-05,4.16
presidencies,1.445439770745928e-05,4.16
reacting,1.445439770745928e-05,4.16
react,1.445439770745928e-05,4.16
reacts,1.445439770745928e-05,4.16
reacted,1.445439770745928e-05,4.16
realistic,1.445439770745928e-05,4.16
remarks,1.445439770745928e-05,4.16
retain,1.445439770745928e-05,4.16
retained,1.445439770745928e-05,4.16
retaining,1.445439770745928e-05,4.16
retains,1.445439770745928e-05,4.16
roberts,1.445439770745928e-05,4.16
rockier,1.445439770745928e-05,4.16
rocky,1.445439770745928e-05,4.16
rockiest,1.445439770745928e-05,4.16
russians,1.445439770745928e-05,4.16
satisfaction,1.445439770745928e-05,4.16
satisfactions,1.445439770745928e-05,4.16
scratches,1.445439770745928e-05,4.16
scratch,1.445439770745928e-05,4.16
scratched,1.445439770745928e-05,4.16
scratching,1.445439770745928e-05,4.16
shade,1.445439770745928e-05,4.16
shading,1.445439770745928e-05,4.16
shaded,1.445439770745928e-05,4.16
shades,1.445439770745928e-05,4.16
sheriffs,1.445439770745928e-05,4.16
sheriff,1.445439770745928e-05,4.16
shying,1.445439770745928e-05,4.16
shied,1.445439770745928e-05,4.16
shies,1.445439770745928e-05,4.16
shyest,1.445439770745928e-05,4.16
shyer,1.445439770745928e-05,4.16
shy,1.445439770745928e-05,4.16
sometime,1.445439770745928e-05,4.16
strictly,1.445439770745928e-05,4.16
sunshine,1.445439770745928e-05,4.16
thou,1.445439770745928e-05,4.16
tier,1.445439770745928e-05,4.16
tiers,1.445439770745928e-05,4.16
tiered,1.445439770745928e-05,4.16
tiering,1.445439770745928e-05,4.16
tommy,1.445439770745928e-05,4.16
vancouver,1.445439770745928e-05,4.16
vocals,1.445439770745928e-05,4.16
vocal,1.445439770745928e-05,4.16
warrior,1.445439770745928e-05,4.16
woman's,1.445439770745928e-05,4.16
yields,1.445439770745928e-05,4.16
yielded,1.445439770745928e-05,4.16
yielding,1.445439770745928e-05,4.16
yield,1.445439770745928e-05,4.16
accomplished,1.4125375446227557e-05,4.15
admission,1.4125375446227557e-05,4.15
admissions,1.4125375446227557e-05,4.15
aka,1.4125375446227557e-05,4.15
bacon,1.4125375446227557e-05,4.15
barriers,1.4125375446227557e-05,4.15
barrier,1.4125375446227557e-05,4.15
belgium,1.4125375446227557e-05,4.15
bursts,1.4125375446227557e-05,4.15
bursting,1.4125375446227557e-05,4.15
burst,1.4125375446227557e-05,4.15
castings,1.4125375446227557e-05,4.15
cattle,1.4125375446227557e-05,4.15
cc,1.4125375446227557e-05,4.15
classroom,1.4125375446227557e-05,4.15
classrooms,1.4125375446227557e-05,4.15
collins,1.4125375446227557e-05,4.15
compromise,1.4125375446227557e-05,4.15
compromised,1.4125375446227557e-05,4.15
compromises,1.4125375446227557e-05,4.15
compromising,1.4125375446227557e-05,4.15
convenient,1.4125375446227557e-05,4.15
costa,1.4125375446227557e-05,4.15
crop,1.4125375446227557e-05,4.15
crops,1.4125375446227557e-05,4.15
cropped,1.4125375446227557e-05,4.15
cropping,1.4125375446227557e-05,4.15
earthquakes,1.4125375446227557e-05,4.15
earthquake,1.4125375446227557e-05,4.15
elderlies,1.4125375446227557e-05,4.15
elderly,1.4125375446227557e-05,4.15
eliminate,1.4125375446227557e-05,4.15
eliminates,1.4125375446227557e-05,4.15
eliminating,1.4125375446227557e-05,4.15
eliminated,1.4125375446227557e-05,4.15
embarrassing,1.4125375446227557e-05,4.15
farmer,1.4125375446227557e-05,4.15
harboring,1.4125375446227557e-05,4.15
harbor,1.4125375446227557e-05,4.15
harbored,1.4125375446227557e-05,4.15
harbors,1.4125375446227557e-05,4.15
harvey,1.4125375446227557e-05,4.15
inform,1.4125375446227557e-05,4.15
informs,1.4125375446227557e-05,4.15
informing,1.4125375446227557e-05,4.15
ions,1.4125375446227557e-05,4.15
ion,1.4125375446227557e-05,4.15
jeremy,1.4125375446227557e-05,4.15
lesbians,1.4125375446227557e-05,4.15
lesbian,1.4125375446227557e-05,4.15
lt,1.4125375446227557e-05,4.15
mathematics,1.4125375446227557e-05,4.15
medications,1.4125375446227557e-05,4.15
medication,1.4125375446227557e-05,4.15
morris,1.4125375446227557e-05,4.15
norway,1.4125375446227557e-05,4.15
pars,1.4125375446227557e-05,4.15
par,1.4125375446227557e-05,4.15
podcast,1.4125375446227557e-05,4.15
portfolio,1.4125375446227557e-05,4.15
portfolios,1.4125375446227557e-05,4.15
productivities,1.4125375446227557e-05,4.15
productivity,1.4125375446227557e-05,4.15
protocol,1.4125375446227557e-05,4.15
protocoled,1.4125375446227557e-05,4.15
protocols,1.4125375446227557e-05,4.15
protocolling,1.4125375446227557e-05,4.15
protocolled,1.4125375446227557e-05,4.15
protocoling,1.4125375446227557e-05,4.15
quietly,1.4125375446227557e-05,4.15
rachel,1.4125375446227557e-05,4.15
salad,1.4125375446227557e-05,4.15
salads,1.4125375446227557e-05,4.15
scholarships,1.4125375446227557e-05,4.15
scholarship,1.4125375446227557e-05,4.15
screenings,1.4125375446227557e-05,4.15
soups,1.4125375446227557e-05,4.15
souped,1.4125375446227557e-05,4.15
soup,1.4125375446227557e-05,4.15
souping,1.4125375446227557e-05,4.15
southeast,1.4125375446227557e-05,4.15
staked,1.4125375446227557e-05,4.15
stakes,1.4125375446227557e-05,4.15
stake,1.4125375446227557e-05,4.15
staking,1.4125375446227557e-05,4.15
strains,1.4125375446227557e-05,4.15
straining,1.4125375446227557e-05,4.15
strain,1.4125375446227557e-05,4.15
strained,1.4125375446227557e-05,4.15
swift,1.4125375446227557e-05,4.15
swiftest,1.4125375446227557e-05,4.15
swifter,1.4125375446227557e-05,4.15
swifts,1.4125375446227557e-05,4.15
tackled,1.4125375446227557e-05,4.15
tackles,1.4125375446227557e-05,4.15
tackle,1.4125375446227557e-05,4.15
tackling,1.4125375446227557e-05,4.15
timeline,1.4125375446227557e-05,4.15
tortured,1.4125375446227557e-05,4.15
torture,1.4125375446227557e-05,4.15
tortures,1.4125375446227557e-05,4.15
torturing,1.4125375446227557e-05,4.15
translated,1.4125375446227557e-05,4.15
urgent,1.4125375446227557e-05,4.15
vegetables,1.4125375446227557e-05,4.15
verticals,1.4125375446227557e-05,4.15
vertical,1.4125375446227557e-05,4.15
violation,1.4125375446227557e-05,4.15
violations,1.4125375446227557e-05,4.15
wallet,1.4125375446227557e-05,4.15
wallets,1.4125375446227557e-05,4.15
welshes,1.4125375446227557e-05,4.15
welsh,1.4125375446227557e-05,4.15
welshed,1.4125375446227557e-05,4.15
welshing,1.4125375446227557e-05,4.15
workshop,1.4125375446227557e-05,4.15
workshops,1.4125375446227557e-05,4.15
9th,1.380384264602884e-05,4.14
aboard,1.380384264602884e-05,4.14
abstracted,1.380384264602884e-05,4.14
abstracts,1.380384264602884e-05,4.14
abstract,1.380384264602884e-05,4.14
abstracting,1.380384264602884e-05,4.14
accenting,1.380384264602884e-05,4.14
accented,1.380384264602884e-05,4.14
accents,1.380384264602884e-05,4.14
accent,1.380384264602884e-05,4.14
addiction,1.380384264602884e-05,4.14
addictions,1.380384264602884e-05,4.14
awaking,1.380384264602884e-05,4.14
awoken,1.380384264602884e-05,4.14
awoke,1.380384264602884e-05,4.14
awakes,1.380384264602884e-05,4.14
awake,1.380384264602884e-05,4.14
beams,1.380384264602884e-05,4.14
beam,1.380384264602884e-05,4.14
beaming,1.380384264602884e-05,4.14
beamed,1.380384264602884e-05,4.14
beans,1.380384264602884e-05,4.14
bindings,1.380384264602884e-05,4.14
binding,1.380384264602884e-05,4.14
blanked,1.380384264602884e-05,4.14
blank,1.380384264602884e-05,4.14
blanking,1.380384264602884e-05,4.14
blanks,1.380384264602884e-05,4.14
buffalos,1.380384264602884e-05,4.14
buffalo,1.380384264602884e-05,4.14
buffaloes,1.380384264602884e-05,4.14
cbs,1.380384264602884e-05,4.14
convictions,1.380384264602884e-05,4.14
conviction,1.380384264602884e-05,4.14
corrupting,1.380384264602884e-05,4.14
corrupt,1.380384264602884e-05,4.14
corrupts,1.380384264602884e-05,4.14
corrupted,1.380384264602884e-05,4.14
cow,1.380384264602884e-05,4.14
cows,1.380384264602884e-05,4.14
cowing,1.380384264602884e-05,4.14
cowed,1.380384264602884e-05,4.14
curved,1.380384264602884e-05,4.14
curving,1.380384264602884e-05,4.14
curve,1.380384264602884e-05,4.14
curves,1.380384264602884e-05,4.14
depressed,1.380384264602884e-05,4.14
dining,1.380384264602884e-05,4.14
durations,1.380384264602884e-05,4.14
duration,1.380384264602884e-05,4.14
eddie,1.380384264602884e-05,4.14
emily,1.380384264602884e-05,4.14
fifteen,1.380384264602884e-05,4.14
ga,1.380384264602884e-05,4.14
grandmothers,1.380384264602884e-05,4.14
grandmother,1.380384264602884e-05,4.14
harsh,1.380384264602884e-05,4.14
harsher,1.380384264602884e-05,4.14
harshest,1.380384264602884e-05,4.14
horn,1.380384264602884e-05,4.14
horning,1.380384264602884e-05,4.14
horns,1.380384264602884e-05,4.14
horned,1.380384264602884e-05,4.14
hurry,1.380384264602884e-05,4.14
hurried,1.380384264602884e-05,4.14
hurries,1.380384264602884e-05,4.14
hurrying,1.380384264602884e-05,4.14
immunes,1.380384264602884e-05,4.14
immune,1.380384264602884e-05,4.14
inflation,1.380384264602884e-05,4.14
inflations,1.380384264602884e-05,4.14
ingredients,1.380384264602884e-05,4.14
inspection,1.380384264602884e-05,4.14
inspections,1.380384264602884e-05,4.14
installs,1.380384264602884e-05,4.14
instals,1.380384264602884e-05,4.14
installing,1.380384264602884e-05,4.14
install,1.380384264602884e-05,4.14
instruction,1.380384264602884e-05,4.14
intensities,1.380384264602884e-05,4.14
intensity,1.380384264602884e-05,4.14
inventorying,1.380384264602884e-05,4.14
inventory,1.380384264602884e-05,4.14
inventories,1.380384264602884e-05,4.14
inventoried,1.380384264602884e-05,4.14
invitation,1.380384264602884e-05,4.14
invitations,1.380384264602884e-05,4.14
judicial,1.380384264602884e-05,4.14
justifying,1.380384264602884e-05,4.14
justifies,1.380384264602884e-05,4.14
justify,1.380384264602884e-05,4.14
justified,1.380384264602884e-05,4.14
kyle,1.380384264602884e-05,4.14
leaned,1.380384264602884e-05,4.14
leanest,1.380384264602884e-05,4.14
leaner,1.380384264602884e-05,4.14
leant,1.380384264602884e-05,4.14
leaning,1.380384264602884e-05,4.14
lean,1.380384264602884e-05,4.14
leans,1.380384264602884e-05,4.14
lectures,1.380384264602884e-05,4.14
lecturing,1.380384264602884e-05,4.14
lecture,1.380384264602884e-05,4.14
lectured,1.380384264602884e-05,4.14
logical,1.380384264602884e-05,4.14
masons,1.380384264602884e-05,4.14
mason,1.380384264602884e-05,4.14
meaningful,1.380384264602884e-05,4.14
migration,1.380384264602884e-05,4.14
migrations,1.380384264602884e-05,4.14
missiles,1.380384264602884e-05,4.14
missile,1.380384264602884e-05,4.14
motivated,1.380384264602884e-05,4.14
nancy,1.380384264602884e-05,4.14
norman,1.380384264602884e-05,4.14
northwest,1.380384264602884e-05,4.14
organ,1.380384264602884e-05,4.14
organs,1.380384264602884e-05,4.14
patrol,1.380384264602884e-05,4.14
patrols,1.380384264602884e-05,4.14
patrolled,1.380384264602884e-05,4.14
patrolling,1.380384264602884e-05,4.14
pearling,1.380384264602884e-05,4.14
pearl,1.380384264602884e-05,4.14
pearled,1.380384264602884e-05,4.14
pearls,1.380384264602884e-05,4.14
peer,1.380384264602884e-05,4.14
peered,1.380384264602884e-05,4.14
peers,1.380384264602884e-05,4.14
peering,1.380384264602884e-05,4.14
peppered,1.380384264602884e-05,4.14
peppers,1.380384264602884e-05,4.14
pepper,1.380384264602884e-05,4.14
peppering,1.380384264602884e-05,4.14
pigs,1.380384264602884e-05,4.14
pig,1.380384264602884e-05,4.14
piling,1.380384264602884e-05,4.14
piled,1.380384264602884e-05,4.14
pile,1.380384264602884e-05,4.14
piles,1.380384264602884e-05,4.14
plugs,1.380384264602884e-05,4.14
plugging,1.380384264602884e-05,4.14
plug,1.380384264602884e-05,4.14
plugged,1.380384264602884e-05,4.14
provisioning,1.380384264602884e-05,4.14
provisions,1.380384264602884e-05,4.14
provision,1.380384264602884e-05,4.14
provisioned,1.380384264602884e-05,4.14
revised,1.380384264602884e-05,4.14
rods,1.380384264602884e-05,4.14
rod,1.380384264602884e-05,4.14
rodded,1.380384264602884e-05,4.14
rodding,1.380384264602884e-05,4.14
screamed,1.380384264602884e-05,4.14
screams,1.380384264602884e-05,4.14
scream,1.380384264602884e-05,4.14
stairs,1.380384264602884e-05,4.14
staring,1.380384264602884e-05,4.14
statistical,1.380384264602884e-05,4.14
sweats,1.380384264602884e-05,4.14
sweat,1.380384264602884e-05,4.14
sweated,1.380384264602884e-05,4.14
sweating,1.380384264602884e-05,4.14
syrian,1.380384264602884e-05,4.14
tattoo,1.380384264602884e-05,4.14
teenage,1.380384264602884e-05,4.14
thundering,1.380384264602884e-05,4.14
thunders,1.380384264602884e-05,4.14
thundered,1.380384264602884e-05,4.14
thunder,1.380384264602884e-05,4.14
tragedy,1.380384264602884e-05,4.14
tragedies,1.380384264602884e-05,4.14
traumata,1.380384264602884e-05,4.14
trauma,1.380384264602884e-05,4.14
traumas,1.380384264602884e-05,4.14
vincent,1.380384264602884e-05,4.14
wrestling,1.380384264602884e-05,4.14
zoo,1.380384264602884e-05,4.14
zoos,1.380384264602884e-05,4.14
accordance,1.3489628825916531e-05,4.13
acquires,1.3489628825916531e-05,4.13
acquire,1.3489628825916531e-05,4.13
acquiring,1.3489628825916531e-05,4.13
activist,1.3489628825916531e-05,4.13
activists,1.3489628825916531e-05,4.13
alike,1.3489628825916531e-05,4.13
applicable,1.3489628825916531e-05,4.13
arrows,1.3489628825916531e-05,4.13
arrow,1.3489628825916531e-05,4.13
availability,1.3489628825916531e-05,4.13
availabilities,1.3489628825916531e-05,4.13
aw,1.3489628825916531e-05,4.13
ba,1.3489628825916531e-05,4.13
bent,1.3489628825916531e-05,4.13
bended,1.3489628825916531e-05,4.13
bends,1.3489628825916531e-05,4.13
bend,1.3489628825916531e-05,4.13
bending,1.3489628825916531e-05,4.13
boundary,1.3489628825916531e-05,4.13
breached,1.3489628825916531e-05,4.13
breaching,1.3489628825916531e-05,4.13
breaches,1.3489628825916531e-05,4.13
breach,1.3489628825916531e-05,4.13
cabin,1.3489628825916531e-05,4.13
cabins,1.3489628825916531e-05,4.13
cage,1.3489628825916531e-05,4.13
caging,1.3489628825916531e-05,4.13
caged,1.3489628825916531e-05,4.13
cages,1.3489628825916531e-05,4.13
chancellors,1.3489628825916531e-05,4.13
chancellor,1.3489628825916531e-05,4.13
cheers,1.3489628825916531e-05,4.13
closet,1.3489628825916531e-05,4.13
closets,1.3489628825916531e-05,4.13
closeting,1.3489628825916531e-05,4.13
closeted,1.3489628825916531e-05,4.13
combining,1.3489628825916531e-05,4.13
combine,1.3489628825916531e-05,4.13
combines,1.3489628825916531e-05,4.13
companion,1.3489628825916531e-05,4.13
companioned,1.3489628825916531e-05,4.13
companioning,1.3489628825916531e-05,4.13
companions,1.3489628825916531e-05,4.13
consciousnesses,1.3489628825916531e-05,4.13
consciousness,1.3489628825916531e-05,4.13
consultants,1.3489628825916531e-05,4.13
consultant,1.3489628825916531e-05,4.13
controller,1.3489628825916531e-05,4.13
controllers,1.3489628825916531e-05,4.13
corresponding,1.3489628825916531e-05,4.13
courtesy,1.3489628825916531e-05,4.13
courtesies,1.3489628825916531e-05,4.13
cuba,1.3489628825916531e-05,4.13
discs,1.3489628825916531e-05,4.13
disced,1.3489628825916531e-05,4.13
discing,1.3489628825916531e-05,4.13
disc,1.3489628825916531e-05,4.13
eagle,1.3489628825916531e-05,4.13
embassy,1.3489628825916531e-05,4.13
embassies,1.3489628825916531e-05,4.13
fascinating,1.3489628825916531e-05,4.13
financings,1.3489628825916531e-05,4.13
flexible,1.3489628825916531e-05,4.13
goodness,1.3489628825916531e-05,4.13
guilts,1.3489628825916531e-05,4.13
guilt,1.3489628825916531e-05,4.13
havens,1.3489628825916531e-05,4.13
haven,1.3489628825916531e-05,4.13
helicopter,1.3489628825916531e-05,4.13
helicopters,1.3489628825916531e-05,4.13
helicoptered,1.3489628825916531e-05,4.13
helicoptering,1.3489628825916531e-05,4.13
homework,1.3489628825916531e-05,4.13
hp,1.3489628825916531e-05,4.13
iconic,1.3489628825916531e-05,4.13
infected,1.3489628825916531e-05,4.13
keenest,1.3489628825916531e-05,4.13
keen,1.3489628825916531e-05,4.13
keening,1.3489628825916531e-05,4.13
keened,1.3489628825916531e-05,4.13
keens,1.3489628825916531e-05,4.13
keener,1.3489628825916531e-05,4.13
kenya,1.3489628825916531e-05,4.13
lesser,1.3489628825916531e-05,4.13
lipped,1.3489628825916531e-05,4.13
lip,1.3489628825916531e-05,4.13
lipping,1.3489628825916531e-05,4.13
mandatory,1.3489628825916531e-05,4.13
manufactured,1.3489628825916531e-05,4.13
mechanics,1.3489628825916531e-05,4.13
merest,1.3489628825916531e-05,4.13
meres,1.3489628825916531e-05,4.13
merer,1.3489628825916531e-05,4.13
mere,1.3489628825916531e-05,4.13
miracles,1.3489628825916531e-05,4.13
miracle,1.3489628825916531e-05,4.13
mt,1.3489628825916531e-05,4.13
mud,1.3489628825916531e-05,4.13
murphy,1.3489628825916531e-05,4.13
nathan,1.3489628825916531e-05,4.13
observations,1.3489628825916531e-05,4.13
observation,1.3489628825916531e-05,4.13
owe,1.3489628825916531e-05,4.13
owing,1.3489628825916531e-05,4.13
owed,1.3489628825916531e-05,4.13
owes,1.3489628825916531e-05,4.13
phenomena,1.3489628825916531e-05,4.13
phenomenon,1.3489628825916531e-05,4.13
phenomenons,1.3489628825916531e-05,4.13
pittsburgh,1.3489628825916531e-05,4.13
playoff,1.3489628825916531e-05,4.13
precised,1.3489628825916531e-05,4.13
precises,1.3489628825916531e-05,4.13
precise,1.3489628825916531e-05,4.13
precising,1.3489628825916531e-05,4.13
professions,1.3489628825916531e-05,4.13
profession,1.3489628825916531e-05,4.13
prospected,1.3489628825916531e-05,4.13
prospecting,1.3489628825916531e-05,4.13
prospects,1.3489628825916531e-05,4.13
prospect,1.3489628825916531e-05,4.13
protective,1.3489628825916531e-05,4.13
protectives,1.3489628825916531e-05,4.13
providers,1.3489628825916531e-05,4.13
publishers,1.3489628825916531e-05,4.13
publisher,1.3489628825916531e-05,4.13
putin,1.3489628825916531e-05,4.13
reportedly,1.3489628825916531e-05,4.13
retreating,1.3489628825916531e-05,4.13
retreat,1.3489628825916531e-05,4.13
retreats,1.3489628825916531e-05,4.13
retreated,1.3489628825916531e-05,4.13
rookie,1.3489628825916531e-05,4.13
rookies,1.3489628825916531e-05,4.13
sandwiches,1.3489628825916531e-05,4.13
sandwiched,1.3489628825916531e-05,4.13
sandwiching,1.3489628825916531e-05,4.13
sandwich,1.3489628825916531e-05,4.13
separations,1.3489628825916531e-05,4.13
separation,1.3489628825916531e-05,4.13
sexually,1.3489628825916531e-05,4.13
skiis,1.3489628825916531e-05,4.13
skis,1.3489628825916531e-05,4.13
ski,1.3489628825916531e-05,4.13
ski'd,1.3489628825916531e-05,4.13
skiing,1.3489628825916531e-05,4.13
sterling,1.3489628825916531e-05,4.13
stuart,1.3489628825916531e-05,4.13
surgeon,1.3489628825916531e-05,4.13
surgeons,1.3489628825916531e-05,4.13
theft,1.3489628825916531e-05,4.13
thefts,1.3489628825916531e-05,4.13
um,1.3489628825916531e-05,4.13
valves,1.3489628825916531e-05,4.13
valve,1.3489628825916531e-05,4.13
visa,1.3489628825916531e-05,4.13
visaed,1.3489628825916531e-05,4.13
visaing,1.3489628825916531e-05,4.13
visas,1.3489628825916531e-05,4.13
washings,1.3489628825916531e-05,4.13
adjacent,1.3182567385564074e-05,4.12
appreciations,1.3182567385564074e-05,4.12
appreciation,1.3182567385564074e-05,4.12
arabia,1.3182567385564074e-05,4.12
athletic,1.3182567385564074e-05,4.12
authorized,1.3182567385564074e-05,4.12
banner,1.3182567385564074e-05,4.12
banners,1.3182567385564074e-05,4.12
beijing,1.3182567385564074e-05,4.12
blockings,1.3182567385564074e-05,4.12
brad,1.3182567385564074e-05,4.12
caribbean,1.3182567385564074e-05,4.12
charms,1.3182567385564074e-05,4.12
charmed,1.3182567385564074e-05,4.12
charming,1.3182567385564074e-05,4.12
charm,1.3182567385564074e-05,4.12
colonies,1.3182567385564074e-05,4.12
colony,1.3182567385564074e-05,4.12
cookies,1.3182567385564074e-05,4.12
cruel,1.3182567385564074e-05,4.12
crueller,1.3182567385564074e-05,4.12
crueler,1.3182567385564074e-05,4.12
cruellest,1.3182567385564074e-05,4.12
cruelest,1.3182567385564074e-05,4.12
curriculums,1.3182567385564074e-05,4.12
curriculum,1.3182567385564074e-05,4.12
curricula,1.3182567385564074e-05,4.12
deadline,1.3182567385564074e-05,4.12
deadlines,1.3182567385564074e-05,4.12
deers,1.3182567385564074e-05,4.12
deer,1.3182567385564074e-05,4.12
deltas,1.3182567385564074e-05,4.12
delta,1.3182567385564074e-05,4.12
dived,1.3182567385564074e-05,4.12
dives,1.3182567385564074e-05,4.12
diving,1.3182567385564074e-05,4.12
dove,1.3182567385564074e-05,4.12
dive,1.3182567385564074e-05,4.12
dividing,1.3182567385564074e-05,4.12
divide,1.3182567385564074e-05,4.12
divides,1.3182567385564074e-05,4.12
easter,1.3182567385564074e-05,4.12
electoral,1.3182567385564074e-05,4.12
eleven,1.3182567385564074e-05,4.12
entity,1.3182567385564074e-05,4.12
entities,1.3182567385564074e-05,4.12
excessive,1.3182567385564074e-05,4.12
feminist,1.3182567385564074e-05,4.12
feminists,1.3182567385564074e-05,4.12
governing,1.3182567385564074e-05,4.12
hamming,1.3182567385564074e-05,4.12
hammed,1.3182567385564074e-05,4.12
ham,1.3182567385564074e-05,4.12
hams,1.3182567385564074e-05,4.12
healed,1.3182567385564074e-05,4.12
heal,1.3182567385564074e-05,4.12
heals,1.3182567385564074e-05,4.12
interfaces,1.3182567385564074e-05,4.12
interfacing,1.3182567385564074e-05,4.12
interfaced,1.3182567385564074e-05,4.12
interface,1.3182567385564074e-05,4.12
ios,1.3182567385564074e-05,4.12
jewelry,1.3182567385564074e-05,4.12
journalism,1.3182567385564074e-05,4.12
juan,1.3182567385564074e-05,4.12
julia,1.3182567385564074e-05,4.12
jungles,1.3182567385564074e-05,4.12
jungle,1.3182567385564074e-05,4.12
linear,1.3182567385564074e-05,4.12
mg,1.3182567385564074e-05,4.12
occasional,1.3182567385564074e-05,4.12
oriented,1.3182567385564074e-05,4.12
pete,1.3182567385564074e-05,4.12
predicted,1.3182567385564074e-05,4.12
prof,1.3182567385564074e-05,4.12
pursuits,1.3182567385564074e-05,4.12
pursuit,1.3182567385564074e-05,4.12
rap,1.3182567385564074e-05,4.12
rapped,1.3182567385564074e-05,4.12
raps,1.3182567385564074e-05,4.12
rapping,1.3182567385564074e-05,4.12
reminder,1.3182567385564074e-05,4.12
reminders,1.3182567385564074e-05,4.12
resumed,1.3182567385564074e-05,4.12
resuming,1.3182567385564074e-05,4.12
resume,1.3182567385564074e-05,4.12
resumes,1.3182567385564074e-05,4.12
revved,1.3182567385564074e-05,4.12
revving,1.3182567385564074e-05,4.12
rev,1.3182567385564074e-05,4.12
revs,1.3182567385564074e-05,4.12
richmond,1.3182567385564074e-05,4.12
ridges,1.3182567385564074e-05,4.12
ridging,1.3182567385564074e-05,4.12
ridge,1.3182567385564074e-05,4.12
ridged,1.3182567385564074e-05,4.12
samsung,1.3182567385564074e-05,4.12
scholars,1.3182567385564074e-05,4.12
sri,1.3182567385564074e-05,4.12
tribe,1.3182567385564074e-05,4.12
tribes,1.3182567385564074e-05,4.12
unfortunates,1.3182567385564074e-05,4.12
unfortunate,1.3182567385564074e-05,4.12
variable,1.3182567385564074e-05,4.12
variables,1.3182567385564074e-05,4.12
victorian,1.3182567385564074e-05,4.12
xi,1.3182567385564074e-05,4.12
acing,1.2882495516931348e-05,4.11
aces,1.2882495516931348e-05,4.11
ace,1.2882495516931348e-05,4.11
aced,1.2882495516931348e-05,4.11
adjusted,1.2882495516931348e-05,4.11
alternating,1.2882495516931348e-05,4.11
alternate,1.2882495516931348e-05,4.11
alternated,1.2882495516931348e-05,4.11
alternates,1.2882495516931348e-05,4.11
artworks,1.2882495516931348e-05,4.11
artwork,1.2882495516931348e-05,4.11
ashley,1.2882495516931348e-05,4.11
athlete,1.2882495516931348e-05,4.11
attractions,1.2882495516931348e-05,4.11
attraction,1.2882495516931348e-05,4.11
babes,1.2882495516931348e-05,4.11
babe,1.2882495516931348e-05,4.11
bankruptcy,1.2882495516931348e-05,4.11
bankruptcies,1.2882495516931348e-05,4.11
canons,1.2882495516931348e-05,4.11
canon,1.2882495516931348e-05,4.11
capabilities,1.2882495516931348e-05,4.11
catherine,1.2882495516931348e-05,4.11
closures,1.2882495516931348e-05,4.11
closured,1.2882495516931348e-05,4.11
closuring,1.2882495516931348e-05,4.11
closure,1.2882495516931348e-05,4.11
cognitive,1.2882495516931348e-05,4.11
competitors,1.2882495516931348e-05,4.11
connecticut,1.2882495516931348e-05,4.11
converts,1.2882495516931348e-05,4.11
converting,1.2882495516931348e-05,4.11
convert,1.2882495516931348e-05,4.11
ct,1.2882495516931348e-05,4.11
defenders,1.2882495516931348e-05,4.11
defender,1.2882495516931348e-05,4.11
dental,1.2882495516931348e-05,4.11
dentals,1.2882495516931348e-05,4.11
diplomatic,1.2882495516931348e-05,4.11
drums,1.2882495516931348e-05,4.11
drumming,1.2882495516931348e-05,4.11
drum,1.2882495516931348e-05,4.11
drummed,1.2882495516931348e-05,4.11
editorials,1.2882495516931348e-05,4.11
editorial,1.2882495516931348e-05,4.11
entertaining,1.2882495516931348e-05,4.11
est,1.2882495516931348e-05,4.11
eternal,1.2882495516931348e-05,4.11
freezes,1.2882495516931348e-05,4.11
freezing,1.2882495516931348e-05,4.11
freeze,1.2882495516931348e-05,4.11
froze,1.2882495516931348e-05,4.11
generics,1.2882495516931348e-05,4.11
generic,1.2882495516931348e-05,4.11
grandmas,1.2882495516931348e-05,4.11
grandma,1.2882495516931348e-05,4.11
gripping,1.2882495516931348e-05,4.11
grip,1.2882495516931348e-05,4.11
grips,1.2882495516931348e-05,4.11
gripped,1.2882495516931348e-05,4.11
handfuls,1.2882495516931348e-05,4.11
handsful,1.2882495516931348e-05,4.11
handful,1.2882495516931348e-05,4.11
happily,1.2882495516931348e-05,4.11
harmonies,1.2882495516931348e-05,4.11
harmony,1.2882495516931348e-05,4.11
hmm,1.2882495516931348e-05,4.11
humblest,1.2882495516931348e-05,4.11
humbler,1.2882495516931348e-05,4.11
humbles,1.2882495516931348e-05,4.11
humbled,1.2882495516931348e-05,4.11
humbling,1.2882495516931348e-05,4.11
humble,1.2882495516931348e-05,4.11
hybrid,1.2882495516931348e-05,4.11
hybrids,1.2882495516931348e-05,4.11
keyboard,1.2882495516931348e-05,4.11
keyboarded,1.2882495516931348e-05,4.11
keyboarding,1.2882495516931348e-05,4.11
keyboards,1.2882495516931348e-05,4.11
locally,1.2882495516931348e-05,4.11
milder,1.2882495516931348e-05,4.11
mildest,1.2882495516931348e-05,4.11
mild,1.2882495516931348e-05,4.11
minimal,1.2882495516931348e-05,4.11
molecular,1.2882495516931348e-05,4.11
neighboring,1.2882495516931348e-05,4.11
neighbor,1.2882495516931348e-05,4.11
neighbored,1.2882495516931348e-05,4.11
noon,1.2882495516931348e-05,4.11
nowadays,1.2882495516931348e-05,4.11
openly,1.2882495516931348e-05,4.11
overviews,1.2882495516931348e-05,4.11
overviewed,1.2882495516931348e-05,4.11
overviewing,1.2882495516931348e-05,4.11
overview,1.2882495516931348e-05,4.11
palestinian,1.2882495516931348e-05,4.11
parish,1.2882495516931348e-05,4.11
parishes,1.2882495516931348e-05,4.11
pathetic,1.2882495516931348e-05,4.11
potato,1.2882495516931348e-05,4.11
potatoes,1.2882495516931348e-05,4.11
pottering,1.2882495516931348e-05,4.11
potters,1.2882495516931348e-05,4.11
pottered,1.2882495516931348e-05,4.11
potter,1.2882495516931348e-05,4.11
preference,1.2882495516931348e-05,4.11
preferences,1.2882495516931348e-05,4.11
proportion,1.2882495516931348e-05,4.11
proportioning,1.2882495516931348e-05,4.11
proportions,1.2882495516931348e-05,4.11
proportioned,1.2882495516931348e-05,4.11
raged,1.2882495516931348e-05,4.11
rage,1.2882495516931348e-05,4.11
raging,1.2882495516931348e-05,4.11
rages,1.2882495516931348e-05,4.11
rd,1.2882495516931348e-05,4.11
restorations,1.2882495516931348e-05,4.11
restoration,1.2882495516931348e-05,4.11
selfish,1.2882495516931348e-05,4.11
sergeant,1.2882495516931348e-05,4.11
sergeants,1.2882495516931348e-05,4.11
silk,1.2882495516931348e-05,4.11
silks,1.2882495516931348e-05,4.11
stamping,1.2882495516931348e-05,4.11
stamped,1.2882495516931348e-05,4.11
stamps,1.2882495516931348e-05,4.11
stamp,1.2882495516931348e-05,4.11
throned,1.2882495516931348e-05,4.11
throne,1.2882495516931348e-05,4.11
throning,1.2882495516931348e-05,4.11
thrones,1.2882495516931348e-05,4.11
thy,1.2882495516931348e-05,4.11
urged,1.2882495516931348e-05,4.11
urging,1.2882495516931348e-05,4.11
urges,1.2882495516931348e-05,4.11
urge,1.2882495516931348e-05,4.11
voter,1.2882495516931348e-05,4.11
warner,1.2882495516931348e-05,4.11
witch,1.2882495516931348e-05,4.11
witches,1.2882495516931348e-05,4.11
ally,1.258925411794166e-05,4.1
allied,1.258925411794166e-05,4.1
allying,1.258925411794166e-05,4.1
archives,1.258925411794166e-05,4.1
arraying,1.258925411794166e-05,4.1
arrays,1.258925411794166e-05,4.1
arrayed,1.258925411794166e-05,4.1
array,1.258925411794166e-05,4.1
bellies,1.258925411794166e-05,4.1
bellying,1.258925411794166e-05,4.1
belly,1.258925411794166e-05,4.1
bellied,1.258925411794166e-05,4.1
booths,1.258925411794166e-05,4.1
booth,1.258925411794166e-05,4.1
breakdowns,1.258925411794166e-05,4.1
breakdown,1.258925411794166e-05,4.1
brutal,1.258925411794166e-05,4.1
calculated,1.258925411794166e-05,4.1
cams,1.258925411794166e-05,4.1
cam,1.258925411794166e-05,4.1
citizenship,1.258925411794166e-05,4.1
cliffs,1.258925411794166e-05,4.1
cliff,1.258925411794166e-05,4.1
consensuses,1.258925411794166e-05,4.1
consensus,1.258925411794166e-05,4.1
declarations,1.258925411794166e-05,4.1
declaration,1.258925411794166e-05,4.1
dennis,1.258925411794166e-05,4.1
derby,1.258925411794166e-05,4.1
derbies,1.258925411794166e-05,4.1
distinctions,1.258925411794166e-05,4.1
distinction,1.258925411794166e-05,4.1
donations,1.258925411794166e-05,4.1
facial,1.258925411794166e-05,4.1
facials,1.258925411794166e-05,4.1
faithful,1.258925411794166e-05,4.1
fatal,1.258925411794166e-05,4.1
fig,1.258925411794166e-05,4.1
figs,1.258925411794166e-05,4.1
fittings,1.258925411794166e-05,4.1
genuinely,1.258925411794166e-05,4.1
holland,1.258925411794166e-05,4.1
hunger,1.258925411794166e-05,4.1
hungering,1.258925411794166e-05,4.1
hungers,1.258925411794166e-05,4.1
hungered,1.258925411794166e-05,4.1
hurricanes,1.258925411794166e-05,4.1
hurricane,1.258925411794166e-05,4.1
implications,1.258925411794166e-05,4.1
importing,1.258925411794166e-05,4.1
imports,1.258925411794166e-05,4.1
imported,1.258925411794166e-05,4.1
import,1.258925411794166e-05,4.1
innovative,1.258925411794166e-05,4.1
ipad,1.258925411794166e-05,4.1
jurisdictions,1.258925411794166e-05,4.1
jurisdiction,1.258925411794166e-05,4.1
laughters,1.258925411794166e-05,4.1
laughter,1.258925411794166e-05,4.1
lemons,1.258925411794166e-05,4.1
lemon,1.258925411794166e-05,4.1
les,1.258925411794166e-05,4.1
loadings,1.258925411794166e-05,4.1
lung,1.258925411794166e-05,4.1
lungs,1.258925411794166e-05,4.1
matchings,1.258925411794166e-05,4.1
mighty,1.258925411794166e-05,4.1
mightier,1.258925411794166e-05,4.1
mightiest,1.258925411794166e-05,4.1
monetary,1.258925411794166e-05,4.1
nutrition,1.258925411794166e-05,4.1
ore,1.258925411794166e-05,4.1
ores,1.258925411794166e-05,4.1
os,1.258925411794166e-05,4.1
outta,1.258925411794166e-05,4.1
pine,1.258925411794166e-05,4.1
pined,1.258925411794166e-05,4.1
pines,1.258925411794166e-05,4.1
pining,1.258925411794166e-05,4.1
poorly,1.258925411794166e-05,4.1
portugal,1.258925411794166e-05,4.1
poses,1.258925411794166e-05,4.1
pose,1.258925411794166e-05,4.1
posing,1.258925411794166e-05,4.1
posed,1.258925411794166e-05,4.1
pour,1.258925411794166e-05,4.1
pours,1.258925411794166e-05,4.1
poured,1.258925411794166e-05,4.1
pouring,1.258925411794166e-05,4.1
provider,1.258925411794166e-05,4.1
publish,1.258925411794166e-05,4.1
publishes,1.258925411794166e-05,4.1
purely,1.258925411794166e-05,4.1
ralph,1.258925411794166e-05,4.1
rentals,1.258925411794166e-05,4.1
rental,1.258925411794166e-05,4.1
seemingly,1.258925411794166e-05,4.1
severely,1.258925411794166e-05,4.1
shark,1.258925411794166e-05,4.1
sharks,1.258925411794166e-05,4.1
southwest,1.258925411794166e-05,4.1
ss,1.258925411794166e-05,4.1
survivors,1.258925411794166e-05,4.1
technically,1.258925411794166e-05,4.1
unlimited,1.258925411794166e-05,4.1
advises,1.230268770812381e-05,4.09
advising,1.230268770812381e-05,4.09
advise,1.230268770812381e-05,4.09
anxious,1.230268770812381e-05,4.09
bees,1.230268770812381e-05,4.09
bee,1.230268770812381e-05,4.09
bombings,1.230268770812381e-05,4.09
cafe,1.230268770812381e-05,4.09
carlos,1.230268770812381e-05,4.09
cigarettes,1.230268770812381e-05,4.09
colin,1.230268770812381e-05,4.09
consisting,1.230268770812381e-05,4.09
cults,1.230268770812381e-05,4.09
cult,1.230268770812381e-05,4.09
dairy,1.230268770812381e-05,4.09
dairies,1.230268770812381e-05,4.09
dakota,1.230268770812381e-05,4.09
darling,1.230268770812381e-05,4.09
darlings,1.230268770812381e-05,4.09
delighted,1.230268770812381e-05,4.09
diary,1.230268770812381e-05,4.09
diaries,1.230268770812381e-05,4.09
disagreed,1.230268770812381e-05,4.09
disagreeing,1.230268770812381e-05,4.09
disagree,1.230268770812381e-05,4.09
disagrees,1.230268770812381e-05,4.09
disappears,1.230268770812381e-05,4.09
disappearing,1.230268770812381e-05,4.09
disappear,1.230268770812381e-05,4.09
drilling,1.230268770812381e-05,4.09
drilled,1.230268770812381e-05,4.09
drills,1.230268770812381e-05,4.09
drill,1.230268770812381e-05,4.09
euro,1.230268770812381e-05,4.09
evolved,1.230268770812381e-05,4.09
fl,1.230268770812381e-05,4.09
forecasted,1.230268770812381e-05,4.09
forecast,1.230268770812381e-05,4.09
forecasting,1.230268770812381e-05,4.09
forecasts,1.230268770812381e-05,4.09
fr,1.230268770812381e-05,4.09
governance,1.230268770812381e-05,4.09
hugging,1.230268770812381e-05,4.09
hugged,1.230268770812381e-05,4.09
hug,1.230268770812381e-05,4.09
hugs,1.230268770812381e-05,4.09
importantly,1.230268770812381e-05,4.09
indoor,1.230268770812381e-05,4.09
influential,1.230268770812381e-05,4.09
influentials,1.230268770812381e-05,4.09
intending,1.230268770812381e-05,4.09
intend,1.230268770812381e-05,4.09
intends,1.230268770812381e-05,4.09
invisible,1.230268770812381e-05,4.09
jeans,1.230268770812381e-05,4.09
julie,1.230268770812381e-05,4.09
karen,1.230268770812381e-05,4.09
lawsuits,1.230268770812381e-05,4.09
lawsuit,1.230268770812381e-05,4.09
leaks,1.230268770812381e-05,4.09
leaked,1.230268770812381e-05,4.09
leaking,1.230268770812381e-05,4.09
leak,1.230268770812381e-05,4.09
lighters,1.230268770812381e-05,4.09
lucas,1.230268770812381e-05,4.09
marcus,1.230268770812381e-05,4.09
metering,1.230268770812381e-05,4.09
metered,1.230268770812381e-05,4.09
meter,1.230268770812381e-05,4.09
musicians,1.230268770812381e-05,4.09
olive,1.230268770812381e-05,4.09
olives,1.230268770812381e-05,4.09
passionate,1.230268770812381e-05,4.09
receiver,1.230268770812381e-05,4.09
receivers,1.230268770812381e-05,4.09
recommendation,1.230268770812381e-05,4.09
rioted,1.230268770812381e-05,4.09
rioting,1.230268770812381e-05,4.09
riots,1.230268770812381e-05,4.09
riot,1.230268770812381e-05,4.09
rogers,1.230268770812381e-05,4.09
rostering,1.230268770812381e-05,4.09
roster,1.230268770812381e-05,4.09
rostered,1.230268770812381e-05,4.09
rosters,1.230268770812381e-05,4.09
servant,1.230268770812381e-05,4.09
servants,1.230268770812381e-05,4.09
setups,1.230268770812381e-05,4.09
setup,1.230268770812381e-05,4.09
should've,1.230268770812381e-05,4.09
skulls,1.230268770812381e-05,4.09
skull,1.230268770812381e-05,4.09
skulling,1.230268770812381e-05,4.09
skulled,1.230268770812381e-05,4.09
slotted,1.230268770812381e-05,4.09
slots,1.230268770812381e-05,4.09
slot,1.230268770812381e-05,4.09
slotting,1.230268770812381e-05,4.09
smashed,1.230268770812381e-05,4.09
smashes,1.230268770812381e-05,4.09
smash,1.230268770812381e-05,4.09
smashing,1.230268770812381e-05,4.09
statues,1.230268770812381e-05,4.09
statue,1.230268770812381e-05,4.09
surprisingly,1.230268770812381e-05,4.09
surrender,1.230268770812381e-05,4.09
surrendered,1.230268770812381e-05,4.09
surrenders,1.230268770812381e-05,4.09
surrendering,1.230268770812381e-05,4.09
suspicious,1.230268770812381e-05,4.09
team's,1.230268770812381e-05,4.09
teenagers,1.230268770812381e-05,4.09
teenager,1.230268770812381e-05,4.09
tender,1.230268770812381e-05,4.09
tendered,1.230268770812381e-05,4.09
tenderest,1.230268770812381e-05,4.09
tendering,1.230268770812381e-05,4.09
tenderer,1.230268770812381e-05,4.09
tenders,1.230268770812381e-05,4.09
thoroughly,1.230268770812381e-05,4.09
todd,1.230268770812381e-05,4.09
vacua,1.230268770812381e-05,4.09
vacuumed,1.230268770812381e-05,4.09
vacuums,1.230268770812381e-05,4.09
vacuum,1.230268770812381e-05,4.09
vacuuming,1.230268770812381e-05,4.09
variations,1.230268770812381e-05,4.09
vi,1.230268770812381e-05,4.09
where's,1.230268770812381e-05,4.09
wi,1.230268770812381e-05,4.09
wont,1.230268770812381e-05,4.09
allegations,1.2022644346174132e-05,4.08
anticipated,1.2022644346174132e-05,4.08
approves,1.2022644346174132e-05,4.08
approving,1.2022644346174132e-05,4.08
approve,1.2022644346174132e-05,4.08
architects,1.2022644346174132e-05,4.08
architect,1.2022644346174132e-05,4.08
basins,1.2022644346174132e-05,4.08
basin,1.2022644346174132e-05,4.08
beneficial,1.2022644346174132e-05,4.08
beneficials,1.2022644346174132e-05,4.08
bleeding,1.2022644346174132e-05,4.08
bleedings,1.2022644346174132e-05,4.08
breeds,1.2022644346174132e-05,4.08
bred,1.2022644346174132e-05,4.08
breed,1.2022644346174132e-05,4.08
breeding,1.2022644346174132e-05,4.08
breedings,1.2022644346174132e-05,4.08
brides,1.2022644346174132e-05,4.08
bride,1.2022644346174132e-05,4.08
broadway,1.2022644346174132e-05,4.08
bros,1.2022644346174132e-05,4.08
bud,1.2022644346174132e-05,4.08
budding,1.2022644346174132e-05,4.08
budded,1.2022644346174132e-05,4.08
buds,1.2022644346174132e-05,4.08
butler,1.2022644346174132e-05,4.08
butlers,1.2022644346174132e-05,4.08
cartoons,1.2022644346174132e-05,4.08
cartooning,1.2022644346174132e-05,4.08
cartooned,1.2022644346174132e-05,4.08
cartoon,1.2022644346174132e-05,4.08
chicks,1.2022644346174132e-05,4.08
chick,1.2022644346174132e-05,4.08
coked,1.2022644346174132e-05,4.08
coking,1.2022644346174132e-05,4.08
coke,1.2022644346174132e-05,4.08
cokes,1.2022644346174132e-05,4.08
comparable,1.2022644346174132e-05,4.08
confirmation,1.2022644346174132e-05,4.08
confirmations,1.2022644346174132e-05,4.08
consoles,1.2022644346174132e-05,4.08
consoled,1.2022644346174132e-05,4.08
consoling,1.2022644346174132e-05,4.08
console,1.2022644346174132e-05,4.08
contractor,1.2022644346174132e-05,4.08
contractors,1.2022644346174132e-05,4.08
diameters,1.2022644346174132e-05,4.08
diameter,1.2022644346174132e-05,4.08
dubai,1.2022644346174132e-05,4.08
dublin,1.2022644346174132e-05,4.08
dump,1.2022644346174132e-05,4.08
dumped,1.2022644346174132e-05,4.08
dumps,1.2022644346174132e-05,4.08
dumping,1.2022644346174132e-05,4.08
duo,1.2022644346174132e-05,4.08
duos,1.2022644346174132e-05,4.08
dynamics,1.2022644346174132e-05,4.08
elephants,1.2022644346174132e-05,4.08
elephant,1.2022644346174132e-05,4.08
enhanced,1.2022644346174132e-05,4.08
exhausted,1.2022644346174132e-05,4.08
fabric,1.2022644346174132e-05,4.08
fabrics,1.2022644346174132e-05,4.08
fabulous,1.2022644346174132e-05,4.08
fairies,1.2022644346174132e-05,4.08
fairy,1.2022644346174132e-05,4.08
fold,1.2022644346174132e-05,4.08
folds,1.2022644346174132e-05,4.08
folding,1.2022644346174132e-05,4.08
folded,1.2022644346174132e-05,4.08
freaking,1.2022644346174132e-05,4.08
freak,1.2022644346174132e-05,4.08
freaks,1.2022644346174132e-05,4.08
freaked,1.2022644346174132e-05,4.08
frustrated,1.2022644346174132e-05,4.08
gambling,1.2022644346174132e-05,4.08
gently,1.2022644346174132e-05,4.08
glorious,1.2022644346174132e-05,4.08
grief,1.2022644346174132e-05,4.08
griefs,1.2022644346174132e-05,4.08
harrison,1.2022644346174132e-05,4.08
historically,1.2022644346174132e-05,4.08
hub,1.2022644346174132e-05,4.08
hubs,1.2022644346174132e-05,4.08
hughes,1.2022644346174132e-05,4.08
inevitable,1.2022644346174132e-05,4.08
inevitables,1.2022644346174132e-05,4.08
kg,1.2022644346174132e-05,4.08
layouts,1.2022644346174132e-05,4.08
layout,1.2022644346174132e-05,4.08
lodges,1.2022644346174132e-05,4.08
lodge,1.2022644346174132e-05,4.08
lodging,1.2022644346174132e-05,4.08
lodged,1.2022644346174132e-05,4.08
merchants,1.2022644346174132e-05,4.08
merchant,1.2022644346174132e-05,4.08
merits,1.2022644346174132e-05,4.08
merited,1.2022644346174132e-05,4.08
merit,1.2022644346174132e-05,4.08
meriting,1.2022644346174132e-05,4.08
micro,1.2022644346174132e-05,4.08
myths,1.2022644346174132e-05,4.08
myth,1.2022644346174132e-05,4.08
nintendo,1.2022644346174132e-05,4.08
obsessed,1.2022644346174132e-05,4.08
organised,1.2022644346174132e-05,4.08
overwhelming,1.2022644346174132e-05,4.08
pale,1.2022644346174132e-05,4.08
palest,1.2022644346174132e-05,4.08
paler,1.2022644346174132e-05,4.08
paling,1.2022644346174132e-05,4.08
paled,1.2022644346174132e-05,4.08
pales,1.2022644346174132e-05,4.08
particles,1.2022644346174132e-05,4.08
pastored,1.2022644346174132e-05,4.08
pastoring,1.2022644346174132e-05,4.08
pastors,1.2022644346174132e-05,4.08
pastor,1.2022644346174132e-05,4.08
permanently,1.2022644346174132e-05,4.08
poison,1.2022644346174132e-05,4.08
poisoned,1.2022644346174132e-05,4.08
poisons,1.2022644346174132e-05,4.08
poisoning,1.2022644346174132e-05,4.08
predict,1.2022644346174132e-05,4.08
predicts,1.2022644346174132e-05,4.08
predicting,1.2022644346174132e-05,4.08
provincials,1.2022644346174132e-05,4.08
provincial,1.2022644346174132e-05,4.08
rebels,1.2022644346174132e-05,4.08
rebelling,1.2022644346174132e-05,4.08
rebel,1.2022644346174132e-05,4.08
rebelled,1.2022644346174132e-05,4.08
rotation,1.2022644346174132e-05,4.08
rotations,1.2022644346174132e-05,4.08
separately,1.2022644346174132e-05,4.08
shaw,1.2022644346174132e-05,4.08
subtle,1.2022644346174132e-05,4.08
subtler,1.2022644346174132e-05,4.08
subtlest,1.2022644346174132e-05,4.08
toll,1.2022644346174132e-05,4.08
tolled,1.2022644346174132e-05,4.08
tolls,1.2022644346174132e-05,4.08
tolling,1.2022644346174132e-05,4.08
tooth,1.2022644346174132e-05,4.08
tragic,1.2022644346174132e-05,4.08
trainers,1.2022644346174132e-05,4.08
trainer,1.2022644346174132e-05,4.08
transformed,1.2022644346174132e-05,4.08
unbelievable,1.2022644346174132e-05,4.08
underneath,1.2022644346174132e-05,4.08
variation,1.2022644346174132e-05,4.08
viral,1.2022644346174132e-05,4.08
warehoused,1.2022644346174132e-05,4.08
warehouses,1.2022644346174132e-05,4.08
warehouse,1.2022644346174132e-05,4.08
warehousing,1.2022644346174132e-05,4.08
widow,1.2022644346174132e-05,4.08
widows,1.2022644346174132e-05,4.08
®,1.2022644346174132e-05,4.08
adjusting,1.1748975549395302e-05,4.07
adjust,1.1748975549395302e-05,4.07
adjusts,1.1748975549395302e-05,4.07
administrator,1.1748975549395302e-05,4.07
administrators,1.1748975549395302e-05,4.07
altogether,1.1748975549395302e-05,4.07
animated,1.1748975549395302e-05,4.07
assessed,1.1748975549395302e-05,4.07
assesses,1.1748975549395302e-05,4.07
assessing,1.1748975549395302e-05,4.07
assess,1.1748975549395302e-05,4.07
assumption,1.1748975549395302e-05,4.07
assumptions,1.1748975549395302e-05,4.07
assured,1.1748975549395302e-05,4.07
austria,1.1748975549395302e-05,4.07
basket,1.1748975549395302e-05,4.07
basketed,1.1748975549395302e-05,4.07
basketing,1.1748975549395302e-05,4.07
baskets,1.1748975549395302e-05,4.07
beard,1.1748975549395302e-05,4.07
beards,1.1748975549395302e-05,4.07
bearding,1.1748975549395302e-05,4.07
bearded,1.1748975549395302e-05,4.07
bio,1.1748975549395302e-05,4.07
blanket,1.1748975549395302e-05,4.07
blanketed,1.1748975549395302e-05,4.07
blanketing,1.1748975549395302e-05,4.07
blankets,1.1748975549395302e-05,4.07
buckets,1.1748975549395302e-05,4.07
bucketing,1.1748975549395302e-05,4.07
bucket,1.1748975549395302e-05,4.07
bucketed,1.1748975549395302e-05,4.07
burger,1.1748975549395302e-05,4.07
capability,1.1748975549395302e-05,4.07
computing,1.1748975549395302e-05,4.07
concentrates,1.1748975549395302e-05,4.07
concentrating,1.1748975549395302e-05,4.07
concentrated,1.1748975549395302e-05,4.07
concentrate,1.1748975549395302e-05,4.07
consequence,1.1748975549395302e-05,4.07
continent,1.1748975549395302e-05,4.07
continents,1.1748975549395302e-05,4.07
cookie,1.1748975549395302e-05,4.07
cruz,1.1748975549395302e-05,4.07
curses,1.1748975549395302e-05,4.07
curse,1.1748975549395302e-05,4.07
cursing,1.1748975549395302e-05,4.07
cursed,1.1748975549395302e-05,4.07
drained,1.1748975549395302e-05,4.07
drains,1.1748975549395302e-05,4.07
drain,1.1748975549395302e-05,4.07
draining,1.1748975549395302e-05,4.07
emissions,1.1748975549395302e-05,4.07
ethical,1.1748975549395302e-05,4.07
ethicals,1.1748975549395302e-05,4.07
excellence,1.1748975549395302e-05,4.07
excellences,1.1748975549395302e-05,4.07
flame,1.1748975549395302e-05,4.07
flamed,1.1748975549395302e-05,4.07
flames,1.1748975549395302e-05,4.07
flaming,1.1748975549395302e-05,4.07
freely,1.1748975549395302e-05,4.07
graduations,1.1748975549395302e-05,4.07
graduation,1.1748975549395302e-05,4.07
hints,1.1748975549395302e-05,4.07
hinted,1.1748975549395302e-05,4.07
hinting,1.1748975549395302e-05,4.07
hint,1.1748975549395302e-05,4.07
horizons,1.1748975549395302e-05,4.07
horizon,1.1748975549395302e-05,4.07
hostile,1.1748975549395302e-05,4.07
inhabitants,1.1748975549395302e-05,4.07
ink,1.1748975549395302e-05,4.07
inks,1.1748975549395302e-05,4.07
inking,1.1748975549395302e-05,4.07
inked,1.1748975549395302e-05,4.07
inns,1.1748975549395302e-05,4.07
inn,1.1748975549395302e-05,4.07
inning,1.1748975549395302e-05,4.07
inned,1.1748975549395302e-05,4.07
intel,1.1748975549395302e-05,4.07
lo,1.1748975549395302e-05,4.07
lucy,1.1748975549395302e-05,4.07
matrix,1.1748975549395302e-05,4.07
matrixes,1.1748975549395302e-05,4.07
matrices,1.1748975549395302e-05,4.07
miserable,1.1748975549395302e-05,4.07
momentum,1.1748975549395302e-05,4.07
momenta,1.1748975549395302e-05,4.07
momentums,1.1748975549395302e-05,4.07
monkey,1.1748975549395302e-05,4.07
monkeyed,1.1748975549395302e-05,4.07
monkeying,1.1748975549395302e-05,4.07
monkeys,1.1748975549395302e-05,4.07
montreal,1.1748975549395302e-05,4.07
motorcycled,1.1748975549395302e-05,4.07
motorcycles,1.1748975549395302e-05,4.07
motorcycle,1.1748975549395302e-05,4.07
motorcycling,1.1748975549395302e-05,4.07
nationwide,1.1748975549395302e-05,4.07
nest,1.1748975549395302e-05,4.07
nests,1.1748975549395302e-05,4.07
nesting,1.1748975549395302e-05,4.07
nested,1.1748975549395302e-05,4.07
newcastle,1.1748975549395302e-05,4.07
nicely,1.1748975549395302e-05,4.07
ninths,1.1748975549395302e-05,4.07
ninth,1.1748975549395302e-05,4.07
nomination,1.1748975549395302e-05,4.07
nominations,1.1748975549395302e-05,4.07
notable,1.1748975549395302e-05,4.07
notables,1.1748975549395302e-05,4.07
obligation,1.1748975549395302e-05,4.07
obligations,1.1748975549395302e-05,4.07
optical,1.1748975549395302e-05,4.07
outlooks,1.1748975549395302e-05,4.07
outlook,1.1748975549395302e-05,4.07
pennies,1.1748975549395302e-05,4.07
penny,1.1748975549395302e-05,4.07
pence,1.1748975549395302e-05,4.07
pettiest,1.1748975549395302e-05,4.07
pettier,1.1748975549395302e-05,4.07
petty,1.1748975549395302e-05,4.07
phd,1.1748975549395302e-05,4.07
quantities,1.1748975549395302e-05,4.07
quantity,1.1748975549395302e-05,4.07
quanta,1.1748975549395302e-05,4.07
quantum,1.1748975549395302e-05,4.07
rainbow,1.1748975549395302e-05,4.07
rainbows,1.1748975549395302e-05,4.07
recognised,1.1748975549395302e-05,4.07
reed,1.1748975549395302e-05,4.07
reeds,1.1748975549395302e-05,4.07
reigns,1.1748975549395302e-05,4.07
reigning,1.1748975549395302e-05,4.07
reigned,1.1748975549395302e-05,4.07
reign,1.1748975549395302e-05,4.07
scanning,1.1748975549395302e-05,4.07
scans,1.1748975549395302e-05,4.07
scanned,1.1748975549395302e-05,4.07
scan,1.1748975549395302e-05,4.07
scares,1.1748975549395302e-05,4.07
scare,1.1748975549395302e-05,4.07
scaring,1.1748975549395302e-05,4.07
spanned,1.1748975549395302e-05,4.07
span,1.1748975549395302e-05,4.07
spanning,1.1748975549395302e-05,4.07
spans,1.1748975549395302e-05,4.07
specialized,1.1748975549395302e-05,4.07
spencer,1.1748975549395302e-05,4.07
submissions,1.1748975549395302e-05,4.07
submission,1.1748975549395302e-05,4.07
sunny,1.1748975549395302e-05,4.07
sunnier,1.1748975549395302e-05,4.07
sunniest,1.1748975549395302e-05,4.07
supporter,1.1748975549395302e-05,4.07
te,1.1748975549395302e-05,4.07
testament,1.1748975549395302e-05,4.07
testaments,1.1748975549395302e-05,4.07
toeing,1.1748975549395302e-05,4.07
toes,1.1748975549395302e-05,4.07
toed,1.1748975549395302e-05,4.07
toe,1.1748975549395302e-05,4.07
tremendous,1.1748975549395302e-05,4.07
ab,1.1481536214968815e-05,4.06
accommodations,1.1481536214968815e-05,4.06
accommodation,1.1481536214968815e-05,4.06
adorable,1.1481536214968815e-05,4.06
allegedly,1.1481536214968815e-05,4.06
ambulances,1.1481536214968815e-05,4.06
ambulance,1.1481536214968815e-05,4.06
ar,1.1481536214968815e-05,4.06
ashamed,1.1481536214968815e-05,4.06
assuring,1.1481536214968815e-05,4.06
assure,1.1481536214968815e-05,4.06
assures,1.1481536214968815e-05,4.06
bailey,1.1481536214968815e-05,4.06
ballots,1.1481536214968815e-05,4.06
balloted,1.1481536214968815e-05,4.06
balloting,1.1481536214968815e-05,4.06
ballot,1.1481536214968815e-05,4.06
blessings,1.1481536214968815e-05,4.06
btw,1.1481536214968815e-05,4.06
cemeteries,1.1481536214968815e-05,4.06
cemetery,1.1481536214968815e-05,4.06
cheat,1.1481536214968815e-05,4.06
cheated,1.1481536214968815e-05,4.06
cheats,1.1481536214968815e-05,4.06
cheered,1.1481536214968815e-05,4.06
cheering,1.1481536214968815e-05,4.06
cheer,1.1481536214968815e-05,4.06
chiles,1.1481536214968815e-05,4.06
chilies,1.1481536214968815e-05,4.06
chile,1.1481536214968815e-05,4.06
chillies,1.1481536214968815e-05,4.06
cigarette,1.1481536214968815e-05,4.06
compacting,1.1481536214968815e-05,4.06
compacts,1.1481536214968815e-05,4.06
compact,1.1481536214968815e-05,4.06
compacted,1.1481536214968815e-05,4.06
consulting,1.1481536214968815e-05,4.06
could've,1.1481536214968815e-05,4.06
deficits,1.1481536214968815e-05,4.06
deficit,1.1481536214968815e-05,4.06
demo,1.1481536214968815e-05,4.06
demos,1.1481536214968815e-05,4.06
demon,1.1481536214968815e-05,4.06
demons,1.1481536214968815e-05,4.06
demonstration,1.1481536214968815e-05,4.06
demonstrations,1.1481536214968815e-05,4.06
detected,1.1481536214968815e-05,4.06
detections,1.1481536214968815e-05,4.06
detection,1.1481536214968815e-05,4.06
dolling,1.1481536214968815e-05,4.06
dolled,1.1481536214968815e-05,4.06
dolls,1.1481536214968815e-05,4.06
doll,1.1481536214968815e-05,4.06
donated,1.1481536214968815e-05,4.06
elaborates,1.1481536214968815e-05,4.06
elaborated,1.1481536214968815e-05,4.06
elaborating,1.1481536214968815e-05,4.06
elaborate,1.1481536214968815e-05,4.06
elders,1.1481536214968815e-05,4.06
expertised,1.1481536214968815e-05,4.06
expertises,1.1481536214968815e-05,4.06
expertising,1.1481536214968815e-05,4.06
expertise,1.1481536214968815e-05,4.06
fc,1.1481536214968815e-05,4.06
fibers,1.1481536214968815e-05,4.06
fiber,1.1481536214968815e-05,4.06
fried,1.1481536214968815e-05,4.06
groceries,1.1481536214968815e-05,4.06
grocery,1.1481536214968815e-05,4.06
guineas,1.1481536214968815e-05,4.06
guinea,1.1481536214968815e-05,4.06
halfway,1.1481536214968815e-05,4.06
heels,1.1481536214968815e-05,4.06
holmes,1.1481536214968815e-05,4.06
hull,1.1481536214968815e-05,4.06
hulls,1.1481536214968815e-05,4.06
hulling,1.1481536214968815e-05,4.06
hulled,1.1481536214968815e-05,4.06
independently,1.1481536214968815e-05,4.06
indications,1.1481536214968815e-05,4.06
indication,1.1481536214968815e-05,4.06
insisted,1.1481536214968815e-05,4.06
intensive,1.1481536214968815e-05,4.06
interactive,1.1481536214968815e-05,4.06
intimates,1.1481536214968815e-05,4.06
intimated,1.1481536214968815e-05,4.06
intimate,1.1481536214968815e-05,4.06
intimating,1.1481536214968815e-05,4.06
laundries,1.1481536214968815e-05,4.06
laundry,1.1481536214968815e-05,4.06
lbs,1.1481536214968815e-05,4.06
linda,1.1481536214968815e-05,4.06
martial,1.1481536214968815e-05,4.06
nigerian,1.1481536214968815e-05,4.06
northeast,1.1481536214968815e-05,4.06
observes,1.1481536214968815e-05,4.06
observe,1.1481536214968815e-05,4.06
observing,1.1481536214968815e-05,4.06
packings,1.1481536214968815e-05,4.06
passwords,1.1481536214968815e-05,4.06
password,1.1481536214968815e-05,4.06
pokemon,1.1481536214968815e-05,4.06
politically,1.1481536214968815e-05,4.06
presumably,1.1481536214968815e-05,4.06
pronounced,1.1481536214968815e-05,4.06
prosecution,1.1481536214968815e-05,4.06
prosecutions,1.1481536214968815e-05,4.06
pulse,1.1481536214968815e-05,4.06
pulsed,1.1481536214968815e-05,4.06
pulsing,1.1481536214968815e-05,4.06
pulses,1.1481536214968815e-05,4.06
rationals,1.1481536214968815e-05,4.06
rational,1.1481536214968815e-05,4.06
realm,1.1481536214968815e-05,4.06
realms,1.1481536214968815e-05,4.06
roping,1.1481536214968815e-05,4.06
rope,1.1481536214968815e-05,4.06
roped,1.1481536214968815e-05,4.06
ropes,1.1481536214968815e-05,4.06
shouting,1.1481536214968815e-05,4.06
shout,1.1481536214968815e-05,4.06
shouted,1.1481536214968815e-05,4.06
shouts,1.1481536214968815e-05,4.06
sierra,1.1481536214968815e-05,4.06
sierras,1.1481536214968815e-05,4.06
smartphone,1.1481536214968815e-05,4.06
specified,1.1481536214968815e-05,4.06
spectacular,1.1481536214968815e-05,4.06
stan,1.1481536214968815e-05,4.06
streaks,1.1481536214968815e-05,4.06
streaked,1.1481536214968815e-05,4.06
streaking,1.1481536214968815e-05,4.06
streak,1.1481536214968815e-05,4.06
subscription,1.1481536214968815e-05,4.06
subscriptions,1.1481536214968815e-05,4.06
switchings,1.1481536214968815e-05,4.06
technological,1.1481536214968815e-05,4.06
temporarily,1.1481536214968815e-05,4.06
tolerance,1.1481536214968815e-05,4.06
tolerances,1.1481536214968815e-05,4.06
traditionally,1.1481536214968815e-05,4.06
unhappy,1.1481536214968815e-05,4.06
unhappiest,1.1481536214968815e-05,4.06
unhappier,1.1481536214968815e-05,4.06
yup,1.1481536214968815e-05,4.06
accomplish,1.122018454301963e-05,4.05
accomplishing,1.122018454301963e-05,4.05
accomplishes,1.122018454301963e-05,4.05
adequated,1.122018454301963e-05,4.05
adequating,1.122018454301963e-05,4.05
adequates,1.122018454301963e-05,4.05
adequate,1.122018454301963e-05,4.05
altered,1.122018454301963e-05,4.05
alter,1.122018454301963e-05,4.05
altering,1.122018454301963e-05,4.05
alters,1.122018454301963e-05,4.05
apologies,1.122018454301963e-05,4.05
apology,1.122018454301963e-05,4.05
arkansas,1.122018454301963e-05,4.05
attributed,1.122018454301963e-05,4.05
begged,1.122018454301963e-05,4.05
begging,1.122018454301963e-05,4.05
begs,1.122018454301963e-05,4.05
beg,1.122018454301963e-05,4.05
bouts,1.122018454301963e-05,4.05
bout,1.122018454301963e-05,4.05
brasses,1.122018454301963e-05,4.05
brass,1.122018454301963e-05,4.05
buzzing,1.122018454301963e-05,4.05
buzzed,1.122018454301963e-05,4.05
buzzes,1.122018454301963e-05,4.05
buzz,1.122018454301963e-05,4.05
clarke,1.122018454301963e-05,4.05
comebacks,1.122018454301963e-05,4.05
comeback,1.122018454301963e-05,4.05
cos,1.122018454301963e-05,4.05
declare,1.122018454301963e-05,4.05
declaring,1.122018454301963e-05,4.05
declares,1.122018454301963e-05,4.05
detect,1.122018454301963e-05,4.05
detecting,1.122018454301963e-05,4.05
detects,1.122018454301963e-05,4.05
diagnosed,1.122018454301963e-05,4.05
diesel,1.122018454301963e-05,4.05
diesels,1.122018454301963e-05,4.05
dimensions,1.122018454301963e-05,4.05
dipping,1.122018454301963e-05,4.05
dip,1.122018454301963e-05,4.05
dipped,1.122018454301963e-05,4.05
dips,1.122018454301963e-05,4.05
disturbing,1.122018454301963e-05,4.05
doesnt,1.122018454301963e-05,4.05
dots,1.122018454301963e-05,4.05
dot,1.122018454301963e-05,4.05
dotted,1.122018454301963e-05,4.05
dotting,1.122018454301963e-05,4.05
dylan,1.122018454301963e-05,4.05
effectiveness,1.122018454301963e-05,4.05
effectivenesses,1.122018454301963e-05,4.05
ellen,1.122018454301963e-05,4.05
embarrassed,1.122018454301963e-05,4.05
exceptional,1.122018454301963e-05,4.05
filings,1.122018454301963e-05,4.05
fled,1.122018454301963e-05,4.05
fouls,1.122018454301963e-05,4.05
foulest,1.122018454301963e-05,4.05
fouler,1.122018454301963e-05,4.05
fouled,1.122018454301963e-05,4.05
fouling,1.122018454301963e-05,4.05
foul,1.122018454301963e-05,4.05
frankly,1.122018454301963e-05,4.05
freezings,1.122018454301963e-05,4.05
graph,1.122018454301963e-05,4.05
graphing,1.122018454301963e-05,4.05
graphs,1.122018454301963e-05,4.05
graphed,1.122018454301963e-05,4.05
hacks,1.122018454301963e-05,4.05
hacked,1.122018454301963e-05,4.05
hack,1.122018454301963e-05,4.05
hacking,1.122018454301963e-05,4.05
hannah,1.122018454301963e-05,4.05
hatred,1.122018454301963e-05,4.05
hatreds,1.122018454301963e-05,4.05
ignorant,1.122018454301963e-05,4.05
interacting,1.122018454301963e-05,4.05
interact,1.122018454301963e-05,4.05
interacts,1.122018454301963e-05,4.05
interacted,1.122018454301963e-05,4.05
lamps,1.122018454301963e-05,4.05
lamp,1.122018454301963e-05,4.05
limitations,1.122018454301963e-05,4.05
majesty,1.122018454301963e-05,4.05
measurement,1.122018454301963e-05,4.05
measurements,1.122018454301963e-05,4.05
medians,1.122018454301963e-05,4.05
median,1.122018454301963e-05,4.05
medieval,1.122018454301963e-05,4.05
milan,1.122018454301963e-05,4.05
mobility,1.122018454301963e-05,4.05
mobilities,1.122018454301963e-05,4.05
montana,1.122018454301963e-05,4.05
nc,1.122018454301963e-05,4.05
ne,1.122018454301963e-05,4.05
nyc,1.122018454301963e-05,4.05
omg,1.122018454301963e-05,4.05
orientation,1.122018454301963e-05,4.05
orientations,1.122018454301963e-05,4.05
oven,1.122018454301963e-05,4.05
ovens,1.122018454301963e-05,4.05
owen,1.122018454301963e-05,4.05
passport,1.122018454301963e-05,4.05
passports,1.122018454301963e-05,4.05
penises,1.122018454301963e-05,4.05
penes,1.122018454301963e-05,4.05
penis,1.122018454301963e-05,4.05
pills,1.122018454301963e-05,4.05
rabbits,1.122018454301963e-05,4.05
rabbitting,1.122018454301963e-05,4.05
rabbitted,1.122018454301963e-05,4.05
rabbit,1.122018454301963e-05,4.05
retire,1.122018454301963e-05,4.05
retires,1.122018454301963e-05,4.05
retiring,1.122018454301963e-05,4.05
rhythm,1.122018454301963e-05,4.05
rhythms,1.122018454301963e-05,4.05
ruth,1.122018454301963e-05,4.05
savaging,1.122018454301963e-05,4.05
savage,1.122018454301963e-05,4.05
savages,1.122018454301963e-05,4.05
savaged,1.122018454301963e-05,4.05
shooter,1.122018454301963e-05,4.05
shooters,1.122018454301963e-05,4.05
siblings,1.122018454301963e-05,4.05
slimmest,1.122018454301963e-05,4.05
slimmed,1.122018454301963e-05,4.05
slim,1.122018454301963e-05,4.05
slims,1.122018454301963e-05,4.05
slimmer,1.122018454301963e-05,4.05
slimming,1.122018454301963e-05,4.05
someday,1.122018454301963e-05,4.05
sophisticated,1.122018454301963e-05,4.05
spammed,1.122018454301963e-05,4.05
spams,1.122018454301963e-05,4.05
spamming,1.122018454301963e-05,4.05
spam,1.122018454301963e-05,4.05
stacking,1.122018454301963e-05,4.05
stacked,1.122018454301963e-05,4.05
stack,1.122018454301963e-05,4.05
stacks,1.122018454301963e-05,4.05
stance,1.122018454301963e-05,4.05
stances,1.122018454301963e-05,4.05
state's,1.122018454301963e-05,4.05
static,1.122018454301963e-05,4.05
subways,1.122018454301963e-05,4.05
subway,1.122018454301963e-05,4.05
supportive,1.122018454301963e-05,4.05
surgical,1.122018454301963e-05,4.05
tabletted,1.122018454301963e-05,4.05
tablets,1.122018454301963e-05,4.05
tableting,1.122018454301963e-05,4.05
tableted,1.122018454301963e-05,4.05
tabletting,1.122018454301963e-05,4.05
tablet,1.122018454301963e-05,4.05
tent,1.122018454301963e-05,4.05
tenting,1.122018454301963e-05,4.05
tented,1.122018454301963e-05,4.05
tents,1.122018454301963e-05,4.05
thesis,1.122018454301963e-05,4.05
theses,1.122018454301963e-05,4.05
tided,1.122018454301963e-05,4.05
tides,1.122018454301963e-05,4.05
tiding,1.122018454301963e-05,4.05
tide,1.122018454301963e-05,4.05
wallace,1.122018454301963e-05,4.05
warfare,1.122018454301963e-05,4.05
week's,1.122018454301963e-05,4.05
withdrawn,1.122018454301963e-05,4.05
withdrew,1.122018454301963e-05,4.05
withdrawing,1.122018454301963e-05,4.05
withdraw,1.122018454301963e-05,4.05
withdraws,1.122018454301963e-05,4.05
withdrawal,1.122018454301963e-05,4.05
withdrawals,1.122018454301963e-05,4.05
00mm,1.0964781961431852e-05,4.04
airline,1.0964781961431852e-05,4.04
anyways,1.0964781961431852e-05,4.04
audited,1.0964781961431852e-05,4.04
audits,1.0964781961431852e-05,4.04
audit,1.0964781961431852e-05,4.04
auditing,1.0964781961431852e-05,4.04
authentic,1.0964781961431852e-05,4.04
authentics,1.0964781961431852e-05,4.04
ave,1.0964781961431852e-05,4.04
backwards,1.0964781961431852e-05,4.04
bi,1.0964781961431852e-05,4.04
blondest,1.0964781961431852e-05,4.04
blonder,1.0964781961431852e-05,4.04
blondes,1.0964781961431852e-05,4.04
blonde,1.0964781961431852e-05,4.04
bolt,1.0964781961431852e-05,4.04
bolted,1.0964781961431852e-05,4.04
bolts,1.0964781961431852e-05,4.04
bolting,1.0964781961431852e-05,4.04
brooks,1.0964781961431852e-05,4.04
bust,1.0964781961431852e-05,4.04
busted,1.0964781961431852e-05,4.04
busts,1.0964781961431852e-05,4.04
busting,1.0964781961431852e-05,4.04
clearings,1.0964781961431852e-05,4.04
collars,1.0964781961431852e-05,4.04
collar,1.0964781961431852e-05,4.04
collared,1.0964781961431852e-05,4.04
collaring,1.0964781961431852e-05,4.04
columbus,1.0964781961431852e-05,4.04
comply,1.0964781961431852e-05,4.04
complying,1.0964781961431852e-05,4.04
complied,1.0964781961431852e-05,4.04
complies,1.0964781961431852e-05,4.04
cope,1.0964781961431852e-05,4.04
copes,1.0964781961431852e-05,4.04
coping,1.0964781961431852e-05,4.04
coped,1.0964781961431852e-05,4.04
creepier,1.0964781961431852e-05,4.04
creepiest,1.0964781961431852e-05,4.04
creepy,1.0964781961431852e-05,4.04
cum,1.0964781961431852e-05,4.04
denmark,1.0964781961431852e-05,4.04
donating,1.0964781961431852e-05,4.04
donate,1.0964781961431852e-05,4.04
donates,1.0964781961431852e-05,4.04
ebay,1.0964781961431852e-05,4.04
echoes,1.0964781961431852e-05,4.04
echos,1.0964781961431852e-05,4.04
echo,1.0964781961431852e-05,4.04
echoing,1.0964781961431852e-05,4.04
echoed,1.0964781961431852e-05,4.04
edwards,1.0964781961431852e-05,4.04
emotionally,1.0964781961431852e-05,4.04
enhance,1.0964781961431852e-05,4.04
enhancing,1.0964781961431852e-05,4.04
enhances,1.0964781961431852e-05,4.04
finales,1.0964781961431852e-05,4.04
finale,1.0964781961431852e-05,4.04
flavors,1.0964781961431852e-05,4.04
flavor,1.0964781961431852e-05,4.04
gloves,1.0964781961431852e-05,4.04
harper,1.0964781961431852e-05,4.04
hart,1.0964781961431852e-05,4.04
harts,1.0964781961431852e-05,4.04
ignorance,1.0964781961431852e-05,4.04
immigrant,1.0964781961431852e-05,4.04
induced,1.0964781961431852e-05,4.04
inspiring,1.0964781961431852e-05,4.04
intermediate,1.0964781961431852e-05,4.04
intermediated,1.0964781961431852e-05,4.04
intermediating,1.0964781961431852e-05,4.04
intermediates,1.0964781961431852e-05,4.04
invention,1.0964781961431852e-05,4.04
inventions,1.0964781961431852e-05,4.04
ip,1.0964781961431852e-05,4.04
jesse,1.0964781961431852e-05,4.04
lgbt,1.0964781961431852e-05,4.04
likewise,1.0964781961431852e-05,4.04
lineup,1.0964781961431852e-05,4.04
lineups,1.0964781961431852e-05,4.04
logan,1.0964781961431852e-05,4.04
magnificent,1.0964781961431852e-05,4.04
mathematical,1.0964781961431852e-05,4.04
meantime,1.0964781961431852e-05,4.04
nevada,1.0964781961431852e-05,4.04
nonetheless,1.0964781961431852e-05,4.04
nutted,1.0964781961431852e-05,4.04
nut,1.0964781961431852e-05,4.04
nutting,1.0964781961431852e-05,4.04
o'clock,1.0964781961431852e-05,4.04
opposing,1.0964781961431852e-05,4.04
orlando,1.0964781961431852e-05,4.04
person's,1.0964781961431852e-05,4.04
pipelines,1.0964781961431852e-05,4.04
pipeline,1.0964781961431852e-05,4.04
placements,1.0964781961431852e-05,4.04
placement,1.0964781961431852e-05,4.04
pt,1.0964781961431852e-05,4.04
puerto,1.0964781961431852e-05,4.04
questionings,1.0964781961431852e-05,4.04
recreation,1.0964781961431852e-05,4.04
recreations,1.0964781961431852e-05,4.04
renewed,1.0964781961431852e-05,4.04
resigned,1.0964781961431852e-05,4.04
rt,1.0964781961431852e-05,4.04
shallow,1.0964781961431852e-05,4.04
shallowing,1.0964781961431852e-05,4.04
shallowed,1.0964781961431852e-05,4.04
shallowest,1.0964781961431852e-05,4.04
shallows,1.0964781961431852e-05,4.04
shallower,1.0964781961431852e-05,4.04
shanghaied,1.0964781961431852e-05,4.04
shanghaiing,1.0964781961431852e-05,4.04
shanghais,1.0964781961431852e-05,4.04
shanghai,1.0964781961431852e-05,4.04
shitty,1.0964781961431852e-05,4.04
singh,1.0964781961431852e-05,4.04
sketched,1.0964781961431852e-05,4.04
sketch,1.0964781961431852e-05,4.04
sketching,1.0964781961431852e-05,4.04
sketches,1.0964781961431852e-05,4.04
soda,1.0964781961431852e-05,4.04
sodas,1.0964781961431852e-05,4.04
spited,1.0964781961431852e-05,4.04
spites,1.0964781961431852e-05,4.04
spiting,1.0964781961431852e-05,4.04
spite,1.0964781961431852e-05,4.04
sponsors,1.0964781961431852e-05,4.04
sponsoring,1.0964781961431852e-05,4.04
sponsor,1.0964781961431852e-05,4.04
strengthens,1.0964781961431852e-05,4.04
strengthened,1.0964781961431852e-05,4.04
strengthen,1.0964781961431852e-05,4.04
strengthening,1.0964781961431852e-05,4.04
sunset,1.0964781961431852e-05,4.04
sunsets,1.0964781961431852e-05,4.04
taiwan,1.0964781961431852e-05,4.04
thanksgiving,1.0964781961431852e-05,4.04
thanksgivings,1.0964781961431852e-05,4.04
thee,1.0964781961431852e-05,4.04
thermals,1.0964781961431852e-05,4.04
thermal,1.0964781961431852e-05,4.04
transform,1.0964781961431852e-05,4.04
transforming,1.0964781961431852e-05,4.04
transforms,1.0964781961431852e-05,4.04
workplace,1.0964781961431852e-05,4.04
workplaces,1.0964781961431852e-05,4.04
yelling,1.0964781961431852e-05,4.04
yorkshire,1.0964781961431852e-05,4.04
amsterdam,1.071519305237607e-05,4.03
analyst,1.071519305237607e-05,4.03
analysts,1.071519305237607e-05,4.03
arabic,1.071519305237607e-05,4.03
arctic,1.071519305237607e-05,4.03
bennett,1.071519305237607e-05,4.03
bristol,1.071519305237607e-05,4.03
buyer,1.071519305237607e-05,4.03
calories,1.071519305237607e-05,4.03
cannabis,1.071519305237607e-05,4.03
ceased,1.071519305237607e-05,4.03
ceases,1.071519305237607e-05,4.03
cease,1.071519305237607e-05,4.03
ceasing,1.071519305237607e-05,4.03
chapel,1.071519305237607e-05,4.03
chapels,1.071519305237607e-05,4.03
cloths,1.071519305237607e-05,4.03
cloth,1.071519305237607e-05,4.03
containers,1.071519305237607e-05,4.03
container,1.071519305237607e-05,4.03
cowboys,1.071519305237607e-05,4.03
deployed,1.071519305237607e-05,4.03
differing,1.071519305237607e-05,4.03
differ,1.071519305237607e-05,4.03
differs,1.071519305237607e-05,4.03
differed,1.071519305237607e-05,4.03
dimensional,1.071519305237607e-05,4.03
eager,1.071519305237607e-05,4.03
elects,1.071519305237607e-05,4.03
elect,1.071519305237607e-05,4.03
electing,1.071519305237607e-05,4.03
elevated,1.071519305237607e-05,4.03
essences,1.071519305237607e-05,4.03
essence,1.071519305237607e-05,4.03
family's,1.071519305237607e-05,4.03
fork,1.071519305237607e-05,4.03
forked,1.071519305237607e-05,4.03
forking,1.071519305237607e-05,4.03
forks,1.071519305237607e-05,4.03
furs,1.071519305237607e-05,4.03
furred,1.071519305237607e-05,4.03
furring,1.071519305237607e-05,4.03
fur,1.071519305237607e-05,4.03
gps,1.071519305237607e-05,4.03
harold,1.071519305237607e-05,4.03
harvesting,1.071519305237607e-05,4.03
harvested,1.071519305237607e-05,4.03
harvests,1.071519305237607e-05,4.03
harvest,1.071519305237607e-05,4.03
headlines,1.071519305237607e-05,4.03
headlining,1.071519305237607e-05,4.03
headlined,1.071519305237607e-05,4.03
headline,1.071519305237607e-05,4.03
hudson,1.071519305237607e-05,4.03
hypes,1.071519305237607e-05,4.03
hyping,1.071519305237607e-05,4.03
hype,1.071519305237607e-05,4.03
hyped,1.071519305237607e-05,4.03
insist,1.071519305237607e-05,4.03
insisting,1.071519305237607e-05,4.03
insists,1.071519305237607e-05,4.03
jo,1.071519305237607e-05,4.03
junk,1.071519305237607e-05,4.03
junked,1.071519305237607e-05,4.03
junks,1.071519305237607e-05,4.03
junking,1.071519305237607e-05,4.03
kenny,1.071519305237607e-05,4.03
kidney,1.071519305237607e-05,4.03
kidneys,1.071519305237607e-05,4.03
king's,1.071519305237607e-05,4.03
laddered,1.071519305237607e-05,4.03
laddering,1.071519305237607e-05,4.03
ladders,1.071519305237607e-05,4.03
ladder,1.071519305237607e-05,4.03
lloyd,1.071519305237607e-05,4.03
lobbies,1.071519305237607e-05,4.03
lobbied,1.071519305237607e-05,4.03
lobby,1.071519305237607e-05,4.03
lobbying,1.071519305237607e-05,4.03
marc,1.071519305237607e-05,4.03
mineral,1.071519305237607e-05,4.03
minerals,1.071519305237607e-05,4.03
mobbed,1.071519305237607e-05,4.03
mob,1.071519305237607e-05,4.03
mobs,1.071519305237607e-05,4.03
mobbing,1.071519305237607e-05,4.03
modest,1.071519305237607e-05,4.03
mph,1.071519305237607e-05,4.03
navigation,1.071519305237607e-05,4.03
nicholas,1.071519305237607e-05,4.03
orbit,1.071519305237607e-05,4.03
orbited,1.071519305237607e-05,4.03
orbiting,1.071519305237607e-05,4.03
orbits,1.071519305237607e-05,4.03
paragraphs,1.071519305237607e-05,4.03
paragraphing,1.071519305237607e-05,4.03
paragraph,1.071519305237607e-05,4.03
paragraphed,1.071519305237607e-05,4.03
passives,1.071519305237607e-05,4.03
passive,1.071519305237607e-05,4.03
peninsulas,1.071519305237607e-05,4.03
peninsula,1.071519305237607e-05,4.03
phillips,1.071519305237607e-05,4.03
pill,1.071519305237607e-05,4.03
pilling,1.071519305237607e-05,4.03
pilled,1.071519305237607e-05,4.03
pork,1.071519305237607e-05,4.03
portuguese,1.071519305237607e-05,4.03
profitable,1.071519305237607e-05,4.03
ranches,1.071519305237607e-05,4.03
ranched,1.071519305237607e-05,4.03
ranching,1.071519305237607e-05,4.03
ranch,1.071519305237607e-05,4.03
reasonably,1.071519305237607e-05,4.03
rejects,1.071519305237607e-05,4.03
rejecting,1.071519305237607e-05,4.03
reject,1.071519305237607e-05,4.03
remaindered,1.071519305237607e-05,4.03
remainder,1.071519305237607e-05,4.03
remainders,1.071519305237607e-05,4.03
remaindering,1.071519305237607e-05,4.03
seized,1.071519305237607e-05,4.03
semester,1.071519305237607e-05,4.03
semesters,1.071519305237607e-05,4.03
sentiments,1.071519305237607e-05,4.03
sentiment,1.071519305237607e-05,4.03
socks,1.071519305237607e-05,4.03
sp,1.071519305237607e-05,4.03
sr,1.071519305237607e-05,4.03
supplement,1.071519305237607e-05,4.03
supplemented,1.071519305237607e-05,4.03
supplementing,1.071519305237607e-05,4.03
supplements,1.071519305237607e-05,4.03
thereby,1.071519305237607e-05,4.03
threshold,1.071519305237607e-05,4.03
thresholds,1.071519305237607e-05,4.03
thresholded,1.071519305237607e-05,4.03
thresholding,1.071519305237607e-05,4.03
til,1.071519305237607e-05,4.03
tinned,1.071519305237607e-05,4.03
tinning,1.071519305237607e-05,4.03
tin,1.071519305237607e-05,4.03
tins,1.071519305237607e-05,4.03
tires,1.071519305237607e-05,4.03
tribal,1.071519305237607e-05,4.03
tribals,1.071519305237607e-05,4.03
trunk,1.071519305237607e-05,4.03
uncertainty,1.071519305237607e-05,4.03
uncertainties,1.071519305237607e-05,4.03
vampire,1.071519305237607e-05,4.03
vampires,1.071519305237607e-05,4.03
verdict,1.071519305237607e-05,4.03
verdicts,1.071519305237607e-05,4.03
0.0.0,1.0471285480508984e-05,4.02
00nd,1.0471285480508984e-05,4.02
abandon,1.0471285480508984e-05,4.02
abandoning,1.0471285480508984e-05,4.02
abandons,1.0471285480508984e-05,4.02
accommodate,1.0471285480508984e-05,4.02
accommodates,1.0471285480508984e-05,4.02
accommodating,1.0471285480508984e-05,4.02
accommodated,1.0471285480508984e-05,4.02
accordingly,1.0471285480508984e-05,4.02
aesthetic,1.0471285480508984e-05,4.02
algorithm,1.0471285480508984e-05,4.02
algorithms,1.0471285480508984e-05,4.02
anchored,1.0471285480508984e-05,4.02
anchoring,1.0471285480508984e-05,4.02
anchor,1.0471285480508984e-05,4.02
anchors,1.0471285480508984e-05,4.02
angela,1.0471285480508984e-05,4.02
apr,1.0471285480508984e-05,4.02
arches,1.0471285480508984e-05,4.02
archs,1.0471285480508984e-05,4.02
arching,1.0471285480508984e-05,4.02
arched,1.0471285480508984e-05,4.02
arch,1.0471285480508984e-05,4.02
au,1.0471285480508984e-05,4.02
axis,1.0471285480508984e-05,4.02
axises,1.0471285480508984e-05,4.02
axes,1.0471285480508984e-05,4.02
badge,1.0471285480508984e-05,4.02
badging,1.0471285480508984e-05,4.02
badged,1.0471285480508984e-05,4.02
badges,1.0471285480508984e-05,4.02
bernard,1.0471285480508984e-05,4.02
bizarre,1.0471285480508984e-05,4.02
bounced,1.0471285480508984e-05,4.02
bounce,1.0471285480508984e-05,4.02
bouncing,1.0471285480508984e-05,4.02
bounces,1.0471285480508984e-05,4.02
bs,1.0471285480508984e-05,4.02
cannon,1.0471285480508984e-05,4.02
cannons,1.0471285480508984e-05,4.02
carolled,1.0471285480508984e-05,4.02
carolling,1.0471285480508984e-05,4.02
carols,1.0471285480508984e-05,4.02
caroled,1.0471285480508984e-05,4.02
caroling,1.0471285480508984e-05,4.02
carol,1.0471285480508984e-05,4.02
complexity,1.0471285480508984e-05,4.02
complexities,1.0471285480508984e-05,4.02
confusing,1.0471285480508984e-05,4.02
consultations,1.0471285480508984e-05,4.02
consultation,1.0471285480508984e-05,4.02
continentals,1.0471285480508984e-05,4.02
continental,1.0471285480508984e-05,4.02
convenience,1.0471285480508984e-05,4.02
conveniences,1.0471285480508984e-05,4.02
deliberately,1.0471285480508984e-05,4.02
diana,1.0471285480508984e-05,4.02
dictionary,1.0471285480508984e-05,4.02
dictionaries,1.0471285480508984e-05,4.02
dignity,1.0471285480508984e-05,4.02
dignities,1.0471285480508984e-05,4.02
dimension,1.0471285480508984e-05,4.02
disappointing,1.0471285480508984e-05,4.02
doug,1.0471285480508984e-05,4.02
duncan,1.0471285480508984e-05,4.02
ego,1.0471285480508984e-05,4.02
egos,1.0471285480508984e-05,4.02
enthusiasms,1.0471285480508984e-05,4.02
enthusiasm,1.0471285480508984e-05,4.02
equation,1.0471285480508984e-05,4.02
equations,1.0471285480508984e-05,4.02
extract,1.0471285480508984e-05,4.02
extracts,1.0471285480508984e-05,4.02
extracting,1.0471285480508984e-05,4.02
extracted,1.0471285480508984e-05,4.02
ferrying,1.0471285480508984e-05,4.02
ferries,1.0471285480508984e-05,4.02
ferried,1.0471285480508984e-05,4.02
ferry,1.0471285480508984e-05,4.02
fisher,1.0471285480508984e-05,4.02
flexibilities,1.0471285480508984e-05,4.02
flexibility,1.0471285480508984e-05,4.02
fm,1.0471285480508984e-05,4.02
fridge,1.0471285480508984e-05,4.02
fusion,1.0471285480508984e-05,4.02
fusions,1.0471285480508984e-05,4.02
gauging,1.0471285480508984e-05,4.02
gauge,1.0471285480508984e-05,4.02
gauged,1.0471285480508984e-05,4.02
gauges,1.0471285480508984e-05,4.02
goats,1.0471285480508984e-05,4.02
goat,1.0471285480508984e-05,4.02
gutting,1.0471285480508984e-05,4.02
gut,1.0471285480508984e-05,4.02
gutted,1.0471285480508984e-05,4.02
guts,1.0471285480508984e-05,4.02
heck,1.0471285480508984e-05,4.02
helmets,1.0471285480508984e-05,4.02
helmet,1.0471285480508984e-05,4.02
ideology,1.0471285480508984e-05,4.02
ideologies,1.0471285480508984e-05,4.02
inclusions,1.0471285480508984e-05,4.02
inclusion,1.0471285480508984e-05,4.02
innings,1.0471285480508984e-05,4.02
insects,1.0471285480508984e-05,4.02
instructor,1.0471285480508984e-05,4.02
instructors,1.0471285480508984e-05,4.02
isolation,1.0471285480508984e-05,4.02
isolations,1.0471285480508984e-05,4.02
ive,1.0471285480508984e-05,4.02
keeper,1.0471285480508984e-05,4.02
keepers,1.0471285480508984e-05,4.02
lambs,1.0471285480508984e-05,4.02
lambed,1.0471285480508984e-05,4.02
lamb,1.0471285480508984e-05,4.02
lambing,1.0471285480508984e-05,4.02
liar,1.0471285480508984e-05,4.02
liars,1.0471285480508984e-05,4.02
machineries,1.0471285480508984e-05,4.02
machinery,1.0471285480508984e-05,4.02
mansions,1.0471285480508984e-05,4.02
mansion,1.0471285480508984e-05,4.02
mega,1.0471285480508984e-05,4.02
mercuries,1.0471285480508984e-05,4.02
mercury,1.0471285480508984e-05,4.02
namely,1.0471285480508984e-05,4.02
nbc,1.0471285480508984e-05,4.02
nhl,1.0471285480508984e-05,4.02
obama's,1.0471285480508984e-05,4.02
orderings,1.0471285480508984e-05,4.02
palmer,1.0471285480508984e-05,4.02
pending,1.0471285480508984e-05,4.02
platinums,1.0471285480508984e-05,4.02
platinum,1.0471285480508984e-05,4.02
possessed,1.0471285480508984e-05,4.02
possess,1.0471285480508984e-05,4.02
possessing,1.0471285480508984e-05,4.02
possesses,1.0471285480508984e-05,4.02
premises,1.0471285480508984e-05,4.02
probabilities,1.0471285480508984e-05,4.02
probability,1.0471285480508984e-05,4.02
ps,1.0471285480508984e-05,4.02
resignation,1.0471285480508984e-05,4.02
resignations,1.0471285480508984e-05,4.02
rider,1.0471285480508984e-05,4.02
riders,1.0471285480508984e-05,4.02
rituals,1.0471285480508984e-05,4.02
ritual,1.0471285480508984e-05,4.02
shelf,1.0471285480508984e-05,4.02
shelves,1.0471285480508984e-05,4.02
slams,1.0471285480508984e-05,4.02
slammed,1.0471285480508984e-05,4.02
slam,1.0471285480508984e-05,4.02
slamming,1.0471285480508984e-05,4.02
starter,1.0471285480508984e-05,4.02
starters,1.0471285480508984e-05,4.02
subscribe,1.0471285480508984e-05,4.02
subscribed,1.0471285480508984e-05,4.02
subscribing,1.0471285480508984e-05,4.02
subscribes,1.0471285480508984e-05,4.02
superman,1.0471285480508984e-05,4.02
supermen,1.0471285480508984e-05,4.02
ta,1.0471285480508984e-05,4.02
tire,1.0471285480508984e-05,4.02
tiring,1.0471285480508984e-05,4.02
tl,1.0471285480508984e-05,4.02
utterly,1.0471285480508984e-05,4.02
voltage,1.0471285480508984e-05,4.02
voltages,1.0471285480508984e-05,4.02
warn,1.0471285480508984e-05,4.02
warns,1.0471285480508984e-05,4.02
width,1.0471285480508984e-05,4.02
widths,1.0471285480508984e-05,4.02
workout,1.0471285480508984e-05,4.02
workouts,1.0471285480508984e-05,4.02
00rd,1.0232929922807536e-05,4.01
aa,1.0232929922807536e-05,4.01
abu,1.0232929922807536e-05,4.01
activated,1.0232929922807536e-05,4.01
adaptations,1.0232929922807536e-05,4.01
adaptation,1.0232929922807536e-05,4.01
advisors,1.0232929922807536e-05,4.01
advisor,1.0232929922807536e-05,4.01
aluminum,1.0232929922807536e-05,4.01
bailed,1.0232929922807536e-05,4.01
bails,1.0232929922807536e-05,4.01
bail,1.0232929922807536e-05,4.01
bailing,1.0232929922807536e-05,4.01
bradley,1.0232929922807536e-05,4.01
brandon,1.0232929922807536e-05,4.01
bucking,1.0232929922807536e-05,4.01
bucked,1.0232929922807536e-05,4.01
buck,1.0232929922807536e-05,4.01
cal,1.0232929922807536e-05,4.01
caroline,1.0232929922807536e-05,4.01
characterized,1.0232929922807536e-05,4.01
civilization,1.0232929922807536e-05,4.01
civilizations,1.0232929922807536e-05,4.01
congrats,1.0232929922807536e-05,4.01
creativity,1.0232929922807536e-05,4.01
delicate,1.0232929922807536e-05,4.01
denning,1.0232929922807536e-05,4.01
dens,1.0232929922807536e-05,4.01
den,1.0232929922807536e-05,4.01
denned,1.0232929922807536e-05,4.01
derek,1.0232929922807536e-05,4.01
disappointment,1.0232929922807536e-05,4.01
disappointments,1.0232929922807536e-05,4.01
disk,1.0232929922807536e-05,4.01
disking,1.0232929922807536e-05,4.01
disks,1.0232929922807536e-05,4.01
disked,1.0232929922807536e-05,4.01
evaluates,1.0232929922807536e-05,4.01
evaluating,1.0232929922807536e-05,4.01
evaluated,1.0232929922807536e-05,4.01
evaluate,1.0232929922807536e-05,4.01
formally,1.0232929922807536e-05,4.01
goddess,1.0232929922807536e-05,4.01
goddesses,1.0232929922807536e-05,4.01
gov,1.0232929922807536e-05,4.01
hampshire,1.0232929922807536e-05,4.01
harassments,1.0232929922807536e-05,4.01
harassment,1.0232929922807536e-05,4.01
hugh,1.0232929922807536e-05,4.01
inserted,1.0232929922807536e-05,4.01
inserts,1.0232929922807536e-05,4.01
inserting,1.0232929922807536e-05,4.01
insert,1.0232929922807536e-05,4.01
joan,1.0232929922807536e-05,4.01
lebanon,1.0232929922807536e-05,4.01
leeds,1.0232929922807536e-05,4.01
legit,1.0232929922807536e-05,4.01
leonard,1.0232929922807536e-05,4.01
liquores,1.0232929922807536e-05,4.01
liquors,1.0232929922807536e-05,4.01
liquor,1.0232929922807536e-05,4.01
loser,1.0232929922807536e-05,4.01
losers,1.0232929922807536e-05,4.01
malcolm,1.0232929922807536e-05,4.01
massage,1.0232929922807536e-05,4.01
massages,1.0232929922807536e-05,4.01
massaging,1.0232929922807536e-05,4.01
massaged,1.0232929922807536e-05,4.01
milwaukee,1.0232929922807536e-05,4.01
musician,1.0232929922807536e-05,4.01
nato,1.0232929922807536e-05,4.01
nephews,1.0232929922807536e-05,4.01
nephew,1.0232929922807536e-05,4.01
notably,1.0232929922807536e-05,4.01
orchestra,1.0232929922807536e-05,4.01
orchestras,1.0232929922807536e-05,4.01
oz,1.0232929922807536e-05,4.01
padded,1.0232929922807536e-05,4.01
pad,1.0232929922807536e-05,4.01
padding,1.0232929922807536e-05,4.01
pads,1.0232929922807536e-05,4.01
pakistani,1.0232929922807536e-05,4.01
precision,1.0232929922807536e-05,4.01
precisions,1.0232929922807536e-05,4.01
preservation,1.0232929922807536e-05,4.01
preservations,1.0232929922807536e-05,4.01
privately,1.0232929922807536e-05,4.01
rumors,1.0232929922807536e-05,4.01
sails,1.0232929922807536e-05,4.01
sailing,1.0232929922807536e-05,4.01
sail,1.0232929922807536e-05,4.01
sailed,1.0232929922807536e-05,4.01
salmons,1.0232929922807536e-05,4.01
salmon,1.0232929922807536e-05,4.01
secretly,1.0232929922807536e-05,4.01
seller,1.0232929922807536e-05,4.01
sellers,1.0232929922807536e-05,4.01
sen,1.0232929922807536e-05,4.01
seo,1.0232929922807536e-05,4.01
sheer,1.0232929922807536e-05,4.01
sheerer,1.0232929922807536e-05,4.01
sheering,1.0232929922807536e-05,4.01
sheered,1.0232929922807536e-05,4.01
sheerest,1.0232929922807536e-05,4.01
sheers,1.0232929922807536e-05,4.01
simpson,1.0232929922807536e-05,4.01
specially,1.0232929922807536e-05,4.01
starker,1.0232929922807536e-05,4.01
stark,1.0232929922807536e-05,4.01
starkest,1.0232929922807536e-05,4.01
sympathy,1.0232929922807536e-05,4.01
sympathies,1.0232929922807536e-05,4.01
tan,1.0232929922807536e-05,4.01
tanner,1.0232929922807536e-05,4.01
tans,1.0232929922807536e-05,4.01
tanning,1.0232929922807536e-05,4.01
tannest,1.0232929922807536e-05,4.01
tanned,1.0232929922807536e-05,4.01
theoretical,1.0232929922807536e-05,4.01
thumbing,1.0232929922807536e-05,4.01
thumbs,1.0232929922807536e-05,4.01
thumbed,1.0232929922807536e-05,4.01
thumb,1.0232929922807536e-05,4.01
timbered,1.0232929922807536e-05,4.01
timbering,1.0232929922807536e-05,4.01
timbers,1.0232929922807536e-05,4.01
timber,1.0232929922807536e-05,4.01
transparent,1.0232929922807536e-05,4.01
travis,1.0232929922807536e-05,4.01
trump's,1.0232929922807536e-05,4.01
tx,1.0232929922807536e-05,4.01
upside,1.0232929922807536e-05,4.01
upsides,1.0232929922807536e-05,4.01
visitor,1.0232929922807536e-05,4.01
vitamins,1.0232929922807536e-05,4.01
vitamin,1.0232929922807536e-05,4.01
voiding,1.0232929922807536e-05,4.01
void,1.0232929922807536e-05,4.01
voided,1.0232929922807536e-05,4.01
voider,1.0232929922807536e-05,4.01
voids,1.0232929922807536e-05,4.01
voidest,1.0232929922807536e-05,4.01
voluntaries,1.0232929922807536e-05,4.01
voluntary,1.0232929922807536e-05,4.01
wheat,1.0232929922807536e-05,4.01
wheats,1.0232929922807536e-05,4.01
whipped,1.0232929922807536e-05,4.01
whips,1.0232929922807536e-05,4.01
whipping,1.0232929922807536e-05,4.01
whip,1.0232929922807536e-05,4.01
wiping,1.0232929922807536e-05,4.01
wipes,1.0232929922807536e-05,4.01
wiped,1.0232929922807536e-05,4.01
wipe,1.0232929922807536e-05,4.01
wrist,1.0232929922807536e-05,4.01
wrists,1.0232929922807536e-05,4.01
™,1.0232929922807536e-05,4.01
acuter,1e-05,4.0
acutest,1e-05,4.0
acute,1e-05,4.0
admiral,1e-05,4.0
admirals,1e-05,4.0
amanda,1e-05,4.0
arnold,1e-05,4.0
arrange,1e-05,4.0
arranges,1e-05,4.0
arranging,1e-05,4.0
banana,1e-05,4.0
bananas,1e-05,4.0
behaved,1e-05,4.0
behaving,1e-05,4.0
behaves,1e-05,4.0
behave,1e-05,4.0
blair,1e-05,4.0
bo,1e-05,4.0
borrows,1e-05,4.0
borrowed,1e-05,4.0
borrowing,1e-05,4.0
borrow,1e-05,4.0
capitols,1e-05,4.0
capitol,1e-05,4.0
celtic,1e-05,4.0
chan,1e-05,4.0
chinning,1e-05,4.0
chins,1e-05,4.0
chinned,1e-05,4.0
chin,1e-05,4.0
civic,1e-05,4.0
clerked,1e-05,4.0
clerks,1e-05,4.0
clerking,1e-05,4.0
clerk,1e-05,4.0
considerably,1e-05,4.0
cottages,1e-05,4.0
cottage,1e-05,4.0
coups,1e-05,4.0
coup,1e-05,4.0
criticized,1e-05,4.0
crude,1e-05,4.0
crudes,1e-05,4.0
crudest,1e-05,4.0
cruder,1e-05,4.0
dash,1e-05,4.0
dashing,1e-05,4.0
dashed,1e-05,4.0
dashes,1e-05,4.0
disclosures,1e-05,4.0
disclosure,1e-05,4.0
disposals,1e-05,4.0
disposal,1e-05,4.0
distinctive,1e-05,4.0
donation,1e-05,4.0
drones,1e-05,4.0
droned,1e-05,4.0
drone,1e-05,4.0
droning,1e-05,4.0
else's,1e-05,4.0
escorts,1e-05,4.0
escort,1e-05,4.0
escorted,1e-05,4.0
escorting,1e-05,4.0
firmly,1e-05,4.0
flour,1e-05,4.0
flouring,1e-05,4.0
flours,1e-05,4.0
floured,1e-05,4.0
gdp,1e-05,4.0
geneva,1e-05,4.0
hindu,1e-05,4.0
indie,1e-05,4.0
indirect,1e-05,4.0
inspire,1e-05,4.0
inspires,1e-05,4.0
institutional,1e-05,4.0
interim,1e-05,4.0
interims,1e-05,4.0
javas,1e-05,4.0
java,1e-05,4.0
jefferson,1e-05,4.0
jerking,1e-05,4.0
jerked,1e-05,4.0
jerks,1e-05,4.0
jerk,1e-05,4.0
karl,1e-05,4.0
kindly,1e-05,4.0
kindness,1e-05,4.0
kindnesses,1e-05,4.0
lotteries,1e-05,4.0
lottery,1e-05,4.0
louise,1e-05,4.0
magnitudes,1e-05,4.0
magnitude,1e-05,4.0
mc,1e-05,4.0
minuses,1e-05,4.0
minus,1e-05,4.0
nhs,1e-05,4.0
nuder,1e-05,4.0
nudes,1e-05,4.0
nude,1e-05,4.0
nudest,1e-05,4.0
outlet,1e-05,4.0
outlets,1e-05,4.0
parameters,1e-05,4.0
pauses,1e-05,4.0
pause,1e-05,4.0
paused,1e-05,4.0
pausing,1e-05,4.0
pledged,1e-05,4.0
pledges,1e-05,4.0
pledge,1e-05,4.0
pledging,1e-05,4.0
portals,1e-05,4.0
portal,1e-05,4.0
prescriptions,1e-05,4.0
prescription,1e-05,4.0
protesters,1e-05,4.0
provings,1e-05,4.0
publicity,1e-05,4.0
punished,1e-05,4.0
puppy,1e-05,4.0
puppies,1e-05,4.0
recruitments,1e-05,4.0
recruitment,1e-05,4.0
shakespeare,1e-05,4.0
silicon,1e-05,4.0
sliced,1e-05,4.0
slice,1e-05,4.0
slicing,1e-05,4.0
slices,1e-05,4.0
spellings,1e-05,4.0
spurs,1e-05,4.0
subscribers,1e-05,4.0
survivor,1e-05,4.0
telegraphing,1e-05,4.0
telegraphs,1e-05,4.0
telegraph,1e-05,4.0
telegraphed,1e-05,4.0
tits,1e-05,4.0
vaccines,1e-05,4.0
vaccine,1e-05,4.0
vinyl,1e-05,4.0
vinyls,1e-05,4.0
westminster,1e-05,4.0
"0,0",9.772372209558113e-06,3.99
accurately,9.772372209558113e-06,3.99
adelaide,9.772372209558113e-06,3.99
affiliating,9.772372209558113e-06,3.99
affiliates,9.772372209558113e-06,3.99
affiliate,9.772372209558113e-06,3.99
affiliated,9.772372209558113e-06,3.99
alfred,9.772372209558113e-06,3.99
asylum,9.772372209558113e-06,3.99
asylums,9.772372209558113e-06,3.99
barned,9.772372209558113e-06,3.99
barns,9.772372209558113e-06,3.99
barning,9.772372209558113e-06,3.99
barn,9.772372209558113e-06,3.99
bents,9.772372209558113e-06,3.99
bernie,9.772372209558113e-06,3.99
brussels,9.772372209558113e-06,3.99
cathedrals,9.772372209558113e-06,3.99
cathedral,9.772372209558113e-06,3.99
child's,9.772372209558113e-06,3.99
clause,9.772372209558113e-06,3.99
clauses,9.772372209558113e-06,3.99
clustering,9.772372209558113e-06,3.99
cluster,9.772372209558113e-06,3.99
clustered,9.772372209558113e-06,3.99
clusters,9.772372209558113e-06,3.99
consistencies,9.772372209558113e-06,3.99
consistency,9.772372209558113e-06,3.99
cr,9.772372209558113e-06,3.99
cylinder,9.772372209558113e-06,3.99
cylinders,9.772372209558113e-06,3.99
dancer,9.772372209558113e-06,3.99
dancers,9.772372209558113e-06,3.99
deafer,9.772372209558113e-06,3.99
deafest,9.772372209558113e-06,3.99
deaf,9.772372209558113e-06,3.99
denials,9.772372209558113e-06,3.99
denial,9.772372209558113e-06,3.99
docks,9.772372209558113e-06,3.99
dock,9.772372209558113e-06,3.99
docking,9.772372209558113e-06,3.99
docked,9.772372209558113e-06,3.99
entrepreneurs,9.772372209558113e-06,3.99
entrepreneur,9.772372209558113e-06,3.99
evident,9.772372209558113e-06,3.99
expectation,9.772372209558113e-06,3.99
expeditions,9.772372209558113e-06,3.99
expedition,9.772372209558113e-06,3.99
facilitate,9.772372209558113e-06,3.99
facilitates,9.772372209558113e-06,3.99
facilitating,9.772372209558113e-06,3.99
facilitated,9.772372209558113e-06,3.99
feats,9.772372209558113e-06,3.99
feat,9.772372209558113e-06,3.99
fossils,9.772372209558113e-06,3.99
fossil,9.772372209558113e-06,3.99
freight,9.772372209558113e-06,3.99
freights,9.772372209558113e-06,3.99
freighted,9.772372209558113e-06,3.99
freighting,9.772372209558113e-06,3.99
goddamn,9.772372209558113e-06,3.99
honesty,9.772372209558113e-06,3.99
inappropriate,9.772372209558113e-06,3.99
infants,9.772372209558113e-06,3.99
infant,9.772372209558113e-06,3.99
initiated,9.772372209558113e-06,3.99
injections,9.772372209558113e-06,3.99
injection,9.772372209558113e-06,3.99
instrumental,9.772372209558113e-06,3.99
insulted,9.772372209558113e-06,3.99
insulting,9.772372209558113e-06,3.99
insult,9.772372209558113e-06,3.99
insults,9.772372209558113e-06,3.99
interferences,9.772372209558113e-06,3.99
interference,9.772372209558113e-06,3.99
interstate,9.772372209558113e-06,3.99
julian,9.772372209558113e-06,3.99
linux,9.772372209558113e-06,3.99
luis,9.772372209558113e-06,3.99
mediterranean,9.772372209558113e-06,3.99
nation's,9.772372209558113e-06,3.99
neat,9.772372209558113e-06,3.99
neater,9.772372209558113e-06,3.99
neatest,9.772372209558113e-06,3.99
negotiated,9.772372209558113e-06,3.99
negotiates,9.772372209558113e-06,3.99
negotiating,9.772372209558113e-06,3.99
negotiate,9.772372209558113e-06,3.99
neo,9.772372209558113e-06,3.99
nicole,9.772372209558113e-06,3.99
off set,9.772372209558113e-06,3.99
offsetted,9.772372209558113e-06,3.99
off-set,9.772372209558113e-06,3.99
off-setting,9.772372209558113e-06,3.99
off sets,9.772372209558113e-06,3.99
offsetting,9.772372209558113e-06,3.99
off-sets,9.772372209558113e-06,3.99
off setting,9.772372209558113e-06,3.99
off-setted,9.772372209558113e-06,3.99
offset,9.772372209558113e-06,3.99
off setted,9.772372209558113e-06,3.99
offsets,9.772372209558113e-06,3.99
outbreaks,9.772372209558113e-06,3.99
outbroken,9.772372209558113e-06,3.99
outbreak,9.772372209558113e-06,3.99
outbreaking,9.772372209558113e-06,3.99
outbroke,9.772372209558113e-06,3.99
pals,9.772372209558113e-06,3.99
pal,9.772372209558113e-06,3.99
palestine,9.772372209558113e-06,3.99
perfection,9.772372209558113e-06,3.99
pirates,9.772372209558113e-06,3.99
probe,9.772372209558113e-06,3.99
probes,9.772372209558113e-06,3.99
probing,9.772372209558113e-06,3.99
probed,9.772372209558113e-06,3.99
prohibited,9.772372209558113e-06,3.99
propose,9.772372209558113e-06,3.99
proposing,9.772372209558113e-06,3.99
proposes,9.772372209558113e-06,3.99
quarterlies,9.772372209558113e-06,3.99
quarterly,9.772372209558113e-06,3.99
recruiting,9.772372209558113e-06,3.99
rehabilitation,9.772372209558113e-06,3.99
rehabilitations,9.772372209558113e-06,3.99
reid,9.772372209558113e-06,3.99
remix,9.772372209558113e-06,3.99
resistant,9.772372209558113e-06,3.99
resistants,9.772372209558113e-06,3.99
reynolds,9.772372209558113e-06,3.99
rollers,9.772372209558113e-06,3.99
roller,9.772372209558113e-06,3.99
sailings,9.772372209558113e-06,3.99
skinny,9.772372209558113e-06,3.99
skinnier,9.772372209558113e-06,3.99
skinniest,9.772372209558113e-06,3.99
sneaking,9.772372209558113e-06,3.99
sneaked,9.772372209558113e-06,3.99
sneaks,9.772372209558113e-06,3.99
sneak,9.772372209558113e-06,3.99
sorer,9.772372209558113e-06,3.99
sore,9.772372209558113e-06,3.99
sorest,9.772372209558113e-06,3.99
sores,9.772372209558113e-06,3.99
sparked,9.772372209558113e-06,3.99
spark,9.772372209558113e-06,3.99
sparks,9.772372209558113e-06,3.99
sparking,9.772372209558113e-06,3.99
speculation,9.772372209558113e-06,3.99
speculations,9.772372209558113e-06,3.99
steeping,9.772372209558113e-06,3.99
steeped,9.772372209558113e-06,3.99
steepest,9.772372209558113e-06,3.99
steeper,9.772372209558113e-06,3.99
steeps,9.772372209558113e-06,3.99
steep,9.772372209558113e-06,3.99
stevens,9.772372209558113e-06,3.99
straw,9.772372209558113e-06,3.99
straws,9.772372209558113e-06,3.99
successors,9.772372209558113e-06,3.99
successor,9.772372209558113e-06,3.99
uncertain,9.772372209558113e-06,3.99
uploaded,9.772372209558113e-06,3.99
uploading,9.772372209558113e-06,3.99
upload,9.772372209558113e-06,3.99
uploads,9.772372209558113e-06,3.99
vector,9.772372209558113e-06,3.99
vectors,9.772372209558113e-06,3.99
vectoring,9.772372209558113e-06,3.99
vectored,9.772372209558113e-06,3.99
weigh,9.772372209558113e-06,3.99
weighed,9.772372209558113e-06,3.99
weighs,9.772372209558113e-06,3.99
weighing,9.772372209558113e-06,3.99
whatsoever,9.772372209558113e-06,3.99
wickedest,9.772372209558113e-06,3.99
wicked,9.772372209558113e-06,3.99
wickeder,9.772372209558113e-06,3.99
00c,9.549925860214369e-06,3.98
abraham,9.549925860214369e-06,3.98
absents,9.549925860214369e-06,3.98
absenting,9.549925860214369e-06,3.98
absent,9.549925860214369e-06,3.98
absented,9.549925860214369e-06,3.98
acoustic,9.549925860214369e-06,3.98
adapt,9.549925860214369e-06,3.98
adapts,9.549925860214369e-06,3.98
adapting,9.549925860214369e-06,3.98
ancestors,9.549925860214369e-06,3.98
archiving,9.549925860214369e-06,3.98
archived,9.549925860214369e-06,3.98
archive,9.549925860214369e-06,3.98
atomic,9.549925860214369e-06,3.98
bean,9.549925860214369e-06,3.98
bicycling,9.549925860214369e-06,3.98
bicycle,9.549925860214369e-06,3.98
bicycled,9.549925860214369e-06,3.98
bicycles,9.549925860214369e-06,3.98
bryan,9.549925860214369e-06,3.98
bumping,9.549925860214369e-06,3.98
bump,9.549925860214369e-06,3.98
bumps,9.549925860214369e-06,3.98
bumped,9.549925860214369e-06,3.98
carts,9.549925860214369e-06,3.98
carted,9.549925860214369e-06,3.98
cart,9.549925860214369e-06,3.98
carting,9.549925860214369e-06,3.98
circus,9.549925860214369e-06,3.98
circuses,9.549925860214369e-06,3.98
claire,9.549925860214369e-06,3.98
cocaine,9.549925860214369e-06,3.98
cohen,9.549925860214369e-06,3.98
colleague,9.549925860214369e-06,3.98
compelling,9.549925860214369e-06,3.98
compiled,9.549925860214369e-06,3.98
complications,9.549925860214369e-06,3.98
constructs,9.549925860214369e-06,3.98
constructing,9.549925860214369e-06,3.98
construct,9.549925860214369e-06,3.98
cords,9.549925860214369e-06,3.98
corded,9.549925860214369e-06,3.98
cord,9.549925860214369e-06,3.98
cording,9.549925860214369e-06,3.98
cyber,9.549925860214369e-06,3.98
dales,9.549925860214369e-06,3.98
dale,9.549925860214369e-06,3.98
defendants,9.549925860214369e-06,3.98
defendant,9.549925860214369e-06,3.98
densest,9.549925860214369e-06,3.98
denser,9.549925860214369e-06,3.98
dense,9.549925860214369e-06,3.98
desperately,9.549925860214369e-06,3.98
doctrine,9.549925860214369e-06,3.98
doctrines,9.549925860214369e-06,3.98
exposes,9.549925860214369e-06,3.98
expose,9.549925860214369e-06,3.98
exposing,9.549925860214369e-06,3.98
financially,9.549925860214369e-06,3.98
freshman,9.549925860214369e-06,3.98
freshmen,9.549925860214369e-06,3.98
furious,9.549925860214369e-06,3.98
gameplay,9.549925860214369e-06,3.98
geographies,9.549925860214369e-06,3.98
geography,9.549925860214369e-06,3.98
gigs,9.549925860214369e-06,3.98
gig,9.549925860214369e-06,3.98
government's,9.549925860214369e-06,3.98
habitats,9.549925860214369e-06,3.98
habitat,9.549925860214369e-06,3.98
harbouring,9.549925860214369e-06,3.98
harboured,9.549925860214369e-06,3.98
harbours,9.549925860214369e-06,3.98
harbour,9.549925860214369e-06,3.98
hazarding,9.549925860214369e-06,3.98
hazards,9.549925860214369e-06,3.98
hazarded,9.549925860214369e-06,3.98
hazard,9.549925860214369e-06,3.98
hydrogens,9.549925860214369e-06,3.98
hydrogen,9.549925860214369e-06,3.98
implies,9.549925860214369e-06,3.98
intact,9.549925860214369e-06,3.98
intakes,9.549925860214369e-06,3.98
intake,9.549925860214369e-06,3.98
irrelevant,9.549925860214369e-06,3.98
jawing,9.549925860214369e-06,3.98
jaw,9.549925860214369e-06,3.98
jaws,9.549925860214369e-06,3.98
jawed,9.549925860214369e-06,3.98
jin,9.549925860214369e-06,3.98
kitty,9.549925860214369e-06,3.98
kitties,9.549925860214369e-06,3.98
lauren,9.549925860214369e-06,3.98
lawns,9.549925860214369e-06,3.98
lawn,9.549925860214369e-06,3.98
manufacture,9.549925860214369e-06,3.98
manufactures,9.549925860214369e-06,3.98
martha,9.549925860214369e-06,3.98
mercedes,9.549925860214369e-06,3.98
moses,9.549925860214369e-06,3.98
nashville,9.549925860214369e-06,3.98
nebraska,9.549925860214369e-06,3.98
needling,9.549925860214369e-06,3.98
needles,9.549925860214369e-06,3.98
needled,9.549925860214369e-06,3.98
needle,9.549925860214369e-06,3.98
ol,9.549925860214369e-06,3.98
organizes,9.549925860214369e-06,3.98
organize,9.549925860214369e-06,3.98
organizing,9.549925860214369e-06,3.98
ottawa,9.549925860214369e-06,3.98
ovalling,9.549925860214369e-06,3.98
ovals,9.549925860214369e-06,3.98
ovalled,9.549925860214369e-06,3.98
ovaled,9.549925860214369e-06,3.98
ovaling,9.549925860214369e-06,3.98
oval,9.549925860214369e-06,3.98
pitying,9.549925860214369e-06,3.98
pitied,9.549925860214369e-06,3.98
pities,9.549925860214369e-06,3.98
pity,9.549925860214369e-06,3.98
ponded,9.549925860214369e-06,3.98
ponding,9.549925860214369e-06,3.98
ponds,9.549925860214369e-06,3.98
pond,9.549925860214369e-06,3.98
porter,9.549925860214369e-06,3.98
porters,9.549925860214369e-06,3.98
prey,9.549925860214369e-06,3.98
preying,9.549925860214369e-06,3.98
preyed,9.549925860214369e-06,3.98
preys,9.549925860214369e-06,3.98
prophet,9.549925860214369e-06,3.98
prophets,9.549925860214369e-06,3.98
raymond,9.549925860214369e-06,3.98
referendums,9.549925860214369e-06,3.98
referendum,9.549925860214369e-06,3.98
referenda,9.549925860214369e-06,3.98
refugee,9.549925860214369e-06,3.98
regulated,9.549925860214369e-06,3.98
ruby,9.549925860214369e-06,3.98
rubies,9.549925860214369e-06,3.98
sanders,9.549925860214369e-06,3.98
satisfy,9.549925860214369e-06,3.98
satisfying,9.549925860214369e-06,3.98
satisfies,9.549925860214369e-06,3.98
seasonal,9.549925860214369e-06,3.98
sensible,9.549925860214369e-06,3.98
sequel,9.549925860214369e-06,3.98
sequels,9.549925860214369e-06,3.98
shiftings,9.549925860214369e-06,3.98
stanford,9.549925860214369e-06,3.98
teammates,9.549925860214369e-06,3.98
townships,9.549925860214369e-06,3.98
township,9.549925860214369e-06,3.98
usb,9.549925860214369e-06,3.98
vienna,9.549925860214369e-06,3.98
waded,9.549925860214369e-06,3.98
wades,9.549925860214369e-06,3.98
wading,9.549925860214369e-06,3.98
wade,9.549925860214369e-06,3.98
whale,9.549925860214369e-06,3.98
whales,9.549925860214369e-06,3.98
writings,9.549925860214369e-06,3.98
admired,9.332543007969906e-06,3.97
admire,9.332543007969906e-06,3.97
admires,9.332543007969906e-06,3.97
admiring,9.332543007969906e-06,3.97
af,9.332543007969906e-06,3.97
amber,9.332543007969906e-06,3.97
ankle,9.332543007969906e-06,3.97
ankles,9.332543007969906e-06,3.97
armor,9.332543007969906e-06,3.97
autisms,9.332543007969906e-06,3.97
autism,9.332543007969906e-06,3.97
bachelor,9.332543007969906e-06,3.97
bachelors,9.332543007969906e-06,3.97
berry,9.332543007969906e-06,3.97
berries,9.332543007969906e-06,3.97
berrying,9.332543007969906e-06,3.97
berried,9.332543007969906e-06,3.97
brady,9.332543007969906e-06,3.97
brisbane,9.332543007969906e-06,3.97
bullying,9.332543007969906e-06,3.97
capitalism,9.332543007969906e-06,3.97
cautioned,9.332543007969906e-06,3.97
cautions,9.332543007969906e-06,3.97
caution,9.332543007969906e-06,3.97
cautioning,9.332543007969906e-06,3.97
certification,9.332543007969906e-06,3.97
certifications,9.332543007969906e-06,3.97
characteristic,9.332543007969906e-06,3.97
clans,9.332543007969906e-06,3.97
clan,9.332543007969906e-06,3.97
clashes,9.332543007969906e-06,3.97
clashing,9.332543007969906e-06,3.97
clashed,9.332543007969906e-06,3.97
clash,9.332543007969906e-06,3.97
compatibles,9.332543007969906e-06,3.97
compatible,9.332543007969906e-06,3.97
condemned,9.332543007969906e-06,3.97
configuration,9.332543007969906e-06,3.97
configurations,9.332543007969906e-06,3.97
continuously,9.332543007969906e-06,3.97
curiosity,9.332543007969906e-06,3.97
curiosities,9.332543007969906e-06,3.97
delights,9.332543007969906e-06,3.97
delighting,9.332543007969906e-06,3.97
delight,9.332543007969906e-06,3.97
explosives,9.332543007969906e-06,3.97
explosive,9.332543007969906e-06,3.97
floodings,9.332543007969906e-06,3.97
fortunate,9.332543007969906e-06,3.97
fortunately,9.332543007969906e-06,3.97
frontiers,9.332543007969906e-06,3.97
frontier,9.332543007969906e-06,3.97
frustrating,9.332543007969906e-06,3.97
frustrations,9.332543007969906e-06,3.97
frustration,9.332543007969906e-06,3.97
geographic,9.332543007969906e-06,3.97
glenn,9.332543007969906e-06,3.97
grande,9.332543007969906e-06,3.97
grasps,9.332543007969906e-06,3.97
grasp,9.332543007969906e-06,3.97
grasping,9.332543007969906e-06,3.97
grasped,9.332543007969906e-06,3.97
handy,9.332543007969906e-06,3.97
handier,9.332543007969906e-06,3.97
handiest,9.332543007969906e-06,3.97
hardcore,9.332543007969906e-06,3.97
harmful,9.332543007969906e-06,3.97
headache,9.332543007969906e-06,3.97
headaches,9.332543007969906e-06,3.97
hers,9.332543007969906e-06,3.97
hispanic,9.332543007969906e-06,3.97
incentives,9.332543007969906e-06,3.97
incentive,9.332543007969906e-06,3.97
inclusive,9.332543007969906e-06,3.97
jackie,9.332543007969906e-06,3.97
joel,9.332543007969906e-06,3.97
licences,9.332543007969906e-06,3.97
licenced,9.332543007969906e-06,3.97
licence,9.332543007969906e-06,3.97
licencing,9.332543007969906e-06,3.97
madness,9.332543007969906e-06,3.97
madnesses,9.332543007969906e-06,3.97
mandating,9.332543007969906e-06,3.97
mandated,9.332543007969906e-06,3.97
mandate,9.332543007969906e-06,3.97
mandates,9.332543007969906e-06,3.97
manga,9.332543007969906e-06,3.97
memorable,9.332543007969906e-06,3.97
merger,9.332543007969906e-06,3.97
mergers,9.332543007969906e-06,3.97
nj,9.332543007969906e-06,3.97
ph,9.332543007969906e-06,3.97
po,9.332543007969906e-06,3.97
poker,9.332543007969906e-06,3.97
pokers,9.332543007969906e-06,3.97
portable,9.332543007969906e-06,3.97
portables,9.332543007969906e-06,3.97
quebec,9.332543007969906e-06,3.97
randomly,9.332543007969906e-06,3.97
resigning,9.332543007969906e-06,3.97
resigns,9.332543007969906e-06,3.97
resign,9.332543007969906e-06,3.97
rico,9.332543007969906e-06,3.97
robbery,9.332543007969906e-06,3.97
robberies,9.332543007969906e-06,3.97
rubbing,9.332543007969906e-06,3.97
rub,9.332543007969906e-06,3.97
rubs,9.332543007969906e-06,3.97
rubbed,9.332543007969906e-06,3.97
sallied,9.332543007969906e-06,3.97
sally,9.332543007969906e-06,3.97
sallies,9.332543007969906e-06,3.97
sallying,9.332543007969906e-06,3.97
scattered,9.332543007969906e-06,3.97
scouts,9.332543007969906e-06,3.97
scouting,9.332543007969906e-06,3.97
scout,9.332543007969906e-06,3.97
scouted,9.332543007969906e-06,3.97
sexuality,9.332543007969906e-06,3.97
sexualities,9.332543007969906e-06,3.97
slaps,9.332543007969906e-06,3.97
slapped,9.332543007969906e-06,3.97
slapping,9.332543007969906e-06,3.97
slap,9.332543007969906e-06,3.97
steak,9.332543007969906e-06,3.97
steaks,9.332543007969906e-06,3.97
succession,9.332543007969906e-06,3.97
successions,9.332543007969906e-06,3.97
superintendents,9.332543007969906e-06,3.97
superintendent,9.332543007969906e-06,3.97
suspicions,9.332543007969906e-06,3.97
suspicion,9.332543007969906e-06,3.97
sweeps,9.332543007969906e-06,3.97
swept,9.332543007969906e-06,3.97
sweeping,9.332543007969906e-06,3.97
sweep,9.332543007969906e-06,3.97
tactical,9.332543007969906e-06,3.97
therapists,9.332543007969906e-06,3.97
therapist,9.332543007969906e-06,3.97
thereafter,9.332543007969906e-06,3.97
thorough,9.332543007969906e-06,3.97
tuitions,9.332543007969906e-06,3.97
tuition,9.332543007969906e-06,3.97
tumor,9.332543007969906e-06,3.97
tumors,9.332543007969906e-06,3.97
usd,9.332543007969906e-06,3.97
wholesale,9.332543007969906e-06,3.97
wholesaling,9.332543007969906e-06,3.97
wholesaled,9.332543007969906e-06,3.97
wholesales,9.332543007969906e-06,3.97
wwe,9.332543007969906e-06,3.97
administered,9.120108393559096e-06,3.96
architectural,9.120108393559096e-06,3.96
artillery,9.120108393559096e-06,3.96
assembled,9.120108393559096e-06,3.96
bangladesh,9.120108393559096e-06,3.96
barack,9.120108393559096e-06,3.96
canvas,9.120108393559096e-06,3.96
canvased,9.120108393559096e-06,3.96
canvases,9.120108393559096e-06,3.96
canvasing,9.120108393559096e-06,3.96
canyon,9.120108393559096e-06,3.96
canyons,9.120108393559096e-06,3.96
casey,9.120108393559096e-06,3.96
cheek,9.120108393559096e-06,3.96
cheeking,9.120108393559096e-06,3.96
cheeks,9.120108393559096e-06,3.96
cheeked,9.120108393559096e-06,3.96
chen,9.120108393559096e-06,3.96
cincinnati,9.120108393559096e-06,3.96
circulars,9.120108393559096e-06,3.96
circular,9.120108393559096e-06,3.96
circulation,9.120108393559096e-06,3.96
circulations,9.120108393559096e-06,3.96
clearance,9.120108393559096e-06,3.96
clearances,9.120108393559096e-06,3.96
coincidences,9.120108393559096e-06,3.96
coincidence,9.120108393559096e-06,3.96
comedian,9.120108393559096e-06,3.96
comedians,9.120108393559096e-06,3.96
consciences,9.120108393559096e-06,3.96
conscience,9.120108393559096e-06,3.96
coolers,9.120108393559096e-06,3.96
countless,9.120108393559096e-06,3.96
currying,9.120108393559096e-06,3.96
curries,9.120108393559096e-06,3.96
curried,9.120108393559096e-06,3.96
curry,9.120108393559096e-06,3.96
dames,9.120108393559096e-06,3.96
dame,9.120108393559096e-06,3.96
deceased,9.120108393559096e-06,3.96
dedications,9.120108393559096e-06,3.96
dedication,9.120108393559096e-06,3.96
detentions,9.120108393559096e-06,3.96
detention,9.120108393559096e-06,3.96
drake,9.120108393559096e-06,3.96
drakes,9.120108393559096e-06,3.96
employing,9.120108393559096e-06,3.96
employ,9.120108393559096e-06,3.96
employs,9.120108393559096e-06,3.96
enforces,9.120108393559096e-06,3.96
enforcing,9.120108393559096e-06,3.96
enforced,9.120108393559096e-06,3.96
enforce,9.120108393559096e-06,3.96
explicit,9.120108393559096e-06,3.96
explicitly,9.120108393559096e-06,3.96
florence,9.120108393559096e-06,3.96
flu,9.120108393559096e-06,3.96
forbidden,9.120108393559096e-06,3.96
fractioned,9.120108393559096e-06,3.96
fractions,9.120108393559096e-06,3.96
fractioning,9.120108393559096e-06,3.96
fraction,9.120108393559096e-06,3.96
girl's,9.120108393559096e-06,3.96
hes,9.120108393559096e-06,3.96
infantry,9.120108393559096e-06,3.96
integral,9.120108393559096e-06,3.96
integrals,9.120108393559096e-06,3.96
investor,9.120108393559096e-06,3.96
janet,9.120108393559096e-06,3.96
katie,9.120108393559096e-06,3.96
kidnapped,9.120108393559096e-06,3.96
lightly,9.120108393559096e-06,3.96
marbled,9.120108393559096e-06,3.96
marbles,9.120108393559096e-06,3.96
marbling,9.120108393559096e-06,3.96
marble,9.120108393559096e-06,3.96
maritime,9.120108393559096e-06,3.96
melting,9.120108393559096e-06,3.96
melt,9.120108393559096e-06,3.96
melted,9.120108393559096e-06,3.96
melts,9.120108393559096e-06,3.96
monica,9.120108393559096e-06,3.96
mumbai,9.120108393559096e-06,3.96
nominees,9.120108393559096e-06,3.96
nominee,9.120108393559096e-06,3.96
oath,9.120108393559096e-06,3.96
oaths,9.120108393559096e-06,3.96
offences,9.120108393559096e-06,3.96
offence,9.120108393559096e-06,3.96
packagings,9.120108393559096e-06,3.96
patriots,9.120108393559096e-06,3.96
pees,9.120108393559096e-06,3.96
peed,9.120108393559096e-06,3.96
pee,9.120108393559096e-06,3.96
peeing,9.120108393559096e-06,3.96
pillows,9.120108393559096e-06,3.96
pillowing,9.120108393559096e-06,3.96
pillowed,9.120108393559096e-06,3.96
pillow,9.120108393559096e-06,3.96
pirated,9.120108393559096e-06,3.96
pirate,9.120108393559096e-06,3.96
pirating,9.120108393559096e-06,3.96
polars,9.120108393559096e-06,3.96
polar,9.120108393559096e-06,3.96
predictions,9.120108393559096e-06,3.96
prediction,9.120108393559096e-06,3.96
previews,9.120108393559096e-06,3.96
previewed,9.120108393559096e-06,3.96
previewing,9.120108393559096e-06,3.96
preview,9.120108393559096e-06,3.96
puzzling,9.120108393559096e-06,3.96
puzzles,9.120108393559096e-06,3.96
puzzled,9.120108393559096e-06,3.96
puzzle,9.120108393559096e-06,3.96
rapper,9.120108393559096e-06,3.96
rebecca,9.120108393559096e-06,3.96
reconstruction,9.120108393559096e-06,3.96
reconstructions,9.120108393559096e-06,3.96
renowned,9.120108393559096e-06,3.96
revelations,9.120108393559096e-06,3.96
revelation,9.120108393559096e-06,3.96
sara,9.120108393559096e-06,3.96
scholar,9.120108393559096e-06,3.96
skirts,9.120108393559096e-06,3.96
skirt,9.120108393559096e-06,3.96
skirted,9.120108393559096e-06,3.96
skirting,9.120108393559096e-06,3.96
socially,9.120108393559096e-06,3.96
spas,9.120108393559096e-06,3.96
spa,9.120108393559096e-06,3.96
spikes,9.120108393559096e-06,3.96
spiking,9.120108393559096e-06,3.96
spike,9.120108393559096e-06,3.96
spiked,9.120108393559096e-06,3.96
sprint,9.120108393559096e-06,3.96
sprints,9.120108393559096e-06,3.96
sprinting,9.120108393559096e-06,3.96
sprinted,9.120108393559096e-06,3.96
stirring,9.120108393559096e-06,3.96
stir,9.120108393559096e-06,3.96
stirred,9.120108393559096e-06,3.96
stirs,9.120108393559096e-06,3.96
substantially,9.120108393559096e-06,3.96
suburbs,9.120108393559096e-06,3.96
superb,9.120108393559096e-06,3.96
supposedly,9.120108393559096e-06,3.96
tab,9.120108393559096e-06,3.96
tendency,9.120108393559096e-06,3.96
tendencies,9.120108393559096e-06,3.96
that'll,9.120108393559096e-06,3.96
theirs,9.120108393559096e-06,3.96
toasting,9.120108393559096e-06,3.96
toasted,9.120108393559096e-06,3.96
toast,9.120108393559096e-06,3.96
toasts,9.120108393559096e-06,3.96
touchdowns,9.120108393559096e-06,3.96
touchdown,9.120108393559096e-06,3.96
traits,9.120108393559096e-06,3.96
trek,9.120108393559096e-06,3.96
trekked,9.120108393559096e-06,3.96
trekking,9.120108393559096e-06,3.96
treks,9.120108393559096e-06,3.96
trickiest,9.120108393559096e-06,3.96
tricky,9.120108393559096e-06,3.96
trickier,9.120108393559096e-06,3.96
triumph,9.120108393559096e-06,3.96
triumphing,9.120108393559096e-06,3.96
triumphs,9.120108393559096e-06,3.96
triumphed,9.120108393559096e-06,3.96
uber,9.120108393559096e-06,3.96
underwear,9.120108393559096e-06,3.96
unto,9.120108393559096e-06,3.96
viables,9.120108393559096e-06,3.96
viable,9.120108393559096e-06,3.96
waist,9.120108393559096e-06,3.96
waists,9.120108393559096e-06,3.96
wit,9.120108393559096e-06,3.96
wits,9.120108393559096e-06,3.96
wreck,9.120108393559096e-06,3.96
wrecks,9.120108393559096e-06,3.96
wrecked,9.120108393559096e-06,3.96
wrecking,9.120108393559096e-06,3.96
absurd,8.91250938133746e-06,3.95
accessories,8.91250938133746e-06,3.95
adrian,8.91250938133746e-06,3.95
ag,8.91250938133746e-06,3.95
ambitious,8.91250938133746e-06,3.95
amid,8.91250938133746e-06,3.95
annoyed,8.91250938133746e-06,3.95
ballets,8.91250938133746e-06,3.95
ballet,8.91250938133746e-06,3.95
bargained,8.91250938133746e-06,3.95
bargain,8.91250938133746e-06,3.95
bargains,8.91250938133746e-06,3.95
bargaining,8.91250938133746e-06,3.95
binary,8.91250938133746e-06,3.95
binaries,8.91250938133746e-06,3.95
blends,8.91250938133746e-06,3.95
blend,8.91250938133746e-06,3.95
blended,8.91250938133746e-06,3.95
blent,8.91250938133746e-06,3.95
blending,8.91250938133746e-06,3.95
blogs,8.91250938133746e-06,3.95
braked,8.91250938133746e-06,3.95
braking,8.91250938133746e-06,3.95
brake,8.91250938133746e-06,3.95
brakes,8.91250938133746e-06,3.95
businessmen,8.91250938133746e-06,3.95
businessman,8.91250938133746e-06,3.95
cab,8.91250938133746e-06,3.95
cabs,8.91250938133746e-06,3.95
ch,8.91250938133746e-06,3.95
chi,8.91250938133746e-06,3.95
col,8.91250938133746e-06,3.95
collision,8.91250938133746e-06,3.95
collisions,8.91250938133746e-06,3.95
colombia,8.91250938133746e-06,3.95
compassion,8.91250938133746e-06,3.95
consumed,8.91250938133746e-06,3.95
corrections,8.91250938133746e-06,3.95
correction,8.91250938133746e-06,3.95
coughed,8.91250938133746e-06,3.95
coughs,8.91250938133746e-06,3.95
cough,8.91250938133746e-06,3.95
coughing,8.91250938133746e-06,3.95
critic,8.91250938133746e-06,3.95
czech,8.91250938133746e-06,3.95
depots,8.91250938133746e-06,3.95
depot,8.91250938133746e-06,3.95
distresses,8.91250938133746e-06,3.95
distressing,8.91250938133746e-06,3.95
distressed,8.91250938133746e-06,3.95
distress,8.91250938133746e-06,3.95
documentation,8.91250938133746e-06,3.95
documentations,8.91250938133746e-06,3.95
dramatically,8.91250938133746e-06,3.95
elegant,8.91250938133746e-06,3.95
elevator,8.91250938133746e-06,3.95
elevators,8.91250938133746e-06,3.95
ellis,8.91250938133746e-06,3.95
executes,8.91250938133746e-06,3.95
executing,8.91250938133746e-06,3.95
execute,8.91250938133746e-06,3.95
feasting,8.91250938133746e-06,3.95
feasts,8.91250938133746e-06,3.95
feasted,8.91250938133746e-06,3.95
feast,8.91250938133746e-06,3.95
finland,8.91250938133746e-06,3.95
frederick,8.91250938133746e-06,3.95
friend's,8.91250938133746e-06,3.95
frost,8.91250938133746e-06,3.95
frosts,8.91250938133746e-06,3.95
frosted,8.91250938133746e-06,3.95
frosting,8.91250938133746e-06,3.95
goin,8.91250938133746e-06,3.95
heralding,8.91250938133746e-06,3.95
herald,8.91250938133746e-06,3.95
heralded,8.91250938133746e-06,3.95
heralds,8.91250938133746e-06,3.95
hikes,8.91250938133746e-06,3.95
hike,8.91250938133746e-06,3.95
hiked,8.91250938133746e-06,3.95
hiking,8.91250938133746e-06,3.95
hollowest,8.91250938133746e-06,3.95
hollowed,8.91250938133746e-06,3.95
hollower,8.91250938133746e-06,3.95
hollows,8.91250938133746e-06,3.95
hollowing,8.91250938133746e-06,3.95
hollow,8.91250938133746e-06,3.95
homelands,8.91250938133746e-06,3.95
homeland,8.91250938133746e-06,3.95
how's,8.91250938133746e-06,3.95
ing,8.91250938133746e-06,3.95
internationally,8.91250938133746e-06,3.95
iraqi,8.91250938133746e-06,3.95
itunes,8.91250938133746e-06,3.95
kane,8.91250938133746e-06,3.95
lamed,8.91250938133746e-06,3.95
lamer,8.91250938133746e-06,3.95
lame,8.91250938133746e-06,3.95
lamest,8.91250938133746e-06,3.95
laming,8.91250938133746e-06,3.95
lames,8.91250938133746e-06,3.95
lilies,8.91250938133746e-06,3.95
lily,8.91250938133746e-06,3.95
lockers,8.91250938133746e-06,3.95
locker,8.91250938133746e-06,3.95
mainland,8.91250938133746e-06,3.95
markings,8.91250938133746e-06,3.95
meditations,8.91250938133746e-06,3.95
meditation,8.91250938133746e-06,3.95
messenger,8.91250938133746e-06,3.95
messengers,8.91250938133746e-06,3.95
munich,8.91250938133746e-06,3.95
norwegian,8.91250938133746e-06,3.95
pencilled,8.91250938133746e-06,3.95
pencilling,8.91250938133746e-06,3.95
penciling,8.91250938133746e-06,3.95
penciled,8.91250938133746e-06,3.95
pencil,8.91250938133746e-06,3.95
pencils,8.91250938133746e-06,3.95
philosophical,8.91250938133746e-06,3.95
pierre,8.91250938133746e-06,3.95
plasmas,8.91250938133746e-06,3.95
plasma,8.91250938133746e-06,3.95
plea,8.91250938133746e-06,3.95
pleas,8.91250938133746e-06,3.95
punishing,8.91250938133746e-06,3.95
punishes,8.91250938133746e-06,3.95
punish,8.91250938133746e-06,3.95
pursing,8.91250938133746e-06,3.95
purses,8.91250938133746e-06,3.95
pursed,8.91250938133746e-06,3.95
purse,8.91250938133746e-06,3.95
quarterbacks,8.91250938133746e-06,3.95
quarterbacking,8.91250938133746e-06,3.95
quarterbacked,8.91250938133746e-06,3.95
quarterback,8.91250938133746e-06,3.95
reagan,8.91250938133746e-06,3.95
refs,8.91250938133746e-06,3.95
reffed,8.91250938133746e-06,3.95
reffing,8.91250938133746e-06,3.95
ref,8.91250938133746e-06,3.95
relieved,8.91250938133746e-06,3.95
reservation,8.91250938133746e-06,3.95
reservations,8.91250938133746e-06,3.95
rhetoric,8.91250938133746e-06,3.95
salvation,8.91250938133746e-06,3.95
sanctions,8.91250938133746e-06,3.95
secular,8.91250938133746e-06,3.95
sensitivity,8.91250938133746e-06,3.95
sensitivities,8.91250938133746e-06,3.95
shane,8.91250938133746e-06,3.95
sighing,8.91250938133746e-06,3.95
sighs,8.91250938133746e-06,3.95
sigh,8.91250938133746e-06,3.95
sighed,8.91250938133746e-06,3.95
sixteen,8.91250938133746e-06,3.95
sovereigns,8.91250938133746e-06,3.95
sovereign,8.91250938133746e-06,3.95
specifications,8.91250938133746e-06,3.95
spouses,8.91250938133746e-06,3.95
spouse,8.91250938133746e-06,3.95
stat,8.91250938133746e-06,3.95
supervisors,8.91250938133746e-06,3.95
supervisor,8.91250938133746e-06,3.95
synthetics,8.91250938133746e-06,3.95
synthetic,8.91250938133746e-06,3.95
tensing,8.91250938133746e-06,3.95
tensed,8.91250938133746e-06,3.95
tenser,8.91250938133746e-06,3.95
tense,8.91250938133746e-06,3.95
tensest,8.91250938133746e-06,3.95
tenses,8.91250938133746e-06,3.95
terrifying,8.91250938133746e-06,3.95
toyota,8.91250938133746e-06,3.95
traders,8.91250938133746e-06,3.95
troy,8.91250938133746e-06,3.95
vegan,8.91250938133746e-06,3.95
vegans,8.91250938133746e-06,3.95
wakings,8.91250938133746e-06,3.95
walmart,8.91250938133746e-06,3.95
wang,8.91250938133746e-06,3.95
wildernesses,8.91250938133746e-06,3.95
wilderness,8.91250938133746e-06,3.95
adviser,8.709635899560814e-06,3.94
advisers,8.709635899560814e-06,3.94
aggregating,8.709635899560814e-06,3.94
aggregate,8.709635899560814e-06,3.94
aggregated,8.709635899560814e-06,3.94
aggregates,8.709635899560814e-06,3.94
anal,8.709635899560814e-06,3.94
anatomies,8.709635899560814e-06,3.94
anatomy,8.709635899560814e-06,3.94
annie,8.709635899560814e-06,3.94
applicants,8.709635899560814e-06,3.94
automobile,8.709635899560814e-06,3.94
automobiles,8.709635899560814e-06,3.94
barnes,8.709635899560814e-06,3.94
cemented,8.709635899560814e-06,3.94
cement,8.709635899560814e-06,3.94
cementing,8.709635899560814e-06,3.94
cements,8.709635899560814e-06,3.94
chess,8.709635899560814e-06,3.94
citing,8.709635899560814e-06,3.94
compositing,8.709635899560814e-06,3.94
composite,8.709635899560814e-06,3.94
composited,8.709635899560814e-06,3.94
composites,8.709635899560814e-06,3.94
consequently,8.709635899560814e-06,3.94
consisted,8.709635899560814e-06,3.94
consist,8.709635899560814e-06,3.94
cox,8.709635899560814e-06,3.94
curtis,8.709635899560814e-06,3.94
decorated,8.709635899560814e-06,3.94
delegates,8.709635899560814e-06,3.94
dulls,8.709635899560814e-06,3.94
dullest,8.709635899560814e-06,3.94
dull,8.709635899560814e-06,3.94
dulled,8.709635899560814e-06,3.94
duller,8.709635899560814e-06,3.94
dulling,8.709635899560814e-06,3.94
fared,8.709635899560814e-06,3.94
fare,8.709635899560814e-06,3.94
faring,8.709635899560814e-06,3.94
fares,8.709635899560814e-06,3.94
float,8.709635899560814e-06,3.94
floats,8.709635899560814e-06,3.94
floated,8.709635899560814e-06,3.94
generator,8.709635899560814e-06,3.94
generators,8.709635899560814e-06,3.94
grinds,8.709635899560814e-06,3.94
grinding,8.709635899560814e-06,3.94
grinded,8.709635899560814e-06,3.94
grind,8.709635899560814e-06,3.94
grindings,8.709635899560814e-06,3.94
grove,8.709635899560814e-06,3.94
groves,8.709635899560814e-06,3.94
gumming,8.709635899560814e-06,3.94
gums,8.709635899560814e-06,3.94
gum,8.709635899560814e-06,3.94
gummed,8.709635899560814e-06,3.94
hobby,8.709635899560814e-06,3.94
hobbies,8.709635899560814e-06,3.94
idol,8.709635899560814e-06,3.94
idols,8.709635899560814e-06,3.94
illusion,8.709635899560814e-06,3.94
illusions,8.709635899560814e-06,3.94
incorrect,8.709635899560814e-06,3.94
jun,8.709635899560814e-06,3.94
junctioning,8.709635899560814e-06,3.94
junction,8.709635899560814e-06,3.94
junctioned,8.709635899560814e-06,3.94
junctions,8.709635899560814e-06,3.94
lances,8.709635899560814e-06,3.94
lance,8.709635899560814e-06,3.94
lancing,8.709635899560814e-06,3.94
lanced,8.709635899560814e-06,3.94
leaping,8.709635899560814e-06,3.94
leap,8.709635899560814e-06,3.94
leaps,8.709635899560814e-06,3.94
leapt,8.709635899560814e-06,3.94
locating,8.709635899560814e-06,3.94
locate,8.709635899560814e-06,3.94
locates,8.709635899560814e-06,3.94
lou,8.709635899560814e-06,3.94
lynches,8.709635899560814e-06,3.94
lynch,8.709635899560814e-06,3.94
lynching,8.709635899560814e-06,3.94
lynched,8.709635899560814e-06,3.94
medicare,8.709635899560814e-06,3.94
modelings,8.709635899560814e-06,3.94
motives,8.709635899560814e-06,3.94
motive,8.709635899560814e-06,3.94
nazis,8.709635899560814e-06,3.94
neighbourhoods,8.709635899560814e-06,3.94
neighbourhood,8.709635899560814e-06,3.94
newtons,8.709635899560814e-06,3.94
newton,8.709635899560814e-06,3.94
opposes,8.709635899560814e-06,3.94
oppose,8.709635899560814e-06,3.94
optimal,8.709635899560814e-06,3.94
other's,8.709635899560814e-06,3.94
overtime,8.709635899560814e-06,3.94
playstation,8.709635899560814e-06,3.94
postal,8.709635899560814e-06,3.94
prep,8.709635899560814e-06,3.94
president's,8.709635899560814e-06,3.94
profound,8.709635899560814e-06,3.94
profoundest,8.709635899560814e-06,3.94
profounder,8.709635899560814e-06,3.94
prosecutors,8.709635899560814e-06,3.94
prosecutor,8.709635899560814e-06,3.94
rebellion,8.709635899560814e-06,3.94
rebellions,8.709635899560814e-06,3.94
recipient,8.709635899560814e-06,3.94
recipients,8.709635899560814e-06,3.94
refunded,8.709635899560814e-06,3.94
refunds,8.709635899560814e-06,3.94
refund,8.709635899560814e-06,3.94
refunding,8.709635899560814e-06,3.94
riskiest,8.709635899560814e-06,3.94
risky,8.709635899560814e-06,3.94
riskier,8.709635899560814e-06,3.94
robust,8.709635899560814e-06,3.94
scams,8.709635899560814e-06,3.94
scamming,8.709635899560814e-06,3.94
scammed,8.709635899560814e-06,3.94
scam,8.709635899560814e-06,3.94
sci,8.709635899560814e-06,3.94
sep,8.709635899560814e-06,3.94
shareholders,8.709635899560814e-06,3.94
simulations,8.709635899560814e-06,3.94
simulation,8.709635899560814e-06,3.94
sobering,8.709635899560814e-06,3.94
soberest,8.709635899560814e-06,3.94
sobers,8.709635899560814e-06,3.94
sober,8.709635899560814e-06,3.94
soberer,8.709635899560814e-06,3.94
sobered,8.709635899560814e-06,3.94
spicing,8.709635899560814e-06,3.94
spiced,8.709635899560814e-06,3.94
spice,8.709635899560814e-06,3.94
spices,8.709635899560814e-06,3.94
squeezes,8.709635899560814e-06,3.94
squeezed,8.709635899560814e-06,3.94
squeeze,8.709635899560814e-06,3.94
squeezing,8.709635899560814e-06,3.94
supervisions,8.709635899560814e-06,3.94
supervision,8.709635899560814e-06,3.94
swaps,8.709635899560814e-06,3.94
swapping,8.709635899560814e-06,3.94
swapped,8.709635899560814e-06,3.94
swap,8.709635899560814e-06,3.94
terrain,8.709635899560814e-06,3.94
terrains,8.709635899560814e-06,3.94
terrified,8.709635899560814e-06,3.94
themed,8.709635899560814e-06,3.94
threaten,8.709635899560814e-06,3.94
threatens,8.709635899560814e-06,3.94
thrilled,8.709635899560814e-06,3.94
towel,8.709635899560814e-06,3.94
towels,8.709635899560814e-06,3.94
towelled,8.709635899560814e-06,3.94
toweling,8.709635899560814e-06,3.94
toweled,8.709635899560814e-06,3.94
towelling,8.709635899560814e-06,3.94
trio,8.709635899560814e-06,3.94
trios,8.709635899560814e-06,3.94
unconsciouses,8.709635899560814e-06,3.94
unconscious,8.709635899560814e-06,3.94
und,8.709635899560814e-06,3.94
vegetable,8.709635899560814e-06,3.94
verified,8.709635899560814e-06,3.94
vibe,8.709635899560814e-06,3.94
vibes,8.709635899560814e-06,3.94
virtue,8.709635899560814e-06,3.94
virtues,8.709635899560814e-06,3.94
wifi,8.709635899560814e-06,3.94
workforce,8.709635899560814e-06,3.94
workforces,8.709635899560814e-06,3.94
zombie,8.709635899560814e-06,3.94
zombies,8.709635899560814e-06,3.94
00.000,8.51138038202376e-06,3.93
00a,8.51138038202376e-06,3.93
acre,8.51138038202376e-06,3.93
alot,8.51138038202376e-06,3.93
amen,8.51138038202376e-06,3.93
andrews,8.51138038202376e-06,3.93
arose,8.51138038202376e-06,3.93
arise,8.51138038202376e-06,3.93
arising,8.51138038202376e-06,3.93
arisen,8.51138038202376e-06,3.93
arises,8.51138038202376e-06,3.93
automotive,8.51138038202376e-06,3.93
battlefield,8.51138038202376e-06,3.93
battlefields,8.51138038202376e-06,3.93
berkeley,8.51138038202376e-06,3.93
bloomed,8.51138038202376e-06,3.93
bloom,8.51138038202376e-06,3.93
blooming,8.51138038202376e-06,3.93
blooms,8.51138038202376e-06,3.93
bores,8.51138038202376e-06,3.93
bundles,8.51138038202376e-06,3.93
bundling,8.51138038202376e-06,3.93
bundle,8.51138038202376e-06,3.93
bundled,8.51138038202376e-06,3.93
butterflies,8.51138038202376e-06,3.93
butterfly,8.51138038202376e-06,3.93
casualties,8.51138038202376e-06,3.93
chad,8.51138038202376e-06,3.93
clowns,8.51138038202376e-06,3.93
clowned,8.51138038202376e-06,3.93
clown,8.51138038202376e-06,3.93
clowning,8.51138038202376e-06,3.93
conjunctions,8.51138038202376e-06,3.93
conjunction,8.51138038202376e-06,3.93
costlier,8.51138038202376e-06,3.93
costly,8.51138038202376e-06,3.93
costliest,8.51138038202376e-06,3.93
cuban,8.51138038202376e-06,3.93
davies,8.51138038202376e-06,3.93
descent,8.51138038202376e-06,3.93
descented,8.51138038202376e-06,3.93
descenting,8.51138038202376e-06,3.93
descents,8.51138038202376e-06,3.93
desktop,8.51138038202376e-06,3.93
dial,8.51138038202376e-06,3.93
dialling,8.51138038202376e-06,3.93
dialing,8.51138038202376e-06,3.93
dials,8.51138038202376e-06,3.93
dialed,8.51138038202376e-06,3.93
dialled,8.51138038202376e-06,3.93
directories,8.51138038202376e-06,3.93
directory,8.51138038202376e-06,3.93
discharge,8.51138038202376e-06,3.93
discharged,8.51138038202376e-06,3.93
discharges,8.51138038202376e-06,3.93
discharging,8.51138038202376e-06,3.93
dodging,8.51138038202376e-06,3.93
dodges,8.51138038202376e-06,3.93
dodge,8.51138038202376e-06,3.93
dodged,8.51138038202376e-06,3.93
drillings,8.51138038202376e-06,3.93
eliminations,8.51138038202376e-06,3.93
elimination,8.51138038202376e-06,3.93
es,8.51138038202376e-06,3.93
espn,8.51138038202376e-06,3.93
gingers,8.51138038202376e-06,3.93
ginger,8.51138038202376e-06,3.93
gingered,8.51138038202376e-06,3.93
gingering,8.51138038202376e-06,3.93
guilds,8.51138038202376e-06,3.93
guild,8.51138038202376e-06,3.93
halts,8.51138038202376e-06,3.93
halting,8.51138038202376e-06,3.93
halt,8.51138038202376e-06,3.93
halted,8.51138038202376e-06,3.93
han,8.51138038202376e-06,3.93
henderson,8.51138038202376e-06,3.93
ibm,8.51138038202376e-06,3.93
imagings,8.51138038202376e-06,3.93
implied,8.51138038202376e-06,3.93
impress,8.51138038202376e-06,3.93
impressing,8.51138038202376e-06,3.93
impresses,8.51138038202376e-06,3.93
inabilities,8.51138038202376e-06,3.93
inability,8.51138038202376e-06,3.93
incoming,8.51138038202376e-06,3.93
incomings,8.51138038202376e-06,3.93
isaac,8.51138038202376e-06,3.93
jarring,8.51138038202376e-06,3.93
jar,8.51138038202376e-06,3.93
jarred,8.51138038202376e-06,3.93
jars,8.51138038202376e-06,3.93
kay,8.51138038202376e-06,3.93
lb,8.51138038202376e-06,3.93
leicester,8.51138038202376e-06,3.93
liam,8.51138038202376e-06,3.93
litigation,8.51138038202376e-06,3.93
litigations,8.51138038202376e-06,3.93
mentoring,8.51138038202376e-06,3.93
mentored,8.51138038202376e-06,3.93
mentor,8.51138038202376e-06,3.93
mentors,8.51138038202376e-06,3.93
merchandised,8.51138038202376e-06,3.93
merchandises,8.51138038202376e-06,3.93
merchandising,8.51138038202376e-06,3.93
merchandise,8.51138038202376e-06,3.93
miners,8.51138038202376e-06,3.93
monks,8.51138038202376e-06,3.93
monk,8.51138038202376e-06,3.93
ni,8.51138038202376e-06,3.93
noah,8.51138038202376e-06,3.93
norms,8.51138038202376e-06,3.93
normed,8.51138038202376e-06,3.93
norm,8.51138038202376e-06,3.93
norming,8.51138038202376e-06,3.93
occupying,8.51138038202376e-06,3.93
occupies,8.51138038202376e-06,3.93
occupy,8.51138038202376e-06,3.93
offended,8.51138038202376e-06,3.93
orthodox,8.51138038202376e-06,3.93
overheads,8.51138038202376e-06,3.93
overhead,8.51138038202376e-06,3.93
pac,8.51138038202376e-06,3.93
painters,8.51138038202376e-06,3.93
painter,8.51138038202376e-06,3.93
party's,8.51138038202376e-06,3.93
perth,8.51138038202376e-06,3.93
pierced,8.51138038202376e-06,3.93
pierce,8.51138038202376e-06,3.93
piercing,8.51138038202376e-06,3.93
pierces,8.51138038202376e-06,3.93
pistols,8.51138038202376e-06,3.93
pistol,8.51138038202376e-06,3.93
printer,8.51138038202376e-06,3.93
printers,8.51138038202376e-06,3.93
prone,8.51138038202376e-06,3.93
proner,8.51138038202376e-06,3.93
pronest,8.51138038202376e-06,3.93
raiders,8.51138038202376e-06,3.93
readily,8.51138038202376e-06,3.93
regimenting,8.51138038202376e-06,3.93
regiments,8.51138038202376e-06,3.93
regiment,8.51138038202376e-06,3.93
regimented,8.51138038202376e-06,3.93
reunions,8.51138038202376e-06,3.93
reunion,8.51138038202376e-06,3.93
revivals,8.51138038202376e-06,3.93
revival,8.51138038202376e-06,3.93
sanctuary,8.51138038202376e-06,3.93
sanctuaries,8.51138038202376e-06,3.93
satan,8.51138038202376e-06,3.93
sensors,8.51138038202376e-06,3.93
seoul,8.51138038202376e-06,3.93
siege,8.51138038202376e-06,3.93
sieges,8.51138038202376e-06,3.93
sixty,8.51138038202376e-06,3.93
sixties,8.51138038202376e-06,3.93
sleeves,8.51138038202376e-06,3.93
sleeve,8.51138038202376e-06,3.93
sonic,8.51138038202376e-06,3.93
soundtrack,8.51138038202376e-06,3.93
spine,8.51138038202376e-06,3.93
spines,8.51138038202376e-06,3.93
steering,8.51138038202376e-06,3.93
sullivan,8.51138038202376e-06,3.93
sustain,8.51138038202376e-06,3.93
sustains,8.51138038202376e-06,3.93
sustaining,8.51138038202376e-06,3.93
tenures,8.51138038202376e-06,3.93
tenured,8.51138038202376e-06,3.93
tenuring,8.51138038202376e-06,3.93
tenure,8.51138038202376e-06,3.93
textured,8.51138038202376e-06,3.93
texture,8.51138038202376e-06,3.93
textures,8.51138038202376e-06,3.93
texturing,8.51138038202376e-06,3.93
thankful,8.51138038202376e-06,3.93
translating,8.51138038202376e-06,3.93
translates,8.51138038202376e-06,3.93
translate,8.51138038202376e-06,3.93
treasurers,8.51138038202376e-06,3.93
treasurer,8.51138038202376e-06,3.93
triangles,8.51138038202376e-06,3.93
triangle,8.51138038202376e-06,3.93
unclear,8.51138038202376e-06,3.93
venezuela,8.51138038202376e-06,3.93
venice,8.51138038202376e-06,3.93
vladimir,8.51138038202376e-06,3.93
wizards,8.51138038202376e-06,3.93
wizard,8.51138038202376e-06,3.93
yankees,8.51138038202376e-06,3.93
absorbed,8.31763771102671e-06,3.92
admin,8.31763771102671e-06,3.92
affection,8.31763771102671e-06,3.92
affections,8.31763771102671e-06,3.92
airplanes,8.31763771102671e-06,3.92
airplane,8.31763771102671e-06,3.92
altitude,8.31763771102671e-06,3.92
altitudes,8.31763771102671e-06,3.92
athens,8.31763771102671e-06,3.92
attributes,8.31763771102671e-06,3.92
baked,8.31763771102671e-06,3.92
baking,8.31763771102671e-06,3.92
beautifully,8.31763771102671e-06,3.92
betty,8.31763771102671e-06,3.92
biblical,8.31763771102671e-06,3.92
bmw,8.31763771102671e-06,3.92
boo,8.31763771102671e-06,3.92
boos,8.31763771102671e-06,3.92
booing,8.31763771102671e-06,3.92
booed,8.31763771102671e-06,3.92
cardiff,8.31763771102671e-06,3.92
coloureds,8.31763771102671e-06,3.92
competent,8.31763771102671e-06,3.92
countryside,8.31763771102671e-06,3.92
crane,8.31763771102671e-06,3.92
craned,8.31763771102671e-06,3.92
craning,8.31763771102671e-06,3.92
cranes,8.31763771102671e-06,3.92
debris,8.31763771102671e-06,3.92
delegation,8.31763771102671e-06,3.92
delegations,8.31763771102671e-06,3.92
demographic,8.31763771102671e-06,3.92
donors,8.31763771102671e-06,3.92
donor,8.31763771102671e-06,3.92
educates,8.31763771102671e-06,3.92
educating,8.31763771102671e-06,3.92
educate,8.31763771102671e-06,3.92
enrolled,8.31763771102671e-06,3.92
enrollments,8.31763771102671e-06,3.92
enrollment,8.31763771102671e-06,3.92
essex,8.31763771102671e-06,3.92
exceeds,8.31763771102671e-06,3.92
exceed,8.31763771102671e-06,3.92
exceeding,8.31763771102671e-06,3.92
exceeded,8.31763771102671e-06,3.92
excluding,8.31763771102671e-06,3.92
fiercer,8.31763771102671e-06,3.92
fierce,8.31763771102671e-06,3.92
fiercest,8.31763771102671e-06,3.92
gabriel,8.31763771102671e-06,3.92
garlics,8.31763771102671e-06,3.92
garlic,8.31763771102671e-06,3.92
gaza,8.31763771102671e-06,3.92
gratitude,8.31763771102671e-06,3.92
hails,8.31763771102671e-06,3.92
hailing,8.31763771102671e-06,3.92
hailed,8.31763771102671e-06,3.92
hail,8.31763771102671e-06,3.92
heroin,8.31763771102671e-06,3.92
honda,8.31763771102671e-06,3.92
illustration,8.31763771102671e-06,3.92
illustrations,8.31763771102671e-06,3.92
imposes,8.31763771102671e-06,3.92
imposing,8.31763771102671e-06,3.92
impose,8.31763771102671e-06,3.92
indicators,8.31763771102671e-06,3.92
indicator,8.31763771102671e-06,3.92
inequality,8.31763771102671e-06,3.92
inequalities,8.31763771102671e-06,3.92
ins,8.31763771102671e-06,3.92
interpreted,8.31763771102671e-06,3.92
jamaica,8.31763771102671e-06,3.92
joey,8.31763771102671e-06,3.92
joshua,8.31763771102671e-06,3.92
leisure,8.31763771102671e-06,3.92
leisures,8.31763771102671e-06,3.92
lend,8.31763771102671e-06,3.92
lends,8.31763771102671e-06,3.92
lent,8.31763771102671e-06,3.92
lending,8.31763771102671e-06,3.92
leon,8.31763771102671e-06,3.92
lounging,8.31763771102671e-06,3.92
lounge,8.31763771102671e-06,3.92
lounges,8.31763771102671e-06,3.92
lounged,8.31763771102671e-06,3.92
luckily,8.31763771102671e-06,3.92
manuscripts,8.31763771102671e-06,3.92
manuscript,8.31763771102671e-06,3.92
marco,8.31763771102671e-06,3.92
minted,8.31763771102671e-06,3.92
minting,8.31763771102671e-06,3.92
mint,8.31763771102671e-06,3.92
mints,8.31763771102671e-06,3.92
molecules,8.31763771102671e-06,3.92
montgomery,8.31763771102671e-06,3.92
notifications,8.31763771102671e-06,3.92
notification,8.31763771102671e-06,3.92
novas,8.31763771102671e-06,3.92
novae,8.31763771102671e-06,3.92
nova,8.31763771102671e-06,3.92
oakland,8.31763771102671e-06,3.92
outline,8.31763771102671e-06,3.92
outlined,8.31763771102671e-06,3.92
outlining,8.31763771102671e-06,3.92
outlines,8.31763771102671e-06,3.92
pastae,8.31763771102671e-06,3.92
pasta,8.31763771102671e-06,3.92
pastas,8.31763771102671e-06,3.92
pi,8.31763771102671e-06,3.92
polite,8.31763771102671e-06,3.92
randier,8.31763771102671e-06,3.92
randiest,8.31763771102671e-06,3.92
randy,8.31763771102671e-06,3.92
receipts,8.31763771102671e-06,3.92
receipting,8.31763771102671e-06,3.92
receipted,8.31763771102671e-06,3.92
receipt,8.31763771102671e-06,3.92
recognises,8.31763771102671e-06,3.92
recognising,8.31763771102671e-06,3.92
recognise,8.31763771102671e-06,3.92
reliabilities,8.31763771102671e-06,3.92
reliability,8.31763771102671e-06,3.92
researcher,8.31763771102671e-06,3.92
retailers,8.31763771102671e-06,3.92
romans,8.31763771102671e-06,3.92
runways,8.31763771102671e-06,3.92
runway,8.31763771102671e-06,3.92
sculpturing,8.31763771102671e-06,3.92
sculptures,8.31763771102671e-06,3.92
sculptured,8.31763771102671e-06,3.92
sculpture,8.31763771102671e-06,3.92
sensor,8.31763771102671e-06,3.92
seth,8.31763771102671e-06,3.92
sharon,8.31763771102671e-06,3.92
showcase,8.31763771102671e-06,3.92
showcased,8.31763771102671e-06,3.92
showcases,8.31763771102671e-06,3.92
showcasing,8.31763771102671e-06,3.92
su,8.31763771102671e-06,3.92
subsidiary,8.31763771102671e-06,3.92
subsidiaries,8.31763771102671e-06,3.92
tampa,8.31763771102671e-06,3.92
tenth,8.31763771102671e-06,3.92
theology,8.31763771102671e-06,3.92
theologies,8.31763771102671e-06,3.92
underwater,8.31763771102671e-06,3.92
velocity,8.31763771102671e-06,3.92
velocities,8.31763771102671e-06,3.92
wax,8.31763771102671e-06,3.92
waxes,8.31763771102671e-06,3.92
waxing,8.31763771102671e-06,3.92
waxed,8.31763771102671e-06,3.92
wikipedia,8.31763771102671e-06,3.92
winston,8.31763771102671e-06,3.92
yay,8.31763771102671e-06,3.92
yu,8.31763771102671e-06,3.92
♫,8.31763771102671e-06,3.92
00p,8.128305161640995e-06,3.91
accountabilities,8.128305161640995e-06,3.91
accountability,8.128305161640995e-06,3.91
aerial,8.128305161640995e-06,3.91
aerials,8.128305161640995e-06,3.91
albeit,8.128305161640995e-06,3.91
alcoholic,8.128305161640995e-06,3.91
alcoholics,8.128305161640995e-06,3.91
amazed,8.128305161640995e-06,3.91
ambitions,8.128305161640995e-06,3.91
ambition,8.128305161640995e-06,3.91
ammunition,8.128305161640995e-06,3.91
ammunitions,8.128305161640995e-06,3.91
anthem,8.128305161640995e-06,3.91
anthems,8.128305161640995e-06,3.91
automated,8.128305161640995e-06,3.91
bakes,8.128305161640995e-06,3.91
bake,8.128305161640995e-06,3.91
batched,8.128305161640995e-06,3.91
batching,8.128305161640995e-06,3.91
batch,8.128305161640995e-06,3.91
batches,8.128305161640995e-06,3.91
carson,8.128305161640995e-06,3.91
cataloging,8.128305161640995e-06,3.91
cataloged,8.128305161640995e-06,3.91
catalog,8.128305161640995e-06,3.91
catalogs,8.128305161640995e-06,3.91
catalogue,8.128305161640995e-06,3.91
catalogues,8.128305161640995e-06,3.91
catalogued,8.128305161640995e-06,3.91
cataloguing,8.128305161640995e-06,3.91
charitable,8.128305161640995e-06,3.91
christine,8.128305161640995e-06,3.91
club's,8.128305161640995e-06,3.91
collector,8.128305161640995e-06,3.91
collectors,8.128305161640995e-06,3.91
compliment,8.128305161640995e-06,3.91
complimented,8.128305161640995e-06,3.91
compliments,8.128305161640995e-06,3.91
complimenting,8.128305161640995e-06,3.91
consisteds,8.128305161640995e-06,3.91
consisteded,8.128305161640995e-06,3.91
consisteding,8.128305161640995e-06,3.91
continually,8.128305161640995e-06,3.91
coordinator,8.128305161640995e-06,3.91
coordinators,8.128305161640995e-06,3.91
danish,8.128305161640995e-06,3.91
def,8.128305161640995e-06,3.91
deployment,8.128305161640995e-06,3.91
deployments,8.128305161640995e-06,3.91
enjoyable,8.128305161640995e-06,3.91
exotics,8.128305161640995e-06,3.91
exotic,8.128305161640995e-06,3.91
exterior,8.128305161640995e-06,3.91
exteriors,8.128305161640995e-06,3.91
feminine,8.128305161640995e-06,3.91
feminines,8.128305161640995e-06,3.91
firearms,8.128305161640995e-06,3.91
fountain,8.128305161640995e-06,3.91
fountains,8.128305161640995e-06,3.91
fury,8.128305161640995e-06,3.91
furies,8.128305161640995e-06,3.91
gb,8.128305161640995e-06,3.91
genocide,8.128305161640995e-06,3.91
genocides,8.128305161640995e-06,3.91
glanced,8.128305161640995e-06,3.91
glances,8.128305161640995e-06,3.91
glancing,8.128305161640995e-06,3.91
glance,8.128305161640995e-06,3.91
glows,8.128305161640995e-06,3.91
glow,8.128305161640995e-06,3.91
glowed,8.128305161640995e-06,3.91
glowing,8.128305161640995e-06,3.91
hayed,8.128305161640995e-06,3.91
hays,8.128305161640995e-06,3.91
hay,8.128305161640995e-06,3.91
haying,8.128305161640995e-06,3.91
hebrew,8.128305161640995e-06,3.91
hometowns,8.128305161640995e-06,3.91
hometown,8.128305161640995e-06,3.91
humanitarian,8.128305161640995e-06,3.91
humanitarians,8.128305161640995e-06,3.91
hungary,8.128305161640995e-06,3.91
idaho,8.128305161640995e-06,3.91
immunities,8.128305161640995e-06,3.91
immunity,8.128305161640995e-06,3.91
inherited,8.128305161640995e-06,3.91
l.a,8.128305161640995e-06,3.91
lebron,8.128305161640995e-06,3.91
liberation,8.128305161640995e-06,3.91
liberations,8.128305161640995e-06,3.91
likelihood,8.128305161640995e-06,3.91
likelihoods,8.128305161640995e-06,3.91
lone,8.128305161640995e-06,3.91
massacres,8.128305161640995e-06,3.91
massacring,8.128305161640995e-06,3.91
massacred,8.128305161640995e-06,3.91
massacre,8.128305161640995e-06,3.91
memes,8.128305161640995e-06,3.91
meme,8.128305161640995e-06,3.91
mitch,8.128305161640995e-06,3.91
mod,8.128305161640995e-06,3.91
nationalist,8.128305161640995e-06,3.91
nationalists,8.128305161640995e-06,3.91
necessities,8.128305161640995e-06,3.91
necessity,8.128305161640995e-06,3.91
nicknamed,8.128305161640995e-06,3.91
nickname,8.128305161640995e-06,3.91
nicknaming,8.128305161640995e-06,3.91
nicknames,8.128305161640995e-06,3.91
nixon,8.128305161640995e-06,3.91
observers,8.128305161640995e-06,3.91
observer,8.128305161640995e-06,3.91
offshore,8.128305161640995e-06,3.91
optional,8.128305161640995e-06,3.91
papa,8.128305161640995e-06,3.91
papas,8.128305161640995e-06,3.91
pastes,8.128305161640995e-06,3.91
pasted,8.128305161640995e-06,3.91
pasting,8.128305161640995e-06,3.91
paste,8.128305161640995e-06,3.91
ph.d,8.128305161640995e-06,3.91
pioneers,8.128305161640995e-06,3.91
pioneering,8.128305161640995e-06,3.91
pioneered,8.128305161640995e-06,3.91
pioneer,8.128305161640995e-06,3.91
plazas,8.128305161640995e-06,3.91
plaza,8.128305161640995e-06,3.91
prescribed,8.128305161640995e-06,3.91
prosperity,8.128305161640995e-06,3.91
ps4,8.128305161640995e-06,3.91
recreational,8.128305161640995e-06,3.91
refuges,8.128305161640995e-06,3.91
refuge,8.128305161640995e-06,3.91
renewable,8.128305161640995e-06,3.91
renewables,8.128305161640995e-06,3.91
richardson,8.128305161640995e-06,3.91
ricky,8.128305161640995e-06,3.91
ronald,8.128305161640995e-06,3.91
sack,8.128305161640995e-06,3.91
sacked,8.128305161640995e-06,3.91
sacking,8.128305161640995e-06,3.91
sacks,8.128305161640995e-06,3.91
sheffield,8.128305161640995e-06,3.91
shortage,8.128305161640995e-06,3.91
shortages,8.128305161640995e-06,3.91
sophie,8.128305161640995e-06,3.91
sphere,8.128305161640995e-06,3.91
spheres,8.128305161640995e-06,3.91
stare,8.128305161640995e-06,3.91
stared,8.128305161640995e-06,3.91
stares,8.128305161640995e-06,3.91
suburban,8.128305161640995e-06,3.91
suppliers,8.128305161640995e-06,3.91
terribly,8.128305161640995e-06,3.91
territorial,8.128305161640995e-06,3.91
thriller,8.128305161640995e-06,3.91
toss,8.128305161640995e-06,3.91
tosses,8.128305161640995e-06,3.91
tossing,8.128305161640995e-06,3.91
tossed,8.128305161640995e-06,3.91
transgender,8.128305161640995e-06,3.91
turtle,8.128305161640995e-06,3.91
turtles,8.128305161640995e-06,3.91
ur,8.128305161640995e-06,3.91
verbals,8.128305161640995e-06,3.91
verbal,8.128305161640995e-06,3.91
violated,8.128305161640995e-06,3.91
wool,8.128305161640995e-06,3.91
wools,8.128305161640995e-06,3.91
yang,8.128305161640995e-06,3.91
accountable,7.943282347242822e-06,3.9
advocacies,7.943282347242822e-06,3.9
advocacy,7.943282347242822e-06,3.9
aftermath,7.943282347242822e-06,3.9
aggressions,7.943282347242822e-06,3.9
aggression,7.943282347242822e-06,3.9
analyzed,7.943282347242822e-06,3.9
arguably,7.943282347242822e-06,3.9
armstrong,7.943282347242822e-06,3.9
ballooned,7.943282347242822e-06,3.9
balloon,7.943282347242822e-06,3.9
balloons,7.943282347242822e-06,3.9
ballooning,7.943282347242822e-06,3.9
blunted,7.943282347242822e-06,3.9
blunter,7.943282347242822e-06,3.9
blunts,7.943282347242822e-06,3.9
blunting,7.943282347242822e-06,3.9
bluntest,7.943282347242822e-06,3.9
blunt,7.943282347242822e-06,3.9
boobs,7.943282347242822e-06,3.9
brigades,7.943282347242822e-06,3.9
brigade,7.943282347242822e-06,3.9
bulgaria,7.943282347242822e-06,3.9
burial,7.943282347242822e-06,3.9
burials,7.943282347242822e-06,3.9
cardinals,7.943282347242822e-06,3.9
cardinal,7.943282347242822e-06,3.9
champs,7.943282347242822e-06,3.9
champed,7.943282347242822e-06,3.9
champ,7.943282347242822e-06,3.9
champing,7.943282347242822e-06,3.9
champagne,7.943282347242822e-06,3.9
champagnes,7.943282347242822e-06,3.9
china's,7.943282347242822e-06,3.9
chorused,7.943282347242822e-06,3.9
chorusing,7.943282347242822e-06,3.9
chorus,7.943282347242822e-06,3.9
choruses,7.943282347242822e-06,3.9
chrome,7.943282347242822e-06,3.9
clarities,7.943282347242822e-06,3.9
clarity,7.943282347242822e-06,3.9
cleaners,7.943282347242822e-06,3.9
concluding,7.943282347242822e-06,3.9
concludes,7.943282347242822e-06,3.9
conclude,7.943282347242822e-06,3.9
confidential,7.943282347242822e-06,3.9
coordinations,7.943282347242822e-06,3.9
coordination,7.943282347242822e-06,3.9
cs,7.943282347242822e-06,3.9
delaware,7.943282347242822e-06,3.9
discretion,7.943282347242822e-06,3.9
ditches,7.943282347242822e-06,3.9
ditch,7.943282347242822e-06,3.9
ditched,7.943282347242822e-06,3.9
ditching,7.943282347242822e-06,3.9
domed,7.943282347242822e-06,3.9
doming,7.943282347242822e-06,3.9
domes,7.943282347242822e-06,3.9
dome,7.943282347242822e-06,3.9
dope,7.943282347242822e-06,3.9
doped,7.943282347242822e-06,3.9
dopes,7.943282347242822e-06,3.9
doping,7.943282347242822e-06,3.9
drought,7.943282347242822e-06,3.9
droughts,7.943282347242822e-06,3.9
elevations,7.943282347242822e-06,3.9
elevation,7.943282347242822e-06,3.9
epa,7.943282347242822e-06,3.9
esteemed,7.943282347242822e-06,3.9
esteems,7.943282347242822e-06,3.9
esteem,7.943282347242822e-06,3.9
esteeming,7.943282347242822e-06,3.9
eva,7.943282347242822e-06,3.9
fe,7.943282347242822e-06,3.9
fog,7.943282347242822e-06,3.9
fogged,7.943282347242822e-06,3.9
fogs,7.943282347242822e-06,3.9
fogging,7.943282347242822e-06,3.9
fucks,7.943282347242822e-06,3.9
gestured,7.943282347242822e-06,3.9
gestures,7.943282347242822e-06,3.9
gesturing,7.943282347242822e-06,3.9
gesture,7.943282347242822e-06,3.9
ghana,7.943282347242822e-06,3.9
gibson,7.943282347242822e-06,3.9
gif,7.943282347242822e-06,3.9
gilbert,7.943282347242822e-06,3.9
gosh,7.943282347242822e-06,3.9
griffins,7.943282347242822e-06,3.9
griffin,7.943282347242822e-06,3.9
historians,7.943282347242822e-06,3.9
historian,7.943282347242822e-06,3.9
horizontals,7.943282347242822e-06,3.9
horizontal,7.943282347242822e-06,3.9
hospitality,7.943282347242822e-06,3.9
hostage,7.943282347242822e-06,3.9
hostages,7.943282347242822e-06,3.9
individually,7.943282347242822e-06,3.9
inevitably,7.943282347242822e-06,3.9
jeffrey,7.943282347242822e-06,3.9
kenneth,7.943282347242822e-06,3.9
lads,7.943282347242822e-06,3.9
lad,7.943282347242822e-06,3.9
lakers,7.943282347242822e-06,3.9
leslie,7.943282347242822e-06,3.9
literacies,7.943282347242822e-06,3.9
literacy,7.943282347242822e-06,3.9
mcdonald's,7.943282347242822e-06,3.9
migrants,7.943282347242822e-06,3.9
mins,7.943282347242822e-06,3.9
misleading,7.943282347242822e-06,3.9
moistures,7.943282347242822e-06,3.9
moisture,7.943282347242822e-06,3.9
monuments,7.943282347242822e-06,3.9
monument,7.943282347242822e-06,3.9
mortalities,7.943282347242822e-06,3.9
mortality,7.943282347242822e-06,3.9
ng,7.943282347242822e-06,3.9
obsessions,7.943282347242822e-06,3.9
obsession,7.943282347242822e-06,3.9
opted,7.943282347242822e-06,3.9
opts,7.943282347242822e-06,3.9
opting,7.943282347242822e-06,3.9
opt,7.943282347242822e-06,3.9
particle,7.943282347242822e-06,3.9
peanuts,7.943282347242822e-06,3.9
peanut,7.943282347242822e-06,3.9
penn,7.943282347242822e-06,3.9
persistent,7.943282347242822e-06,3.9
petroleums,7.943282347242822e-06,3.9
petroleum,7.943282347242822e-06,3.9
pharmaceuticals,7.943282347242822e-06,3.9
pharmaceutical,7.943282347242822e-06,3.9
progression,7.943282347242822e-06,3.9
progressions,7.943282347242822e-06,3.9
quinn,7.943282347242822e-06,3.9
ra,7.943282347242822e-06,3.9
racks,7.943282347242822e-06,3.9
racking,7.943282347242822e-06,3.9
rack,7.943282347242822e-06,3.9
racked,7.943282347242822e-06,3.9
re-builds,7.943282347242822e-06,3.9
rebuilt,7.943282347242822e-06,3.9
rebuild,7.943282347242822e-06,3.9
rebuilds,7.943282347242822e-06,3.9
re-built,7.943282347242822e-06,3.9
re-building,7.943282347242822e-06,3.9
rebuilding,7.943282347242822e-06,3.9
rejections,7.943282347242822e-06,3.9
rejection,7.943282347242822e-06,3.9
reservoirs,7.943282347242822e-06,3.9
reservoir,7.943282347242822e-06,3.9
riley,7.943282347242822e-06,3.9
scrapping,7.943282347242822e-06,3.9
scrap,7.943282347242822e-06,3.9
scrapped,7.943282347242822e-06,3.9
scraps,7.943282347242822e-06,3.9
sebastian,7.943282347242822e-06,3.9
sensation,7.943282347242822e-06,3.9
sensations,7.943282347242822e-06,3.9
shafting,7.943282347242822e-06,3.9
shaft,7.943282347242822e-06,3.9
shafted,7.943282347242822e-06,3.9
shafts,7.943282347242822e-06,3.9
shepherded,7.943282347242822e-06,3.9
shepherds,7.943282347242822e-06,3.9
shepherd,7.943282347242822e-06,3.9
shepherding,7.943282347242822e-06,3.9
shuttled,7.943282347242822e-06,3.9
shuttles,7.943282347242822e-06,3.9
shuttle,7.943282347242822e-06,3.9
shuttling,7.943282347242822e-06,3.9
slopes,7.943282347242822e-06,3.9
slope,7.943282347242822e-06,3.9
sloped,7.943282347242822e-06,3.9
sloping,7.943282347242822e-06,3.9
snacked,7.943282347242822e-06,3.9
snacking,7.943282347242822e-06,3.9
snack,7.943282347242822e-06,3.9
snacks,7.943282347242822e-06,3.9
soundings,7.943282347242822e-06,3.9
spotlighting,7.943282347242822e-06,3.9
spotlights,7.943282347242822e-06,3.9
spotlighted,7.943282347242822e-06,3.9
spotlight,7.943282347242822e-06,3.9
stabbed,7.943282347242822e-06,3.9
sterns,7.943282347242822e-06,3.9
stern,7.943282347242822e-06,3.9
sternest,7.943282347242822e-06,3.9
sterner,7.943282347242822e-06,3.9
stiff,7.943282347242822e-06,3.9
stiffer,7.943282347242822e-06,3.9
stiffs,7.943282347242822e-06,3.9
stiffed,7.943282347242822e-06,3.9
stiffing,7.943282347242822e-06,3.9
stiffest,7.943282347242822e-06,3.9
strikers,7.943282347242822e-06,3.9
striker,7.943282347242822e-06,3.9
sudan,7.943282347242822e-06,3.9
tel,7.943282347242822e-06,3.9
terrific,7.943282347242822e-06,3.9
theres,7.943282347242822e-06,3.9
titans,7.943282347242822e-06,3.9
tomatoes,7.943282347242822e-06,3.9
tory,7.943282347242822e-06,3.9
tories,7.943282347242822e-06,3.9
transparencies,7.943282347242822e-06,3.9
transparency,7.943282347242822e-06,3.9
trinity,7.943282347242822e-06,3.9
trinities,7.943282347242822e-06,3.9
unemployed,7.943282347242822e-06,3.9
unite,7.943282347242822e-06,3.9
uniting,7.943282347242822e-06,3.9
unites,7.943282347242822e-06,3.9
unlocks,7.943282347242822e-06,3.9
unlock,7.943282347242822e-06,3.9
unlocking,7.943282347242822e-06,3.9
unlocked,7.943282347242822e-06,3.9
vaults,7.943282347242822e-06,3.9
vaulted,7.943282347242822e-06,3.9
vaulting,7.943282347242822e-06,3.9
vault,7.943282347242822e-06,3.9
vet,7.943282347242822e-06,3.9
vetting,7.943282347242822e-06,3.9
vetted,7.943282347242822e-06,3.9
vets,7.943282347242822e-06,3.9
vince,7.943282347242822e-06,3.9
wagon,7.943282347242822e-06,3.9
wagons,7.943282347242822e-06,3.9
walt,7.943282347242822e-06,3.9
adverse,7.76247116628691e-06,3.89
allah,7.76247116628691e-06,3.89
alumni,7.76247116628691e-06,3.89
ana,7.76247116628691e-06,3.89
awhile,7.76247116628691e-06,3.89
aye,7.76247116628691e-06,3.89
ayes,7.76247116628691e-06,3.89
bastards,7.76247116628691e-06,3.89
bastard,7.76247116628691e-06,3.89
biography,7.76247116628691e-06,3.89
biographies,7.76247116628691e-06,3.89
br,7.76247116628691e-06,3.89
broker,7.76247116628691e-06,3.89
brokers,7.76247116628691e-06,3.89
brokered,7.76247116628691e-06,3.89
brokering,7.76247116628691e-06,3.89
browser,7.76247116628691e-06,3.89
browsers,7.76247116628691e-06,3.89
burying,7.76247116628691e-06,3.89
bury,7.76247116628691e-06,3.89
buries,7.76247116628691e-06,3.89
cellular,7.76247116628691e-06,3.89
cocktail,7.76247116628691e-06,3.89
cocktails,7.76247116628691e-06,3.89
cods,7.76247116628691e-06,3.89
cod,7.76247116628691e-06,3.89
conditionings,7.76247116628691e-06,3.89
consuming,7.76247116628691e-06,3.89
cubs,7.76247116628691e-06,3.89
cuz,7.76247116628691e-06,3.89
destructive,7.76247116628691e-06,3.89
disliked,7.76247116628691e-06,3.89
dislikes,7.76247116628691e-06,3.89
disliking,7.76247116628691e-06,3.89
dislike,7.76247116628691e-06,3.89
embedded,7.76247116628691e-06,3.89
emerges,7.76247116628691e-06,3.89
emerge,7.76247116628691e-06,3.89
excluded,7.76247116628691e-06,3.89
f1,7.76247116628691e-06,3.89
farewell,7.76247116628691e-06,3.89
farewells,7.76247116628691e-06,3.89
fist,7.76247116628691e-06,3.89
fists,7.76247116628691e-06,3.89
fonder,7.76247116628691e-06,3.89
fondest,7.76247116628691e-06,3.89
fond,7.76247116628691e-06,3.89
foolish,7.76247116628691e-06,3.89
frog,7.76247116628691e-06,3.89
frogs,7.76247116628691e-06,3.89
frogged,7.76247116628691e-06,3.89
frogging,7.76247116628691e-06,3.89
fry,7.76247116628691e-06,3.89
fries,7.76247116628691e-06,3.89
frying,7.76247116628691e-06,3.89
garcia,7.76247116628691e-06,3.89
hawks,7.76247116628691e-06,3.89
heirs,7.76247116628691e-06,3.89
heir,7.76247116628691e-06,3.89
holocaust,7.76247116628691e-06,3.89
holocausts,7.76247116628691e-06,3.89
homer,7.76247116628691e-06,3.89
homers,7.76247116628691e-06,3.89
hon,7.76247116628691e-06,3.89
hopkins,7.76247116628691e-06,3.89
imprisonment,7.76247116628691e-06,3.89
imprisonments,7.76247116628691e-06,3.89
indonesian,7.76247116628691e-06,3.89
irs,7.76247116628691e-06,3.89
isnt,7.76247116628691e-06,3.89
jenny,7.76247116628691e-06,3.89
ji,7.76247116628691e-06,3.89
landlords,7.76247116628691e-06,3.89
landlord,7.76247116628691e-06,3.89
landmark,7.76247116628691e-06,3.89
landmarks,7.76247116628691e-06,3.89
landmarked,7.76247116628691e-06,3.89
landmarking,7.76247116628691e-06,3.89
lanka,7.76247116628691e-06,3.89
liable,7.76247116628691e-06,3.89
life's,7.76247116628691e-06,3.89
memphis,7.76247116628691e-06,3.89
midst,7.76247116628691e-06,3.89
miseries,7.76247116628691e-06,3.89
misery,7.76247116628691e-06,3.89
module,7.76247116628691e-06,3.89
modules,7.76247116628691e-06,3.89
mommies,7.76247116628691e-06,3.89
mommy,7.76247116628691e-06,3.89
monroe,7.76247116628691e-06,3.89
mosques,7.76247116628691e-06,3.89
mosque,7.76247116628691e-06,3.89
mosses,7.76247116628691e-06,3.89
moss,7.76247116628691e-06,3.89
mvp,7.76247116628691e-06,3.89
nurseries,7.76247116628691e-06,3.89
nursery,7.76247116628691e-06,3.89
obamacare,7.76247116628691e-06,3.89
onion,7.76247116628691e-06,3.89
onions,7.76247116628691e-06,3.89
peru,7.76247116628691e-06,3.89
plagues,7.76247116628691e-06,3.89
plagued,7.76247116628691e-06,3.89
plaguing,7.76247116628691e-06,3.89
plague,7.76247116628691e-06,3.89
positively,7.76247116628691e-06,3.89
powell,7.76247116628691e-06,3.89
recruit,7.76247116628691e-06,3.89
recruited,7.76247116628691e-06,3.89
recruits,7.76247116628691e-06,3.89
restings,7.76247116628691e-06,3.89
rexes,7.76247116628691e-06,3.89
rex,7.76247116628691e-06,3.89
rogues,7.76247116628691e-06,3.89
rogue,7.76247116628691e-06,3.89
roosevelt,7.76247116628691e-06,3.89
sd,7.76247116628691e-06,3.89
sharply,7.76247116628691e-06,3.89
sincerely,7.76247116628691e-06,3.89
solidarity,7.76247116628691e-06,3.89
solidarities,7.76247116628691e-06,3.89
specialties,7.76247116628691e-06,3.89
specialty,7.76247116628691e-06,3.89
supernatural,7.76247116628691e-06,3.89
td,7.76247116628691e-06,3.89
tens,7.76247116628691e-06,3.89
thirteen,7.76247116628691e-06,3.89
tomb,7.76247116628691e-06,3.89
tombs,7.76247116628691e-06,3.89
trademarks,7.76247116628691e-06,3.89
trademark,7.76247116628691e-06,3.89
trademarking,7.76247116628691e-06,3.89
trademarked,7.76247116628691e-06,3.89
trimming,7.76247116628691e-06,3.89
trimmest,7.76247116628691e-06,3.89
trims,7.76247116628691e-06,3.89
trimmer,7.76247116628691e-06,3.89
trim,7.76247116628691e-06,3.89
trimmed,7.76247116628691e-06,3.89
umbrella,7.76247116628691e-06,3.89
umbrellas,7.76247116628691e-06,3.89
voyaged,7.76247116628691e-06,3.89
voyage,7.76247116628691e-06,3.89
voyaging,7.76247116628691e-06,3.89
voyages,7.76247116628691e-06,3.89
willie,7.76247116628691e-06,3.89
abbeys,7.585775750291836e-06,3.88
abbey,7.585775750291836e-06,3.88
adjustments,7.585775750291836e-06,3.88
adjustment,7.585775750291836e-06,3.88
andrea,7.585775750291836e-06,3.88
attachments,7.585775750291836e-06,3.88
attachment,7.585775750291836e-06,3.88
baron,7.585775750291836e-06,3.88
barons,7.585775750291836e-06,3.88
beatles,7.585775750291836e-06,3.88
belfast,7.585775750291836e-06,3.88
blah,7.585775750291836e-06,3.88
bomber,7.585775750291836e-06,3.88
bombers,7.585775750291836e-06,3.88
bt,7.585775750291836e-06,3.88
bunnies,7.585775750291836e-06,3.88
bunny,7.585775750291836e-06,3.88
candles,7.585775750291836e-06,3.88
candled,7.585775750291836e-06,3.88
candle,7.585775750291836e-06,3.88
candling,7.585775750291836e-06,3.88
carved,7.585775750291836e-06,3.88
choir,7.585775750291836e-06,3.88
choirs,7.585775750291836e-06,3.88
clutched,7.585775750291836e-06,3.88
clutches,7.585775750291836e-06,3.88
clutching,7.585775750291836e-06,3.88
clutch,7.585775750291836e-06,3.88
coconuts,7.585775750291836e-06,3.88
coconut,7.585775750291836e-06,3.88
comprising,7.585775750291836e-06,3.88
confession,7.585775750291836e-06,3.88
confessions,7.585775750291836e-06,3.88
consumes,7.585775750291836e-06,3.88
consume,7.585775750291836e-06,3.88
corridors,7.585775750291836e-06,3.88
corridor,7.585775750291836e-06,3.88
credibility,7.585775750291836e-06,3.88
credibilities,7.585775750291836e-06,3.88
critically,7.585775750291836e-06,3.88
dem,7.585775750291836e-06,3.88
distracted,7.585775750291836e-06,3.88
dm,7.585775750291836e-06,3.88
dolphins,7.585775750291836e-06,3.88
ferguson,7.585775750291836e-06,3.88
ferrari,7.585775750291836e-06,3.88
fourteen,7.585775750291836e-06,3.88
fu,7.585775750291836e-06,3.88
geometries,7.585775750291836e-06,3.88
geometry,7.585775750291836e-06,3.88
gf,7.585775750291836e-06,3.88
gossip,7.585775750291836e-06,3.88
gossipped,7.585775750291836e-06,3.88
gossipping,7.585775750291836e-06,3.88
gossiping,7.585775750291836e-06,3.88
gossiped,7.585775750291836e-06,3.88
gossips,7.585775750291836e-06,3.88
gp,7.585775750291836e-06,3.88
grandparents,7.585775750291836e-06,3.88
group's,7.585775750291836e-06,3.88
hauled,7.585775750291836e-06,3.88
haul,7.585775750291836e-06,3.88
hauls,7.585775750291836e-06,3.88
hauling,7.585775750291836e-06,3.88
header,7.585775750291836e-06,3.88
headers,7.585775750291836e-06,3.88
headphones,7.585775750291836e-06,3.88
hollies,7.585775750291836e-06,3.88
holly,7.585775750291836e-06,3.88
immense,7.585775750291836e-06,3.88
interfere,7.585775750291836e-06,3.88
interferes,7.585775750291836e-06,3.88
interfered,7.585775750291836e-06,3.88
interfering,7.585775750291836e-06,3.88
intersections,7.585775750291836e-06,3.88
intersection,7.585775750291836e-06,3.88
investigators,7.585775750291836e-06,3.88
juvenile,7.585775750291836e-06,3.88
juveniles,7.585775750291836e-06,3.88
karma,7.585775750291836e-06,3.88
ki,7.585775750291836e-06,3.88
kurt,7.585775750291836e-06,3.88
leverage,7.585775750291836e-06,3.88
leveraging,7.585775750291836e-06,3.88
leveraged,7.585775750291836e-06,3.88
leverages,7.585775750291836e-06,3.88
lil,7.585775750291836e-06,3.88
linings,7.585775750291836e-06,3.88
luther,7.585775750291836e-06,3.88
manila,7.585775750291836e-06,3.88
manilas,7.585775750291836e-06,3.88
mankind,7.585775750291836e-06,3.88
mappings,7.585775750291836e-06,3.88
med,7.585775750291836e-06,3.88
metrics,7.585775750291836e-06,3.88
metric,7.585775750291836e-06,3.88
militia,7.585775750291836e-06,3.88
militias,7.585775750291836e-06,3.88
ncaa,7.585775750291836e-06,3.88
night's,7.585775750291836e-06,3.88
nike,7.585775750291836e-06,3.88
node,7.585775750291836e-06,3.88
nodes,7.585775750291836e-06,3.88
obstacles,7.585775750291836e-06,3.88
opener,7.585775750291836e-06,3.88
openers,7.585775750291836e-06,3.88
overwhelmed,7.585775750291836e-06,3.88
performers,7.585775750291836e-06,3.88
pg,7.585775750291836e-06,3.88
pl,7.585775750291836e-06,3.88
pointless,7.585775750291836e-06,3.88
prompted,7.585775750291836e-06,3.88
proximities,7.585775750291836e-06,3.88
proximity,7.585775750291836e-06,3.88
qualification,7.585775750291836e-06,3.88
qualifications,7.585775750291836e-06,3.88
ranger,7.585775750291836e-06,3.88
rendered,7.585775750291836e-06,3.88
sadness,7.585775750291836e-06,3.88
selective,7.585775750291836e-06,3.88
sf,7.585775750291836e-06,3.88
shinier,7.585775750291836e-06,3.88
shiny,7.585775750291836e-06,3.88
shiniest,7.585775750291836e-06,3.88
socialism,7.585775750291836e-06,3.88
son's,7.585775750291836e-06,3.88
sourest,7.585775750291836e-06,3.88
sour,7.585775750291836e-06,3.88
soured,7.585775750291836e-06,3.88
souring,7.585775750291836e-06,3.88
sourer,7.585775750291836e-06,3.88
sours,7.585775750291836e-06,3.88
spooned,7.585775750291836e-06,3.88
spoons,7.585775750291836e-06,3.88
spooning,7.585775750291836e-06,3.88
spoon,7.585775750291836e-06,3.88
stressful,7.585775750291836e-06,3.88
teddy,7.585775750291836e-06,3.88
tenants,7.585775750291836e-06,3.88
terrace,7.585775750291836e-06,3.88
terraced,7.585775750291836e-06,3.88
terracing,7.585775750291836e-06,3.88
terraces,7.585775750291836e-06,3.88
thieves,7.585775750291836e-06,3.88
thief,7.585775750291836e-06,3.88
tribunals,7.585775750291836e-06,3.88
tribunal,7.585775750291836e-06,3.88
undoubtedly,7.585775750291836e-06,3.88
verifying,7.585775750291836e-06,3.88
verifies,7.585775750291836e-06,3.88
verify,7.585775750291836e-06,3.88
villains,7.585775750291836e-06,3.88
villain,7.585775750291836e-06,3.88
whats,7.585775750291836e-06,3.88
whistle,7.585775750291836e-06,3.88
whistles,7.585775750291836e-06,3.88
whistling,7.585775750291836e-06,3.88
whistled,7.585775750291836e-06,3.88
wife's,7.585775750291836e-06,3.88
yale,7.585775750291836e-06,3.88
yearly,7.585775750291836e-06,3.88
yemen,7.585775750291836e-06,3.88
⠀,7.585775750291836e-06,3.88
abusive,7.413102413009177e-06,3.87
alleys,7.413102413009177e-06,3.87
alley,7.413102413009177e-06,3.87
appetite,7.413102413009177e-06,3.87
appetites,7.413102413009177e-06,3.87
backyards,7.413102413009177e-06,3.87
backyard,7.413102413009177e-06,3.87
beth,7.413102413009177e-06,3.87
beverly,7.413102413009177e-06,3.87
billboard,7.413102413009177e-06,3.87
billboards,7.413102413009177e-06,3.87
boris,7.413102413009177e-06,3.87
bullies,7.413102413009177e-06,3.87
bully,7.413102413009177e-06,3.87
bullied,7.413102413009177e-06,3.87
burke,7.413102413009177e-06,3.87
calculate,7.413102413009177e-06,3.87
calculates,7.413102413009177e-06,3.87
calculating,7.413102413009177e-06,3.87
calculations,7.413102413009177e-06,3.87
conceived,7.413102413009177e-06,3.87
consults,7.413102413009177e-06,3.87
consult,7.413102413009177e-06,3.87
consulted,7.413102413009177e-06,3.87
cunt,7.413102413009177e-06,3.87
damndest,7.413102413009177e-06,3.87
damnedest,7.413102413009177e-06,3.87
damneder,7.413102413009177e-06,3.87
dissolved,7.413102413009177e-06,3.87
distinguishes,7.413102413009177e-06,3.87
distinguish,7.413102413009177e-06,3.87
distinguishing,7.413102413009177e-06,3.87
dominates,7.413102413009177e-06,3.87
dominating,7.413102413009177e-06,3.87
dominate,7.413102413009177e-06,3.87
dynasty,7.413102413009177e-06,3.87
dynasties,7.413102413009177e-06,3.87
economists,7.413102413009177e-06,3.87
economist,7.413102413009177e-06,3.87
endorsed,7.413102413009177e-06,3.87
europeans,7.413102413009177e-06,3.87
extensively,7.413102413009177e-06,3.87
fda,7.413102413009177e-06,3.87
forehead,7.413102413009177e-06,3.87
foreheads,7.413102413009177e-06,3.87
foreigners,7.413102413009177e-06,3.87
forgiveness,7.413102413009177e-06,3.87
gems,7.413102413009177e-06,3.87
gem,7.413102413009177e-06,3.87
glens,7.413102413009177e-06,3.87
glen,7.413102413009177e-06,3.87
gregory,7.413102413009177e-06,3.87
haunted,7.413102413009177e-06,3.87
hayes,7.413102413009177e-06,3.87
heather,7.413102413009177e-06,3.87
hypotheses,7.413102413009177e-06,3.87
hypothesis,7.413102413009177e-06,3.87
illegally,7.413102413009177e-06,3.87
inclined,7.413102413009177e-06,3.87
informal,7.413102413009177e-06,3.87
jew,7.413102413009177e-06,3.87
markers,7.413102413009177e-06,3.87
marker,7.413102413009177e-06,3.87
marshes,7.413102413009177e-06,3.87
marsh,7.413102413009177e-06,3.87
marshal,7.413102413009177e-06,3.87
marshalling,7.413102413009177e-06,3.87
marshals,7.413102413009177e-06,3.87
marshaling,7.413102413009177e-06,3.87
marshaled,7.413102413009177e-06,3.87
marshalled,7.413102413009177e-06,3.87
maturity,7.413102413009177e-06,3.87
maturities,7.413102413009177e-06,3.87
maya,7.413102413009177e-06,3.87
messiest,7.413102413009177e-06,3.87
messy,7.413102413009177e-06,3.87
messier,7.413102413009177e-06,3.87
mia,7.413102413009177e-06,3.87
minneapolis,7.413102413009177e-06,3.87
molly,7.413102413009177e-06,3.87
morrison,7.413102413009177e-06,3.87
mtv,7.413102413009177e-06,3.87
muhammad,7.413102413009177e-06,3.87
neighbours,7.413102413009177e-06,3.87
ninja,7.413102413009177e-06,3.87
ninjas,7.413102413009177e-06,3.87
optimistic,7.413102413009177e-06,3.87
owl,7.413102413009177e-06,3.87
owls,7.413102413009177e-06,3.87
parenting,7.413102413009177e-06,3.87
pharmacies,7.413102413009177e-06,3.87
pharmacy,7.413102413009177e-06,3.87
problematics,7.413102413009177e-06,3.87
problematic,7.413102413009177e-06,3.87
processor,7.413102413009177e-06,3.87
promotional,7.413102413009177e-06,3.87
prospectives,7.413102413009177e-06,3.87
prospective,7.413102413009177e-06,3.87
psychiatric,7.413102413009177e-06,3.87
regulates,7.413102413009177e-06,3.87
regulate,7.413102413009177e-06,3.87
regulating,7.413102413009177e-06,3.87
renaissance,7.413102413009177e-06,3.87
repeal,7.413102413009177e-06,3.87
repealed,7.413102413009177e-06,3.87
repealing,7.413102413009177e-06,3.87
repeals,7.413102413009177e-06,3.87
reuters,7.413102413009177e-06,3.87
roasting,7.413102413009177e-06,3.87
roast,7.413102413009177e-06,3.87
roasts,7.413102413009177e-06,3.87
roasted,7.413102413009177e-06,3.87
robertson,7.413102413009177e-06,3.87
rubbish,7.413102413009177e-06,3.87
sagas,7.413102413009177e-06,3.87
saga,7.413102413009177e-06,3.87
salons,7.413102413009177e-06,3.87
salon,7.413102413009177e-06,3.87
seventeen,7.413102413009177e-06,3.87
sodium,7.413102413009177e-06,3.87
sodiums,7.413102413009177e-06,3.87
surplus,7.413102413009177e-06,3.87
surpluses,7.413102413009177e-06,3.87
swallowed,7.413102413009177e-06,3.87
swallow,7.413102413009177e-06,3.87
swallowing,7.413102413009177e-06,3.87
swallows,7.413102413009177e-06,3.87
systematic,7.413102413009177e-06,3.87
transmitted,7.413102413009177e-06,3.87
unacceptable,7.413102413009177e-06,3.87
unaware,7.413102413009177e-06,3.87
uncommon,7.413102413009177e-06,3.87
underway,7.413102413009177e-06,3.87
unified,7.413102413009177e-06,3.87
unstable,7.413102413009177e-06,3.87
upstairs,7.413102413009177e-06,3.87
vagueer,7.413102413009177e-06,3.87
vague,7.413102413009177e-06,3.87
vagueest,7.413102413009177e-06,3.87
wee,7.413102413009177e-06,3.87
wees,7.413102413009177e-06,3.87
weeing,7.413102413009177e-06,3.87
weeer,7.413102413009177e-06,3.87
weeest,7.413102413009177e-06,3.87
wooing,7.413102413009177e-06,3.87
woos,7.413102413009177e-06,3.87
wooed,7.413102413009177e-06,3.87
woo,7.413102413009177e-06,3.87
xd,7.413102413009177e-06,3.87
zipping,7.413102413009177e-06,3.87
zip,7.413102413009177e-06,3.87
zips,7.413102413009177e-06,3.87
zipped,7.413102413009177e-06,3.87
a00,7.244359600749906e-06,3.86
abs,7.244359600749906e-06,3.86
abundance,7.244359600749906e-06,3.86
abundances,7.244359600749906e-06,3.86
ahh,7.244359600749906e-06,3.86
alberta,7.244359600749906e-06,3.86
ant,7.244359600749906e-06,3.86
ants,7.244359600749906e-06,3.86
antique,7.244359600749906e-06,3.86
antiques,7.244359600749906e-06,3.86
autonomy,7.244359600749906e-06,3.86
autonomies,7.244359600749906e-06,3.86
baptist,7.244359600749906e-06,3.86
behavioral,7.244359600749906e-06,3.86
biden,7.244359600749906e-06,3.86
bookings,7.244359600749906e-06,3.86
breeze,7.244359600749906e-06,3.86
breezed,7.244359600749906e-06,3.86
breezes,7.244359600749906e-06,3.86
breezing,7.244359600749906e-06,3.86
brett,7.244359600749906e-06,3.86
canadians,7.244359600749906e-06,3.86
carnival,7.244359600749906e-06,3.86
carnivals,7.244359600749906e-06,3.86
commodities,7.244359600749906e-06,3.86
commodity,7.244359600749906e-06,3.86
congressman,7.244359600749906e-06,3.86
cooperatives,7.244359600749906e-06,3.86
cooperative,7.244359600749906e-06,3.86
coral,7.244359600749906e-06,3.86
corals,7.244359600749906e-06,3.86
correlation,7.244359600749906e-06,3.86
correspondent,7.244359600749906e-06,3.86
correspondents,7.244359600749906e-06,3.86
coupon,7.244359600749906e-06,3.86
coupons,7.244359600749906e-06,3.86
covid,7.244359600749906e-06,3.86
curtaining,7.244359600749906e-06,3.86
curtain,7.244359600749906e-06,3.86
curtained,7.244359600749906e-06,3.86
curtains,7.244359600749906e-06,3.86
dentists,7.244359600749906e-06,3.86
dentist,7.244359600749906e-06,3.86
dodgers,7.244359600749906e-06,3.86
dough,7.244359600749906e-06,3.86
doughs,7.244359600749906e-06,3.86
endangered,7.244359600749906e-06,3.86
envelopes,7.244359600749906e-06,3.86
envelope,7.244359600749906e-06,3.86
fade,7.244359600749906e-06,3.86
faded,7.244359600749906e-06,3.86
fading,7.244359600749906e-06,3.86
fades,7.244359600749906e-06,3.86
fatigues,7.244359600749906e-06,3.86
fatiguing,7.244359600749906e-06,3.86
fatigued,7.244359600749906e-06,3.86
fatigue,7.244359600749906e-06,3.86
fellowships,7.244359600749906e-06,3.86
fellowship,7.244359600749906e-06,3.86
fictional,7.244359600749906e-06,3.86
fragile,7.244359600749906e-06,3.86
fringes,7.244359600749906e-06,3.86
fringe,7.244359600749906e-06,3.86
fringing,7.244359600749906e-06,3.86
fringed,7.244359600749906e-06,3.86
fulfilled,7.244359600749906e-06,3.86
fulfilling,7.244359600749906e-06,3.86
fulfils,7.244359600749906e-06,3.86
fulfills,7.244359600749906e-06,3.86
fulfill,7.244359600749906e-06,3.86
granite,7.244359600749906e-06,3.86
handbook,7.244359600749906e-06,3.86
handbooks,7.244359600749906e-06,3.86
hardier,7.244359600749906e-06,3.86
hardy,7.244359600749906e-06,3.86
hardiest,7.244359600749906e-06,3.86
india's,7.244359600749906e-06,3.86
instincts,7.244359600749906e-06,3.86
instinct,7.244359600749906e-06,3.86
irony,7.244359600749906e-06,3.86
ironies,7.244359600749906e-06,3.86
ivan,7.244359600749906e-06,3.86
joyce,7.244359600749906e-06,3.86
judgements,7.244359600749906e-06,3.86
judgement,7.244359600749906e-06,3.86
judiciary,7.244359600749906e-06,3.86
judiciaries,7.244359600749906e-06,3.86
legion,7.244359600749906e-06,3.86
legions,7.244359600749906e-06,3.86
lethal,7.244359600749906e-06,3.86
lethals,7.244359600749906e-06,3.86
lime,7.244359600749906e-06,3.86
limed,7.244359600749906e-06,3.86
limes,7.244359600749906e-06,3.86
liming,7.244359600749906e-06,3.86
lively,7.244359600749906e-06,3.86
liveliest,7.244359600749906e-06,3.86
livelier,7.244359600749906e-06,3.86
logistics,7.244359600749906e-06,3.86
lynn,7.244359600749906e-06,3.86
maids,7.244359600749906e-06,3.86
maid,7.244359600749906e-06,3.86
manuel,7.244359600749906e-06,3.86
maple,7.244359600749906e-06,3.86
maples,7.244359600749906e-06,3.86
mickey,7.244359600749906e-06,3.86
mickeys,7.244359600749906e-06,3.86
midfielder,7.244359600749906e-06,3.86
mindset,7.244359600749906e-06,3.86
mistresses,7.244359600749906e-06,3.86
mistress,7.244359600749906e-06,3.86
mon,7.244359600749906e-06,3.86
moralities,7.244359600749906e-06,3.86
morality,7.244359600749906e-06,3.86
mortals,7.244359600749906e-06,3.86
mortal,7.244359600749906e-06,3.86
mountings,7.244359600749906e-06,3.86
nonprofits,7.244359600749906e-06,3.86
nonprofit,7.244359600749906e-06,3.86
nsa,7.244359600749906e-06,3.86
operative,7.244359600749906e-06,3.86
operatives,7.244359600749906e-06,3.86
panama,7.244359600749906e-06,3.86
pickups,7.244359600749906e-06,3.86
pickup,7.244359600749906e-06,3.86
prestigious,7.244359600749906e-06,3.86
prompt,7.244359600749906e-06,3.86
prompting,7.244359600749906e-06,3.86
promptest,7.244359600749906e-06,3.86
prompts,7.244359600749906e-06,3.86
prompter,7.244359600749906e-06,3.86
radiused,7.244359600749906e-06,3.86
radiuses,7.244359600749906e-06,3.86
radiusing,7.244359600749906e-06,3.86
radii,7.244359600749906e-06,3.86
radius,7.244359600749906e-06,3.86
referee,7.244359600749906e-06,3.86
refereeing,7.244359600749906e-06,3.86
refereed,7.244359600749906e-06,3.86
referees,7.244359600749906e-06,3.86
relay,7.244359600749906e-06,3.86
relays,7.244359600749906e-06,3.86
relayed,7.244359600749906e-06,3.86
relaid,7.244359600749906e-06,3.86
relaying,7.244359600749906e-06,3.86
rigged,7.244359600749906e-06,3.86
rig,7.244359600749906e-06,3.86
rigging,7.244359600749906e-06,3.86
rigs,7.244359600749906e-06,3.86
sacramento,7.244359600749906e-06,3.86
scrolled,7.244359600749906e-06,3.86
scrolling,7.244359600749906e-06,3.86
scroll,7.244359600749906e-06,3.86
scrolls,7.244359600749906e-06,3.86
sh,7.244359600749906e-06,3.86
sovereignty,7.244359600749906e-06,3.86
stunts,7.244359600749906e-06,3.86
stunted,7.244359600749906e-06,3.86
stunt,7.244359600749906e-06,3.86
stunting,7.244359600749906e-06,3.86
sunlights,7.244359600749906e-06,3.86
sunlight,7.244359600749906e-06,3.86
surfs,7.244359600749906e-06,3.86
surfed,7.244359600749906e-06,3.86
surfing,7.244359600749906e-06,3.86
surf,7.244359600749906e-06,3.86
symbolic,7.244359600749906e-06,3.86
symbolics,7.244359600749906e-06,3.86
sync,7.244359600749906e-06,3.86
taxpayer,7.244359600749906e-06,3.86
taxpayers,7.244359600749906e-06,3.86
tempted,7.244359600749906e-06,3.86
thrusting,7.244359600749906e-06,3.86
thrusts,7.244359600749906e-06,3.86
thrust,7.244359600749906e-06,3.86
trevor,7.244359600749906e-06,3.86
trilogies,7.244359600749906e-06,3.86
trilogy,7.244359600749906e-06,3.86
url,7.244359600749906e-06,3.86
wheelchair,7.244359600749906e-06,3.86
wheelchairs,7.244359600749906e-06,3.86
whore,7.244359600749906e-06,3.86
whores,7.244359600749906e-06,3.86
yahoos,7.244359600749906e-06,3.86
yahoo,7.244359600749906e-06,3.86
youre,7.244359600749906e-06,3.86
yourselves,7.244359600749906e-06,3.86
accompanying,7.079457843841373e-06,3.85
accusations,7.079457843841373e-06,3.85
allowance,7.079457843841373e-06,3.85
allowances,7.079457843841373e-06,3.85
andre,7.079457843841373e-06,3.85
arbitrary,7.079457843841373e-06,3.85
atm,7.079457843841373e-06,3.85
autonomous,7.079457843841373e-06,3.85
baiting,7.079457843841373e-06,3.85
baits,7.079457843841373e-06,3.85
baited,7.079457843841373e-06,3.85
bait,7.079457843841373e-06,3.85
barks,7.079457843841373e-06,3.85
barking,7.079457843841373e-06,3.85
bark,7.079457843841373e-06,3.85
barked,7.079457843841373e-06,3.85
blogger,7.079457843841373e-06,3.85
bra,7.079457843841373e-06,3.85
bras,7.079457843841373e-06,3.85
brighton,7.079457843841373e-06,3.85
brotherhoods,7.079457843841373e-06,3.85
brotherhood,7.079457843841373e-06,3.85
buddhist,7.079457843841373e-06,3.85
builder,7.079457843841373e-06,3.85
builders,7.079457843841373e-06,3.85
carriage,7.079457843841373e-06,3.85
carriages,7.079457843841373e-06,3.85
censorship,7.079457843841373e-06,3.85
cf,7.079457843841373e-06,3.85
cl,7.079457843841373e-06,3.85
clarified,7.079457843841373e-06,3.85
clarifies,7.079457843841373e-06,3.85
clarify,7.079457843841373e-06,3.85
clarifying,7.079457843841373e-06,3.85
comp,7.079457843841373e-06,3.85
compilation,7.079457843841373e-06,3.85
compilations,7.079457843841373e-06,3.85
composer,7.079457843841373e-06,3.85
composers,7.079457843841373e-06,3.85
comprises,7.079457843841373e-06,3.85
constituting,7.079457843841373e-06,3.85
constitutes,7.079457843841373e-06,3.85
constituted,7.079457843841373e-06,3.85
constitute,7.079457843841373e-06,3.85
correspondence,7.079457843841373e-06,3.85
correspondences,7.079457843841373e-06,3.85
cowboy,7.079457843841373e-06,3.85
desirable,7.079457843841373e-06,3.85
devastating,7.079457843841373e-06,3.85
diagramed,7.079457843841373e-06,3.85
diagram,7.079457843841373e-06,3.85
diagrammed,7.079457843841373e-06,3.85
diagramming,7.079457843841373e-06,3.85
diagrams,7.079457843841373e-06,3.85
diagraming,7.079457843841373e-06,3.85
dismisses,7.079457843841373e-06,3.85
dismissing,7.079457843841373e-06,3.85
dismiss,7.079457843841373e-06,3.85
erected,7.079457843841373e-06,3.85
explorers,7.079457843841373e-06,3.85
explorer,7.079457843841373e-06,3.85
favorable,7.079457843841373e-06,3.85
feminisms,7.079457843841373e-06,3.85
feminism,7.079457843841373e-06,3.85
flaws,7.079457843841373e-06,3.85
galleries,7.079457843841373e-06,3.85
gasoline,7.079457843841373e-06,3.85
gasolines,7.079457843841373e-06,3.85
genesis,7.079457843841373e-06,3.85
geneses,7.079457843841373e-06,3.85
geographical,7.079457843841373e-06,3.85
governed,7.079457843841373e-06,3.85
governmental,7.079457843841373e-06,3.85
grandsons,7.079457843841373e-06,3.85
grandson,7.079457843841373e-06,3.85
guy's,7.079457843841373e-06,3.85
herbert,7.079457843841373e-06,3.85
husband's,7.079457843841373e-06,3.85
incomplete,7.079457843841373e-06,3.85
incorporating,7.079457843841373e-06,3.85
incorporate,7.079457843841373e-06,3.85
incorporates,7.079457843841373e-06,3.85
interrupted,7.079457843841373e-06,3.85
ivory,7.079457843841373e-06,3.85
ivories,7.079457843841373e-06,3.85
kerry,7.079457843841373e-06,3.85
kirk,7.079457843841373e-06,3.85
lang,7.079457843841373e-06,3.85
lengthiest,7.079457843841373e-06,3.85
lengthy,7.079457843841373e-06,3.85
lengthier,7.079457843841373e-06,3.85
levying,7.079457843841373e-06,3.85
levied,7.079457843841373e-06,3.85
levies,7.079457843841373e-06,3.85
levy,7.079457843841373e-06,3.85
lp,7.079457843841373e-06,3.85
manipulations,7.079457843841373e-06,3.85
manipulation,7.079457843841373e-06,3.85
mlb,7.079457843841373e-06,3.85
mocks,7.079457843841373e-06,3.85
mocked,7.079457843841373e-06,3.85
mocking,7.079457843841373e-06,3.85
mock,7.079457843841373e-06,3.85
necklaces,7.079457843841373e-06,3.85
necklace,7.079457843841373e-06,3.85
niches,7.079457843841373e-06,3.85
niche,7.079457843841373e-06,3.85
niching,7.079457843841373e-06,3.85
niched,7.079457843841373e-06,3.85
nina,7.079457843841373e-06,3.85
o'brien,7.079457843841373e-06,3.85
obscures,7.079457843841373e-06,3.85
obscure,7.079457843841373e-06,3.85
obscured,7.079457843841373e-06,3.85
obscuring,7.079457843841373e-06,3.85
ot,7.079457843841373e-06,3.85
para,7.079457843841373e-06,3.85
peterson,7.079457843841373e-06,3.85
porches,7.079457843841373e-06,3.85
porch,7.079457843841373e-06,3.85
portrayed,7.079457843841373e-06,3.85
princeton,7.079457843841373e-06,3.85
proposition,7.079457843841373e-06,3.85
propositioned,7.079457843841373e-06,3.85
propositions,7.079457843841373e-06,3.85
propositioning,7.079457843841373e-06,3.85
recessions,7.079457843841373e-06,3.85
recession,7.079457843841373e-06,3.85
richards,7.079457843841373e-06,3.85
rimming,7.079457843841373e-06,3.85
rims,7.079457843841373e-06,3.85
rimmed,7.079457843841373e-06,3.85
rim,7.079457843841373e-06,3.85
secondly,7.079457843841373e-06,3.85
sherman,7.079457843841373e-06,3.85
spinal,7.079457843841373e-06,3.85
spinals,7.079457843841373e-06,3.85
spiralling,7.079457843841373e-06,3.85
spiraling,7.079457843841373e-06,3.85
spirals,7.079457843841373e-06,3.85
spiraled,7.079457843841373e-06,3.85
spiral,7.079457843841373e-06,3.85
spiralled,7.079457843841373e-06,3.85
spitted,7.079457843841373e-06,3.85
spits,7.079457843841373e-06,3.85
spat,7.079457843841373e-06,3.85
spit,7.079457843841373e-06,3.85
spitting,7.079457843841373e-06,3.85
splash,7.079457843841373e-06,3.85
splashes,7.079457843841373e-06,3.85
splashing,7.079457843841373e-06,3.85
splashed,7.079457843841373e-06,3.85
successive,7.079457843841373e-06,3.85
superhero,7.079457843841373e-06,3.85
therapeutic,7.079457843841373e-06,3.85
ti,7.079457843841373e-06,3.85
timelier,7.079457843841373e-06,3.85
timely,7.079457843841373e-06,3.85
timeliest,7.079457843841373e-06,3.85
tomato,7.079457843841373e-06,3.85
tubs,7.079457843841373e-06,3.85
tub,7.079457843841373e-06,3.85
ufc,7.079457843841373e-06,3.85
undergraduates,7.079457843841373e-06,3.85
undergraduate,7.079457843841373e-06,3.85
undertaken,7.079457843841373e-06,3.85
uranium,7.079457843841373e-06,3.85
utter,7.079457843841373e-06,3.85
utters,7.079457843841373e-06,3.85
uttered,7.079457843841373e-06,3.85
uttering,7.079457843841373e-06,3.85
vietnamese,7.079457843841373e-06,3.85
volleyballs,7.079457843841373e-06,3.85
volleyball,7.079457843841373e-06,3.85
walsh,7.079457843841373e-06,3.85
yell,7.079457843841373e-06,3.85
yelled,7.079457843841373e-06,3.85
yells,7.079457843841373e-06,3.85
2d,6.9183097091893625e-06,3.84
advertisement,6.9183097091893625e-06,3.84
advertisements,6.9183097091893625e-06,3.84
analyzing,6.9183097091893625e-06,3.84
analyze,6.9183097091893625e-06,3.84
analyzes,6.9183097091893625e-06,3.84
atmospheric,6.9183097091893625e-06,3.84
bangkok,6.9183097091893625e-06,3.84
bb,6.9183097091893625e-06,3.84
brackets,6.9183097091893625e-06,3.84
bracketed,6.9183097091893625e-06,3.84
bracketing,6.9183097091893625e-06,3.84
bracket,6.9183097091893625e-06,3.84
bryant,6.9183097091893625e-06,3.84
cairo,6.9183097091893625e-06,3.84
cardiacs,6.9183097091893625e-06,3.84
cardiac,6.9183097091893625e-06,3.84
catholics,6.9183097091893625e-06,3.84
confronted,6.9183097091893625e-06,3.84
crawford,6.9183097091893625e-06,3.84
creeping,6.9183097091893625e-06,3.84
creeps,6.9183097091893625e-06,3.84
crept,6.9183097091893625e-06,3.84
creep,6.9183097091893625e-06,3.84
daylight,6.9183097091893625e-06,3.84
daylit,6.9183097091893625e-06,3.84
daylights,6.9183097091893625e-06,3.84
daylighting,6.9183097091893625e-06,3.84
daylighted,6.9183097091893625e-06,3.84
dee,6.9183097091893625e-06,3.84
dems,6.9183097091893625e-06,3.84
devon,6.9183097091893625e-06,3.84
discloses,6.9183097091893625e-06,3.84
disclosing,6.9183097091893625e-06,3.84
disclose,6.9183097091893625e-06,3.84
disclosed,6.9183097091893625e-06,3.84
doe,6.9183097091893625e-06,3.84
donna,6.9183097091893625e-06,3.84
elbows,6.9183097091893625e-06,3.84
elbow,6.9183097091893625e-06,3.84
elbowed,6.9183097091893625e-06,3.84
elbowing,6.9183097091893625e-06,3.84
enthusiastic,6.9183097091893625e-06,3.84
envies,6.9183097091893625e-06,3.84
envied,6.9183097091893625e-06,3.84
envying,6.9183097091893625e-06,3.84
envy,6.9183097091893625e-06,3.84
exiling,6.9183097091893625e-06,3.84
exiled,6.9183097091893625e-06,3.84
exile,6.9183097091893625e-06,3.84
exiles,6.9183097091893625e-06,3.84
exploitations,6.9183097091893625e-06,3.84
exploitation,6.9183097091893625e-06,3.84
felix,6.9183097091893625e-06,3.84
jelling,6.9183097091893625e-06,3.84
gelled,6.9183097091893625e-06,3.84
jells,6.9183097091893625e-06,3.84
gells,6.9183097091893625e-06,3.84
jelled,6.9183097091893625e-06,3.84
gels,6.9183097091893625e-06,3.84
gel,6.9183097091893625e-06,3.84
gelling,6.9183097091893625e-06,3.84
genetics,6.9183097091893625e-06,3.84
geese,6.9183097091893625e-06,3.84
goose,6.9183097091893625e-06,3.84
gooses,6.9183097091893625e-06,3.84
goosed,6.9183097091893625e-06,3.84
goosing,6.9183097091893625e-06,3.84
grill,6.9183097091893625e-06,3.84
grilling,6.9183097091893625e-06,3.84
grills,6.9183097091893625e-06,3.84
grilled,6.9183097091893625e-06,3.84
heeling,6.9183097091893625e-06,3.84
heel,6.9183097091893625e-06,3.84
heeled,6.9183097091893625e-06,3.84
heroic,6.9183097091893625e-06,3.84
huts,6.9183097091893625e-06,3.84
hut,6.9183097091893625e-06,3.84
inmates,6.9183097091893625e-06,3.84
instructed,6.9183097091893625e-06,3.84
ira,6.9183097091893625e-06,3.84
jenkins,6.9183097091893625e-06,3.84
johns,6.9183097091893625e-06,3.84
louisville,6.9183097091893625e-06,3.84
malaysian,6.9183097091893625e-06,3.84
marinas,6.9183097091893625e-06,3.84
marina,6.9183097091893625e-06,3.84
matting,6.9183097091893625e-06,3.84
mat,6.9183097091893625e-06,3.84
matted,6.9183097091893625e-06,3.84
mats,6.9183097091893625e-06,3.84
melissa,6.9183097091893625e-06,3.84
milton,6.9183097091893625e-06,3.84
miranda,6.9183097091893625e-06,3.84
ml,6.9183097091893625e-06,3.84
monopoly,6.9183097091893625e-06,3.84
monopolies,6.9183097091893625e-06,3.84
nash,6.9183097091893625e-06,3.84
nationally,6.9183097091893625e-06,3.84
nobel,6.9183097091893625e-06,3.84
norfolk,6.9183097091893625e-06,3.84
outraging,6.9183097091893625e-06,3.84
outraged,6.9183097091893625e-06,3.84
outrages,6.9183097091893625e-06,3.84
outrage,6.9183097091893625e-06,3.84
paperwork,6.9183097091893625e-06,3.84
pdf,6.9183097091893625e-06,3.84
poisonings,6.9183097091893625e-06,3.84
promptly,6.9183097091893625e-06,3.84
que,6.9183097091893625e-06,3.84
renewals,6.9183097091893625e-06,3.84
renewal,6.9183097091893625e-06,3.84
robbie,6.9183097091893625e-06,3.84
ruler,6.9183097091893625e-06,3.84
rulers,6.9183097091893625e-06,3.84
school's,6.9183097091893625e-06,3.84
sincerer,6.9183097091893625e-06,3.84
sincerest,6.9183097091893625e-06,3.84
sincere,6.9183097091893625e-06,3.84
skating,6.9183097091893625e-06,3.84
slaughtered,6.9183097091893625e-06,3.84
slaughter,6.9183097091893625e-06,3.84
slaughters,6.9183097091893625e-06,3.84
slaughtering,6.9183097091893625e-06,3.84
sox,6.9183097091893625e-06,3.84
sperm,6.9183097091893625e-06,3.84
sperms,6.9183097091893625e-06,3.84
spilling,6.9183097091893625e-06,3.84
spill,6.9183097091893625e-06,3.84
spilled,6.9183097091893625e-06,3.84
spilt,6.9183097091893625e-06,3.84
spills,6.9183097091893625e-06,3.84
steadily,6.9183097091893625e-06,3.84
supplier,6.9183097091893625e-06,3.84
swamped,6.9183097091893625e-06,3.84
swamping,6.9183097091893625e-06,3.84
swamp,6.9183097091893625e-06,3.84
swamps,6.9183097091893625e-06,3.84
swanning,6.9183097091893625e-06,3.84
swanned,6.9183097091893625e-06,3.84
swans,6.9183097091893625e-06,3.84
swan,6.9183097091893625e-06,3.84
synthesis,6.9183097091893625e-06,3.84
syntheses,6.9183097091893625e-06,3.84
tastiest,6.9183097091893625e-06,3.84
tastier,6.9183097091893625e-06,3.84
tasty,6.9183097091893625e-06,3.84
tattoos,6.9183097091893625e-06,3.84
teammate,6.9183097091893625e-06,3.84
testifies,6.9183097091893625e-06,3.84
testify,6.9183097091893625e-06,3.84
testifying,6.9183097091893625e-06,3.84
testified,6.9183097091893625e-06,3.84
tolerating,6.9183097091893625e-06,3.84
tolerated,6.9183097091893625e-06,3.84
tolerates,6.9183097091893625e-06,3.84
tolerate,6.9183097091893625e-06,3.84
travelers,6.9183097091893625e-06,3.84
treason,6.9183097091893625e-06,3.84
trustees,6.9183097091893625e-06,3.84
typings,6.9183097091893625e-06,3.84
urines,6.9183097091893625e-06,3.84
urine,6.9183097091893625e-06,3.84
vanilla,6.9183097091893625e-06,3.84
vanillas,6.9183097091893625e-06,3.84
vermont,6.9183097091893625e-06,3.84
vic,6.9183097091893625e-06,3.84
vii,6.9183097091893625e-06,3.84
violets,6.9183097091893625e-06,3.84
violet,6.9183097091893625e-06,3.84
weighings,6.9183097091893625e-06,3.84
wendy,6.9183097091893625e-06,3.84
activation,6.760829753919819e-06,3.83
activations,6.760829753919819e-06,3.83
afghan,6.760829753919819e-06,3.83
afterward,6.760829753919819e-06,3.83
ahmed,6.760829753919819e-06,3.83
allocated,6.760829753919819e-06,3.83
applause,6.760829753919819e-06,3.83
balder,6.760829753919819e-06,3.83
bald,6.760829753919819e-06,3.83
baldest,6.760829753919819e-06,3.83
boiled,6.760829753919819e-06,3.83
boiling,6.760829753919819e-06,3.83
boil,6.760829753919819e-06,3.83
boils,6.760829753919819e-06,3.83
borough,6.760829753919819e-06,3.83
boroughs,6.760829753919819e-06,3.83
boyd,6.760829753919819e-06,3.83
bp,6.760829753919819e-06,3.83
breakthroughs,6.760829753919819e-06,3.83
breakthrough,6.760829753919819e-06,3.83
calif,6.760829753919819e-06,3.83
califs,6.760829753919819e-06,3.83
ce,6.760829753919819e-06,3.83
churchill,6.760829753919819e-06,3.83
cone,6.760829753919819e-06,3.83
coning,6.760829753919819e-06,3.83
cones,6.760829753919819e-06,3.83
coned,6.760829753919819e-06,3.83
convey,6.760829753919819e-06,3.83
conveying,6.760829753919819e-06,3.83
conveys,6.760829753919819e-06,3.83
conveyed,6.760829753919819e-06,3.83
critiquing,6.760829753919819e-06,3.83
critiqued,6.760829753919819e-06,3.83
critiques,6.760829753919819e-06,3.83
critique,6.760829753919819e-06,3.83
cyrus,6.760829753919819e-06,3.83
decayed,6.760829753919819e-06,3.83
decaying,6.760829753919819e-06,3.83
decays,6.760829753919819e-06,3.83
decay,6.760829753919819e-06,3.83
depressing,6.760829753919819e-06,3.83
desserts,6.760829753919819e-06,3.83
dessert,6.760829753919819e-06,3.83
diagnostic,6.760829753919819e-06,3.83
diagnostics,6.760829753919819e-06,3.83
diane,6.760829753919819e-06,3.83
differential,6.760829753919819e-06,3.83
differentials,6.760829753919819e-06,3.83
discoursing,6.760829753919819e-06,3.83
discoursed,6.760829753919819e-06,3.83
discourses,6.760829753919819e-06,3.83
discourse,6.760829753919819e-06,3.83
dominance,6.760829753919819e-06,3.83
earth's,6.760829753919819e-06,3.83
economically,6.760829753919819e-06,3.83
entertains,6.760829753919819e-06,3.83
entertain,6.760829753919819e-06,3.83
entertained,6.760829753919819e-06,3.83
exploits,6.760829753919819e-06,3.83
exploiting,6.760829753919819e-06,3.83
exploit,6.760829753919819e-06,3.83
exploited,6.760829753919819e-06,3.83
fireworks,6.760829753919819e-06,3.83
floyd,6.760829753919819e-06,3.83
freeman,6.760829753919819e-06,3.83
game's,6.760829753919819e-06,3.83
gandhi,6.760829753919819e-06,3.83
gateways,6.760829753919819e-06,3.83
gateway,6.760829753919819e-06,3.83
ge,6.760829753919819e-06,3.83
humidities,6.760829753919819e-06,3.83
humidity,6.760829753919819e-06,3.83
humour,6.760829753919819e-06,3.83
humouring,6.760829753919819e-06,3.83
humours,6.760829753919819e-06,3.83
humoured,6.760829753919819e-06,3.83
imageries,6.760829753919819e-06,3.83
imagery,6.760829753919819e-06,3.83
imply,6.760829753919819e-06,3.83
implying,6.760829753919819e-06,3.83
inherent,6.760829753919819e-06,3.83
inland,6.760829753919819e-06,3.83
innocence,6.760829753919819e-06,3.83
investigator,6.760829753919819e-06,3.83
isle,6.760829753919819e-06,3.83
isles,6.760829753919819e-06,3.83
ivy,6.760829753919819e-06,3.83
ivies,6.760829753919819e-06,3.83
justification,6.760829753919819e-06,3.83
justifications,6.760829753919819e-06,3.83
ka,6.760829753919819e-06,3.83
katherine,6.760829753919819e-06,3.83
lego,6.760829753919819e-06,3.83
livestock,6.760829753919819e-06,3.83
liz,6.760829753919819e-06,3.83
llc,6.760829753919819e-06,3.83
mafia,6.760829753919819e-06,3.83
mafias,6.760829753919819e-06,3.83
merrier,6.760829753919819e-06,3.83
merriest,6.760829753919819e-06,3.83
merry,6.760829753919819e-06,3.83
mick,6.760829753919819e-06,3.83
missionary,6.760829753919819e-06,3.83
missionaries,6.760829753919819e-06,3.83
nationalism,6.760829753919819e-06,3.83
naughtiest,6.760829753919819e-06,3.83
naughty,6.760829753919819e-06,3.83
naughtier,6.760829753919819e-06,3.83
nepal,6.760829753919819e-06,3.83
newman,6.760829753919819e-06,3.83
notified,6.760829753919819e-06,3.83
notorious,6.760829753919819e-06,3.83
obeying,6.760829753919819e-06,3.83
obeys,6.760829753919819e-06,3.83
obey,6.760829753919819e-06,3.83
obeyed,6.760829753919819e-06,3.83
olivia,6.760829753919819e-06,3.83
organizational,6.760829753919819e-06,3.83
outright,6.760829753919819e-06,3.83
overly,6.760829753919819e-06,3.83
oversight,6.760829753919819e-06,3.83
oversights,6.760829753919819e-06,3.83
panthers,6.760829753919819e-06,3.83
persian,6.760829753919819e-06,3.83
prototypes,6.760829753919819e-06,3.83
prototyped,6.760829753919819e-06,3.83
prototyping,6.760829753919819e-06,3.83
prototype,6.760829753919819e-06,3.83
pumpkin,6.760829753919819e-06,3.83
pumpkins,6.760829753919819e-06,3.83
ramping,6.760829753919819e-06,3.83
ramped,6.760829753919819e-06,3.83
ramps,6.760829753919819e-06,3.83
ramp,6.760829753919819e-06,3.83
rand,6.760829753919819e-06,3.83
reactor,6.760829753919819e-06,3.83
reactors,6.760829753919819e-06,3.83
reef,6.760829753919819e-06,3.83
reefed,6.760829753919819e-06,3.83
reefing,6.760829753919819e-06,3.83
reefs,6.760829753919819e-06,3.83
refined,6.760829753919819e-06,3.83
refreshing,6.760829753919819e-06,3.83
refusal,6.760829753919819e-06,3.83
refusals,6.760829753919819e-06,3.83
reinforced,6.760829753919819e-06,3.83
remedies,6.760829753919819e-06,3.83
resetting,6.760829753919819e-06,3.83
re-setting,6.760829753919819e-06,3.83
re-sets,6.760829753919819e-06,3.83
resets,6.760829753919819e-06,3.83
reset,6.760829753919819e-06,3.83
re-set,6.760829753919819e-06,3.83
sages,6.760829753919819e-06,3.83
sage,6.760829753919819e-06,3.83
shaves,6.760829753919819e-06,3.83
shave,6.760829753919819e-06,3.83
shaving,6.760829753919819e-06,3.83
shaved,6.760829753919819e-06,3.83
sicknesses,6.760829753919819e-06,3.83
sickness,6.760829753919819e-06,3.83
sq,6.760829753919819e-06,3.83
startup,6.760829753919819e-06,3.83
startups,6.760829753919819e-06,3.83
statutes,6.760829753919819e-06,3.83
statute,6.760829753919819e-06,3.83
straightforward,6.760829753919819e-06,3.83
superstars,6.760829753919819e-06,3.83
superstar,6.760829753919819e-06,3.83
telecommunications,6.760829753919819e-06,3.83
thoughtful,6.760829753919819e-06,3.83
thru,6.760829753919819e-06,3.83
toddlers,6.760829753919819e-06,3.83
toddler,6.760829753919819e-06,3.83
utilized,6.760829753919819e-06,3.83
vicious,6.760829753919819e-06,3.83
vikings,6.760829753919819e-06,3.83
vodkas,6.760829753919819e-06,3.83
vodka,6.760829753919819e-06,3.83
vr,6.760829753919819e-06,3.83
wholly,6.760829753919819e-06,3.83
zooms,6.760829753919819e-06,3.83
zoom,6.760829753919819e-06,3.83
zooming,6.760829753919819e-06,3.83
zoomed,6.760829753919819e-06,3.83
000s,6.606934480075964e-06,3.82
accidentals,6.606934480075964e-06,3.82
accidental,6.606934480075964e-06,3.82
addicted,6.606934480075964e-06,3.82
apollo,6.606934480075964e-06,3.82
archbishop,6.606934480075964e-06,3.82
assassinations,6.606934480075964e-06,3.82
assassination,6.606934480075964e-06,3.82
athletics,6.606934480075964e-06,3.82
basics,6.606934480075964e-06,3.82
belgian,6.606934480075964e-06,3.82
bibliographies,6.606934480075964e-06,3.82
bibliography,6.606934480075964e-06,3.82
bot,6.606934480075964e-06,3.82
broadly,6.606934480075964e-06,3.82
calcium,6.606934480075964e-06,3.82
calciums,6.606934480075964e-06,3.82
calvin,6.606934480075964e-06,3.82
capita,6.606934480075964e-06,3.82
certainties,6.606934480075964e-06,3.82
certainty,6.606934480075964e-06,3.82
christina,6.606934480075964e-06,3.82
citations,6.606934480075964e-06,3.82
citation,6.606934480075964e-06,3.82
collectively,6.606934480075964e-06,3.82
compression,6.606934480075964e-06,3.82
compressions,6.606934480075964e-06,3.82
comprised,6.606934480075964e-06,3.82
confess,6.606934480075964e-06,3.82
confessing,6.606934480075964e-06,3.82
confesses,6.606934480075964e-06,3.82
confessed,6.606934480075964e-06,3.82
confined,6.606934480075964e-06,3.82
congregation,6.606934480075964e-06,3.82
congregations,6.606934480075964e-06,3.82
consolidated,6.606934480075964e-06,3.82
coordinates,6.606934480075964e-06,3.82
coordinating,6.606934480075964e-06,3.82
coordinated,6.606934480075964e-06,3.82
coordinate,6.606934480075964e-06,3.82
cube,6.606934480075964e-06,3.82
cubing,6.606934480075964e-06,3.82
cubes,6.606934480075964e-06,3.82
cubed,6.606934480075964e-06,3.82
dana,6.606934480075964e-06,3.82
decorations,6.606934480075964e-06,3.82
decoration,6.606934480075964e-06,3.82
decree,6.606934480075964e-06,3.82
decrees,6.606934480075964e-06,3.82
decreeing,6.606934480075964e-06,3.82
decreed,6.606934480075964e-06,3.82
deliberate,6.606934480075964e-06,3.82
deliberated,6.606934480075964e-06,3.82
deliberating,6.606934480075964e-06,3.82
deliberates,6.606934480075964e-06,3.82
despaired,6.606934480075964e-06,3.82
despair,6.606934480075964e-06,3.82
despairs,6.606934480075964e-06,3.82
despairing,6.606934480075964e-06,3.82
dividend,6.606934480075964e-06,3.82
dividends,6.606934480075964e-06,3.82
drifting,6.606934480075964e-06,3.82
drifted,6.606934480075964e-06,3.82
drift,6.606934480075964e-06,3.82
drifts,6.606934480075964e-06,3.82
dye,6.606934480075964e-06,3.82
dyeing,6.606934480075964e-06,3.82
dyes,6.606934480075964e-06,3.82
dyed,6.606934480075964e-06,3.82
eden,6.606934480075964e-06,3.82
educators,6.606934480075964e-06,3.82
electron,6.606934480075964e-06,3.82
electrons,6.606934480075964e-06,3.82
endure,6.606934480075964e-06,3.82
endures,6.606934480075964e-06,3.82
enduring,6.606934480075964e-06,3.82
endured,6.606934480075964e-06,3.82
enzymes,6.606934480075964e-06,3.82
enzyme,6.606934480075964e-06,3.82
evolutionary,6.606934480075964e-06,3.82
fragments,6.606934480075964e-06,3.82
fraser,6.606934480075964e-06,3.82
geological,6.606934480075964e-06,3.82
globally,6.606934480075964e-06,3.82
grams,6.606934480075964e-06,3.82
guru,6.606934480075964e-06,3.82
gurus,6.606934480075964e-06,3.82
hans,6.606934480075964e-06,3.82
hatches,6.606934480075964e-06,3.82
hatched,6.606934480075964e-06,3.82
hatch,6.606934480075964e-06,3.82
hatching,6.606934480075964e-06,3.82
hindi,6.606934480075964e-06,3.82
hm,6.606934480075964e-06,3.82
hormones,6.606934480075964e-06,3.82
hormone,6.606934480075964e-06,3.82
inadequate,6.606934480075964e-06,3.82
indianapolis,6.606934480075964e-06,3.82
infinities,6.606934480075964e-06,3.82
infinity,6.606934480075964e-06,3.82
intentionally,6.606934480075964e-06,3.82
kilometers,6.606934480075964e-06,3.82
labs,6.606934480075964e-06,3.82
laced,6.606934480075964e-06,3.82
laces,6.606934480075964e-06,3.82
lace,6.606934480075964e-06,3.82
lacing,6.606934480075964e-06,3.82
libya,6.606934480075964e-06,3.82
maiden,6.606934480075964e-06,3.82
maidens,6.606934480075964e-06,3.82
marketplaces,6.606934480075964e-06,3.82
marketplace,6.606934480075964e-06,3.82
membrane,6.606934480075964e-06,3.82
membranes,6.606934480075964e-06,3.82
metallic,6.606934480075964e-06,3.82
methodologies,6.606934480075964e-06,3.82
methodology,6.606934480075964e-06,3.82
modifications,6.606934480075964e-06,3.82
murderers,6.606934480075964e-06,3.82
murderer,6.606934480075964e-06,3.82
napping,6.606934480075964e-06,3.82
nap,6.606934480075964e-06,3.82
napped,6.606934480075964e-06,3.82
naps,6.606934480075964e-06,3.82
nickel,6.606934480075964e-06,3.82
nickelling,6.606934480075964e-06,3.82
nickelled,6.606934480075964e-06,3.82
nickeling,6.606934480075964e-06,3.82
nickels,6.606934480075964e-06,3.82
nickeled,6.606934480075964e-06,3.82
nieces,6.606934480075964e-06,3.82
niece,6.606934480075964e-06,3.82
nm,6.606934480075964e-06,3.82
overlooked,6.606934480075964e-06,3.82
pardon,6.606934480075964e-06,3.82
pardons,6.606934480075964e-06,3.82
pardoned,6.606934480075964e-06,3.82
pardoning,6.606934480075964e-06,3.82
persuaded,6.606934480075964e-06,3.82
persuade,6.606934480075964e-06,3.82
persuading,6.606934480075964e-06,3.82
persuades,6.606934480075964e-06,3.82
pier,6.606934480075964e-06,3.82
piers,6.606934480075964e-06,3.82
predecessors,6.606934480075964e-06,3.82
predecessor,6.606934480075964e-06,3.82
premise,6.606934480075964e-06,3.82
premising,6.606934480075964e-06,3.82
premised,6.606934480075964e-06,3.82
quiz,6.606934480075964e-06,3.82
quizzes,6.606934480075964e-06,3.82
quizzed,6.606934480075964e-06,3.82
quizzing,6.606934480075964e-06,3.82
rainfall,6.606934480075964e-06,3.82
rainfalls,6.606934480075964e-06,3.82
reckless,6.606934480075964e-06,3.82
redemption,6.606934480075964e-06,3.82
remedy,6.606934480075964e-06,3.82
remedied,6.606934480075964e-06,3.82
remedying,6.606934480075964e-06,3.82
replay,6.606934480075964e-06,3.82
replays,6.606934480075964e-06,3.82
replayed,6.606934480075964e-06,3.82
replaying,6.606934480075964e-06,3.82
revisions,6.606934480075964e-06,3.82
revision,6.606934480075964e-06,3.82
scenting,6.606934480075964e-06,3.82
scents,6.606934480075964e-06,3.82
scented,6.606934480075964e-06,3.82
scent,6.606934480075964e-06,3.82
slated,6.606934480075964e-06,3.82
slating,6.606934480075964e-06,3.82
slate,6.606934480075964e-06,3.82
slates,6.606934480075964e-06,3.82
stimuli,6.606934480075964e-06,3.82
stimulus,6.606934480075964e-06,3.82
sunrises,6.606934480075964e-06,3.82
sunrise,6.606934480075964e-06,3.82
surging,6.606934480075964e-06,3.82
surges,6.606934480075964e-06,3.82
surge,6.606934480075964e-06,3.82
surged,6.606934480075964e-06,3.82
teed,6.606934480075964e-06,3.82
tees,6.606934480075964e-06,3.82
tee,6.606934480075964e-06,3.82
teeing,6.606934480075964e-06,3.82
timothy,6.606934480075964e-06,3.82
token,6.606934480075964e-06,3.82
tokens,6.606934480075964e-06,3.82
tornado,6.606934480075964e-06,3.82
tornadoes,6.606934480075964e-06,3.82
tornados,6.606934480075964e-06,3.82
tracy,6.606934480075964e-06,3.82
twilights,6.606934480075964e-06,3.82
twilight,6.606934480075964e-06,3.82
unprecedented,6.606934480075964e-06,3.82
vaginas,6.606934480075964e-06,3.82
vagina,6.606934480075964e-06,3.82
vaginae,6.606934480075964e-06,3.82
vocabularies,6.606934480075964e-06,3.82
vocabulary,6.606934480075964e-06,3.82
wellington,6.606934480075964e-06,3.82
whoa,6.606934480075964e-06,3.82
willingness,6.606934480075964e-06,3.82
woodier,6.606934480075964e-06,3.82
woody,6.606934480075964e-06,3.82
woodiest,6.606934480075964e-06,3.82
worthless,6.606934480075964e-06,3.82
yachts,6.606934480075964e-06,3.82
yacht,6.606934480075964e-06,3.82
0.0m,6.456542290346549e-06,3.81
a000,6.456542290346549e-06,3.81
aberdeen,6.456542290346549e-06,3.81
absorbing,6.456542290346549e-06,3.81
absorb,6.456542290346549e-06,3.81
absorbs,6.456542290346549e-06,3.81
accompanies,6.456542290346549e-06,3.81
accompany,6.456542290346549e-06,3.81
accords,6.456542290346549e-06,3.81
accorded,6.456542290346549e-06,3.81
accord,6.456542290346549e-06,3.81
advancements,6.456542290346549e-06,3.81
advancement,6.456542290346549e-06,3.81
albany,6.456542290346549e-06,3.81
alt,6.456542290346549e-06,3.81
alternatively,6.456542290346549e-06,3.81
anglo,6.456542290346549e-06,3.81
archer,6.456542290346549e-06,3.81
archers,6.456542290346549e-06,3.81
asap,6.456542290346549e-06,3.81
assurances,6.456542290346549e-06,3.81
assurance,6.456542290346549e-06,3.81
barbered,6.456542290346549e-06,3.81
barbering,6.456542290346549e-06,3.81
barber,6.456542290346549e-06,3.81
barbers,6.456542290346549e-06,3.81
bash,6.456542290346549e-06,3.81
bashed,6.456542290346549e-06,3.81
bashing,6.456542290346549e-06,3.81
bashes,6.456542290346549e-06,3.81
battalion,6.456542290346549e-06,3.81
battalions,6.456542290346549e-06,3.81
boycotted,6.456542290346549e-06,3.81
boycotting,6.456542290346549e-06,3.81
boycott,6.456542290346549e-06,3.81
boycotts,6.456542290346549e-06,3.81
bruno,6.456542290346549e-06,3.81
bulgarian,6.456542290346549e-06,3.81
carpenter,6.456542290346549e-06,3.81
carpenters,6.456542290346549e-06,3.81
chester,6.456542290346549e-06,3.81
codings,6.456542290346549e-06,3.81
competitor,6.456542290346549e-06,3.81
cuisines,6.456542290346549e-06,3.81
cuisine,6.456542290346549e-06,3.81
detained,6.456542290346549e-06,3.81
dioxides,6.456542290346549e-06,3.81
dioxide,6.456542290346549e-06,3.81
doom,6.456542290346549e-06,3.81
doomed,6.456542290346549e-06,3.81
dooms,6.456542290346549e-06,3.81
dooming,6.456542290346549e-06,3.81
dubbed,6.456542290346549e-06,3.81
ea,6.456542290346549e-06,3.81
eclipsed,6.456542290346549e-06,3.81
eclipsing,6.456542290346549e-06,3.81
eclipse,6.456542290346549e-06,3.81
eclipses,6.456542290346549e-06,3.81
eighteen,6.456542290346549e-06,3.81
eleanor,6.456542290346549e-06,3.81
enjoyment,6.456542290346549e-06,3.81
enjoyments,6.456542290346549e-06,3.81
exhaust,6.456542290346549e-06,3.81
exhausting,6.456542290346549e-06,3.81
exhausts,6.456542290346549e-06,3.81
expired,6.456542290346549e-06,3.81
flee,6.456542290346549e-06,3.81
flees,6.456542290346549e-06,3.81
fleeing,6.456542290346549e-06,3.81
forbes,6.456542290346549e-06,3.81
fundraising,6.456542290346549e-06,3.81
gal,6.456542290346549e-06,3.81
glimpses,6.456542290346549e-06,3.81
glimpse,6.456542290346549e-06,3.81
glimpsed,6.456542290346549e-06,3.81
glimpsing,6.456542290346549e-06,3.81
hahaha,6.456542290346549e-06,3.81
hawk,6.456542290346549e-06,3.81
hawking,6.456542290346549e-06,3.81
hawked,6.456542290346549e-06,3.81
homemade,6.456542290346549e-06,3.81
honorable,6.456542290346549e-06,3.81
infectious,6.456542290346549e-06,3.81
inferiors,6.456542290346549e-06,3.81
inferior,6.456542290346549e-06,3.81
injustice,6.456542290346549e-06,3.81
injustices,6.456542290346549e-06,3.81
insulins,6.456542290346549e-06,3.81
insulin,6.456542290346549e-06,3.81
interpreting,6.456542290346549e-06,3.81
interpret,6.456542290346549e-06,3.81
interprets,6.456542290346549e-06,3.81
intro,6.456542290346549e-06,3.81
jill,6.456542290346549e-06,3.81
kindled,6.456542290346549e-06,3.81
kindling,6.456542290346549e-06,3.81
kindles,6.456542290346549e-06,3.81
kindle,6.456542290346549e-06,3.81
lidding,6.456542290346549e-06,3.81
lidded,6.456542290346549e-06,3.81
lid,6.456542290346549e-06,3.81
lids,6.456542290346549e-06,3.81
lindsay,6.456542290346549e-06,3.81
manors,6.456542290346549e-06,3.81
manor,6.456542290346549e-06,3.81
masterpieces,6.456542290346549e-06,3.81
masterpiece,6.456542290346549e-06,3.81
melodies,6.456542290346549e-06,3.81
melody,6.456542290346549e-06,3.81
memoing,6.456542290346549e-06,3.81
memo,6.456542290346549e-06,3.81
memos,6.456542290346549e-06,3.81
memoed,6.456542290346549e-06,3.81
mic,6.456542290346549e-06,3.81
mom's,6.456542290346549e-06,3.81
myanmar,6.456542290346549e-06,3.81
narrators,6.456542290346549e-06,3.81
narrator,6.456542290346549e-06,3.81
nate,6.456542290346549e-06,3.81
nsw,6.456542290346549e-06,3.81
obesity,6.456542290346549e-06,3.81
obesities,6.456542290346549e-06,3.81
partisan,6.456542290346549e-06,3.81
partisans,6.456542290346549e-06,3.81
plantings,6.456542290346549e-06,3.81
ponies,6.456542290346549e-06,3.81
pony,6.456542290346549e-06,3.81
prolonged,6.456542290346549e-06,3.81
promo,6.456542290346549e-06,3.81
protestant,6.456542290346549e-06,3.81
pupil,6.456542290346549e-06,3.81
qb,6.456542290346549e-06,3.81
reliance,6.456542290346549e-06,3.81
reluctant,6.456542290346549e-06,3.81
respiratory,6.456542290346549e-06,3.81
retentions,6.456542290346549e-06,3.81
retention,6.456542290346549e-06,3.81
ribbons,6.456542290346549e-06,3.81
ribbon,6.456542290346549e-06,3.81
rochester,6.456542290346549e-06,3.81
rodgers,6.456542290346549e-06,3.81
roommates,6.456542290346549e-06,3.81
roommate,6.456542290346549e-06,3.81
rotten,6.456542290346549e-06,3.81
shah,6.456542290346549e-06,3.81
shawn,6.456542290346549e-06,3.81
shotguns,6.456542290346549e-06,3.81
shotgun,6.456542290346549e-06,3.81
sofas,6.456542290346549e-06,3.81
sofa,6.456542290346549e-06,3.81
solomon,6.456542290346549e-06,3.81
southampton,6.456542290346549e-06,3.81
spoilt,6.456542290346549e-06,3.81
spoiled,6.456542290346549e-06,3.81
spoil,6.456542290346549e-06,3.81
spoiling,6.456542290346549e-06,3.81
spoils,6.456542290346549e-06,3.81
stephanie,6.456542290346549e-06,3.81
submarine,6.456542290346549e-06,3.81
submarines,6.456542290346549e-06,3.81
suburb,6.456542290346549e-06,3.81
sympathetic,6.456542290346549e-06,3.81
sympathetics,6.456542290346549e-06,3.81
taxation,6.456542290346549e-06,3.81
temper,6.456542290346549e-06,3.81
tempering,6.456542290346549e-06,3.81
tempers,6.456542290346549e-06,3.81
tempered,6.456542290346549e-06,3.81
under-gone,6.456542290346549e-06,3.81
undergoes,6.456542290346549e-06,3.81
underwent,6.456542290346549e-06,3.81
under gone,6.456542290346549e-06,3.81
undergone,6.456542290346549e-06,3.81
under goes,6.456542290346549e-06,3.81
under-went,6.456542290346549e-06,3.81
under went,6.456542290346549e-06,3.81
under-goes,6.456542290346549e-06,3.81
under going,6.456542290346549e-06,3.81
under-going,6.456542290346549e-06,3.81
undergoing,6.456542290346549e-06,3.81
undergo,6.456542290346549e-06,3.81
venus,6.456542290346549e-06,3.81
wu,6.456542290346549e-06,3.81
afl,6.30957344480193e-06,3.8
aligned,6.30957344480193e-06,3.8
allan,6.30957344480193e-06,3.8
altar,6.30957344480193e-06,3.8
altars,6.30957344480193e-06,3.8
amp,6.30957344480193e-06,3.8
amps,6.30957344480193e-06,3.8
atlases,6.30957344480193e-06,3.8
atlas,6.30957344480193e-06,3.8
austrian,6.30957344480193e-06,3.8
automation,6.30957344480193e-06,3.8
automations,6.30957344480193e-06,3.8
awes,6.30957344480193e-06,3.8
awed,6.30957344480193e-06,3.8
awe,6.30957344480193e-06,3.8
aweing,6.30957344480193e-06,3.8
boeing,6.30957344480193e-06,3.8
broncos,6.30957344480193e-06,3.8
burton,6.30957344480193e-06,3.8
caesar,6.30957344480193e-06,3.8
canada's,6.30957344480193e-06,3.8
cans,6.30957344480193e-06,3.8
carroll,6.30957344480193e-06,3.8
cavalries,6.30957344480193e-06,3.8
cavalry,6.30957344480193e-06,3.8
clara,6.30957344480193e-06,3.8
coffin,6.30957344480193e-06,3.8
coffins,6.30957344480193e-06,3.8
colorful,6.30957344480193e-06,3.8
combos,6.30957344480193e-06,3.8
combo,6.30957344480193e-06,3.8
communism,6.30957344480193e-06,3.8
conductors,6.30957344480193e-06,3.8
conductor,6.30957344480193e-06,3.8
confronts,6.30957344480193e-06,3.8
confront,6.30957344480193e-06,3.8
confronting,6.30957344480193e-06,3.8
constraints,6.30957344480193e-06,3.8
crowed,6.30957344480193e-06,3.8
crows,6.30957344480193e-06,3.8
crow,6.30957344480193e-06,3.8
crowing,6.30957344480193e-06,3.8
dad's,6.30957344480193e-06,3.8
davidson,6.30957344480193e-06,3.8
decisive,6.30957344480193e-06,3.8
decorative,6.30957344480193e-06,3.8
definitive,6.30957344480193e-06,3.8
displaced,6.30957344480193e-06,3.8
disturbed,6.30957344480193e-06,3.8
diy,6.30957344480193e-06,3.8
doin,6.30957344480193e-06,3.8
epidemics,6.30957344480193e-06,3.8
epidemic,6.30957344480193e-06,3.8
eternity,6.30957344480193e-06,3.8
eternities,6.30957344480193e-06,3.8
eugene,6.30957344480193e-06,3.8
evolving,6.30957344480193e-06,3.8
evolves,6.30957344480193e-06,3.8
evolve,6.30957344480193e-06,3.8
explodes,6.30957344480193e-06,3.8
exploding,6.30957344480193e-06,3.8
explode,6.30957344480193e-06,3.8
exploded,6.30957344480193e-06,3.8
extraction,6.30957344480193e-06,3.8
extractions,6.30957344480193e-06,3.8
fattiest,6.30957344480193e-06,3.8
fattier,6.30957344480193e-06,3.8
fatty,6.30957344480193e-06,3.8
fatties,6.30957344480193e-06,3.8
filthiest,6.30957344480193e-06,3.8
filthier,6.30957344480193e-06,3.8
filthy,6.30957344480193e-06,3.8
fletcher,6.30957344480193e-06,3.8
flush,6.30957344480193e-06,3.8
flushes,6.30957344480193e-06,3.8
flushing,6.30957344480193e-06,3.8
flushed,6.30957344480193e-06,3.8
fonts,6.30957344480193e-06,3.8
font,6.30957344480193e-06,3.8
freestyle,6.30957344480193e-06,3.8
glued,6.30957344480193e-06,3.8
gluing,6.30957344480193e-06,3.8
glue,6.30957344480193e-06,3.8
glueing,6.30957344480193e-06,3.8
glues,6.30957344480193e-06,3.8
grandpa,6.30957344480193e-06,3.8
grandpas,6.30957344480193e-06,3.8
hairiest,6.30957344480193e-06,3.8
hairy,6.30957344480193e-06,3.8
hairier,6.30957344480193e-06,3.8
homicides,6.30957344480193e-06,3.8
homicide,6.30957344480193e-06,3.8
ie,6.30957344480193e-06,3.8
inheritances,6.30957344480193e-06,3.8
inheritance,6.30957344480193e-06,3.8
ironic,6.30957344480193e-06,3.8
lin,6.30957344480193e-06,3.8
luggage,6.30957344480193e-06,3.8
lyon,6.30957344480193e-06,3.8
m00,6.30957344480193e-06,3.8
madame,6.30957344480193e-06,3.8
maggie,6.30957344480193e-06,3.8
marion,6.30957344480193e-06,3.8
mel,6.30957344480193e-06,3.8
microwave,6.30957344480193e-06,3.8
microwaves,6.30957344480193e-06,3.8
microwaving,6.30957344480193e-06,3.8
microwaved,6.30957344480193e-06,3.8
midwest,6.30957344480193e-06,3.8
minimizing,6.30957344480193e-06,3.8
minimize,6.30957344480193e-06,3.8
minimizes,6.30957344480193e-06,3.8
minimized,6.30957344480193e-06,3.8
modi,6.30957344480193e-06,3.8
morocco,6.30957344480193e-06,3.8
natalie,6.30957344480193e-06,3.8
ops,6.30957344480193e-06,3.8
organisms,6.30957344480193e-06,3.8
originated,6.30957344480193e-06,3.8
ounces,6.30957344480193e-06,3.8
ounce,6.30957344480193e-06,3.8
pablo,6.30957344480193e-06,3.8
peel,6.30957344480193e-06,3.8
peels,6.30957344480193e-06,3.8
peeled,6.30957344480193e-06,3.8
peeling,6.30957344480193e-06,3.8
performer,6.30957344480193e-06,3.8
picnicked,6.30957344480193e-06,3.8
picnicking,6.30957344480193e-06,3.8
picnic,6.30957344480193e-06,3.8
picnics,6.30957344480193e-06,3.8
practitioners,6.30957344480193e-06,3.8
predominantly,6.30957344480193e-06,3.8
primitive,6.30957344480193e-06,3.8
primitives,6.30957344480193e-06,3.8
providence,6.30957344480193e-06,3.8
psychic,6.30957344480193e-06,3.8
psychics,6.30957344480193e-06,3.8
psychologists,6.30957344480193e-06,3.8
psychologist,6.30957344480193e-06,3.8
puppets,6.30957344480193e-06,3.8
puppet,6.30957344480193e-06,3.8
reproductives,6.30957344480193e-06,3.8
reproductive,6.30957344480193e-06,3.8
restricts,6.30957344480193e-06,3.8
restrict,6.30957344480193e-06,3.8
restricting,6.30957344480193e-06,3.8
retrieved,6.30957344480193e-06,3.8
ribs,6.30957344480193e-06,3.8
righteous,6.30957344480193e-06,3.8
rivalries,6.30957344480193e-06,3.8
rivalry,6.30957344480193e-06,3.8
rosa,6.30957344480193e-06,3.8
royalty,6.30957344480193e-06,3.8
royalties,6.30957344480193e-06,3.8
sandra,6.30957344480193e-06,3.8
sausage,6.30957344480193e-06,3.8
sausages,6.30957344480193e-06,3.8
seizing,6.30957344480193e-06,3.8
seizes,6.30957344480193e-06,3.8
seize,6.30957344480193e-06,3.8
sim,6.30957344480193e-06,3.8
skeleton,6.30957344480193e-06,3.8
skeletons,6.30957344480193e-06,3.8
spiciest,6.30957344480193e-06,3.8
spicier,6.30957344480193e-06,3.8
spicy,6.30957344480193e-06,3.8
sticky,6.30957344480193e-06,3.8
stickiest,6.30957344480193e-06,3.8
stickier,6.30957344480193e-06,3.8
stings,6.30957344480193e-06,3.8
stung,6.30957344480193e-06,3.8
sting,6.30957344480193e-06,3.8
sufficiently,6.30957344480193e-06,3.8
thankfully,6.30957344480193e-06,3.8
ticks,6.30957344480193e-06,3.8
tick,6.30957344480193e-06,3.8
ticked,6.30957344480193e-06,3.8
ticking,6.30957344480193e-06,3.8
trent,6.30957344480193e-06,3.8
tutorials,6.30957344480193e-06,3.8
tutorial,6.30957344480193e-06,3.8
twentieth,6.30957344480193e-06,3.8
unpleasant,6.30957344480193e-06,3.8
unrelated,6.30957344480193e-06,3.8
ussr,6.30957344480193e-06,3.8
vacant,6.30957344480193e-06,3.8
venting,6.30957344480193e-06,3.8
vent,6.30957344480193e-06,3.8
vents,6.30957344480193e-06,3.8
vented,6.30957344480193e-06,3.8
vicinity,6.30957344480193e-06,3.8
vicinities,6.30957344480193e-06,3.8
wans,6.30957344480193e-06,3.8
wanned,6.30957344480193e-06,3.8
wanning,6.30957344480193e-06,3.8
wanner,6.30957344480193e-06,3.8
wan,6.30957344480193e-06,3.8
wannest,6.30957344480193e-06,3.8
wandering,6.30957344480193e-06,3.8
wardrobes,6.30957344480193e-06,3.8
wardrobe,6.30957344480193e-06,3.8
warmth,6.30957344480193e-06,3.8
australia's,6.165950018614822e-06,3.79
axing,6.165950018614822e-06,3.79
axed,6.165950018614822e-06,3.79
axe,6.165950018614822e-06,3.79
baldwin,6.165950018614822e-06,3.79
belle,6.165950018614822e-06,3.79
bf,6.165950018614822e-06,3.79
brexit,6.165950018614822e-06,3.79
buddha,6.165950018614822e-06,3.79
bulletin,6.165950018614822e-06,3.79
bulletins,6.165950018614822e-06,3.79
capitalist,6.165950018614822e-06,3.79
capitalists,6.165950018614822e-06,3.79
cautious,6.165950018614822e-06,3.79
constables,6.165950018614822e-06,3.79
constable,6.165950018614822e-06,3.79
cooperated,6.165950018614822e-06,3.79
cooperates,6.165950018614822e-06,3.79
cooperate,6.165950018614822e-06,3.79
cooperating,6.165950018614822e-06,3.79
counselors,6.165950018614822e-06,3.79
counselor,6.165950018614822e-06,3.79
cp,6.165950018614822e-06,3.79
curbed,6.165950018614822e-06,3.79
curbing,6.165950018614822e-06,3.79
curbs,6.165950018614822e-06,3.79
curb,6.165950018614822e-06,3.79
darren,6.165950018614822e-06,3.79
deeds,6.165950018614822e-06,3.79
destined,6.165950018614822e-06,3.79
detached,6.165950018614822e-06,3.79
distributing,6.165950018614822e-06,3.79
distributes,6.165950018614822e-06,3.79
distribute,6.165950018614822e-06,3.79
dong,6.165950018614822e-06,3.79
edgar,6.165950018614822e-06,3.79
efficiently,6.165950018614822e-06,3.79
elliott,6.165950018614822e-06,3.79
encouragement,6.165950018614822e-06,3.79
encouragements,6.165950018614822e-06,3.79
evan,6.165950018614822e-06,3.79
faction,6.165950018614822e-06,3.79
factions,6.165950018614822e-06,3.79
fascist,6.165950018614822e-06,3.79
feathers,6.165950018614822e-06,3.79
fixtures,6.165950018614822e-06,3.79
fullers,6.165950018614822e-06,3.79
gambles,6.165950018614822e-06,3.79
gamble,6.165950018614822e-06,3.79
gambled,6.165950018614822e-06,3.79
goalkeepers,6.165950018614822e-06,3.79
goalkeeper,6.165950018614822e-06,3.79
grandchildren,6.165950018614822e-06,3.79
gt,6.165950018614822e-06,3.79
harmless,6.165950018614822e-06,3.79
hesitate,6.165950018614822e-06,3.79
hesitating,6.165950018614822e-06,3.79
hesitated,6.165950018614822e-06,3.79
hesitates,6.165950018614822e-06,3.79
hopefuls,6.165950018614822e-06,3.79
hopeful,6.165950018614822e-06,3.79
horniest,6.165950018614822e-06,3.79
horny,6.165950018614822e-06,3.79
hornier,6.165950018614822e-06,3.79
hungarian,6.165950018614822e-06,3.79
hygiene,6.165950018614822e-06,3.79
iceland,6.165950018614822e-06,3.79
imaginaries,6.165950018614822e-06,3.79
imaginary,6.165950018614822e-06,3.79
imprisoned,6.165950018614822e-06,3.79
inconsistent,6.165950018614822e-06,3.79
int,6.165950018614822e-06,3.79
iso,6.165950018614822e-06,3.79
jared,6.165950018614822e-06,3.79
johnston,6.165950018614822e-06,3.79
judy,6.165950018614822e-06,3.79
kindergarten,6.165950018614822e-06,3.79
kindergartens,6.165950018614822e-06,3.79
latino,6.165950018614822e-06,3.79
lopez,6.165950018614822e-06,3.79
loudly,6.165950018614822e-06,3.79
master's,6.165950018614822e-06,3.79
mechanic,6.165950018614822e-06,3.79
megan,6.165950018614822e-06,3.79
mls,6.165950018614822e-06,3.79
modifies,6.165950018614822e-06,3.79
modifying,6.165950018614822e-06,3.79
modify,6.165950018614822e-06,3.79
neglect,6.165950018614822e-06,3.79
neglects,6.165950018614822e-06,3.79
neglecting,6.165950018614822e-06,3.79
neglected,6.165950018614822e-06,3.79
northwestern,6.165950018614822e-06,3.79
nz,6.165950018614822e-06,3.79
offenders,6.165950018614822e-06,3.79
oppression,6.165950018614822e-06,3.79
oppressions,6.165950018614822e-06,3.79
patriotic,6.165950018614822e-06,3.79
phillip,6.165950018614822e-06,3.79
pitchers,6.165950018614822e-06,3.79
pitcher,6.165950018614822e-06,3.79
playgrounds,6.165950018614822e-06,3.79
playground,6.165950018614822e-06,3.79
populated,6.165950018614822e-06,3.79
prejudiced,6.165950018614822e-06,3.79
prejudicing,6.165950018614822e-06,3.79
prejudices,6.165950018614822e-06,3.79
prejudice,6.165950018614822e-06,3.79
preston,6.165950018614822e-06,3.79
probables,6.165950018614822e-06,3.79
probable,6.165950018614822e-06,3.79
probations,6.165950018614822e-06,3.79
probation,6.165950018614822e-06,3.79
projection,6.165950018614822e-06,3.79
projections,6.165950018614822e-06,3.79
ravens,6.165950018614822e-06,3.79
raven,6.165950018614822e-06,3.79
receptors,6.165950018614822e-06,3.79
receptor,6.165950018614822e-06,3.79
rehab,6.165950018614822e-06,3.79
remaking,6.165950018614822e-06,3.79
remake,6.165950018614822e-06,3.79
remakes,6.165950018614822e-06,3.79
remade,6.165950018614822e-06,3.79
rendering,6.165950018614822e-06,3.79
renderings,6.165950018614822e-06,3.79
reproductions,6.165950018614822e-06,3.79
reproduction,6.165950018614822e-06,3.79
res,6.165950018614822e-06,3.79
rey,6.165950018614822e-06,3.79
rhode,6.165950018614822e-06,3.79
shrimp,6.165950018614822e-06,3.79
shrimps,6.165950018614822e-06,3.79
similarities,6.165950018614822e-06,3.79
spokesman,6.165950018614822e-06,3.79
spokesmen,6.165950018614822e-06,3.79
springfield,6.165950018614822e-06,3.79
stained,6.165950018614822e-06,3.79
stalls,6.165950018614822e-06,3.79
stalled,6.165950018614822e-06,3.79
stall,6.165950018614822e-06,3.79
stalling,6.165950018614822e-06,3.79
starving,6.165950018614822e-06,3.79
strapped,6.165950018614822e-06,3.79
strapping,6.165950018614822e-06,3.79
straps,6.165950018614822e-06,3.79
strap,6.165950018614822e-06,3.79
subjective,6.165950018614822e-06,3.79
surround,6.165950018614822e-06,3.79
surrounds,6.165950018614822e-06,3.79
surroundings,6.165950018614822e-06,3.79
traumatic,6.165950018614822e-06,3.79
trillions,6.165950018614822e-06,3.79
trillion,6.165950018614822e-06,3.79
tucker,6.165950018614822e-06,3.79
vatican,6.165950018614822e-06,3.79
vendors,6.165950018614822e-06,3.79
vendor,6.165950018614822e-06,3.79
watts,6.165950018614822e-06,3.79
yr,6.165950018614822e-06,3.79
♪,6.165950018614822e-06,3.79
abbott,6.025595860743581e-06,3.78
aboriginals,6.025595860743581e-06,3.78
aboriginal,6.025595860743581e-06,3.78
alignments,6.025595860743581e-06,3.78
alignment,6.025595860743581e-06,3.78
allergics,6.025595860743581e-06,3.78
allergic,6.025595860743581e-06,3.78
allison,6.025595860743581e-06,3.78
amended,6.025595860743581e-06,3.78
apparati,6.025595860743581e-06,3.78
apparatus,6.025595860743581e-06,3.78
apparatuses,6.025595860743581e-06,3.78
avengers,6.025595860743581e-06,3.78
backpack,6.025595860743581e-06,3.78
backpacks,6.025595860743581e-06,3.78
balconies,6.025595860743581e-06,3.78
balcony,6.025595860743581e-06,3.78
banker,6.025595860743581e-06,3.78
bankers,6.025595860743581e-06,3.78
bliss,6.025595860743581e-06,3.78
bodily,6.025595860743581e-06,3.78
buffering,6.025595860743581e-06,3.78
buffer,6.025595860743581e-06,3.78
buffered,6.025595860743581e-06,3.78
buffers,6.025595860743581e-06,3.78
calgary,6.025595860743581e-06,3.78
chapman,6.025595860743581e-06,3.78
chopped,6.025595860743581e-06,3.78
collaboratives,6.025595860743581e-06,3.78
collaborative,6.025595860743581e-06,3.78
commenced,6.025595860743581e-06,3.78
compensating,6.025595860743581e-06,3.78
compensates,6.025595860743581e-06,3.78
compensated,6.025595860743581e-06,3.78
compensate,6.025595860743581e-06,3.78
constructive,6.025595860743581e-06,3.78
cosmic,6.025595860743581e-06,3.78
daisy,6.025595860743581e-06,3.78
daisies,6.025595860743581e-06,3.78
daughter's,6.025595860743581e-06,3.78
definite,6.025595860743581e-06,3.78
departed,6.025595860743581e-06,3.78
developmental,6.025595860743581e-06,3.78
discoing,6.025595860743581e-06,3.78
discoed,6.025595860743581e-06,3.78
discos,6.025595860743581e-06,3.78
disco,6.025595860743581e-06,3.78
distraction,6.025595860743581e-06,3.78
distractions,6.025595860743581e-06,3.78
dom,6.025595860743581e-06,3.78
dorothy,6.025595860743581e-06,3.78
drawer,6.025595860743581e-06,3.78
drawers,6.025595860743581e-06,3.78
driver's,6.025595860743581e-06,3.78
durham,6.025595860743581e-06,3.78
ecological,6.025595860743581e-06,3.78
ecosystem,6.025595860743581e-06,3.78
ecosystems,6.025595860743581e-06,3.78
elvis,6.025595860743581e-06,3.78
euros,6.025595860743581e-06,3.78
excludes,6.025595860743581e-06,3.78
exclude,6.025595860743581e-06,3.78
exempts,6.025595860743581e-06,3.78
exempt,6.025595860743581e-06,3.78
exempting,6.025595860743581e-06,3.78
exempted,6.025595860743581e-06,3.78
fainted,6.025595860743581e-06,3.78
faintest,6.025595860743581e-06,3.78
faint,6.025595860743581e-06,3.78
faints,6.025595860743581e-06,3.78
fainting,6.025595860743581e-06,3.78
fainter,6.025595860743581e-06,3.78
fertility,6.025595860743581e-06,3.78
fertilities,6.025595860743581e-06,3.78
ff,6.025595860743581e-06,3.78
finn,6.025595860743581e-06,3.78
flynn,6.025595860743581e-06,3.78
foam,6.025595860743581e-06,3.78
foams,6.025595860743581e-06,3.78
foaming,6.025595860743581e-06,3.78
foamed,6.025595860743581e-06,3.78
foremost,6.025595860743581e-06,3.78
forging,6.025595860743581e-06,3.78
forges,6.025595860743581e-06,3.78
forge,6.025595860743581e-06,3.78
forged,6.025595860743581e-06,3.78
greenhouse,6.025595860743581e-06,3.78
greenhouses,6.025595860743581e-06,3.78
hierarchies,6.025595860743581e-06,3.78
hierarchy,6.025595860743581e-06,3.78
invaliding,6.025595860743581e-06,3.78
invalid,6.025595860743581e-06,3.78
invalided,6.025595860743581e-06,3.78
invalids,6.025595860743581e-06,3.78
jaded,6.025595860743581e-06,3.78
jading,6.025595860743581e-06,3.78
jade,6.025595860743581e-06,3.78
jades,6.025595860743581e-06,3.78
jointly,6.025595860743581e-06,3.78
jung,6.025595860743581e-06,3.78
lancaster,6.025595860743581e-06,3.78
lightweights,6.025595860743581e-06,3.78
lightweight,6.025595860743581e-06,3.78
mb,6.025595860743581e-06,3.78
metabolisms,6.025595860743581e-06,3.78
metabolism,6.025595860743581e-06,3.78
negotiation,6.025595860743581e-06,3.78
newborn,6.025595860743581e-06,3.78
newborns,6.025595860743581e-06,3.78
newport,6.025595860743581e-06,3.78
notches,6.025595860743581e-06,3.78
notching,6.025595860743581e-06,3.78
notched,6.025595860743581e-06,3.78
notch,6.025595860743581e-06,3.78
omega,6.025595860743581e-06,3.78
omegas,6.025595860743581e-06,3.78
packers,6.025595860743581e-06,3.78
parental,6.025595860743581e-06,3.78
parentals,6.025595860743581e-06,3.78
parodying,6.025595860743581e-06,3.78
parodied,6.025595860743581e-06,3.78
parody,6.025595860743581e-06,3.78
parodies,6.025595860743581e-06,3.78
parole,6.025595860743581e-06,3.78
paroles,6.025595860743581e-06,3.78
paroled,6.025595860743581e-06,3.78
paroling,6.025595860743581e-06,3.78
participant,6.025595860743581e-06,3.78
penguins,6.025595860743581e-06,3.78
penguin,6.025595860743581e-06,3.78
phantoms,6.025595860743581e-06,3.78
phantom,6.025595860743581e-06,3.78
photoshop,6.025595860743581e-06,3.78
pitt,6.025595860743581e-06,3.78
precedents,6.025595860743581e-06,3.78
precedent,6.025595860743581e-06,3.78
prevalent,6.025595860743581e-06,3.78
proms,6.025595860743581e-06,3.78
prom,6.025595860743581e-06,3.78
python,6.025595860743581e-06,3.78
pythons,6.025595860743581e-06,3.78
qatar,6.025595860743581e-06,3.78
questionable,6.025595860743581e-06,3.78
questionables,6.025595860743581e-06,3.78
queue,6.025595860743581e-06,3.78
queues,6.025595860743581e-06,3.78
queuing,6.025595860743581e-06,3.78
queueing,6.025595860743581e-06,3.78
queued,6.025595860743581e-06,3.78
quo,6.025595860743581e-06,3.78
renders,6.025595860743581e-06,3.78
render,6.025595860743581e-06,3.78
respondents,6.025595860743581e-06,3.78
romania,6.025595860743581e-06,3.78
sailors,6.025595860743581e-06,3.78
sailor,6.025595860743581e-06,3.78
seventy,6.025595860743581e-06,3.78
seventies,6.025595860743581e-06,3.78
show's,6.025595860743581e-06,3.78
simmons,6.025595860743581e-06,3.78
sims,6.025595860743581e-06,3.78
sociologies,6.025595860743581e-06,3.78
sociology,6.025595860743581e-06,3.78
somerset,6.025595860743581e-06,3.78
soo,6.025595860743581e-06,3.78
specify,6.025595860743581e-06,3.78
specifies,6.025595860743581e-06,3.78
specifying,6.025595860743581e-06,3.78
splittings,6.025595860743581e-06,3.78
stab,6.025595860743581e-06,3.78
stabbing,6.025595860743581e-06,3.78
stabs,6.025595860743581e-06,3.78
supermarkets,6.025595860743581e-06,3.78
supermarket,6.025595860743581e-06,3.78
sweater,6.025595860743581e-06,3.78
sweaters,6.025595860743581e-06,3.78
tenanted,6.025595860743581e-06,3.78
tenant,6.025595860743581e-06,3.78
tenanting,6.025595860743581e-06,3.78
thomson,6.025595860743581e-06,3.78
traction,6.025595860743581e-06,3.78
tractions,6.025595860743581e-06,3.78
tractor,6.025595860743581e-06,3.78
tractors,6.025595860743581e-06,3.78
trout,6.025595860743581e-06,3.78
trouts,6.025595860743581e-06,3.78
turnovers,6.025595860743581e-06,3.78
turnover,6.025595860743581e-06,3.78
uganda,6.025595860743581e-06,3.78
university's,6.025595860743581e-06,3.78
unwanted,6.025595860743581e-06,3.78
valentine's,6.025595860743581e-06,3.78
variants,6.025595860743581e-06,3.78
variant,6.025595860743581e-06,3.78
vegetarian,6.025595860743581e-06,3.78
vegetarians,6.025595860743581e-06,3.78
vernon,6.025595860743581e-06,3.78
visibility,6.025595860743581e-06,3.78
visibilities,6.025595860743581e-06,3.78
wherein,6.025595860743581e-06,3.78
whiskey,6.025595860743581e-06,3.78
whiskeys,6.025595860743581e-06,3.78
worms,6.025595860743581e-06,3.78
wyoming,6.025595860743581e-06,3.78
aaa,5.888436553555884e-06,3.77
abundant,5.888436553555884e-06,3.77
africans,5.888436553555884e-06,3.77
alexandria,5.888436553555884e-06,3.77
algebra,5.888436553555884e-06,3.77
algebras,5.888436553555884e-06,3.77
analytics,5.888436553555884e-06,3.77
antennae,5.888436553555884e-06,3.77
antenna,5.888436553555884e-06,3.77
antennas,5.888436553555884e-06,3.77
attributing,5.888436553555884e-06,3.77
attribute,5.888436553555884e-06,3.77
auditions,5.888436553555884e-06,3.77
auditioned,5.888436553555884e-06,3.77
auditioning,5.888436553555884e-06,3.77
audition,5.888436553555884e-06,3.77
bravo,5.888436553555884e-06,3.77
bravos,5.888436553555884e-06,3.77
bravoes,5.888436553555884e-06,3.77
carrie,5.888436553555884e-06,3.77
charleston,5.888436553555884e-06,3.77
chops,5.888436553555884e-06,3.77
chop,5.888436553555884e-06,3.77
chopping,5.888436553555884e-06,3.77
clifford,5.888436553555884e-06,3.77
co2,5.888436553555884e-06,3.77
cody,5.888436553555884e-06,3.77
coleman,5.888436553555884e-06,3.77
comparatives,5.888436553555884e-06,3.77
comparative,5.888436553555884e-06,3.77
complemented,5.888436553555884e-06,3.77
complement,5.888436553555884e-06,3.77
complements,5.888436553555884e-06,3.77
complementing,5.888436553555884e-06,3.77
connor,5.888436553555884e-06,3.77
conquer,5.888436553555884e-06,3.77
conquers,5.888436553555884e-06,3.77
conquering,5.888436553555884e-06,3.77
conquered,5.888436553555884e-06,3.77
conquest,5.888436553555884e-06,3.77
conquests,5.888436553555884e-06,3.77
continuity,5.888436553555884e-06,3.77
continuities,5.888436553555884e-06,3.77
cornwall,5.888436553555884e-06,3.77
crawling,5.888436553555884e-06,3.77
crawled,5.888436553555884e-06,3.77
crawl,5.888436553555884e-06,3.77
crawls,5.888436553555884e-06,3.77
credible,5.888436553555884e-06,3.77
day's,5.888436553555884e-06,3.77
db,5.888436553555884e-06,3.77
defects,5.888436553555884e-06,3.77
delightful,5.888436553555884e-06,3.77
depicted,5.888436553555884e-06,3.77
digits,5.888436553555884e-06,3.77
digit,5.888436553555884e-06,3.77
dinosaur,5.888436553555884e-06,3.77
dinosaurs,5.888436553555884e-06,3.77
drainage,5.888436553555884e-06,3.77
drainages,5.888436553555884e-06,3.77
drownings,5.888436553555884e-06,3.77
drowning,5.888436553555884e-06,3.77
embarrassments,5.888436553555884e-06,3.77
embarrassment,5.888436553555884e-06,3.77
fairness,5.888436553555884e-06,3.77
felony,5.888436553555884e-06,3.77
felonies,5.888436553555884e-06,3.77
flints,5.888436553555884e-06,3.77
flint,5.888436553555884e-06,3.77
floral,5.888436553555884e-06,3.77
fortresses,5.888436553555884e-06,3.77
fortress,5.888436553555884e-06,3.77
fundamentally,5.888436553555884e-06,3.77
hammond,5.888436553555884e-06,3.77
hearted,5.888436553555884e-06,3.77
herbs,5.888436553555884e-06,3.77
herb,5.888436553555884e-06,3.77
herded,5.888436553555884e-06,3.77
herd,5.888436553555884e-06,3.77
herds,5.888436553555884e-06,3.77
herding,5.888436553555884e-06,3.77
ideological,5.888436553555884e-06,3.77
immortals,5.888436553555884e-06,3.77
immortal,5.888436553555884e-06,3.77
incumbents,5.888436553555884e-06,3.77
incumbent,5.888436553555884e-06,3.77
insiders,5.888436553555884e-06,3.77
insider,5.888436553555884e-06,3.77
insufficient,5.888436553555884e-06,3.77
intervals,5.888436553555884e-06,3.77
interval,5.888436553555884e-06,3.77
jelly,5.888436553555884e-06,3.77
jellies,5.888436553555884e-06,3.77
kai,5.888436553555884e-06,3.77
kanye,5.888436553555884e-06,3.77
kidnappings,5.888436553555884e-06,3.77
kidnapping,5.888436553555884e-06,3.77
kilometres,5.888436553555884e-06,3.77
ky,5.888436553555884e-06,3.77
licking,5.888436553555884e-06,3.77
licks,5.888436553555884e-06,3.77
licked,5.888436553555884e-06,3.77
lick,5.888436553555884e-06,3.77
literal,5.888436553555884e-06,3.77
literals,5.888436553555884e-06,3.77
lunar,5.888436553555884e-06,3.77
maternal,5.888436553555884e-06,3.77
matthews,5.888436553555884e-06,3.77
maxwell,5.888436553555884e-06,3.77
mccain,5.888436553555884e-06,3.77
mcdonald,5.888436553555884e-06,3.77
memoir,5.888436553555884e-06,3.77
memoirs,5.888436553555884e-06,3.77
messi,5.888436553555884e-06,3.77
miguel,5.888436553555884e-06,3.77
modification,5.888436553555884e-06,3.77
mold,5.888436553555884e-06,3.77
molding,5.888436553555884e-06,3.77
molds,5.888436553555884e-06,3.77
molded,5.888436553555884e-06,3.77
napoleon,5.888436553555884e-06,3.77
neighbouring,5.888436553555884e-06,3.77
nigel,5.888436553555884e-06,3.77
objection,5.888436553555884e-06,3.77
objections,5.888436553555884e-06,3.77
obliged,5.888436553555884e-06,3.77
occurrence,5.888436553555884e-06,3.77
offsprings,5.888436553555884e-06,3.77
offspring,5.888436553555884e-06,3.77
ou,5.888436553555884e-06,3.77
outrageous,5.888436553555884e-06,3.77
packeted,5.888436553555884e-06,3.77
packets,5.888436553555884e-06,3.77
packeting,5.888436553555884e-06,3.77
packet,5.888436553555884e-06,3.77
pathways,5.888436553555884e-06,3.77
pathway,5.888436553555884e-06,3.77
peach,5.888436553555884e-06,3.77
peaches,5.888436553555884e-06,3.77
polo,5.888436553555884e-06,3.77
presenter,5.888436553555884e-06,3.77
presenters,5.888436553555884e-06,3.77
proclaimed,5.888436553555884e-06,3.77
prohibitions,5.888436553555884e-06,3.77
prohibition,5.888436553555884e-06,3.77
propping,5.888436553555884e-06,3.77
propped,5.888436553555884e-06,3.77
props,5.888436553555884e-06,3.77
prop,5.888436553555884e-06,3.77
queen's,5.888436553555884e-06,3.77
registries,5.888436553555884e-06,3.77
registry,5.888436553555884e-06,3.77
relieves,5.888436553555884e-06,3.77
relieving,5.888436553555884e-06,3.77
relieve,5.888436553555884e-06,3.77
remarkably,5.888436553555884e-06,3.77
rotating,5.888436553555884e-06,3.77
sanchez,5.888436553555884e-06,3.77
scar,5.888436553555884e-06,3.77
scarring,5.888436553555884e-06,3.77
scarred,5.888436553555884e-06,3.77
scars,5.888436553555884e-06,3.77
scriptures,5.888436553555884e-06,3.77
scripture,5.888436553555884e-06,3.77
seminar,5.888436553555884e-06,3.77
seminars,5.888436553555884e-06,3.77
silva,5.888436553555884e-06,3.77
simplicities,5.888436553555884e-06,3.77
simplicity,5.888436553555884e-06,3.77
softly,5.888436553555884e-06,3.77
specimens,5.888436553555884e-06,3.77
starbucks,5.888436553555884e-06,3.77
stereo,5.888436553555884e-06,3.77
stereos,5.888436553555884e-06,3.77
surrey,5.888436553555884e-06,3.77
surreys,5.888436553555884e-06,3.77
sustainability,5.888436553555884e-06,3.77
symphonies,5.888436553555884e-06,3.77
symphony,5.888436553555884e-06,3.77
tesla,5.888436553555884e-06,3.77
teslas,5.888436553555884e-06,3.77
textbook,5.888436553555884e-06,3.77
textbooks,5.888436553555884e-06,3.77
theological,5.888436553555884e-06,3.77
trader,5.888436553555884e-06,3.77
undercover,5.888436553555884e-06,3.77
valentine,5.888436553555884e-06,3.77
valentines,5.888436553555884e-06,3.77
vegetations,5.888436553555884e-06,3.77
vegetation,5.888436553555884e-06,3.77
veining,5.888436553555884e-06,3.77
vein,5.888436553555884e-06,3.77
veins,5.888436553555884e-06,3.77
veined,5.888436553555884e-06,3.77
velvet,5.888436553555884e-06,3.77
velvets,5.888436553555884e-06,3.77
viewer,5.888436553555884e-06,3.77
webb,5.888436553555884e-06,3.77
wheeler,5.888436553555884e-06,3.77
wormed,5.888436553555884e-06,3.77
worming,5.888436553555884e-06,3.77
worm,5.888436553555884e-06,3.77
accountant,5.754399373371567e-06,3.76
accountants,5.754399373371567e-06,3.76
activates,5.754399373371567e-06,3.76
activate,5.754399373371567e-06,3.76
activating,5.754399373371567e-06,3.76
alison,5.754399373371567e-06,3.76
amusing,5.754399373371567e-06,3.76
arabs,5.754399373371567e-06,3.76
beholding,5.754399373371567e-06,3.76
behold,5.754399373371567e-06,3.76
beheld,5.754399373371567e-06,3.76
beholds,5.754399373371567e-06,3.76
betrayed,5.754399373371567e-06,3.76
billionaire,5.754399373371567e-06,3.76
bloggers,5.754399373371567e-06,3.76
brewing,5.754399373371567e-06,3.76
brooke,5.754399373371567e-06,3.76
bypasses,5.754399373371567e-06,3.76
bypass,5.754399373371567e-06,3.76
bypassing,5.754399373371567e-06,3.76
bypassed,5.754399373371567e-06,3.76
calculation,5.754399373371567e-06,3.76
cancellations,5.754399373371567e-06,3.76
cancellation,5.754399373371567e-06,3.76
caned,5.754399373371567e-06,3.76
canes,5.754399373371567e-06,3.76
caning,5.754399373371567e-06,3.76
cane,5.754399373371567e-06,3.76
catalysts,5.754399373371567e-06,3.76
catalyst,5.754399373371567e-06,3.76
cedars,5.754399373371567e-06,3.76
cedar,5.754399373371567e-06,3.76
claude,5.754399373371567e-06,3.76
corpse,5.754399373371567e-06,3.76
corpses,5.754399373371567e-06,3.76
crabbed,5.754399373371567e-06,3.76
crab,5.754399373371567e-06,3.76
crabbing,5.754399373371567e-06,3.76
crabs,5.754399373371567e-06,3.76
cruelty,5.754399373371567e-06,3.76
cruelties,5.754399373371567e-06,3.76
darwin,5.754399373371567e-06,3.76
dawson,5.754399373371567e-06,3.76
dementias,5.754399373371567e-06,3.76
dementia,5.754399373371567e-06,3.76
designation,5.754399373371567e-06,3.76
designations,5.754399373371567e-06,3.76
dev,5.754399373371567e-06,3.76
diced,5.754399373371567e-06,3.76
dices,5.754399373371567e-06,3.76
dicing,5.754399373371567e-06,3.76
diploma,5.754399373371567e-06,3.76
diplomata,5.754399373371567e-06,3.76
diplomas,5.754399373371567e-06,3.76
dispatch,5.754399373371567e-06,3.76
dispatched,5.754399373371567e-06,3.76
dispatching,5.754399373371567e-06,3.76
dispatches,5.754399373371567e-06,3.76
ds,5.754399373371567e-06,3.76
duchess,5.754399373371567e-06,3.76
dunno,5.754399373371567e-06,3.76
eds,5.754399373371567e-06,3.76
extinction,5.754399373371567e-06,3.76
extinctions,5.754399373371567e-06,3.76
fb,5.754399373371567e-06,3.76
foils,5.754399373371567e-06,3.76
foiling,5.754399373371567e-06,3.76
foil,5.754399373371567e-06,3.76
foiled,5.754399373371567e-06,3.76
freddie,5.754399373371567e-06,3.76
gardner,5.754399373371567e-06,3.76
geology,5.754399373371567e-06,3.76
geologies,5.754399373371567e-06,3.76
gerald,5.754399373371567e-06,3.76
gram,5.754399373371567e-06,3.76
greene,5.754399373371567e-06,3.76
heaths,5.754399373371567e-06,3.76
heath,5.754399373371567e-06,3.76
heavenly,5.754399373371567e-06,3.76
horrific,5.754399373371567e-06,3.76
hugo,5.754399373371567e-06,3.76
insect,5.754399373371567e-06,3.76
iris,5.754399373371567e-06,3.76
irides,5.754399373371567e-06,3.76
irises,5.754399373371567e-06,3.76
lookin,5.754399373371567e-06,3.76
maurice,5.754399373371567e-06,3.76
mentality,5.754399373371567e-06,3.76
mentalities,5.754399373371567e-06,3.76
metre,5.754399373371567e-06,3.76
metred,5.754399373371567e-06,3.76
metring,5.754399373371567e-06,3.76
minecraft,5.754399373371567e-06,3.76
nascar,5.754399373371567e-06,3.76
neural,5.754399373371567e-06,3.76
newsletter,5.754399373371567e-06,3.76
newsletters,5.754399373371567e-06,3.76
nineteenth,5.754399373371567e-06,3.76
nitrogens,5.754399373371567e-06,3.76
nitrogen,5.754399373371567e-06,3.76
ooh,5.754399373371567e-06,3.76
patricia,5.754399373371567e-06,3.76
paulo,5.754399373371567e-06,3.76
payrolls,5.754399373371567e-06,3.76
payroll,5.754399373371567e-06,3.76
phenomenal,5.754399373371567e-06,3.76
philippine,5.754399373371567e-06,3.76
photographic,5.754399373371567e-06,3.76
pinches,5.754399373371567e-06,3.76
pinched,5.754399373371567e-06,3.76
pinching,5.754399373371567e-06,3.76
pinch,5.754399373371567e-06,3.76
pings,5.754399373371567e-06,3.76
pinged,5.754399373371567e-06,3.76
ping,5.754399373371567e-06,3.76
pinging,5.754399373371567e-06,3.76
predictable,5.754399373371567e-06,3.76
prix,5.754399373371567e-06,3.76
professionally,5.754399373371567e-06,3.76
queers,5.754399373371567e-06,3.76
queer,5.754399373371567e-06,3.76
queered,5.754399373371567e-06,3.76
queering,5.754399373371567e-06,3.76
queerer,5.754399373371567e-06,3.76
queerest,5.754399373371567e-06,3.76
rebounds,5.754399373371567e-06,3.76
reckon,5.754399373371567e-06,3.76
reckoned,5.754399373371567e-06,3.76
reckons,5.754399373371567e-06,3.76
reckoning,5.754399373371567e-06,3.76
recycling,5.754399373371567e-06,3.76
recyclings,5.754399373371567e-06,3.76
restriction,5.754399373371567e-06,3.76
resurrection,5.754399373371567e-06,3.76
rover,5.754399373371567e-06,3.76
rovers,5.754399373371567e-06,3.76
shannon,5.754399373371567e-06,3.76
shipment,5.754399373371567e-06,3.76
shipments,5.754399373371567e-06,3.76
sluts,5.754399373371567e-06,3.76
slut,5.754399373371567e-06,3.76
spatial,5.754399373371567e-06,3.76
stainless,5.754399373371567e-06,3.76
statutory,5.754399373371567e-06,3.76
stellar,5.754399373371567e-06,3.76
stockholm,5.754399373371567e-06,3.76
stripes,5.754399373371567e-06,3.76
stubborn,5.754399373371567e-06,3.76
summoned,5.754399373371567e-06,3.76
sussex,5.754399373371567e-06,3.76
syrup,5.754399373371567e-06,3.76
syrups,5.754399373371567e-06,3.76
tamil,5.754399373371567e-06,3.76
tappings,5.754399373371567e-06,3.76
tightly,5.754399373371567e-06,3.76
tina,5.754399373371567e-06,3.76
transplanted,5.754399373371567e-06,3.76
transplants,5.754399373371567e-06,3.76
transplanting,5.754399373371567e-06,3.76
transplant,5.754399373371567e-06,3.76
tu,5.754399373371567e-06,3.76
turves,5.754399373371567e-06,3.76
turfs,5.754399373371567e-06,3.76
turf,5.754399373371567e-06,3.76
turfing,5.754399373371567e-06,3.76
turfed,5.754399373371567e-06,3.76
twitches,5.754399373371567e-06,3.76
twitching,5.754399373371567e-06,3.76
twitched,5.754399373371567e-06,3.76
twitch,5.754399373371567e-06,3.76
unusually,5.754399373371567e-06,3.76
unveiled,5.754399373371567e-06,3.76
username,5.754399373371567e-06,3.76
vip,5.754399373371567e-06,3.76
volcano,5.754399373371567e-06,3.76
volcanoes,5.754399373371567e-06,3.76
volcanos,5.754399373371567e-06,3.76
warmers,5.754399373371567e-06,3.76
webster,5.754399373371567e-06,3.76
zach,5.754399373371567e-06,3.76
00000000,5.623413251903491e-06,3.75
accelerated,5.623413251903491e-06,3.75
accomplishments,5.623413251903491e-06,3.75
advertised,5.623413251903491e-06,3.75
ark,5.623413251903491e-06,3.75
arks,5.623413251903491e-06,3.75
armour,5.623413251903491e-06,3.75
atoms,5.623413251903491e-06,3.75
attaches,5.623413251903491e-06,3.75
attach,5.623413251903491e-06,3.75
attaching,5.623413251903491e-06,3.75
awaiting,5.623413251903491e-06,3.75
bayern,5.623413251903491e-06,3.75
binds,5.623413251903491e-06,3.75
bind,5.623413251903491e-06,3.75
blu,5.623413251903491e-06,3.75
bluetooth,5.623413251903491e-06,3.75
borrowings,5.623413251903491e-06,3.75
bradford,5.623413251903491e-06,3.75
bumming,5.623413251903491e-06,3.75
bum,5.623413251903491e-06,3.75
bummed,5.623413251903491e-06,3.75
bums,5.623413251903491e-06,3.75
butcher,5.623413251903491e-06,3.75
butchers,5.623413251903491e-06,3.75
butchering,5.623413251903491e-06,3.75
butchered,5.623413251903491e-06,3.75
c'mon,5.623413251903491e-06,3.75
café,5.623413251903491e-06,3.75
chandler,5.623413251903491e-06,3.75
chandlers,5.623413251903491e-06,3.75
chloe,5.623413251903491e-06,3.75
conception,5.623413251903491e-06,3.75
conceptions,5.623413251903491e-06,3.75
congo,5.623413251903491e-06,3.75
counterparts,5.623413251903491e-06,3.75
cueing,5.623413251903491e-06,3.75
cued,5.623413251903491e-06,3.75
cuing,5.623413251903491e-06,3.75
cue,5.623413251903491e-06,3.75
cues,5.623413251903491e-06,3.75
deed,5.623413251903491e-06,3.75
disciplinary,5.623413251903491e-06,3.75
dwarfs,5.623413251903491e-06,3.75
dwarfer,5.623413251903491e-06,3.75
dwarfed,5.623413251903491e-06,3.75
dwarves,5.623413251903491e-06,3.75
dwarf,5.623413251903491e-06,3.75
dwarfing,5.623413251903491e-06,3.75
dwarfest,5.623413251903491e-06,3.75
eighties,5.623413251903491e-06,3.75
eighty,5.623413251903491e-06,3.75
elena,5.623413251903491e-06,3.75
eligibility,5.623413251903491e-06,3.75
eligibilities,5.623413251903491e-06,3.75
enacted,5.623413251903491e-06,3.75
endorsements,5.623413251903491e-06,3.75
endorsement,5.623413251903491e-06,3.75
enlisted,5.623413251903491e-06,3.75
eyebrows,5.623413251903491e-06,3.75
fcc,5.623413251903491e-06,3.75
finite,5.623413251903491e-06,3.75
flagship,5.623413251903491e-06,3.75
flagships,5.623413251903491e-06,3.75
forensic,5.623413251903491e-06,3.75
forthcoming,5.623413251903491e-06,3.75
gallon,5.623413251903491e-06,3.75
gallons,5.623413251903491e-06,3.75
glucoses,5.623413251903491e-06,3.75
glucose,5.623413251903491e-06,3.75
gored,5.623413251903491e-06,3.75
gore,5.623413251903491e-06,3.75
goring,5.623413251903491e-06,3.75
gores,5.623413251903491e-06,3.75
govt,5.623413251903491e-06,3.75
gown,5.623413251903491e-06,3.75
gowned,5.623413251903491e-06,3.75
gowns,5.623413251903491e-06,3.75
gowning,5.623413251903491e-06,3.75
greedy,5.623413251903491e-06,3.75
greediest,5.623413251903491e-06,3.75
greedier,5.623413251903491e-06,3.75
halo,5.623413251903491e-06,3.75
haloes,5.623413251903491e-06,3.75
haloed,5.623413251903491e-06,3.75
haloing,5.623413251903491e-06,3.75
halos,5.623413251903491e-06,3.75
hilton,5.623413251903491e-06,3.75
ideally,5.623413251903491e-06,3.75
infamous,5.623413251903491e-06,3.75
inspirational,5.623413251903491e-06,3.75
internally,5.623413251903491e-06,3.75
kashmir,5.623413251903491e-06,3.75
knox,5.623413251903491e-06,3.75
lateral,5.623413251903491e-06,3.75
laterals,5.623413251903491e-06,3.75
leigh,5.623413251903491e-06,3.75
lib,5.623413251903491e-06,3.75
lifelong,5.623413251903491e-06,3.75
limestones,5.623413251903491e-06,3.75
limestone,5.623413251903491e-06,3.75
liner,5.623413251903491e-06,3.75
liners,5.623413251903491e-06,3.75
merge,5.623413251903491e-06,3.75
merged,5.623413251903491e-06,3.75
merges,5.623413251903491e-06,3.75
merging,5.623413251903491e-06,3.75
mesh,5.623413251903491e-06,3.75
meshes,5.623413251903491e-06,3.75
meshed,5.623413251903491e-06,3.75
meshing,5.623413251903491e-06,3.75
migrant,5.623413251903491e-06,3.75
mohammed,5.623413251903491e-06,3.75
morons,5.623413251903491e-06,3.75
moron,5.623413251903491e-06,3.75
mortars,5.623413251903491e-06,3.75
mortar,5.623413251903491e-06,3.75
mortared,5.623413251903491e-06,3.75
mortaring,5.623413251903491e-06,3.75
naives,5.623413251903491e-06,3.75
naive,5.623413251903491e-06,3.75
nat,5.623413251903491e-06,3.75
norton,5.623413251903491e-06,3.75
noticeable,5.623413251903491e-06,3.75
nt,5.623413251903491e-06,3.75
omar,5.623413251903491e-06,3.75
palestinians,5.623413251903491e-06,3.75
paula,5.623413251903491e-06,3.75
paypal,5.623413251903491e-06,3.75
pedro,5.623413251903491e-06,3.75
perfume,5.623413251903491e-06,3.75
perfumed,5.623413251903491e-06,3.75
perfumes,5.623413251903491e-06,3.75
perfuming,5.623413251903491e-06,3.75
prestige,5.623413251903491e-06,3.75
pyramid,5.623413251903491e-06,3.75
pyramids,5.623413251903491e-06,3.75
relevance,5.623413251903491e-06,3.75
remotely,5.623413251903491e-06,3.75
retailer,5.623413251903491e-06,3.75
rica,5.623413251903491e-06,3.75
rigid,5.623413251903491e-06,3.75
rita,5.623413251903491e-06,3.75
rm,5.623413251903491e-06,3.75
rom,5.623413251903491e-06,3.75
ronaldo,5.623413251903491e-06,3.75
samantha,5.623413251903491e-06,3.75
samplings,5.623413251903491e-06,3.75
screenshot,5.623413251903491e-06,3.75
selfie,5.623413251903491e-06,3.75
settlers,5.623413251903491e-06,3.75
shattered,5.623413251903491e-06,3.75
spacecrafts,5.623413251903491e-06,3.75
spacecraft,5.623413251903491e-06,3.75
specification,5.623413251903491e-06,3.75
splendid,5.623413251903491e-06,3.75
sundays,5.623413251903491e-06,3.75
t00,5.623413251903491e-06,3.75
telescope,5.623413251903491e-06,3.75
telescoped,5.623413251903491e-06,3.75
telescoping,5.623413251903491e-06,3.75
telescopes,5.623413251903491e-06,3.75
temps,5.623413251903491e-06,3.75
temping,5.623413251903491e-06,3.75
temp,5.623413251903491e-06,3.75
temped,5.623413251903491e-06,3.75
terminated,5.623413251903491e-06,3.75
textiles,5.623413251903491e-06,3.75
textile,5.623413251903491e-06,3.75
that'd,5.623413251903491e-06,3.75
thicknesses,5.623413251903491e-06,3.75
thickness,5.623413251903491e-06,3.75
tray,5.623413251903491e-06,3.75
trays,5.623413251903491e-06,3.75
uae,5.623413251903491e-06,3.75
ucla,5.623413251903491e-06,3.75
unreasonable,5.623413251903491e-06,3.75
unsure,5.623413251903491e-06,3.75
upwards,5.623413251903491e-06,3.75
utilizes,5.623413251903491e-06,3.75
utilize,5.623413251903491e-06,3.75
utilizing,5.623413251903491e-06,3.75
valuations,5.623413251903491e-06,3.75
valuation,5.623413251903491e-06,3.75
veterinary,5.623413251903491e-06,3.75
veterinaries,5.623413251903491e-06,3.75
villagers,5.623413251903491e-06,3.75
violates,5.623413251903491e-06,3.75
violating,5.623413251903491e-06,3.75
violate,5.623413251903491e-06,3.75
vivid,5.623413251903491e-06,3.75
00b,5.4954087385762485e-06,3.74
accusing,5.4954087385762485e-06,3.74
alexis,5.4954087385762485e-06,3.74
allocation,5.4954087385762485e-06,3.74
allocations,5.4954087385762485e-06,3.74
americas,5.4954087385762485e-06,3.74
amusements,5.4954087385762485e-06,3.74
amusement,5.4954087385762485e-06,3.74
antibiotics,5.4954087385762485e-06,3.74
anticipations,5.4954087385762485e-06,3.74
anticipation,5.4954087385762485e-06,3.74
anyone's,5.4954087385762485e-06,3.74
appropriately,5.4954087385762485e-06,3.74
arrogant,5.4954087385762485e-06,3.74
authorization,5.4954087385762485e-06,3.74
authorizations,5.4954087385762485e-06,3.74
auxiliaries,5.4954087385762485e-06,3.74
auxiliary,5.4954087385762485e-06,3.74
b.c,5.4954087385762485e-06,3.74
baggage,5.4954087385762485e-06,3.74
beacons,5.4954087385762485e-06,3.74
beacon,5.4954087385762485e-06,3.74
bella,5.4954087385762485e-06,3.74
bounty,5.4954087385762485e-06,3.74
bounties,5.4954087385762485e-06,3.74
boxers,5.4954087385762485e-06,3.74
boxer,5.4954087385762485e-06,3.74
briefings,5.4954087385762485e-06,3.74
brooked,5.4954087385762485e-06,3.74
brooking,5.4954087385762485e-06,3.74
brook,5.4954087385762485e-06,3.74
canterbury,5.4954087385762485e-06,3.74
ceramic,5.4954087385762485e-06,3.74
cereals,5.4954087385762485e-06,3.74
cereal,5.4954087385762485e-06,3.74
challengers,5.4954087385762485e-06,3.74
challenger,5.4954087385762485e-06,3.74
clergy,5.4954087385762485e-06,3.74
colas,5.4954087385762485e-06,3.74
cola,5.4954087385762485e-06,3.74
comae,5.4954087385762485e-06,3.74
comas,5.4954087385762485e-06,3.74
coma,5.4954087385762485e-06,3.74
comfortably,5.4954087385762485e-06,3.74
compassing,5.4954087385762485e-06,3.74
compassed,5.4954087385762485e-06,3.74
compasses,5.4954087385762485e-06,3.74
compass,5.4954087385762485e-06,3.74
contempt,5.4954087385762485e-06,3.74
credentials,5.4954087385762485e-06,3.74
croatia,5.4954087385762485e-06,3.74
descended,5.4954087385762485e-06,3.74
disappearance,5.4954087385762485e-06,3.74
disappearances,5.4954087385762485e-06,3.74
doyle,5.4954087385762485e-06,3.74
drowned,5.4954087385762485e-06,3.74
dwelling,5.4954087385762485e-06,3.74
dwellings,5.4954087385762485e-06,3.74
dwight,5.4954087385762485e-06,3.74
ecologies,5.4954087385762485e-06,3.74
ecology,5.4954087385762485e-06,3.74
einstein,5.4954087385762485e-06,3.74
eli,5.4954087385762485e-06,3.74
elliot,5.4954087385762485e-06,3.74
emergences,5.4954087385762485e-06,3.74
emergence,5.4954087385762485e-06,3.74
enclosed,5.4954087385762485e-06,3.74
endurance,5.4954087385762485e-06,3.74
erotic,5.4954087385762485e-06,3.74
evacuations,5.4954087385762485e-06,3.74
evacuation,5.4954087385762485e-06,3.74
exceptionally,5.4954087385762485e-06,3.74
expenditures,5.4954087385762485e-06,3.74
expenditure,5.4954087385762485e-06,3.74
falcon,5.4954087385762485e-06,3.74
falcons,5.4954087385762485e-06,3.74
fernando,5.4954087385762485e-06,3.74
folders,5.4954087385762485e-06,3.74
folder,5.4954087385762485e-06,3.74
frightened,5.4954087385762485e-06,3.74
gavin,5.4954087385762485e-06,3.74
grooving,5.4954087385762485e-06,3.74
groove,5.4954087385762485e-06,3.74
grooves,5.4954087385762485e-06,3.74
grooved,5.4954087385762485e-06,3.74
hbo,5.4954087385762485e-06,3.74
hedge,5.4954087385762485e-06,3.74
hedged,5.4954087385762485e-06,3.74
hedges,5.4954087385762485e-06,3.74
hedging,5.4954087385762485e-06,3.74
homosexualities,5.4954087385762485e-06,3.74
homosexuality,5.4954087385762485e-06,3.74
ingredient,5.4954087385762485e-06,3.74
initiating,5.4954087385762485e-06,3.74
initiates,5.4954087385762485e-06,3.74
initiate,5.4954087385762485e-06,3.74
invaded,5.4954087385762485e-06,3.74
ironically,5.4954087385762485e-06,3.74
istanbul,5.4954087385762485e-06,3.74
jacobs,5.4954087385762485e-06,3.74
jealousies,5.4954087385762485e-06,3.74
jealousy,5.4954087385762485e-06,3.74
jewellery,5.4954087385762485e-06,3.74
joker,5.4954087385762485e-06,3.74
jokers,5.4954087385762485e-06,3.74
jonas,5.4954087385762485e-06,3.74
kingston,5.4954087385762485e-06,3.74
laden,5.4954087385762485e-06,3.74
ladening,5.4954087385762485e-06,3.74
ladens,5.4954087385762485e-06,3.74
ladened,5.4954087385762485e-06,3.74
limbs,5.4954087385762485e-06,3.74
lionel,5.4954087385762485e-06,3.74
liu,5.4954087385762485e-06,3.74
mccarthy,5.4954087385762485e-06,3.74
medicaid,5.4954087385762485e-06,3.74
meta,5.4954087385762485e-06,3.74
mils,5.4954087385762485e-06,3.74
mil,5.4954087385762485e-06,3.74
mit,5.4954087385762485e-06,3.74
newark,5.4954087385762485e-06,3.74
nods,5.4954087385762485e-06,3.74
nod,5.4954087385762485e-06,3.74
nodding,5.4954087385762485e-06,3.74
nodded,5.4954087385762485e-06,3.74
notebook,5.4954087385762485e-06,3.74
notebooks,5.4954087385762485e-06,3.74
offline,5.4954087385762485e-06,3.74
offs,5.4954087385762485e-06,3.74
overweights,5.4954087385762485e-06,3.74
overweighting,5.4954087385762485e-06,3.74
overweighted,5.4954087385762485e-06,3.74
overweight,5.4954087385762485e-06,3.74
palettes,5.4954087385762485e-06,3.74
palette,5.4954087385762485e-06,3.74
payne,5.4954087385762485e-06,3.74
pneumonias,5.4954087385762485e-06,3.74
pneumoniae,5.4954087385762485e-06,3.74
pneumonia,5.4954087385762485e-06,3.74
policeman,5.4954087385762485e-06,3.74
policemen,5.4954087385762485e-06,3.74
postponed,5.4954087385762485e-06,3.74
potent,5.4954087385762485e-06,3.74
preceding,5.4954087385762485e-06,3.74
predators,5.4954087385762485e-06,3.74
psychos,5.4954087385762485e-06,3.74
psycho,5.4954087385762485e-06,3.74
rainy,5.4954087385762485e-06,3.74
rainiest,5.4954087385762485e-06,3.74
rainier,5.4954087385762485e-06,3.74
renovations,5.4954087385762485e-06,3.74
renovation,5.4954087385762485e-06,3.74
reverends,5.4954087385762485e-06,3.74
reverend,5.4954087385762485e-06,3.74
rust,5.4954087385762485e-06,3.74
rusted,5.4954087385762485e-06,3.74
rusts,5.4954087385762485e-06,3.74
rusting,5.4954087385762485e-06,3.74
salty,5.4954087385762485e-06,3.74
saltier,5.4954087385762485e-06,3.74
saltiest,5.4954087385762485e-06,3.74
scots,5.4954087385762485e-06,3.74
scrutiny,5.4954087385762485e-06,3.74
scrutinies,5.4954087385762485e-06,3.74
seizures,5.4954087385762485e-06,3.74
seizure,5.4954087385762485e-06,3.74
serum,5.4954087385762485e-06,3.74
sera,5.4954087385762485e-06,3.74
serums,5.4954087385762485e-06,3.74
singular,5.4954087385762485e-06,3.74
skated,5.4954087385762485e-06,3.74
skates,5.4954087385762485e-06,3.74
skate,5.4954087385762485e-06,3.74
sofia,5.4954087385762485e-06,3.74
storyline,5.4954087385762485e-06,3.74
stray,5.4954087385762485e-06,3.74
straying,5.4954087385762485e-06,3.74
strayed,5.4954087385762485e-06,3.74
strays,5.4954087385762485e-06,3.74
studs,5.4954087385762485e-06,3.74
studded,5.4954087385762485e-06,3.74
studding,5.4954087385762485e-06,3.74
stud,5.4954087385762485e-06,3.74
subsidies,5.4954087385762485e-06,3.74
supper,5.4954087385762485e-06,3.74
suppers,5.4954087385762485e-06,3.74
sweethearts,5.4954087385762485e-06,3.74
sweetheart,5.4954087385762485e-06,3.74
systemic,5.4954087385762485e-06,3.74
tempo,5.4954087385762485e-06,3.74
tempi,5.4954087385762485e-06,3.74
tempos,5.4954087385762485e-06,3.74
thereof,5.4954087385762485e-06,3.74
thirstier,5.4954087385762485e-06,3.74
thirstiest,5.4954087385762485e-06,3.74
thirsty,5.4954087385762485e-06,3.74
torches,5.4954087385762485e-06,3.74
torch,5.4954087385762485e-06,3.74
tumblr,5.4954087385762485e-06,3.74
turbo,5.4954087385762485e-06,3.74
unchanged,5.4954087385762485e-06,3.74
understandable,5.4954087385762485e-06,3.74
upright,5.4954087385762485e-06,3.74
uprights,5.4954087385762485e-06,3.74
uprisings,5.4954087385762485e-06,3.74
uprising,5.4954087385762485e-06,3.74
vain,5.4954087385762485e-06,3.74
vainest,5.4954087385762485e-06,3.74
vainer,5.4954087385762485e-06,3.74
vanities,5.4954087385762485e-06,3.74
vanity,5.4954087385762485e-06,3.74
violins,5.4954087385762485e-06,3.74
violin,5.4954087385762485e-06,3.74
wh,5.4954087385762485e-06,3.74
whereby,5.4954087385762485e-06,3.74
whispering,5.4954087385762485e-06,3.74
whispered,5.4954087385762485e-06,3.74
whisper,5.4954087385762485e-06,3.74
whispers,5.4954087385762485e-06,3.74
worthwhile,5.4954087385762485e-06,3.74
xx,5.4954087385762485e-06,3.74
000p,5.370317963702533e-06,3.73
acceleration,5.370317963702533e-06,3.73
accelerations,5.370317963702533e-06,3.73
aerospace,5.370317963702533e-06,3.73
ak,5.370317963702533e-06,3.73
aluminium,5.370317963702533e-06,3.73
analog,5.370317963702533e-06,3.73
analogs,5.370317963702533e-06,3.73
analytical,5.370317963702533e-06,3.73
anticipates,5.370317963702533e-06,3.73
anticipate,5.370317963702533e-06,3.73
anticipating,5.370317963702533e-06,3.73
arcades,5.370317963702533e-06,3.73
arcade,5.370317963702533e-06,3.73
arlington,5.370317963702533e-06,3.73
asthmas,5.370317963702533e-06,3.73
asthma,5.370317963702533e-06,3.73
aurora,5.370317963702533e-06,3.73
bacterial,5.370317963702533e-06,3.73
bankrupting,5.370317963702533e-06,3.73
bankrupts,5.370317963702533e-06,3.73
bankrupted,5.370317963702533e-06,3.73
bankrupt,5.370317963702533e-06,3.73
blinking,5.370317963702533e-06,3.73
blinked,5.370317963702533e-06,3.73
blinks,5.370317963702533e-06,3.73
blink,5.370317963702533e-06,3.73
brother's,5.370317963702533e-06,3.73
carey,5.370317963702533e-06,3.73
castro,5.370317963702533e-06,3.73
chang,5.370317963702533e-06,3.73
childish,5.370317963702533e-06,3.73
chili,5.370317963702533e-06,3.73
clayton,5.370317963702533e-06,3.73
coiled,5.370317963702533e-06,3.73
coiling,5.370317963702533e-06,3.73
coils,5.370317963702533e-06,3.73
coil,5.370317963702533e-06,3.73
constituents,5.370317963702533e-06,3.73
contentions,5.370317963702533e-06,3.73
contention,5.370317963702533e-06,3.73
covenanted,5.370317963702533e-06,3.73
covenant,5.370317963702533e-06,3.73
covenanting,5.370317963702533e-06,3.73
covenants,5.370317963702533e-06,3.73
das,5.370317963702533e-06,3.73
devotions,5.370317963702533e-06,3.73
devotion,5.370317963702533e-06,3.73
dilemmata,5.370317963702533e-06,3.73
dilemmas,5.370317963702533e-06,3.73
dilemma,5.370317963702533e-06,3.73
dissed,5.370317963702533e-06,3.73
dissing,5.370317963702533e-06,3.73
dises,5.370317963702533e-06,3.73
dis,5.370317963702533e-06,3.73
disgraced,5.370317963702533e-06,3.73
disgracing,5.370317963702533e-06,3.73
disgraces,5.370317963702533e-06,3.73
disgrace,5.370317963702533e-06,3.73
dixon,5.370317963702533e-06,3.73
emirates,5.370317963702533e-06,3.73
emmy,5.370317963702533e-06,3.73
ethiopia,5.370317963702533e-06,3.73
ethnicities,5.370317963702533e-06,3.73
ethnicity,5.370317963702533e-06,3.73
eventual,5.370317963702533e-06,3.73
excelling,5.370317963702533e-06,3.73
excelled,5.370317963702533e-06,3.73
excel,5.370317963702533e-06,3.73
excels,5.370317963702533e-06,3.73
firstly,5.370317963702533e-06,3.73
flavour,5.370317963702533e-06,3.73
flavours,5.370317963702533e-06,3.73
flexing,5.370317963702533e-06,3.73
flex,5.370317963702533e-06,3.73
flexes,5.370317963702533e-06,3.73
flexed,5.370317963702533e-06,3.73
franco,5.370317963702533e-06,3.73
genuses,5.370317963702533e-06,3.73
genus,5.370317963702533e-06,3.73
genera,5.370317963702533e-06,3.73
gloria,5.370317963702533e-06,3.73
glove,5.370317963702533e-06,3.73
gloved,5.370317963702533e-06,3.73
gloving,5.370317963702533e-06,3.73
grammy,5.370317963702533e-06,3.73
grapes,5.370317963702533e-06,3.73
greed,5.370317963702533e-06,3.73
greet,5.370317963702533e-06,3.73
greets,5.370317963702533e-06,3.73
greeting,5.370317963702533e-06,3.73
greeted,5.370317963702533e-06,3.73
hank,5.370317963702533e-06,3.73
hose,5.370317963702533e-06,3.73
hoses,5.370317963702533e-06,3.73
hosing,5.370317963702533e-06,3.73
hosed,5.370317963702533e-06,3.73
hq,5.370317963702533e-06,3.73
inflammations,5.370317963702533e-06,3.73
inflammation,5.370317963702533e-06,3.73
john's,5.370317963702533e-06,3.73
ko,5.370317963702533e-06,3.73
lambert,5.370317963702533e-06,3.73
lavas,5.370317963702533e-06,3.73
lava,5.370317963702533e-06,3.73
ln,5.370317963702533e-06,3.73
longtime,5.370317963702533e-06,3.73
madonna,5.370317963702533e-06,3.73
magnet,5.370317963702533e-06,3.73
magnets,5.370317963702533e-06,3.73
mann,5.370317963702533e-06,3.73
metaphor,5.370317963702533e-06,3.73
metaphors,5.370317963702533e-06,3.73
millionaires,5.370317963702533e-06,3.73
millionaire,5.370317963702533e-06,3.73
mn,5.370317963702533e-06,3.73
myers,5.370317963702533e-06,3.73
negro,5.370317963702533e-06,3.73
notify,5.370317963702533e-06,3.73
notifying,5.370317963702533e-06,3.73
notifies,5.370317963702533e-06,3.73
ole,5.370317963702533e-06,3.73
oops,5.370317963702533e-06,3.73
oriental,5.370317963702533e-06,3.73
orientals,5.370317963702533e-06,3.73
pact,5.370317963702533e-06,3.73
pacts,5.370317963702533e-06,3.73
paramount,5.370317963702533e-06,3.73
paranoid,5.370317963702533e-06,3.73
paranoids,5.370317963702533e-06,3.73
patriot,5.370317963702533e-06,3.73
patrons,5.370317963702533e-06,3.73
patron,5.370317963702533e-06,3.73
pearson,5.370317963702533e-06,3.73
popcorn,5.370317963702533e-06,3.73
proxy,5.370317963702533e-06,3.73
proxies,5.370317963702533e-06,3.73
quantitative,5.370317963702533e-06,3.73
regains,5.370317963702533e-06,3.73
regain,5.370317963702533e-06,3.73
regained,5.370317963702533e-06,3.73
regaining,5.370317963702533e-06,3.73
renewing,5.370317963702533e-06,3.73
renews,5.370317963702533e-06,3.73
renew,5.370317963702533e-06,3.73
resembled,5.370317963702533e-06,3.73
resembles,5.370317963702533e-06,3.73
resembling,5.370317963702533e-06,3.73
resemble,5.370317963702533e-06,3.73
retarded,5.370317963702533e-06,3.73
retro,5.370317963702533e-06,3.73
revolted,5.370317963702533e-06,3.73
revolt,5.370317963702533e-06,3.73
revolting,5.370317963702533e-06,3.73
revolts,5.370317963702533e-06,3.73
rightly,5.370317963702533e-06,3.73
rumoring,5.370317963702533e-06,3.73
rumored,5.370317963702533e-06,3.73
rumor,5.370317963702533e-06,3.73
saddles,5.370317963702533e-06,3.73
saddled,5.370317963702533e-06,3.73
saddle,5.370317963702533e-06,3.73
saddling,5.370317963702533e-06,3.73
schmidt,5.370317963702533e-06,3.73
sherlock,5.370317963702533e-06,3.73
shirley,5.370317963702533e-06,3.73
shrining,5.370317963702533e-06,3.73
shrined,5.370317963702533e-06,3.73
shrine,5.370317963702533e-06,3.73
shrines,5.370317963702533e-06,3.73
shrinking,5.370317963702533e-06,3.73
shrink,5.370317963702533e-06,3.73
shrunk,5.370317963702533e-06,3.73
shrank,5.370317963702533e-06,3.73
shrinks,5.370317963702533e-06,3.73
shrunken,5.370317963702533e-06,3.73
snipers,5.370317963702533e-06,3.73
sniper,5.370317963702533e-06,3.73
solitaries,5.370317963702533e-06,3.73
solitary,5.370317963702533e-06,3.73
sorrowed,5.370317963702533e-06,3.73
sorrows,5.370317963702533e-06,3.73
sorrowing,5.370317963702533e-06,3.73
sorrow,5.370317963702533e-06,3.73
stokes,5.370317963702533e-06,3.73
stoke,5.370317963702533e-06,3.73
stoked,5.370317963702533e-06,3.73
stoking,5.370317963702533e-06,3.73
sutton,5.370317963702533e-06,3.73
talkin,5.370317963702533e-06,3.73
termination,5.370317963702533e-06,3.73
terminations,5.370317963702533e-06,3.73
thames,5.370317963702533e-06,3.73
thighs,5.370317963702533e-06,3.73
thigh,5.370317963702533e-06,3.73
thriving,5.370317963702533e-06,3.73
thrives,5.370317963702533e-06,3.73
throve,5.370317963702533e-06,3.73
thrive,5.370317963702533e-06,3.73
thrived,5.370317963702533e-06,3.73
tr,5.370317963702533e-06,3.73
trolling,5.370317963702533e-06,3.73
troll,5.370317963702533e-06,3.73
trolled,5.370317963702533e-06,3.73
trolls,5.370317963702533e-06,3.73
ty,5.370317963702533e-06,3.73
uncovered,5.370317963702533e-06,3.73
under-took,5.370317963702533e-06,3.73
under-takes,5.370317963702533e-06,3.73
undertaking,5.370317963702533e-06,3.73
undertake,5.370317963702533e-06,3.73
undertakes,5.370317963702533e-06,3.73
undertook,5.370317963702533e-06,3.73
under-taken,5.370317963702533e-06,3.73
under-taking,5.370317963702533e-06,3.73
unpaid,5.370317963702533e-06,3.73
unsuccessful,5.370317963702533e-06,3.73
usc,5.370317963702533e-06,3.73
vests,5.370317963702533e-06,3.73
vest,5.370317963702533e-06,3.73
vesting,5.370317963702533e-06,3.73
vested,5.370317963702533e-06,3.73
vined,5.370317963702533e-06,3.73
vines,5.370317963702533e-06,3.73
vine,5.370317963702533e-06,3.73
vining,5.370317963702533e-06,3.73
warranty,5.370317963702533e-06,3.73
warranties,5.370317963702533e-06,3.73
weakened,5.370317963702533e-06,3.73
windsor,5.370317963702533e-06,3.73
xxx,5.370317963702533e-06,3.73
yens,5.370317963702533e-06,3.73
yen,5.370317963702533e-06,3.73
zimbabwe,5.370317963702533e-06,3.73
00ers,5.248074602497723e-06,3.72
airways,5.248074602497723e-06,3.72
aisles,5.248074602497723e-06,3.72
aisle,5.248074602497723e-06,3.72
almighty,5.248074602497723e-06,3.72
amino,5.248074602497723e-06,3.72
appareling,5.248074602497723e-06,3.72
apparels,5.248074602497723e-06,3.72
appareled,5.248074602497723e-06,3.72
apparel,5.248074602497723e-06,3.72
apparelling,5.248074602497723e-06,3.72
apparelled,5.248074602497723e-06,3.72
arbitrations,5.248074602497723e-06,3.72
arbitration,5.248074602497723e-06,3.72
artifacts,5.248074602497723e-06,3.72
ashton,5.248074602497723e-06,3.72
atom,5.248074602497723e-06,3.72
auburn,5.248074602497723e-06,3.72
awakening,5.248074602497723e-06,3.72
awakenings,5.248074602497723e-06,3.72
bilateral,5.248074602497723e-06,3.72
bled,5.248074602497723e-06,3.72
bleed,5.248074602497723e-06,3.72
bleeds,5.248074602497723e-06,3.72
boy's,5.248074602497723e-06,3.72
brace,5.248074602497723e-06,3.72
braces,5.248074602497723e-06,3.72
bracing,5.248074602497723e-06,3.72
braced,5.248074602497723e-06,3.72
burgers,5.248074602497723e-06,3.72
captioning,5.248074602497723e-06,3.72
captioned,5.248074602497723e-06,3.72
captions,5.248074602497723e-06,3.72
caption,5.248074602497723e-06,3.72
choked,5.248074602497723e-06,3.72
choking,5.248074602497723e-06,3.72
chokes,5.248074602497723e-06,3.72
choke,5.248074602497723e-06,3.72
cholesterol,5.248074602497723e-06,3.72
cholesterols,5.248074602497723e-06,3.72
classy,5.248074602497723e-06,3.72
classiest,5.248074602497723e-06,3.72
classier,5.248074602497723e-06,3.72
clyde,5.248074602497723e-06,3.72
compelled,5.248074602497723e-06,3.72
concealed,5.248074602497723e-06,3.72
condemning,5.248074602497723e-06,3.72
condemns,5.248074602497723e-06,3.72
condemn,5.248074602497723e-06,3.72
confrontation,5.248074602497723e-06,3.72
confrontations,5.248074602497723e-06,3.72
contributor,5.248074602497723e-06,3.72
contributors,5.248074602497723e-06,3.72
cpu,5.248074602497723e-06,3.72
damon,5.248074602497723e-06,3.72
deluxe,5.248074602497723e-06,3.72
devastated,5.248074602497723e-06,3.72
disguise,5.248074602497723e-06,3.72
disguised,5.248074602497723e-06,3.72
disguising,5.248074602497723e-06,3.72
disguises,5.248074602497723e-06,3.72
dismissal,5.248074602497723e-06,3.72
dismissals,5.248074602497723e-06,3.72
downstairs,5.248074602497723e-06,3.72
empathy,5.248074602497723e-06,3.72
ensembled,5.248074602497723e-06,3.72
ensembling,5.248074602497723e-06,3.72
ensembles,5.248074602497723e-06,3.72
ensemble,5.248074602497723e-06,3.72
ernest,5.248074602497723e-06,3.72
feasible,5.248074602497723e-06,3.72
flawed,5.248074602497723e-06,3.72
gettin,5.248074602497723e-06,3.72
gi,5.248074602497723e-06,3.72
greased,5.248074602497723e-06,3.72
greasing,5.248074602497723e-06,3.72
greases,5.248074602497723e-06,3.72
grease,5.248074602497723e-06,3.72
greeks,5.248074602497723e-06,3.72
haiti,5.248074602497723e-06,3.72
hallways,5.248074602497723e-06,3.72
hallway,5.248074602497723e-06,3.72
harley,5.248074602497723e-06,3.72
homosexuals,5.248074602497723e-06,3.72
homosexual,5.248074602497723e-06,3.72
hulk,5.248074602497723e-06,3.72
hydraulic,5.248074602497723e-06,3.72
impulses,5.248074602497723e-06,3.72
impulse,5.248074602497723e-06,3.72
impulsed,5.248074602497723e-06,3.72
impulsing,5.248074602497723e-06,3.72
incapable,5.248074602497723e-06,3.72
indies,5.248074602497723e-06,3.72
inflammatory,5.248074602497723e-06,3.72
insanity,5.248074602497723e-06,3.72
insanities,5.248074602497723e-06,3.72
insecure,5.248074602497723e-06,3.72
integrate,5.248074602497723e-06,3.72
integrates,5.248074602497723e-06,3.72
integrating,5.248074602497723e-06,3.72
intentional,5.248074602497723e-06,3.72
ish,5.248074602497723e-06,3.72
jeep,5.248074602497723e-06,3.72
jeeps,5.248074602497723e-06,3.72
knotting,5.248074602497723e-06,3.72
knotted,5.248074602497723e-06,3.72
knots,5.248074602497723e-06,3.72
knot,5.248074602497723e-06,3.72
lebanese,5.248074602497723e-06,3.72
lecturers,5.248074602497723e-06,3.72
lecturer,5.248074602497723e-06,3.72
lusting,5.248074602497723e-06,3.72
lusts,5.248074602497723e-06,3.72
lust,5.248074602497723e-06,3.72
lusted,5.248074602497723e-06,3.72
marilyn,5.248074602497723e-06,3.72
mayo,5.248074602497723e-06,3.72
michel,5.248074602497723e-06,3.72
microphones,5.248074602497723e-06,3.72
microphone,5.248074602497723e-06,3.72
miniatures,5.248074602497723e-06,3.72
miniature,5.248074602497723e-06,3.72
mottoes,5.248074602497723e-06,3.72
mottos,5.248074602497723e-06,3.72
motto,5.248074602497723e-06,3.72
nationalities,5.248074602497723e-06,3.72
nationality,5.248074602497723e-06,3.72
nottingham,5.248074602497723e-06,3.72
nw,5.248074602497723e-06,3.72
obstacle,5.248074602497723e-06,3.72
occupational,5.248074602497723e-06,3.72
og,5.248074602497723e-06,3.72
onset,5.248074602497723e-06,3.72
onsets,5.248074602497723e-06,3.72
pe,5.248074602497723e-06,3.72
perceives,5.248074602497723e-06,3.72
perceiving,5.248074602497723e-06,3.72
perceive,5.248074602497723e-06,3.72
persecutions,5.248074602497723e-06,3.72
persecution,5.248074602497723e-06,3.72
petrol,5.248074602497723e-06,3.72
philosopher,5.248074602497723e-06,3.72
philosophers,5.248074602497723e-06,3.72
pixel,5.248074602497723e-06,3.72
pixels,5.248074602497723e-06,3.72
plantation,5.248074602497723e-06,3.72
plantations,5.248074602497723e-06,3.72
presently,5.248074602497723e-06,3.72
prose,5.248074602497723e-06,3.72
proses,5.248074602497723e-06,3.72
prostitution,5.248074602497723e-06,3.72
radioactive,5.248074602497723e-06,3.72
razor,5.248074602497723e-06,3.72
razored,5.248074602497723e-06,3.72
razors,5.248074602497723e-06,3.72
razoring,5.248074602497723e-06,3.72
realizations,5.248074602497723e-06,3.72
realization,5.248074602497723e-06,3.72
reconciliations,5.248074602497723e-06,3.72
reconciliation,5.248074602497723e-06,3.72
reunited,5.248074602497723e-06,3.72
rory,5.248074602497723e-06,3.72
rug,5.248074602497723e-06,3.72
rugs,5.248074602497723e-06,3.72
salvador,5.248074602497723e-06,3.72
scannings,5.248074602497723e-06,3.72
slogans,5.248074602497723e-06,3.72
slogan,5.248074602497723e-06,3.72
specimen,5.248074602497723e-06,3.72
sponsorship,5.248074602497723e-06,3.72
steers,5.248074602497723e-06,3.72
steered,5.248074602497723e-06,3.72
steer,5.248074602497723e-06,3.72
stefan,5.248074602497723e-06,3.72
strawberries,5.248074602497723e-06,3.72
strawberry,5.248074602497723e-06,3.72
strove,5.248074602497723e-06,3.72
strived,5.248074602497723e-06,3.72
strive,5.248074602497723e-06,3.72
striven,5.248074602497723e-06,3.72
striving,5.248074602497723e-06,3.72
strives,5.248074602497723e-06,3.72
sunglasses,5.248074602497723e-06,3.72
tate,5.248074602497723e-06,3.72
temptations,5.248074602497723e-06,3.72
temptation,5.248074602497723e-06,3.72
thrills,5.248074602497723e-06,3.72
thrilling,5.248074602497723e-06,3.72
thrill,5.248074602497723e-06,3.72
tiling,5.248074602497723e-06,3.72
tiled,5.248074602497723e-06,3.72
tile,5.248074602497723e-06,3.72
tiles,5.248074602497723e-06,3.72
tonnes,5.248074602497723e-06,3.72
tows,5.248074602497723e-06,3.72
towing,5.248074602497723e-06,3.72
towed,5.248074602497723e-06,3.72
tow,5.248074602497723e-06,3.72
uc,5.248074602497723e-06,3.72
unarmed,5.248074602497723e-06,3.72
undertakings,5.248074602497723e-06,3.72
unfinished,5.248074602497723e-06,3.72
unhealthy,5.248074602497723e-06,3.72
unhealthier,5.248074602497723e-06,3.72
unhealthiest,5.248074602497723e-06,3.72
unlawful,5.248074602497723e-06,3.72
unpopular,5.248074602497723e-06,3.72
ut,5.248074602497723e-06,3.72
vanessa,5.248074602497723e-06,3.72
vanished,5.248074602497723e-06,3.72
verbs,5.248074602497723e-06,3.72
verb,5.248074602497723e-06,3.72
versa,5.248074602497723e-06,3.72
viii,5.248074602497723e-06,3.72
volatile,5.248074602497723e-06,3.72
volatiles,5.248074602497723e-06,3.72
voluntarily,5.248074602497723e-06,3.72
vp,5.248074602497723e-06,3.72
whitney,5.248074602497723e-06,3.72
abnormals,5.128613839913648e-06,3.71
abnormal,5.128613839913648e-06,3.71
accredited,5.128613839913648e-06,3.71
accuse,5.128613839913648e-06,3.71
accuses,5.128613839913648e-06,3.71
ada,5.128613839913648e-06,3.71
ample,5.128613839913648e-06,3.71
amplest,5.128613839913648e-06,3.71
ampler,5.128613839913648e-06,3.71
analogies,5.128613839913648e-06,3.71
analogy,5.128613839913648e-06,3.71
apices,5.128613839913648e-06,3.71
apex,5.128613839913648e-06,3.71
apexes,5.128613839913648e-06,3.71
apocalypse,5.128613839913648e-06,3.71
apocalypses,5.128613839913648e-06,3.71
appliances,5.128613839913648e-06,3.71
assholes,5.128613839913648e-06,3.71
baby's,5.128613839913648e-06,3.71
backward,5.128613839913648e-06,3.71
badass,5.128613839913648e-06,3.71
beck,5.128613839913648e-06,3.71
bingo,5.128613839913648e-06,3.71
blogging,5.128613839913648e-06,3.71
boilers,5.128613839913648e-06,3.71
boiler,5.128613839913648e-06,3.71
bon,5.128613839913648e-06,3.71
boulders,5.128613839913648e-06,3.71
boulder,5.128613839913648e-06,3.71
brock,5.128613839913648e-06,3.71
calf,5.128613839913648e-06,3.71
calves,5.128613839913648e-06,3.71
cambodia,5.128613839913648e-06,3.71
capt,5.128613839913648e-06,3.71
cb,5.128613839913648e-06,3.71
clarence,5.128613839913648e-06,3.71
coatings,5.128613839913648e-06,3.71
commentators,5.128613839913648e-06,3.71
consolidations,5.128613839913648e-06,3.71
consolidation,5.128613839913648e-06,3.71
continuations,5.128613839913648e-06,3.71
continuation,5.128613839913648e-06,3.71
convoy,5.128613839913648e-06,3.71
convoyed,5.128613839913648e-06,3.71
convoying,5.128613839913648e-06,3.71
convoys,5.128613839913648e-06,3.71
corking,5.128613839913648e-06,3.71
cork,5.128613839913648e-06,3.71
corked,5.128613839913648e-06,3.71
corks,5.128613839913648e-06,3.71
cosmetic,5.128613839913648e-06,3.71
cosmetics,5.128613839913648e-06,3.71
cubic,5.128613839913648e-06,3.71
cyprus,5.128613839913648e-06,3.71
dept,5.128613839913648e-06,3.71
descendants,5.128613839913648e-06,3.71
detector,5.128613839913648e-06,3.71
digests,5.128613839913648e-06,3.71
digesting,5.128613839913648e-06,3.71
digest,5.128613839913648e-06,3.71
digested,5.128613839913648e-06,3.71
diplomacy,5.128613839913648e-06,3.71
directives,5.128613839913648e-06,3.71
directive,5.128613839913648e-06,3.71
disadvantaged,5.128613839913648e-06,3.71
disadvantage,5.128613839913648e-06,3.71
disadvantaging,5.128613839913648e-06,3.71
disadvantages,5.128613839913648e-06,3.71
disruption,5.128613839913648e-06,3.71
disruptions,5.128613839913648e-06,3.71
distracts,5.128613839913648e-06,3.71
distracting,5.128613839913648e-06,3.71
distract,5.128613839913648e-06,3.71
doctor's,5.128613839913648e-06,3.71
downward,5.128613839913648e-06,3.71
ebook,5.128613839913648e-06,3.71
eco,5.128613839913648e-06,3.71
emphasized,5.128613839913648e-06,3.71
energetic,5.128613839913648e-06,3.71
fests,5.128613839913648e-06,3.71
fest,5.128613839913648e-06,3.71
frictions,5.128613839913648e-06,3.71
friction,5.128613839913648e-06,3.71
funking,5.128613839913648e-06,3.71
funked,5.128613839913648e-06,3.71
funks,5.128613839913648e-06,3.71
funk,5.128613839913648e-06,3.71
greatness,5.128613839913648e-06,3.71
hackers,5.128613839913648e-06,3.71
hazardous,5.128613839913648e-06,3.71
hookers,5.128613839913648e-06,3.71
hooker,5.128613839913648e-06,3.71
hopeless,5.128613839913648e-06,3.71
hourly,5.128613839913648e-06,3.71
illustrating,5.128613839913648e-06,3.71
illustrate,5.128613839913648e-06,3.71
illustrates,5.128613839913648e-06,3.71
imo,5.128613839913648e-06,3.71
indirectly,5.128613839913648e-06,3.71
inductions,5.128613839913648e-06,3.71
induction,5.128613839913648e-06,3.71
infrared,5.128613839913648e-06,3.71
instabilities,5.128613839913648e-06,3.71
instability,5.128613839913648e-06,3.71
irene,5.128613839913648e-06,3.71
irving,5.128613839913648e-06,3.71
ja,5.128613839913648e-06,3.71
jacques,5.128613839913648e-06,3.71
jong,5.128613839913648e-06,3.71
klein,5.128613839913648e-06,3.71
limitation,5.128613839913648e-06,3.71
linguistic,5.128613839913648e-06,3.71
listeners,5.128613839913648e-06,3.71
litters,5.128613839913648e-06,3.71
littering,5.128613839913648e-06,3.71
litter,5.128613839913648e-06,3.71
littered,5.128613839913648e-06,3.71
ls,5.128613839913648e-06,3.71
lumps,5.128613839913648e-06,3.71
lumped,5.128613839913648e-06,3.71
lumping,5.128613839913648e-06,3.71
lump,5.128613839913648e-06,3.71
macros,5.128613839913648e-06,3.71
macro,5.128613839913648e-06,3.71
mag,5.128613839913648e-06,3.71
magistrates,5.128613839913648e-06,3.71
magistrate,5.128613839913648e-06,3.71
marginal,5.128613839913648e-06,3.71
masculines,5.128613839913648e-06,3.71
masculine,5.128613839913648e-06,3.71
milestone,5.128613839913648e-06,3.71
milestones,5.128613839913648e-06,3.71
mugs,5.128613839913648e-06,3.71
mugged,5.128613839913648e-06,3.71
mug,5.128613839913648e-06,3.71
mugging,5.128613839913648e-06,3.71
municipality,5.128613839913648e-06,3.71
municipalities,5.128613839913648e-06,3.71
mushrooms,5.128613839913648e-06,3.71
nd,5.128613839913648e-06,3.71
ned,5.128613839913648e-06,3.71
neurons,5.128613839913648e-06,3.71
ninety,5.128613839913648e-06,3.71
nutrients,5.128613839913648e-06,3.71
observatories,5.128613839913648e-06,3.71
observatory,5.128613839913648e-06,3.71
oi,5.128613839913648e-06,3.71
outdoors,5.128613839913648e-06,3.71
pcs,5.128613839913648e-06,3.71
pedestrians,5.128613839913648e-06,3.71
pedestrian,5.128613839913648e-06,3.71
penetrations,5.128613839913648e-06,3.71
penetration,5.128613839913648e-06,3.71
pod,5.128613839913648e-06,3.71
pods,5.128613839913648e-06,3.71
podding,5.128613839913648e-06,3.71
podded,5.128613839913648e-06,3.71
predator,5.128613839913648e-06,3.71
preferably,5.128613839913648e-06,3.71
prophecy,5.128613839913648e-06,3.71
prophecies,5.128613839913648e-06,3.71
proudly,5.128613839913648e-06,3.71
recorder,5.128613839913648e-06,3.71
recorders,5.128613839913648e-06,3.71
recurring,5.128613839913648e-06,3.71
relaxation,5.128613839913648e-06,3.71
relaxations,5.128613839913648e-06,3.71
respectable,5.128613839913648e-06,3.71
respectful,5.128613839913648e-06,3.71
rn,5.128613839913648e-06,3.71
rodriguez,5.128613839913648e-06,3.71
roma,5.128613839913648e-06,3.71
romeo,5.128613839913648e-06,3.71
routinely,5.128613839913648e-06,3.71
rubbings,5.128613839913648e-06,3.71
saluting,5.128613839913648e-06,3.71
salutes,5.128613839913648e-06,3.71
saluted,5.128613839913648e-06,3.71
salute,5.128613839913648e-06,3.71
scum,5.128613839913648e-06,3.71
scums,5.128613839913648e-06,3.71
serbia,5.128613839913648e-06,3.71
severities,5.128613839913648e-06,3.71
severity,5.128613839913648e-06,3.71
shadiest,5.128613839913648e-06,3.71
shadier,5.128613839913648e-06,3.71
shady,5.128613839913648e-06,3.71
slacks,5.128613839913648e-06,3.71
slacker,5.128613839913648e-06,3.71
slack,5.128613839913648e-06,3.71
slackest,5.128613839913648e-06,3.71
slacked,5.128613839913648e-06,3.71
slacking,5.128613839913648e-06,3.71
slick,5.128613839913648e-06,3.71
slickest,5.128613839913648e-06,3.71
slicker,5.128613839913648e-06,3.71
slicks,5.128613839913648e-06,3.71
sm,5.128613839913648e-06,3.71
spontaneous,5.128613839913648e-06,3.71
sticker,5.128613839913648e-06,3.71
stickers,5.128613839913648e-06,3.71
stoves,5.128613839913648e-06,3.71
stove,5.128613839913648e-06,3.71
tactic,5.128613839913648e-06,3.71
tb,5.128613839913648e-06,3.71
template,5.128613839913648e-06,3.71
templates,5.128613839913648e-06,3.71
templating,5.128613839913648e-06,3.71
templated,5.128613839913648e-06,3.71
teresa,5.128613839913648e-06,3.71
texting,5.128613839913648e-06,3.71
theorem,5.128613839913648e-06,3.71
theorems,5.128613839913648e-06,3.71
theresa,5.128613839913648e-06,3.71
tn,5.128613839913648e-06,3.71
tract,5.128613839913648e-06,3.71
tracts,5.128613839913648e-06,3.71
tri,5.128613839913648e-06,3.71
tribune,5.128613839913648e-06,3.71
u.k,5.128613839913648e-06,3.71
unexpectedly,5.128613839913648e-06,3.71
upward,5.128613839913648e-06,3.71
val,5.128613839913648e-06,3.71
vera,5.128613839913648e-06,3.71
vistas,5.128613839913648e-06,3.71
vista,5.128613839913648e-06,3.71
vogueing,5.128613839913648e-06,3.71
vogued,5.128613839913648e-06,3.71
vogue,5.128613839913648e-06,3.71
voguing,5.128613839913648e-06,3.71
vogues,5.128613839913648e-06,3.71
volcanic,5.128613839913648e-06,3.71
wagner,5.128613839913648e-06,3.71
wildly,5.128613839913648e-06,3.71
windings,5.128613839913648e-06,3.71
acclaimed,5.011872336272725e-06,3.7
accumulated,5.011872336272725e-06,3.7
adores,5.011872336272725e-06,3.7
adored,5.011872336272725e-06,3.7
adoring,5.011872336272725e-06,3.7
adore,5.011872336272725e-06,3.7
afc,5.011872336272725e-06,3.7
akin,5.011872336272725e-06,3.7
alphabet,5.011872336272725e-06,3.7
alphabets,5.011872336272725e-06,3.7
appointing,5.011872336272725e-06,3.7
appoints,5.011872336272725e-06,3.7
appoint,5.011872336272725e-06,3.7
apprenticed,5.011872336272725e-06,3.7
apprenticing,5.011872336272725e-06,3.7
apprentices,5.011872336272725e-06,3.7
apprentice,5.011872336272725e-06,3.7
auckland,5.011872336272725e-06,3.7
baselines,5.011872336272725e-06,3.7
baseline,5.011872336272725e-06,3.7
benedict,5.011872336272725e-06,3.7
beware,5.011872336272725e-06,3.7
bieber,5.011872336272725e-06,3.7
bikinis,5.011872336272725e-06,3.7
bikini,5.011872336272725e-06,3.7
bisexual,5.011872336272725e-06,3.7
bisexuals,5.011872336272725e-06,3.7
boulevards,5.011872336272725e-06,3.7
boulevard,5.011872336272725e-06,3.7
bracelets,5.011872336272725e-06,3.7
bracelet,5.011872336272725e-06,3.7
capsule,5.011872336272725e-06,3.7
capsules,5.011872336272725e-06,3.7
capsuling,5.011872336272725e-06,3.7
capsuled,5.011872336272725e-06,3.7
captives,5.011872336272725e-06,3.7
captive,5.011872336272725e-06,3.7
carr,5.011872336272725e-06,3.7
cha,5.011872336272725e-06,3.7
christie,5.011872336272725e-06,3.7
chronicled,5.011872336272725e-06,3.7
chronicles,5.011872336272725e-06,3.7
chronicle,5.011872336272725e-06,3.7
chronicling,5.011872336272725e-06,3.7
cinnamons,5.011872336272725e-06,3.7
cinnamon,5.011872336272725e-06,3.7
comprehending,5.011872336272725e-06,3.7
comprehended,5.011872336272725e-06,3.7
comprehend,5.011872336272725e-06,3.7
comprehends,5.011872336272725e-06,3.7
compulsory,5.011872336272725e-06,3.7
confederated,5.011872336272725e-06,3.7
confederate,5.011872336272725e-06,3.7
confederates,5.011872336272725e-06,3.7
confederating,5.011872336272725e-06,3.7
contaminated,5.011872336272725e-06,3.7
contaminations,5.011872336272725e-06,3.7
contamination,5.011872336272725e-06,3.7
copings,5.011872336272725e-06,3.7
corey,5.011872336272725e-06,3.7
counterpart,5.011872336272725e-06,3.7
creed,5.011872336272725e-06,3.7
creeds,5.011872336272725e-06,3.7
crisper,5.011872336272725e-06,3.7
crisps,5.011872336272725e-06,3.7
crispest,5.011872336272725e-06,3.7
crisp,5.011872336272725e-06,3.7
crisped,5.011872336272725e-06,3.7
crisping,5.011872336272725e-06,3.7
crust,5.011872336272725e-06,3.7
crusting,5.011872336272725e-06,3.7
crusts,5.011872336272725e-06,3.7
crusted,5.011872336272725e-06,3.7
cutter,5.011872336272725e-06,3.7
cutters,5.011872336272725e-06,3.7
daring,5.011872336272725e-06,3.7
delegate,5.011872336272725e-06,3.7
delegating,5.011872336272725e-06,3.7
delegated,5.011872336272725e-06,3.7
deploys,5.011872336272725e-06,3.7
deploy,5.011872336272725e-06,3.7
deploying,5.011872336272725e-06,3.7
dietaries,5.011872336272725e-06,3.7
dietary,5.011872336272725e-06,3.7
dissertations,5.011872336272725e-06,3.7
dissertation,5.011872336272725e-06,3.7
domination,5.011872336272725e-06,3.7
ec,5.011872336272725e-06,3.7
emission,5.011872336272725e-06,3.7
ethan,5.011872336272725e-06,3.7
everton,5.011872336272725e-06,3.7
expelled,5.011872336272725e-06,3.7
fins,5.011872336272725e-06,3.7
finning,5.011872336272725e-06,3.7
fin,5.011872336272725e-06,3.7
finned,5.011872336272725e-06,3.7
flora,5.011872336272725e-06,3.7
florae,5.011872336272725e-06,3.7
floras,5.011872336272725e-06,3.7
foldings,5.011872336272725e-06,3.7
fractures,5.011872336272725e-06,3.7
fractured,5.011872336272725e-06,3.7
fracture,5.011872336272725e-06,3.7
fracturing,5.011872336272725e-06,3.7
frances,5.011872336272725e-06,3.7
functionalities,5.011872336272725e-06,3.7
functionality,5.011872336272725e-06,3.7
gamma,5.011872336272725e-06,3.7
gammas,5.011872336272725e-06,3.7
gaze,5.011872336272725e-06,3.7
gazes,5.011872336272725e-06,3.7
gazed,5.011872336272725e-06,3.7
gazing,5.011872336272725e-06,3.7
genome,5.011872336272725e-06,3.7
genomes,5.011872336272725e-06,3.7
grape,5.011872336272725e-06,3.7
gravelling,5.011872336272725e-06,3.7
gravel,5.011872336272725e-06,3.7
gravels,5.011872336272725e-06,3.7
gravelled,5.011872336272725e-06,3.7
graveling,5.011872336272725e-06,3.7
graveled,5.011872336272725e-06,3.7
haircuts,5.011872336272725e-06,3.7
haircut,5.011872336272725e-06,3.7
haired,5.011872336272725e-06,3.7
hastings,5.011872336272725e-06,3.7
highland,5.011872336272725e-06,3.7
highlands,5.011872336272725e-06,3.7
hustle,5.011872336272725e-06,3.7
hustles,5.011872336272725e-06,3.7
hustling,5.011872336272725e-06,3.7
hustled,5.011872336272725e-06,3.7
hyde,5.011872336272725e-06,3.7
ia,5.011872336272725e-06,3.7
idlest,5.011872336272725e-06,3.7
idle,5.011872336272725e-06,3.7
idled,5.011872336272725e-06,3.7
idler,5.011872336272725e-06,3.7
idling,5.011872336272725e-06,3.7
idles,5.011872336272725e-06,3.7
indictment,5.011872336272725e-06,3.7
indictments,5.011872336272725e-06,3.7
irregular,5.011872336272725e-06,3.7
irregulars,5.011872336272725e-06,3.7
juiciest,5.011872336272725e-06,3.7
juicier,5.011872336272725e-06,3.7
juicy,5.011872336272725e-06,3.7
jumpers,5.011872336272725e-06,3.7
jumper,5.011872336272725e-06,3.7
kardashian,5.011872336272725e-06,3.7
limbing,5.011872336272725e-06,3.7
limb,5.011872336272725e-06,3.7
limbed,5.011872336272725e-06,3.7
mack,5.011872336272725e-06,3.7
mammals,5.011872336272725e-06,3.7
manually,5.011872336272725e-06,3.7
meaningless,5.011872336272725e-06,3.7
millennium,5.011872336272725e-06,3.7
misunderstanding,5.011872336272725e-06,3.7
misunderstandings,5.011872336272725e-06,3.7
modellings,5.011872336272725e-06,3.7
moody,5.011872336272725e-06,3.7
moodiest,5.011872336272725e-06,3.7
moodier,5.011872336272725e-06,3.7
nam,5.011872336272725e-06,3.7
noodles,5.011872336272725e-06,3.7
offender,5.011872336272725e-06,3.7
oracle,5.011872336272725e-06,3.7
oracles,5.011872336272725e-06,3.7
overlapping,5.011872336272725e-06,3.7
overlaps,5.011872336272725e-06,3.7
overlapped,5.011872336272725e-06,3.7
overlap,5.011872336272725e-06,3.7
pd,5.011872336272725e-06,3.7
peeked,5.011872336272725e-06,3.7
peeks,5.011872336272725e-06,3.7
peeking,5.011872336272725e-06,3.7
peek,5.011872336272725e-06,3.7
pentagons,5.011872336272725e-06,3.7
pentagon,5.011872336272725e-06,3.7
petersburg,5.011872336272725e-06,3.7
pokémon,5.011872336272725e-06,3.7
porsche,5.011872336272725e-06,3.7
pos,5.011872336272725e-06,3.7
pottery,5.011872336272725e-06,3.7
potteries,5.011872336272725e-06,3.7
prairies,5.011872336272725e-06,3.7
prairie,5.011872336272725e-06,3.7
pranks,5.011872336272725e-06,3.7
prank,5.011872336272725e-06,3.7
prematures,5.011872336272725e-06,3.7
premature,5.011872336272725e-06,3.7
psychiatrist,5.011872336272725e-06,3.7
psychiatrists,5.011872336272725e-06,3.7
quadding,5.011872336272725e-06,3.7
quadded,5.011872336272725e-06,3.7
quad,5.011872336272725e-06,3.7
quads,5.011872336272725e-06,3.7
quartz,5.011872336272725e-06,3.7
quartzes,5.011872336272725e-06,3.7
rb,5.011872336272725e-06,3.7
residencies,5.011872336272725e-06,3.7
residency,5.011872336272725e-06,3.7
responsive,5.011872336272725e-06,3.7
roars,5.011872336272725e-06,3.7
roar,5.011872336272725e-06,3.7
roaring,5.011872336272725e-06,3.7
roared,5.011872336272725e-06,3.7
ronnie,5.011872336272725e-06,3.7
rooney,5.011872336272725e-06,3.7
rotted,5.011872336272725e-06,3.7
rots,5.011872336272725e-06,3.7
rot,5.011872336272725e-06,3.7
rotting,5.011872336272725e-06,3.7
salem,5.011872336272725e-06,3.7
santos,5.011872336272725e-06,3.7
sb,5.011872336272725e-06,3.7
seahawks,5.011872336272725e-06,3.7
sidney,5.011872336272725e-06,3.7
songwriters,5.011872336272725e-06,3.7
songwriter,5.011872336272725e-06,3.7
sophia,5.011872336272725e-06,3.7
spears,5.011872336272725e-06,3.7
spearing,5.011872336272725e-06,3.7
speared,5.011872336272725e-06,3.7
spear,5.011872336272725e-06,3.7
stains,5.011872336272725e-06,3.7
staining,5.011872336272725e-06,3.7
stain,5.011872336272725e-06,3.7
stella,5.011872336272725e-06,3.7
stimulation,5.011872336272725e-06,3.7
stimulations,5.011872336272725e-06,3.7
stranded,5.011872336272725e-06,3.7
stylish,5.011872336272725e-06,3.7
sur,5.011872336272725e-06,3.7
technicians,5.011872336272725e-06,3.7
technician,5.011872336272725e-06,3.7
tidal,5.011872336272725e-06,3.7
transcripted,5.011872336272725e-06,3.7
transcripting,5.011872336272725e-06,3.7
transcript,5.011872336272725e-06,3.7
transcripts,5.011872336272725e-06,3.7
trench,5.011872336272725e-06,3.7
trenching,5.011872336272725e-06,3.7
trenched,5.011872336272725e-06,3.7
trenches,5.011872336272725e-06,3.7
trousers,5.011872336272725e-06,3.7
unwilling,5.011872336272725e-06,3.7
uruguay,5.011872336272725e-06,3.7
utc,5.011872336272725e-06,3.7
validity,5.011872336272725e-06,3.7
validities,5.011872336272725e-06,3.7
varsity,5.011872336272725e-06,3.7
varsities,5.011872336272725e-06,3.7
verification,5.011872336272725e-06,3.7
verifications,5.011872336272725e-06,3.7
vows,5.011872336272725e-06,3.7
vulnerability,5.011872336272725e-06,3.7
vulnerabilities,5.011872336272725e-06,3.7
wesley,5.011872336272725e-06,3.7
whichever,5.011872336272725e-06,3.7
who've,5.011872336272725e-06,3.7
wo,5.011872336272725e-06,3.7
wrath,5.011872336272725e-06,3.7
yuan,5.011872336272725e-06,3.7
zen,5.011872336272725e-06,3.7
4k,4.897788193684467e-06,3.69
accomplishment,4.897788193684467e-06,3.69
aide,4.897788193684467e-06,3.69
aides,4.897788193684467e-06,3.69
allegiances,4.897788193684467e-06,3.69
allegiance,4.897788193684467e-06,3.69
apter,4.897788193684467e-06,3.69
apt,4.897788193684467e-06,3.69
aptest,4.897788193684467e-06,3.69
avatar,4.897788193684467e-06,3.69
avatars,4.897788193684467e-06,3.69
bali,4.897788193684467e-06,3.69
bangalore,4.897788193684467e-06,3.69
beads,4.897788193684467e-06,3.69
beverage,4.897788193684467e-06,3.69
beverages,4.897788193684467e-06,3.69
blaze,4.897788193684467e-06,3.69
blazed,4.897788193684467e-06,3.69
blazing,4.897788193684467e-06,3.69
blazes,4.897788193684467e-06,3.69
brendan,4.897788193684467e-06,3.69
brent,4.897788193684467e-06,3.69
broadband,4.897788193684467e-06,3.69
bumper,4.897788193684467e-06,3.69
bumpers,4.897788193684467e-06,3.69
carlo,4.897788193684467e-06,3.69
chalking,4.897788193684467e-06,3.69
chalked,4.897788193684467e-06,3.69
chalk,4.897788193684467e-06,3.69
chalks,4.897788193684467e-06,3.69
coasters,4.897788193684467e-06,3.69
coaster,4.897788193684467e-06,3.69
constituencies,4.897788193684467e-06,3.69
constituency,4.897788193684467e-06,3.69
contingent,4.897788193684467e-06,3.69
contingents,4.897788193684467e-06,3.69
cornell,4.897788193684467e-06,3.69
costings,4.897788193684467e-06,3.69
councillors,4.897788193684467e-06,3.69
councillor,4.897788193684467e-06,3.69
cyclists,4.897788193684467e-06,3.69
daniels,4.897788193684467e-06,3.69
deprived,4.897788193684467e-06,3.69
diplomat,4.897788193684467e-06,3.69
diplomats,4.897788193684467e-06,3.69
dos,4.897788193684467e-06,3.69
emphasizing,4.897788193684467e-06,3.69
emphasize,4.897788193684467e-06,3.69
emphasizes,4.897788193684467e-06,3.69
entirety,4.897788193684467e-06,3.69
entireties,4.897788193684467e-06,3.69
everytime,4.897788193684467e-06,3.69
exodus,4.897788193684467e-06,3.69
exoduses,4.897788193684467e-06,3.69
fallout,4.897788193684467e-06,3.69
fallouts,4.897788193684467e-06,3.69
feather,4.897788193684467e-06,3.69
feathered,4.897788193684467e-06,3.69
feathering,4.897788193684467e-06,3.69
firearm,4.897788193684467e-06,3.69
fisheries,4.897788193684467e-06,3.69
flocked,4.897788193684467e-06,3.69
flock,4.897788193684467e-06,3.69
flocking,4.897788193684467e-06,3.69
flocks,4.897788193684467e-06,3.69
flyers,4.897788193684467e-06,3.69
footballers,4.897788193684467e-06,3.69
footballer,4.897788193684467e-06,3.69
footsteps,4.897788193684467e-06,3.69
forestries,4.897788193684467e-06,3.69
forestry,4.897788193684467e-06,3.69
ghetto,4.897788193684467e-06,3.69
ghettos,4.897788193684467e-06,3.69
ghettoed,4.897788193684467e-06,3.69
ghettoing,4.897788193684467e-06,3.69
ghettoes,4.897788193684467e-06,3.69
grim,4.897788193684467e-06,3.69
grimmest,4.897788193684467e-06,3.69
grimmer,4.897788193684467e-06,3.69
helpless,4.897788193684467e-06,3.69
hemisphere,4.897788193684467e-06,3.69
hemispheres,4.897788193684467e-06,3.69
hs,4.897788193684467e-06,3.69
hyper,4.897788193684467e-06,3.69
inconvenienced,4.897788193684467e-06,3.69
inconveniencing,4.897788193684467e-06,3.69
inconvenience,4.897788193684467e-06,3.69
inconveniences,4.897788193684467e-06,3.69
injected,4.897788193684467e-06,3.69
insureds,4.897788193684467e-06,3.69
insured,4.897788193684467e-06,3.69
intriguing,4.897788193684467e-06,3.69
invasive,4.897788193684467e-06,3.69
invasives,4.897788193684467e-06,3.69
ipod,4.897788193684467e-06,3.69
iq,4.897788193684467e-06,3.69
irrigation,4.897788193684467e-06,3.69
irrigations,4.897788193684467e-06,3.69
ix,4.897788193684467e-06,3.69
lastly,4.897788193684467e-06,3.69
lipsticks,4.897788193684467e-06,3.69
lipstick,4.897788193684467e-06,3.69
macdonald,4.897788193684467e-06,3.69
manipulated,4.897788193684467e-06,3.69
manipulates,4.897788193684467e-06,3.69
manipulate,4.897788193684467e-06,3.69
manipulating,4.897788193684467e-06,3.69
mart,4.897788193684467e-06,3.69
marts,4.897788193684467e-06,3.69
martinez,4.897788193684467e-06,3.69
meyer,4.897788193684467e-06,3.69
midlands,4.897788193684467e-06,3.69
midway,4.897788193684467e-06,3.69
moistest,4.897788193684467e-06,3.69
moister,4.897788193684467e-06,3.69
moist,4.897788193684467e-06,3.69
monarchs,4.897788193684467e-06,3.69
monarch,4.897788193684467e-06,3.69
monte,4.897788193684467e-06,3.69
mournings,4.897788193684467e-06,3.69
mourning,4.897788193684467e-06,3.69
mu,4.897788193684467e-06,3.69
mustard,4.897788193684467e-06,3.69
mustards,4.897788193684467e-06,3.69
negatively,4.897788193684467e-06,3.69
neighboured,4.897788193684467e-06,3.69
neighbour,4.897788193684467e-06,3.69
nissan,4.897788193684467e-06,3.69
norwich,4.897788193684467e-06,3.69
nothin,4.897788193684467e-06,3.69
patterson,4.897788193684467e-06,3.69
personas,4.897788193684467e-06,3.69
persona,4.897788193684467e-06,3.69
personae,4.897788193684467e-06,3.69
plaquing,4.897788193684467e-06,3.69
plaque,4.897788193684467e-06,3.69
plaqued,4.897788193684467e-06,3.69
plaques,4.897788193684467e-06,3.69
plaqueing,4.897788193684467e-06,3.69
pls,4.897788193684467e-06,3.69
plymouth,4.897788193684467e-06,3.69
poetic,4.897788193684467e-06,3.69
preach,4.897788193684467e-06,3.69
preaches,4.897788193684467e-06,3.69
preached,4.897788193684467e-06,3.69
preaching,4.897788193684467e-06,3.69
punjab,4.897788193684467e-06,3.69
purities,4.897788193684467e-06,3.69
purity,4.897788193684467e-06,3.69
rabbi,4.897788193684467e-06,3.69
rabbis,4.897788193684467e-06,3.69
ramsey,4.897788193684467e-06,3.69
realism,4.897788193684467e-06,3.69
realisms,4.897788193684467e-06,3.69
retrieves,4.897788193684467e-06,3.69
retrieve,4.897788193684467e-06,3.69
retrieving,4.897788193684467e-06,3.69
rhodes,4.897788193684467e-06,3.69
ri,4.897788193684467e-06,3.69
scoops,4.897788193684467e-06,3.69
scooping,4.897788193684467e-06,3.69
scooped,4.897788193684467e-06,3.69
scoop,4.897788193684467e-06,3.69
scotched,4.897788193684467e-06,3.69
scotching,4.897788193684467e-06,3.69
scotches,4.897788193684467e-06,3.69
scotch,4.897788193684467e-06,3.69
scrubbing,4.897788193684467e-06,3.69
scrubbed,4.897788193684467e-06,3.69
scrubs,4.897788193684467e-06,3.69
scrub,4.897788193684467e-06,3.69
sewing,4.897788193684467e-06,3.69
shales,4.897788193684467e-06,3.69
shale,4.897788193684467e-06,3.69
shinning,4.897788193684467e-06,3.69
shinned,4.897788193684467e-06,3.69
shin,4.897788193684467e-06,3.69
shins,4.897788193684467e-06,3.69
simplified,4.897788193684467e-06,3.69
smartphones,4.897788193684467e-06,3.69
sol,4.897788193684467e-06,3.69
solicitor,4.897788193684467e-06,3.69
solicitors,4.897788193684467e-06,3.69
sophomores,4.897788193684467e-06,3.69
sophomore,4.897788193684467e-06,3.69
squadron,4.897788193684467e-06,3.69
squadrons,4.897788193684467e-06,3.69
squirrels,4.897788193684467e-06,3.69
squirrel,4.897788193684467e-06,3.69
stalin,4.897788193684467e-06,3.69
stigmas,4.897788193684467e-06,3.69
stigma,4.897788193684467e-06,3.69
stigmata,4.897788193684467e-06,3.69
taco,4.897788193684467e-06,3.69
tacos,4.897788193684467e-06,3.69
takeovers,4.897788193684467e-06,3.69
takeover,4.897788193684467e-06,3.69
taliban,4.897788193684467e-06,3.69
thor,4.897788193684467e-06,3.69
tinder,4.897788193684467e-06,3.69
titan,4.897788193684467e-06,3.69
trait,4.897788193684467e-06,3.69
traitors,4.897788193684467e-06,3.69
traitor,4.897788193684467e-06,3.69
trooping,4.897788193684467e-06,3.69
trooped,4.897788193684467e-06,3.69
troop,4.897788193684467e-06,3.69
underestimate,4.897788193684467e-06,3.69
underestimating,4.897788193684467e-06,3.69
underestimated,4.897788193684467e-06,3.69
underestimates,4.897788193684467e-06,3.69
uni,4.897788193684467e-06,3.69
wallpapered,4.897788193684467e-06,3.69
wallpaper,4.897788193684467e-06,3.69
wallpapering,4.897788193684467e-06,3.69
wallpapers,4.897788193684467e-06,3.69
wasnt,4.897788193684467e-06,3.69
watt,4.897788193684467e-06,3.69
willis,4.897788193684467e-06,3.69
willows,4.897788193684467e-06,3.69
willow,4.897788193684467e-06,3.69
x00,4.897788193684467e-06,3.69
addicting,4.78630092322638e-06,3.68
addict,4.78630092322638e-06,3.68
addicts,4.78630092322638e-06,3.68
ale,4.78630092322638e-06,3.68
ales,4.78630092322638e-06,3.68
api,4.78630092322638e-06,3.68
archaeological,4.78630092322638e-06,3.68
az,4.78630092322638e-06,3.68
bengal,4.78630092322638e-06,3.68
betrayals,4.78630092322638e-06,3.68
betrayal,4.78630092322638e-06,3.68
bondings,4.78630092322638e-06,3.68
britain's,4.78630092322638e-06,3.68
byron,4.78630092322638e-06,3.68
cardiovasculars,4.78630092322638e-06,3.68
cardiovascular,4.78630092322638e-06,3.68
chic,4.78630092322638e-06,3.68
cloning,4.78630092322638e-06,3.68
cloned,4.78630092322638e-06,3.68
clone,4.78630092322638e-06,3.68
clones,4.78630092322638e-06,3.68
communal,4.78630092322638e-06,3.68
consortiums,4.78630092322638e-06,3.68
consortia,4.78630092322638e-06,3.68
consortium,4.78630092322638e-06,3.68
countdown,4.78630092322638e-06,3.68
courier,4.78630092322638e-06,3.68
couriers,4.78630092322638e-06,3.68
dd,4.78630092322638e-06,3.68
defect,4.78630092322638e-06,3.68
defecting,4.78630092322638e-06,3.68
defected,4.78630092322638e-06,3.68
disastrous,4.78630092322638e-06,3.68
drowns,4.78630092322638e-06,3.68
drown,4.78630092322638e-06,3.68
drummer,4.78630092322638e-06,3.68
drummers,4.78630092322638e-06,3.68
durable,4.78630092322638e-06,3.68
durables,4.78630092322638e-06,3.68
efficacy,4.78630092322638e-06,3.68
efficacies,4.78630092322638e-06,3.68
erik,4.78630092322638e-06,3.68
erin,4.78630092322638e-06,3.68
exaggerated,4.78630092322638e-06,3.68
exclusion,4.78630092322638e-06,3.68
exclusions,4.78630092322638e-06,3.68
filipino,4.78630092322638e-06,3.68
freelance,4.78630092322638e-06,3.68
freelanced,4.78630092322638e-06,3.68
freelances,4.78630092322638e-06,3.68
freelancing,4.78630092322638e-06,3.68
gerard,4.78630092322638e-06,3.68
ginned,4.78630092322638e-06,3.68
gins,4.78630092322638e-06,3.68
gin,4.78630092322638e-06,3.68
ginning,4.78630092322638e-06,3.68
greetings,4.78630092322638e-06,3.68
hawaiian,4.78630092322638e-06,3.68
honeymoon,4.78630092322638e-06,3.68
honeymoons,4.78630092322638e-06,3.68
honeymooning,4.78630092322638e-06,3.68
honeymooned,4.78630092322638e-06,3.68
ignitions,4.78630092322638e-06,3.68
ignition,4.78630092322638e-06,3.68
impaired,4.78630092322638e-06,3.68
investigative,4.78630092322638e-06,3.68
ir,4.78630092322638e-06,3.68
jewels,4.78630092322638e-06,3.68
jewel,4.78630092322638e-06,3.68
jupiter,4.78630092322638e-06,3.68
leonardo,4.78630092322638e-06,3.68
manifesting,4.78630092322638e-06,3.68
manifests,4.78630092322638e-06,3.68
manifested,4.78630092322638e-06,3.68
manifest,4.78630092322638e-06,3.68
marx,4.78630092322638e-06,3.68
mets,4.78630092322638e-06,3.68
mourinho,4.78630092322638e-06,3.68
mutually,4.78630092322638e-06,3.68
navigate,4.78630092322638e-06,3.68
navigating,4.78630092322638e-06,3.68
navigates,4.78630092322638e-06,3.68
navigated,4.78630092322638e-06,3.68
o'neill,4.78630092322638e-06,3.68
obese,4.78630092322638e-06,3.68
outreached,4.78630092322638e-06,3.68
outreaches,4.78630092322638e-06,3.68
outreaching,4.78630092322638e-06,3.68
outreach,4.78630092322638e-06,3.68
overlooking,4.78630092322638e-06,3.68
pandemic,4.78630092322638e-06,3.68
pandemics,4.78630092322638e-06,3.68
perimeters,4.78630092322638e-06,3.68
perimeter,4.78630092322638e-06,3.68
pike,4.78630092322638e-06,3.68
pikes,4.78630092322638e-06,3.68
pipers,4.78630092322638e-06,3.68
piper,4.78630092322638e-06,3.68
preacher,4.78630092322638e-06,3.68
preachers,4.78630092322638e-06,3.68
preceded,4.78630092322638e-06,3.68
procurement,4.78630092322638e-06,3.68
procurements,4.78630092322638e-06,3.68
protector,4.78630092322638e-06,3.68
protectors,4.78630092322638e-06,3.68
pulped,4.78630092322638e-06,3.68
pulp,4.78630092322638e-06,3.68
pulps,4.78630092322638e-06,3.68
pulping,4.78630092322638e-06,3.68
ransom,4.78630092322638e-06,3.68
ransoming,4.78630092322638e-06,3.68
ransomed,4.78630092322638e-06,3.68
ransoms,4.78630092322638e-06,3.68
reels,4.78630092322638e-06,3.68
reeled,4.78630092322638e-06,3.68
reeling,4.78630092322638e-06,3.68
reel,4.78630092322638e-06,3.68
reg,4.78630092322638e-06,3.68
rehearsal,4.78630092322638e-06,3.68
rehearsals,4.78630092322638e-06,3.68
reinforces,4.78630092322638e-06,3.68
reinforcing,4.78630092322638e-06,3.68
reinforce,4.78630092322638e-06,3.68
restarts,4.78630092322638e-06,3.68
restart,4.78630092322638e-06,3.68
restarted,4.78630092322638e-06,3.68
restarting,4.78630092322638e-06,3.68
revives,4.78630092322638e-06,3.68
revive,4.78630092322638e-06,3.68
revived,4.78630092322638e-06,3.68
reviving,4.78630092322638e-06,3.68
rigorous,4.78630092322638e-06,3.68
rna,4.78630092322638e-06,3.68
scarfs,4.78630092322638e-06,3.68
scarf,4.78630092322638e-06,3.68
scarves,4.78630092322638e-06,3.68
scenery,4.78630092322638e-06,3.68
sensory,4.78630092322638e-06,3.68
sidewalk,4.78630092322638e-06,3.68
sidewalks,4.78630092322638e-06,3.68
skeptical,4.78630092322638e-06,3.68
skype,4.78630092322638e-06,3.68
sleepier,4.78630092322638e-06,3.68
sleepiest,4.78630092322638e-06,3.68
sleepy,4.78630092322638e-06,3.68
smoothly,4.78630092322638e-06,3.68
staple,4.78630092322638e-06,3.68
stapling,4.78630092322638e-06,3.68
stapled,4.78630092322638e-06,3.68
staples,4.78630092322638e-06,3.68
steelers,4.78630092322638e-06,3.68
stereotypes,4.78630092322638e-06,3.68
stirrings,4.78630092322638e-06,3.68
strand,4.78630092322638e-06,3.68
strands,4.78630092322638e-06,3.68
stranding,4.78630092322638e-06,3.68
stunned,4.78630092322638e-06,3.68
suppressions,4.78630092322638e-06,3.68
suppression,4.78630092322638e-06,3.68
sushi,4.78630092322638e-06,3.68
suspends,4.78630092322638e-06,3.68
suspend,4.78630092322638e-06,3.68
suspending,4.78630092322638e-06,3.68
sw,4.78630092322638e-06,3.68
swelling,4.78630092322638e-06,3.68
swellings,4.78630092322638e-06,3.68
terminologies,4.78630092322638e-06,3.68
terminology,4.78630092322638e-06,3.68
theatrical,4.78630092322638e-06,3.68
timers,4.78630092322638e-06,3.68
timer,4.78630092322638e-06,3.68
travellers,4.78630092322638e-06,3.68
trustee,4.78630092322638e-06,3.68
turnouts,4.78630092322638e-06,3.68
turnout,4.78630092322638e-06,3.68
unanimous,4.78630092322638e-06,3.68
unpredictable,4.78630092322638e-06,3.68
urgings,4.78630092322638e-06,3.68
validations,4.78630092322638e-06,3.68
validation,4.78630092322638e-06,3.68
vengeance,4.78630092322638e-06,3.68
verizon,4.78630092322638e-06,3.68
visually,4.78630092322638e-06,3.68
wii,4.78630092322638e-06,3.68
xl,4.78630092322638e-06,3.68
zhang,4.78630092322638e-06,3.68
00x,4.677351412871981e-06,3.67
acc,4.677351412871981e-06,3.67
activism,4.677351412871981e-06,3.67
advents,4.677351412871981e-06,3.67
advent,4.677351412871981e-06,3.67
airborne,4.677351412871981e-06,3.67
alas,4.677351412871981e-06,3.67
astonishing,4.677351412871981e-06,3.67
aww,4.677351412871981e-06,3.67
bakeries,4.677351412871981e-06,3.67
bakery,4.677351412871981e-06,3.67
barracks,4.677351412871981e-06,3.67
bart,4.677351412871981e-06,3.67
believers,4.677351412871981e-06,3.67
believer,4.677351412871981e-06,3.67
bunkered,4.677351412871981e-06,3.67
bunkers,4.677351412871981e-06,3.67
bunker,4.677351412871981e-06,3.67
bunkering,4.677351412871981e-06,3.67
caffeine,4.677351412871981e-06,3.67
carlton,4.677351412871981e-06,3.67
chaotic,4.677351412871981e-06,3.67
chargers,4.677351412871981e-06,3.67
cite,4.677351412871981e-06,3.67
cites,4.677351412871981e-06,3.67
commentator,4.677351412871981e-06,3.67
commercially,4.677351412871981e-06,3.67
confuse,4.677351412871981e-06,3.67
confuses,4.677351412871981e-06,3.67
copenhagen,4.677351412871981e-06,3.67
coward,4.677351412871981e-06,3.67
cowards,4.677351412871981e-06,3.67
dammit,4.677351412871981e-06,3.67
dells,4.677351412871981e-06,3.67
dell,4.677351412871981e-06,3.67
dent,4.677351412871981e-06,3.67
denting,4.677351412871981e-06,3.67
dented,4.677351412871981e-06,3.67
dents,4.677351412871981e-06,3.67
departs,4.677351412871981e-06,3.67
departing,4.677351412871981e-06,3.67
depart,4.677351412871981e-06,3.67
diminished,4.677351412871981e-06,3.67
disappoint,4.677351412871981e-06,3.67
disappoints,4.677351412871981e-06,3.67
dl,4.677351412871981e-06,3.67
dolphin,4.677351412871981e-06,3.67
doves,4.677351412871981e-06,3.67
dumpings,4.677351412871981e-06,3.67
dunn,4.677351412871981e-06,3.67
dustier,4.677351412871981e-06,3.67
dustiest,4.677351412871981e-06,3.67
dusty,4.677351412871981e-06,3.67
enlightenment,4.677351412871981e-06,3.67
fibres,4.677351412871981e-06,3.67
fibre,4.677351412871981e-06,3.67
finnish,4.677351412871981e-06,3.67
fixture,4.677351412871981e-06,3.67
focal,4.677351412871981e-06,3.67
frightening,4.677351412871981e-06,3.67
fucker,4.677351412871981e-06,3.67
galas,4.677351412871981e-06,3.67
gala,4.677351412871981e-06,3.67
garrett,4.677351412871981e-06,3.67
garrisoned,4.677351412871981e-06,3.67
garrisons,4.677351412871981e-06,3.67
garrison,4.677351412871981e-06,3.67
garrisoning,4.677351412871981e-06,3.67
gladly,4.677351412871981e-06,3.67
goodwill,4.677351412871981e-06,3.67
govern,4.677351412871981e-06,3.67
governs,4.677351412871981e-06,3.67
gradual,4.677351412871981e-06,3.67
hacker,4.677351412871981e-06,3.67
hal,4.677351412871981e-06,3.67
harnessing,4.677351412871981e-06,3.67
harness,4.677351412871981e-06,3.67
harnessed,4.677351412871981e-06,3.67
harnesses,4.677351412871981e-06,3.67
hashtag,4.677351412871981e-06,3.67
hassan,4.677351412871981e-06,3.67
heartbeat,4.677351412871981e-06,3.67
heartbeats,4.677351412871981e-06,3.67
heh,4.677351412871981e-06,3.67
holt,4.677351412871981e-06,3.67
honourable,4.677351412871981e-06,3.67
imminent,4.677351412871981e-06,3.67
inaugural,4.677351412871981e-06,3.67
insulation,4.677351412871981e-06,3.67
insulations,4.677351412871981e-06,3.67
intern,4.677351412871981e-06,3.67
interning,4.677351412871981e-06,3.67
interns,4.677351412871981e-06,3.67
interned,4.677351412871981e-06,3.67
irresponsible,4.677351412871981e-06,3.67
jakarta,4.677351412871981e-06,3.67
johannesburg,4.677351412871981e-06,3.67
judith,4.677351412871981e-06,3.67
kathy,4.677351412871981e-06,3.67
lagging,4.677351412871981e-06,3.67
lags,4.677351412871981e-06,3.67
lag,4.677351412871981e-06,3.67
lagged,4.677351412871981e-06,3.67
lenders,4.677351412871981e-06,3.67
lg,4.677351412871981e-06,3.67
locality,4.677351412871981e-06,3.67
localities,4.677351412871981e-06,3.67
lures,4.677351412871981e-06,3.67
lure,4.677351412871981e-06,3.67
lured,4.677351412871981e-06,3.67
luring,4.677351412871981e-06,3.67
malicious,4.677351412871981e-06,3.67
mattressing,4.677351412871981e-06,3.67
mattresses,4.677351412871981e-06,3.67
mattressed,4.677351412871981e-06,3.67
mattress,4.677351412871981e-06,3.67
meredith,4.677351412871981e-06,3.67
mist,4.677351412871981e-06,3.67
misted,4.677351412871981e-06,3.67
misting,4.677351412871981e-06,3.67
mists,4.677351412871981e-06,3.67
mole,4.677351412871981e-06,3.67
molecule,4.677351412871981e-06,3.67
monarchies,4.677351412871981e-06,3.67
monarchy,4.677351412871981e-06,3.67
mormon,4.677351412871981e-06,3.67
muscular,4.677351412871981e-06,3.67
neutrality,4.677351412871981e-06,3.67
nikki,4.677351412871981e-06,3.67
noisiest,4.677351412871981e-06,3.67
noisier,4.677351412871981e-06,3.67
noisy,4.677351412871981e-06,3.67
notre,4.677351412871981e-06,3.67
orgasm,4.677351412871981e-06,3.67
orgasms,4.677351412871981e-06,3.67
otto,4.677351412871981e-06,3.67
panties,4.677351412871981e-06,3.67
parceled,4.677351412871981e-06,3.67
parceling,4.677351412871981e-06,3.67
parcelling,4.677351412871981e-06,3.67
parcels,4.677351412871981e-06,3.67
parcel,4.677351412871981e-06,3.67
parcelled,4.677351412871981e-06,3.67
partitioned,4.677351412871981e-06,3.67
partition,4.677351412871981e-06,3.67
partitions,4.677351412871981e-06,3.67
partitioning,4.677351412871981e-06,3.67
peculiar,4.677351412871981e-06,3.67
proprietary,4.677351412871981e-06,3.67
proprietaries,4.677351412871981e-06,3.67
prostate,4.677351412871981e-06,3.67
prostates,4.677351412871981e-06,3.67
protagonist,4.677351412871981e-06,3.67
protagonists,4.677351412871981e-06,3.67
rafael,4.677351412871981e-06,3.67
randall,4.677351412871981e-06,3.67
rants,4.677351412871981e-06,3.67
ranted,4.677351412871981e-06,3.67
ranting,4.677351412871981e-06,3.67
rant,4.677351412871981e-06,3.67
rash,4.677351412871981e-06,3.67
rashes,4.677351412871981e-06,3.67
reflections,4.677351412871981e-06,3.67
replicas,4.677351412871981e-06,3.67
replica,4.677351412871981e-06,3.67
reside,4.677351412871981e-06,3.67
resides,4.677351412871981e-06,3.67
residing,4.677351412871981e-06,3.67
resided,4.677351412871981e-06,3.67
richie,4.677351412871981e-06,3.67
ripe,4.677351412871981e-06,3.67
ripest,4.677351412871981e-06,3.67
riper,4.677351412871981e-06,3.67
riverside,4.677351412871981e-06,3.67
riversides,4.677351412871981e-06,3.67
roberto,4.677351412871981e-06,3.67
rodney,4.677351412871981e-06,3.67
rp,4.677351412871981e-06,3.67
sacs,4.677351412871981e-06,3.67
sac,4.677351412871981e-06,3.67
saner,4.677351412871981e-06,3.67
sanest,4.677351412871981e-06,3.67
sane,4.677351412871981e-06,3.67
saviors,4.677351412871981e-06,3.67
savior,4.677351412871981e-06,3.67
scenic,4.677351412871981e-06,3.67
sips,4.677351412871981e-06,3.67
sip,4.677351412871981e-06,3.67
sipped,4.677351412871981e-06,3.67
sipping,4.677351412871981e-06,3.67
snail,4.677351412871981e-06,3.67
snails,4.677351412871981e-06,3.67
somalia,4.677351412871981e-06,3.67
spotify,4.677351412871981e-06,3.67
statistically,4.677351412871981e-06,3.67
stimulate,4.677351412871981e-06,3.67
stimulating,4.677351412871981e-06,3.67
stimulated,4.677351412871981e-06,3.67
stimulates,4.677351412871981e-06,3.67
strangely,4.677351412871981e-06,3.67
susceptibles,4.677351412871981e-06,3.67
susceptible,4.677351412871981e-06,3.67
theodores,4.677351412871981e-06,3.67
theodore,4.677351412871981e-06,3.67
toby,4.677351412871981e-06,3.67
torres,4.677351412871981e-06,3.67
translator,4.677351412871981e-06,3.67
transmits,4.677351412871981e-06,3.67
transmit,4.677351412871981e-06,3.67
transmitting,4.677351412871981e-06,3.67
ts,4.677351412871981e-06,3.67
tutored,4.677351412871981e-06,3.67
tutoring,4.677351412871981e-06,3.67
tutor,4.677351412871981e-06,3.67
tutors,4.677351412871981e-06,3.67
unsafe,4.677351412871981e-06,3.67
verging,4.677351412871981e-06,3.67
verge,4.677351412871981e-06,3.67
verged,4.677351412871981e-06,3.67
verges,4.677351412871981e-06,3.67
vibrant,4.677351412871981e-06,3.67
wanders,4.677351412871981e-06,3.67
wandered,4.677351412871981e-06,3.67
wander,4.677351412871981e-06,3.67
wong,4.677351412871981e-06,3.67
xp,4.677351412871981e-06,3.67
yeasting,4.677351412871981e-06,3.67
yeasted,4.677351412871981e-06,3.67
yeast,4.677351412871981e-06,3.67
yeasts,4.677351412871981e-06,3.67
█,4.677351412871981e-06,3.67
🙂,4.677351412871981e-06,3.67
abdul,4.570881896148752e-06,3.66
absorptions,4.570881896148752e-06,3.66
absorption,4.570881896148752e-06,3.66
accelerating,4.570881896148752e-06,3.66
accelerates,4.570881896148752e-06,3.66
accelerate,4.570881896148752e-06,3.66
acnes,4.570881896148752e-06,3.66
acne,4.570881896148752e-06,3.66
advertise,4.570881896148752e-06,3.66
advertises,4.570881896148752e-06,3.66
alzheimer's,4.570881896148752e-06,3.66
apologising,4.570881896148752e-06,3.66
apologise,4.570881896148752e-06,3.66
apologises,4.570881896148752e-06,3.66
apologised,4.570881896148752e-06,3.66
aspirations,4.570881896148752e-06,3.66
assassin,4.570881896148752e-06,3.66
assassins,4.570881896148752e-06,3.66
assigns,4.570881896148752e-06,3.66
assigning,4.570881896148752e-06,3.66
assign,4.570881896148752e-06,3.66
aston,4.570881896148752e-06,3.66
audi,4.570881896148752e-06,3.66
backlashes,4.570881896148752e-06,3.66
backlash,4.570881896148752e-06,3.66
bbq,4.570881896148752e-06,3.66
blockchain,4.570881896148752e-06,3.66
bonnie,4.570881896148752e-06,3.66
breweries,4.570881896148752e-06,3.66
brewery,4.570881896148752e-06,3.66
bulb,4.570881896148752e-06,3.66
bulbs,4.570881896148752e-06,3.66
cardboard,4.570881896148752e-06,3.66
casually,4.570881896148752e-06,3.66
chew,4.570881896148752e-06,3.66
chewed,4.570881896148752e-06,3.66
chews,4.570881896148752e-06,3.66
chewing,4.570881896148752e-06,3.66
circumstance,4.570881896148752e-06,3.66
collaterals,4.570881896148752e-06,3.66
collateral,4.570881896148752e-06,3.66
congestions,4.570881896148752e-06,3.66
congestion,4.570881896148752e-06,3.66
courtney,4.570881896148752e-06,3.66
creditors,4.570881896148752e-06,3.66
criticised,4.570881896148752e-06,3.66
crossovers,4.570881896148752e-06,3.66
crossover,4.570881896148752e-06,3.66
crunched,4.570881896148752e-06,3.66
crunching,4.570881896148752e-06,3.66
crunches,4.570881896148752e-06,3.66
crunch,4.570881896148752e-06,3.66
daytime,4.570881896148752e-06,3.66
debbie,4.570881896148752e-06,3.66
demising,4.570881896148752e-06,3.66
demises,4.570881896148752e-06,3.66
demise,4.570881896148752e-06,3.66
demised,4.570881896148752e-06,3.66
dependences,4.570881896148752e-06,3.66
dependence,4.570881896148752e-06,3.66
deutsche,4.570881896148752e-06,3.66
dictators,4.570881896148752e-06,3.66
dictator,4.570881896148752e-06,3.66
dime,4.570881896148752e-06,3.66
dimes,4.570881896148752e-06,3.66
direr,4.570881896148752e-06,3.66
direst,4.570881896148752e-06,3.66
dire,4.570881896148752e-06,3.66
disagreement,4.570881896148752e-06,3.66
disagreements,4.570881896148752e-06,3.66
disciples,4.570881896148752e-06,3.66
disregarding,4.570881896148752e-06,3.66
disregards,4.570881896148752e-06,3.66
disregard,4.570881896148752e-06,3.66
disregarded,4.570881896148752e-06,3.66
distributor,4.570881896148752e-06,3.66
dominion,4.570881896148752e-06,3.66
downhill,4.570881896148752e-06,3.66
dreadful,4.570881896148752e-06,3.66
drunken,4.570881896148752e-06,3.66
earnest,4.570881896148752e-06,3.66
eng,4.570881896148752e-06,3.66
erases,4.570881896148752e-06,3.66
erase,4.570881896148752e-06,3.66
erased,4.570881896148752e-06,3.66
erasing,4.570881896148752e-06,3.66
evacuated,4.570881896148752e-06,3.66
exp,4.570881896148752e-06,3.66
extinct,4.570881896148752e-06,3.66
forbid,4.570881896148752e-06,3.66
forbad,4.570881896148752e-06,3.66
forbidding,4.570881896148752e-06,3.66
forbids,4.570881896148752e-06,3.66
forbade,4.570881896148752e-06,3.66
freezers,4.570881896148752e-06,3.66
freezer,4.570881896148752e-06,3.66
genetically,4.570881896148752e-06,3.66
hare,4.570881896148752e-06,3.66
hared,4.570881896148752e-06,3.66
hares,4.570881896148752e-06,3.66
haring,4.570881896148752e-06,3.66
herein,4.570881896148752e-06,3.66
hoffman,4.570881896148752e-06,3.66
honorary,4.570881896148752e-06,3.66
immature,4.570881896148752e-06,3.66
immatures,4.570881896148752e-06,3.66
imperatives,4.570881896148752e-06,3.66
imperative,4.570881896148752e-06,3.66
ineffective,4.570881896148752e-06,3.66
jerome,4.570881896148752e-06,3.66
jess,4.570881896148752e-06,3.66
julius,4.570881896148752e-06,3.66
knitting,4.570881896148752e-06,3.66
knits,4.570881896148752e-06,3.66
knit,4.570881896148752e-06,3.66
kumar,4.570881896148752e-06,3.66
kuwait,4.570881896148752e-06,3.66
lester,4.570881896148752e-06,3.66
manliest,4.570881896148752e-06,3.66
manlier,4.570881896148752e-06,3.66
manly,4.570881896148752e-06,3.66
marvin,4.570881896148752e-06,3.66
maternities,4.570881896148752e-06,3.66
maternity,4.570881896148752e-06,3.66
misconduct,4.570881896148752e-06,3.66
misconducted,4.570881896148752e-06,3.66
misconducting,4.570881896148752e-06,3.66
misconducts,4.570881896148752e-06,3.66
morale,4.570881896148752e-06,3.66
muting,4.570881896148752e-06,3.66
mute,4.570881896148752e-06,3.66
muted,4.570881896148752e-06,3.66
mutes,4.570881896148752e-06,3.66
needless,4.570881896148752e-06,3.66
nerd,4.570881896148752e-06,3.66
nerds,4.570881896148752e-06,3.66
nokia,4.570881896148752e-06,3.66
novelty,4.570881896148752e-06,3.66
novelties,4.570881896148752e-06,3.66
optimism,4.570881896148752e-06,3.66
optimization,4.570881896148752e-06,3.66
optimizations,4.570881896148752e-06,3.66
outdated,4.570881896148752e-06,3.66
oxide,4.570881896148752e-06,3.66
oxides,4.570881896148752e-06,3.66
peasants,4.570881896148752e-06,3.66
percy,4.570881896148752e-06,3.66
perez,4.570881896148752e-06,3.66
peripherals,4.570881896148752e-06,3.66
peripheral,4.570881896148752e-06,3.66
pint,4.570881896148752e-06,3.66
pints,4.570881896148752e-06,3.66
pleaded,4.570881896148752e-06,3.66
poops,4.570881896148752e-06,3.66
pooped,4.570881896148752e-06,3.66
pooping,4.570881896148752e-06,3.66
poop,4.570881896148752e-06,3.66
pornographies,4.570881896148752e-06,3.66
pornography,4.570881896148752e-06,3.66
ppl,4.570881896148752e-06,3.66
prevalence,4.570881896148752e-06,3.66
prevalences,4.570881896148752e-06,3.66
pronounces,4.570881896148752e-06,3.66
pronouncing,4.570881896148752e-06,3.66
pronounce,4.570881896148752e-06,3.66
provisionals,4.570881896148752e-06,3.66
provisional,4.570881896148752e-06,3.66
reddit,4.570881896148752e-06,3.66
remarked,4.570881896148752e-06,3.66
remark,4.570881896148752e-06,3.66
remarking,4.570881896148752e-06,3.66
repays,4.570881896148752e-06,3.66
repaid,4.570881896148752e-06,3.66
repaying,4.570881896148752e-06,3.66
repay,4.570881896148752e-06,3.66
roland,4.570881896148752e-06,3.66
rouging,4.570881896148752e-06,3.66
rouged,4.570881896148752e-06,3.66
rouges,4.570881896148752e-06,3.66
rouge,4.570881896148752e-06,3.66
rumours,4.570881896148752e-06,3.66
russia's,4.570881896148752e-06,3.66
santiago,4.570881896148752e-06,3.66
saturated,4.570881896148752e-06,3.66
shoved,4.570881896148752e-06,3.66
shove,4.570881896148752e-06,3.66
shoves,4.570881896148752e-06,3.66
shoving,4.570881896148752e-06,3.66
sms,4.570881896148752e-06,3.66
soaked,4.570881896148752e-06,3.66
softballs,4.570881896148752e-06,3.66
softball,4.570881896148752e-06,3.66
southeastern,4.570881896148752e-06,3.66
spectators,4.570881896148752e-06,3.66
spurring,4.570881896148752e-06,3.66
spur,4.570881896148752e-06,3.66
spurred,4.570881896148752e-06,3.66
stevie,4.570881896148752e-06,3.66
storytelling,4.570881896148752e-06,3.66
stumbled,4.570881896148752e-06,3.66
stupidity,4.570881896148752e-06,3.66
stupidities,4.570881896148752e-06,3.66
suppress,4.570881896148752e-06,3.66
suppressed,4.570881896148752e-06,3.66
suppressing,4.570881896148752e-06,3.66
suppresses,4.570881896148752e-06,3.66
tangibles,4.570881896148752e-06,3.66
tangible,4.570881896148752e-06,3.66
tara,4.570881896148752e-06,3.66
theo,4.570881896148752e-06,3.66
tilt,4.570881896148752e-06,3.66
tilting,4.570881896148752e-06,3.66
tilts,4.570881896148752e-06,3.66
tilted,4.570881896148752e-06,3.66
tonight's,4.570881896148752e-06,3.66
trivial,4.570881896148752e-06,3.66
turks,4.570881896148752e-06,3.66
unofficial,4.570881896148752e-06,3.66
veil,4.570881896148752e-06,3.66
veils,4.570881896148752e-06,3.66
veiling,4.570881896148752e-06,3.66
veiled,4.570881896148752e-06,3.66
versatile,4.570881896148752e-06,3.66
warsaw,4.570881896148752e-06,3.66
wed,4.570881896148752e-06,3.66
weds,4.570881896148752e-06,3.66
wedded,4.570881896148752e-06,3.66
wr,4.570881896148752e-06,3.66
yi,4.570881896148752e-06,3.66
zoe,4.570881896148752e-06,3.66
à,4.570881896148752e-06,3.66
alec,4.466835921509635e-06,3.65
anthropologies,4.466835921509635e-06,3.65
anthropology,4.466835921509635e-06,3.65
apple's,4.466835921509635e-06,3.65
arteries,4.466835921509635e-06,3.65
artery,4.466835921509635e-06,3.65
bamboo,4.466835921509635e-06,3.65
bamboos,4.466835921509635e-06,3.65
basil,4.466835921509635e-06,3.65
basils,4.466835921509635e-06,3.65
blackberries,4.466835921509635e-06,3.65
blackberry,4.466835921509635e-06,3.65
bolton,4.466835921509635e-06,3.65
bombay,4.466835921509635e-06,3.65
boozes,4.466835921509635e-06,3.65
boozing,4.466835921509635e-06,3.65
booze,4.466835921509635e-06,3.65
boozed,4.466835921509635e-06,3.65
brennan,4.466835921509635e-06,3.65
bronx,4.466835921509635e-06,3.65
caliber,4.466835921509635e-06,3.65
calibers,4.466835921509635e-06,3.65
cbd,4.466835921509635e-06,3.65
cellphone,4.466835921509635e-06,3.65
chords,4.466835921509635e-06,3.65
chord,4.466835921509635e-06,3.65
clare,4.466835921509635e-06,3.65
concessions,4.466835921509635e-06,3.65
corporal,4.466835921509635e-06,3.65
corporals,4.466835921509635e-06,3.65
courtyard,4.466835921509635e-06,3.65
courtyards,4.466835921509635e-06,3.65
crests,4.466835921509635e-06,3.65
cresting,4.466835921509635e-06,3.65
crest,4.466835921509635e-06,3.65
crested,4.466835921509635e-06,3.65
cynthia,4.466835921509635e-06,3.65
dang,4.466835921509635e-06,3.65
deception,4.466835921509635e-06,3.65
deceptions,4.466835921509635e-06,3.65
decor,4.466835921509635e-06,3.65
derivative,4.466835921509635e-06,3.65
derivatives,4.466835921509635e-06,3.65
discomfort,4.466835921509635e-06,3.65
discomforts,4.466835921509635e-06,3.65
dominican,4.466835921509635e-06,3.65
drastically,4.466835921509635e-06,3.65
driveway,4.466835921509635e-06,3.65
driveways,4.466835921509635e-06,3.65
dueled,4.466835921509635e-06,3.65
duels,4.466835921509635e-06,3.65
duelling,4.466835921509635e-06,3.65
duelled,4.466835921509635e-06,3.65
duel,4.466835921509635e-06,3.65
dueling,4.466835921509635e-06,3.65
edwin,4.466835921509635e-06,3.65
elves,4.466835921509635e-06,3.65
elf,4.466835921509635e-06,3.65
ev,4.466835921509635e-06,3.65
evenly,4.466835921509635e-06,3.65
exemptions,4.466835921509635e-06,3.65
exemption,4.466835921509635e-06,3.65
fashionable,4.466835921509635e-06,3.65
fetch,4.466835921509635e-06,3.65
fetched,4.466835921509635e-06,3.65
fetching,4.466835921509635e-06,3.65
fetches,4.466835921509635e-06,3.65
fishermen,4.466835921509635e-06,3.65
fo,4.466835921509635e-06,3.65
formidable,4.466835921509635e-06,3.65
frankie,4.466835921509635e-06,3.65
furnished,4.466835921509635e-06,3.65
fuzzy,4.466835921509635e-06,3.65
fuzzier,4.466835921509635e-06,3.65
fuzziest,4.466835921509635e-06,3.65
gibbs,4.466835921509635e-06,3.65
gmt,4.466835921509635e-06,3.65
gothic,4.466835921509635e-06,3.65
graffiti,4.466835921509635e-06,3.65
grenade,4.466835921509635e-06,3.65
grenades,4.466835921509635e-06,3.65
hague,4.466835921509635e-06,3.65
hamlet,4.466835921509635e-06,3.65
hamlets,4.466835921509635e-06,3.65
hampton,4.466835921509635e-06,3.65
hc,4.466835921509635e-06,3.65
helmed,4.466835921509635e-06,3.65
helming,4.466835921509635e-06,3.65
helm,4.466835921509635e-06,3.65
helms,4.466835921509635e-06,3.65
herman,4.466835921509635e-06,3.65
higgins,4.466835921509635e-06,3.65
hrs,4.466835921509635e-06,3.65
html,4.466835921509635e-06,3.65
hugely,4.466835921509635e-06,3.65
hypocrisies,4.466835921509635e-06,3.65
hypocrisy,4.466835921509635e-06,3.65
inaccurate,4.466835921509635e-06,3.65
inceptions,4.466835921509635e-06,3.65
inception,4.466835921509635e-06,3.65
incompetent,4.466835921509635e-06,3.65
incompetents,4.466835921509635e-06,3.65
indefinitely,4.466835921509635e-06,3.65
intervenes,4.466835921509635e-06,3.65
intervening,4.466835921509635e-06,3.65
intervene,4.466835921509635e-06,3.65
intervened,4.466835921509635e-06,3.65
japan's,4.466835921509635e-06,3.65
jessie,4.466835921509635e-06,3.65
jp,4.466835921509635e-06,3.65
jules,4.466835921509635e-06,3.65
katy,4.466835921509635e-06,3.65
kin,4.466835921509635e-06,3.65
kirby,4.466835921509635e-06,3.65
kobe,4.466835921509635e-06,3.65
kris,4.466835921509635e-06,3.65
laurie,4.466835921509635e-06,3.65
legislators,4.466835921509635e-06,3.65
lobster,4.466835921509635e-06,3.65
lobsters,4.466835921509635e-06,3.65
loneliness,4.466835921509635e-06,3.65
mae,4.466835921509635e-06,3.65
malarias,4.466835921509635e-06,3.65
malaria,4.466835921509635e-06,3.65
manifestos,4.466835921509635e-06,3.65
manifesto,4.466835921509635e-06,3.65
mazes,4.466835921509635e-06,3.65
mazing,4.466835921509635e-06,3.65
mazed,4.466835921509635e-06,3.65
maze,4.466835921509635e-06,3.65
methodist,4.466835921509635e-06,3.65
monaco,4.466835921509635e-06,3.65
monasteries,4.466835921509635e-06,3.65
monastery,4.466835921509635e-06,3.65
mutations,4.466835921509635e-06,3.65
naomi,4.466835921509635e-06,3.65
narrowly,4.466835921509635e-06,3.65
negligence,4.466835921509635e-06,3.65
nexus,4.466835921509635e-06,3.65
nexuses,4.466835921509635e-06,3.65
nightclub,4.466835921509635e-06,3.65
nightclubs,4.466835921509635e-06,3.65
numerical,4.466835921509635e-06,3.65
obsolete,4.466835921509635e-06,3.65
optics,4.466835921509635e-06,3.65
optic,4.466835921509635e-06,3.65
pandas,4.466835921509635e-06,3.65
panda,4.466835921509635e-06,3.65
panther,4.466835921509635e-06,3.65
paul's,4.466835921509635e-06,3.65
peas,4.466835921509635e-06,3.65
perkins,4.466835921509635e-06,3.65
posturing,4.466835921509635e-06,3.65
postures,4.466835921509635e-06,3.65
postured,4.466835921509635e-06,3.65
posture,4.466835921509635e-06,3.65
prague,4.466835921509635e-06,3.65
preseason,4.466835921509635e-06,3.65
qaeda,4.466835921509635e-06,3.65
rc,4.466835921509635e-06,3.65
refreshed,4.466835921509635e-06,3.65
refreshes,4.466835921509635e-06,3.65
refresh,4.466835921509635e-06,3.65
resonance,4.466835921509635e-06,3.65
resonances,4.466835921509635e-06,3.65
ruthless,4.466835921509635e-06,3.65
salvaging,4.466835921509635e-06,3.65
salvage,4.466835921509635e-06,3.65
salvaged,4.466835921509635e-06,3.65
salvages,4.466835921509635e-06,3.65
samurai,4.466835921509635e-06,3.65
sasha,4.466835921509635e-06,3.65
satires,4.466835921509635e-06,3.65
satire,4.466835921509635e-06,3.65
saul,4.466835921509635e-06,3.65
seafoods,4.466835921509635e-06,3.65
seafood,4.466835921509635e-06,3.65
signalings,4.466835921509635e-06,3.65
slashes,4.466835921509635e-06,3.65
slashing,4.466835921509635e-06,3.65
slash,4.466835921509635e-06,3.65
slashed,4.466835921509635e-06,3.65
spaghetti,4.466835921509635e-06,3.65
speediest,4.466835921509635e-06,3.65
speedy,4.466835921509635e-06,3.65
speedier,4.466835921509635e-06,3.65
standpoint,4.466835921509635e-06,3.65
standpoints,4.466835921509635e-06,3.65
steins,4.466835921509635e-06,3.65
stein,4.466835921509635e-06,3.65
swaying,4.466835921509635e-06,3.65
sways,4.466835921509635e-06,3.65
sway,4.466835921509635e-06,3.65
swayed,4.466835921509635e-06,3.65
tempting,4.466835921509635e-06,3.65
terminate,4.466835921509635e-06,3.65
terminating,4.466835921509635e-06,3.65
terminates,4.466835921509635e-06,3.65
torqued,4.466835921509635e-06,3.65
torque,4.466835921509635e-06,3.65
torquing,4.466835921509635e-06,3.65
torques,4.466835921509635e-06,3.65
trinidad,4.466835921509635e-06,3.65
uk's,4.466835921509635e-06,3.65
unconstitutional,4.466835921509635e-06,3.65
undermining,4.466835921509635e-06,3.65
undermined,4.466835921509635e-06,3.65
undermine,4.466835921509635e-06,3.65
undermines,4.466835921509635e-06,3.65
vacancy,4.466835921509635e-06,3.65
vacancies,4.466835921509635e-06,3.65
var,4.466835921509635e-06,3.65
vetoes,4.466835921509635e-06,3.65
vetoing,4.466835921509635e-06,3.65
veto,4.466835921509635e-06,3.65
vetoed,4.466835921509635e-06,3.65
vocational,4.466835921509635e-06,3.65
wenger,4.466835921509635e-06,3.65
wickets,4.466835921509635e-06,3.65
withstood,4.466835921509635e-06,3.65
withstands,4.466835921509635e-06,3.65
withstand,4.466835921509635e-06,3.65
withstanding,4.466835921509635e-06,3.65
woodlands,4.466835921509635e-06,3.65
woodland,4.466835921509635e-06,3.65
zincs,4.466835921509635e-06,3.65
zinked,4.466835921509635e-06,3.65
zincking,4.466835921509635e-06,3.65
zincked,4.466835921509635e-06,3.65
zinced,4.466835921509635e-06,3.65
zincing,4.466835921509635e-06,3.65
zinc,4.466835921509635e-06,3.65
a1,4.365158322401657e-06,3.64
accustomed,4.365158322401657e-06,3.64
adequately,4.365158322401657e-06,3.64
ahmad,4.365158322401657e-06,3.64
alicia,4.365158322401657e-06,3.64
amazingly,4.365158322401657e-06,3.64
applicant,4.365158322401657e-06,3.64
approximates,4.365158322401657e-06,3.64
approximating,4.365158322401657e-06,3.64
approximate,4.365158322401657e-06,3.64
approximated,4.365158322401657e-06,3.64
assemble,4.365158322401657e-06,3.64
assembling,4.365158322401657e-06,3.64
assembles,4.365158322401657e-06,3.64
baghdad,4.365158322401657e-06,3.64
bam,4.365158322401657e-06,3.64
barrett,4.365158322401657e-06,3.64
bates,4.365158322401657e-06,3.64
baton,4.365158322401657e-06,3.64
batons,4.365158322401657e-06,3.64
breakups,4.365158322401657e-06,3.64
breakup,4.365158322401657e-06,3.64
brew,4.365158322401657e-06,3.64
brewed,4.365158322401657e-06,3.64
brews,4.365158322401657e-06,3.64
bulldogs,4.365158322401657e-06,3.64
c00,4.365158322401657e-06,3.64
camels,4.365158322401657e-06,3.64
camel,4.365158322401657e-06,3.64
canberra,4.365158322401657e-06,3.64
catering,4.365158322401657e-06,3.64
charger,4.365158322401657e-06,3.64
checkouts,4.365158322401657e-06,3.64
checkout,4.365158322401657e-06,3.64
chunked,4.365158322401657e-06,3.64
chunking,4.365158322401657e-06,3.64
chunks,4.365158322401657e-06,3.64
chunk,4.365158322401657e-06,3.64
classmates,4.365158322401657e-06,3.64
coca,4.365158322401657e-06,3.64
cocoa,4.365158322401657e-06,3.64
comet,4.365158322401657e-06,3.64
comets,4.365158322401657e-06,3.64
compartmented,4.365158322401657e-06,3.64
compartments,4.365158322401657e-06,3.64
compartmenting,4.365158322401657e-06,3.64
compartment,4.365158322401657e-06,3.64
contestants,4.365158322401657e-06,3.64
corpus,4.365158322401657e-06,3.64
corpora,4.365158322401657e-06,3.64
corpuses,4.365158322401657e-06,3.64
cove,4.365158322401657e-06,3.64
coves,4.365158322401657e-06,3.64
cozier,4.365158322401657e-06,3.64
cozies,4.365158322401657e-06,3.64
cozy,4.365158322401657e-06,3.64
coziest,4.365158322401657e-06,3.64
culturally,4.365158322401657e-06,3.64
deficiencies,4.365158322401657e-06,3.64
deficiency,4.365158322401657e-06,3.64
deported,4.365158322401657e-06,3.64
dictatorships,4.365158322401657e-06,3.64
dictatorship,4.365158322401657e-06,3.64
disrespectful,4.365158322401657e-06,3.64
dreads,4.365158322401657e-06,3.64
dread,4.365158322401657e-06,3.64
dreading,4.365158322401657e-06,3.64
dreaded,4.365158322401657e-06,3.64
dub,4.365158322401657e-06,3.64
dubs,4.365158322401657e-06,3.64
dubbing,4.365158322401657e-06,3.64
dummy,4.365158322401657e-06,3.64
dummies,4.365158322401657e-06,3.64
ecuador,4.365158322401657e-06,3.64
edmonton,4.365158322401657e-06,3.64
electorate,4.365158322401657e-06,3.64
electorates,4.365158322401657e-06,3.64
erosions,4.365158322401657e-06,3.64
erosion,4.365158322401657e-06,3.64
expos,4.365158322401657e-06,3.64
expo,4.365158322401657e-06,3.64
fitzgerald,4.365158322401657e-06,3.64
flanks,4.365158322401657e-06,3.64
flanked,4.365158322401657e-06,3.64
flank,4.365158322401657e-06,3.64
flanking,4.365158322401657e-06,3.64
flared,4.365158322401657e-06,3.64
flares,4.365158322401657e-06,3.64
flare,4.365158322401657e-06,3.64
flaring,4.365158322401657e-06,3.64
flirting,4.365158322401657e-06,3.64
forex,4.365158322401657e-06,3.64
gamers,4.365158322401657e-06,3.64
geoffrey,4.365158322401657e-06,3.64
goodnight,4.365158322401657e-06,3.64
gus,4.365158322401657e-06,3.64
handmade,4.365158322401657e-06,3.64
hartford,4.365158322401657e-06,3.64
hawkins,4.365158322401657e-06,3.64
icc,4.365158322401657e-06,3.64
incidences,4.365158322401657e-06,3.64
incidence,4.365158322401657e-06,3.64
intimacy,4.365158322401657e-06,3.64
intimacies,4.365158322401657e-06,3.64
italians,4.365158322401657e-06,3.64
jul,4.365158322401657e-06,3.64
kat,4.365158322401657e-06,3.64
kerr,4.365158322401657e-06,3.64
kittening,4.365158322401657e-06,3.64
kitten,4.365158322401657e-06,3.64
kittened,4.365158322401657e-06,3.64
kittens,4.365158322401657e-06,3.64
knicks,4.365158322401657e-06,3.64
koch,4.365158322401657e-06,3.64
lagos,4.365158322401657e-06,3.64
lan,4.365158322401657e-06,3.64
lender,4.365158322401657e-06,3.64
leone,4.365158322401657e-06,3.64
levering,4.365158322401657e-06,3.64
levered,4.365158322401657e-06,3.64
levers,4.365158322401657e-06,3.64
lever,4.365158322401657e-06,3.64
lisbon,4.365158322401657e-06,3.64
lu,4.365158322401657e-06,3.64
marty,4.365158322401657e-06,3.64
mileages,4.365158322401657e-06,3.64
mileage,4.365158322401657e-06,3.64
morton,4.365158322401657e-06,3.64
multiplayer,4.365158322401657e-06,3.64
mutants,4.365158322401657e-06,3.64
mutant,4.365158322401657e-06,3.64
mutation,4.365158322401657e-06,3.64
mythology,4.365158322401657e-06,3.64
mythologies,4.365158322401657e-06,3.64
neal,4.365158322401657e-06,3.64
neon,4.365158322401657e-06,3.64
nile,4.365158322401657e-06,3.64
nolan,4.365158322401657e-06,3.64
northeastern,4.365158322401657e-06,3.64
nun,4.365158322401657e-06,3.64
nuns,4.365158322401657e-06,3.64
nutritional,4.365158322401657e-06,3.64
nutritionals,4.365158322401657e-06,3.64
ow,4.365158322401657e-06,3.64
p00,4.365158322401657e-06,3.64
pedals,4.365158322401657e-06,3.64
pedaling,4.365158322401657e-06,3.64
pedalling,4.365158322401657e-06,3.64
pedaled,4.365158322401657e-06,3.64
pedal,4.365158322401657e-06,3.64
pedalled,4.365158322401657e-06,3.64
pests,4.365158322401657e-06,3.64
pest,4.365158322401657e-06,3.64
pillar,4.365158322401657e-06,3.64
pillaring,4.365158322401657e-06,3.64
pillared,4.365158322401657e-06,3.64
pillars,4.365158322401657e-06,3.64
plausible,4.365158322401657e-06,3.64
poly,4.365158322401657e-06,3.64
polymers,4.365158322401657e-06,3.64
polymer,4.365158322401657e-06,3.64
precipitations,4.365158322401657e-06,3.64
precipitation,4.365158322401657e-06,3.64
pups,4.365158322401657e-06,3.64
pupping,4.365158322401657e-06,3.64
pupped,4.365158322401657e-06,3.64
pup,4.365158322401657e-06,3.64
quarantining,4.365158322401657e-06,3.64
quarantined,4.365158322401657e-06,3.64
quarantines,4.365158322401657e-06,3.64
quarantine,4.365158322401657e-06,3.64
query,4.365158322401657e-06,3.64
querying,4.365158322401657e-06,3.64
queries,4.365158322401657e-06,3.64
queried,4.365158322401657e-06,3.64
raf,4.365158322401657e-06,3.64
restraint,4.365158322401657e-06,3.64
restraints,4.365158322401657e-06,3.64
rifts,4.365158322401657e-06,3.64
rift,4.365158322401657e-06,3.64
romney,4.365158322401657e-06,3.64
russ,4.365158322401657e-06,3.64
salesmen,4.365158322401657e-06,3.64
salesman,4.365158322401657e-06,3.64
scarlet,4.365158322401657e-06,3.64
scarlets,4.365158322401657e-06,3.64
serena,4.365158322401657e-06,3.64
sewer,4.365158322401657e-06,3.64
sewers,4.365158322401657e-06,3.64
smacks,4.365158322401657e-06,3.64
smacking,4.365158322401657e-06,3.64
smacked,4.365158322401657e-06,3.64
smack,4.365158322401657e-06,3.64
sonny,4.365158322401657e-06,3.64
southwestern,4.365158322401657e-06,3.64
spokespersons,4.365158322401657e-06,3.64
spokesperson,4.365158322401657e-06,3.64
stalking,4.365158322401657e-06,3.64
standardized,4.365158322401657e-06,3.64
stitched,4.365158322401657e-06,3.64
stitching,4.365158322401657e-06,3.64
stitches,4.365158322401657e-06,3.64
stitch,4.365158322401657e-06,3.64
substrates,4.365158322401657e-06,3.64
substrate,4.365158322401657e-06,3.64
sultans,4.365158322401657e-06,3.64
sultan,4.365158322401657e-06,3.64
supremacy,4.365158322401657e-06,3.64
swells,4.365158322401657e-06,3.64
swelled,4.365158322401657e-06,3.64
swollen,4.365158322401657e-06,3.64
swell,4.365158322401657e-06,3.64
symptom,4.365158322401657e-06,3.64
theoretically,4.365158322401657e-06,3.64
thirsting,4.365158322401657e-06,3.64
thirsts,4.365158322401657e-06,3.64
thirsted,4.365158322401657e-06,3.64
thirst,4.365158322401657e-06,3.64
transitional,4.365158322401657e-06,3.64
tunas,4.365158322401657e-06,3.64
tuna,4.365158322401657e-06,3.64
unused,4.365158322401657e-06,3.64
viewpoints,4.365158322401657e-06,3.64
viewpoint,4.365158322401657e-06,3.64
vinegars,4.365158322401657e-06,3.64
vinegar,4.365158322401657e-06,3.64
wigs,4.365158322401657e-06,3.64
wigging,4.365158322401657e-06,3.64
wig,4.365158322401657e-06,3.64
wigged,4.365158322401657e-06,3.64
─,4.365158322401657e-06,3.64
accessory,4.265795188015926e-06,3.63
affiliation,4.265795188015926e-06,3.63
affiliations,4.265795188015926e-06,3.63
aggressively,4.265795188015926e-06,3.63
aligning,4.265795188015926e-06,3.63
align,4.265795188015926e-06,3.63
aligns,4.265795188015926e-06,3.63
allergies,4.265795188015926e-06,3.63
amnesty,4.265795188015926e-06,3.63
amnesties,4.265795188015926e-06,3.63
angus,4.265795188015926e-06,3.63
anita,4.265795188015926e-06,3.63
assad,4.265795188015926e-06,3.63
assertion,4.265795188015926e-06,3.63
assertions,4.265795188015926e-06,3.63
astronomy,4.265795188015926e-06,3.63
atop,4.265795188015926e-06,3.63
attic,4.265795188015926e-06,3.63
attics,4.265795188015926e-06,3.63
australians,4.265795188015926e-06,3.63
autobiographies,4.265795188015926e-06,3.63
autobiography,4.265795188015926e-06,3.63
av,4.265795188015926e-06,3.63
awaited,4.265795188015926e-06,3.63
awaits,4.265795188015926e-06,3.63
await,4.265795188015926e-06,3.63
becky,4.265795188015926e-06,3.63
bing,4.265795188015926e-06,3.63
broadcasters,4.265795188015926e-06,3.63
broadcaster,4.265795188015926e-06,3.63
buddhism,4.265795188015926e-06,3.63
cached,4.265795188015926e-06,3.63
caching,4.265795188015926e-06,3.63
cache,4.265795188015926e-06,3.63
caches,4.265795188015926e-06,3.63
carmen,4.265795188015926e-06,3.63
carrots,4.265795188015926e-06,3.63
cds,4.265795188015926e-06,3.63
chewings,4.265795188015926e-06,3.63
clinton's,4.265795188015926e-06,3.63
coherent,4.265795188015926e-06,3.63
comfy,4.265795188015926e-06,3.63
comfiest,4.265795188015926e-06,3.63
comfier,4.265795188015926e-06,3.63
comrades,4.265795188015926e-06,3.63
conceded,4.265795188015926e-06,3.63
condo,4.265795188015926e-06,3.63
conrad,4.265795188015926e-06,3.63
criticize,4.265795188015926e-06,3.63
criticizing,4.265795188015926e-06,3.63
criticizes,4.265795188015926e-06,3.63
crooked,4.265795188015926e-06,3.63
cultivation,4.265795188015926e-06,3.63
cultivations,4.265795188015926e-06,3.63
dicks,4.265795188015926e-06,3.63
ding,4.265795188015926e-06,3.63
dings,4.265795188015926e-06,3.63
discontinued,4.265795188015926e-06,3.63
displacements,4.265795188015926e-06,3.63
displacement,4.265795188015926e-06,3.63
disrespecting,4.265795188015926e-06,3.63
disrespects,4.265795188015926e-06,3.63
disrespect,4.265795188015926e-06,3.63
disrespected,4.265795188015926e-06,3.63
distorted,4.265795188015926e-06,3.63
divers,4.265795188015926e-06,3.63
dow,4.265795188015926e-06,3.63
drastics,4.265795188015926e-06,3.63
drastic,4.265795188015926e-06,3.63
edible,4.265795188015926e-06,3.63
edibles,4.265795188015926e-06,3.63
edmund,4.265795188015926e-06,3.63
ella,4.265795188015926e-06,3.63
emerson,4.265795188015926e-06,3.63
endorses,4.265795188015926e-06,3.63
endorse,4.265795188015926e-06,3.63
endorsing,4.265795188015926e-06,3.63
enhancements,4.265795188015926e-06,3.63
enhancement,4.265795188015926e-06,3.63
faxed,4.265795188015926e-06,3.63
fax,4.265795188015926e-06,3.63
faxing,4.265795188015926e-06,3.63
faxes,4.265795188015926e-06,3.63
fiat,4.265795188015926e-06,3.63
fiats,4.265795188015926e-06,3.63
fiant,4.265795188015926e-06,3.63
fiona,4.265795188015926e-06,3.63
firefighters,4.265795188015926e-06,3.63
flick,4.265795188015926e-06,3.63
flicked,4.265795188015926e-06,3.63
flicks,4.265795188015926e-06,3.63
flicking,4.265795188015926e-06,3.63
fowler,4.265795188015926e-06,3.63
funky,4.265795188015926e-06,3.63
funkiest,4.265795188015926e-06,3.63
funkier,4.265795188015926e-06,3.63
gagged,4.265795188015926e-06,3.63
gags,4.265795188015926e-06,3.63
gagging,4.265795188015926e-06,3.63
gag,4.265795188015926e-06,3.63
gee,4.265795188015926e-06,3.63
gigantic,4.265795188015926e-06,3.63
gills,4.265795188015926e-06,3.63
gill,4.265795188015926e-06,3.63
grooms,4.265795188015926e-06,3.63
groomed,4.265795188015926e-06,3.63
groom,4.265795188015926e-06,3.63
grooming,4.265795188015926e-06,3.63
guitarist,4.265795188015926e-06,3.63
guitarists,4.265795188015926e-06,3.63
halftime,4.265795188015926e-06,3.63
halftimes,4.265795188015926e-06,3.63
hamas,4.265795188015926e-06,3.63
harriet,4.265795188015926e-06,3.63
hashes,4.265795188015926e-06,3.63
hashing,4.265795188015926e-06,3.63
hash,4.265795188015926e-06,3.63
hashed,4.265795188015926e-06,3.63
helena,4.265795188015926e-06,3.63
hogan,4.265795188015926e-06,3.63
holden,4.265795188015926e-06,3.63
hydro,4.265795188015926e-06,3.63
ig,4.265795188015926e-06,3.63
inactive,4.265795188015926e-06,3.63
inactives,4.265795188015926e-06,3.63
inspected,4.265795188015926e-06,3.63
inspect,4.265795188015926e-06,3.63
inspects,4.265795188015926e-06,3.63
inspecting,4.265795188015926e-06,3.63
je,4.265795188015926e-06,3.63
jj,4.265795188015926e-06,3.63
lana,4.265795188015926e-06,3.63
laurels,4.265795188015926e-06,3.63
laurel,4.265795188015926e-06,3.63
leftist,4.265795188015926e-06,3.63
leftists,4.265795188015926e-06,3.63
legitimacy,4.265795188015926e-06,3.63
linkedin,4.265795188015926e-06,3.63
lizards,4.265795188015926e-06,3.63
lizard,4.265795188015926e-06,3.63
lyric,4.265795188015926e-06,3.63
maximized,4.265795188015926e-06,3.63
maximizes,4.265795188015926e-06,3.63
maximize,4.265795188015926e-06,3.63
maximizing,4.265795188015926e-06,3.63
morally,4.265795188015926e-06,3.63
mp3,4.265795188015926e-06,3.63
mushroomed,4.265795188015926e-06,3.63
mushroom,4.265795188015926e-06,3.63
mushrooming,4.265795188015926e-06,3.63
naples,4.265795188015926e-06,3.63
nigga,4.265795188015926e-06,3.63
noel,4.265795188015926e-06,3.63
organizers,4.265795188015926e-06,3.63
owens,4.265795188015926e-06,3.63
paradoxes,4.265795188015926e-06,3.63
paradox,4.265795188015926e-06,3.63
peacefully,4.265795188015926e-06,3.63
periodic,4.265795188015926e-06,3.63
philly,4.265795188015926e-06,3.63
pled,4.265795188015926e-06,3.63
pleading,4.265795188015926e-06,3.63
plead,4.265795188015926e-06,3.63
pleads,4.265795188015926e-06,3.63
podium,4.265795188015926e-06,3.63
podia,4.265795188015926e-06,3.63
podiums,4.265795188015926e-06,3.63
portrays,4.265795188015926e-06,3.63
portraying,4.265795188015926e-06,3.63
portray,4.265795188015926e-06,3.63
practitioner,4.265795188015926e-06,3.63
pradesh,4.265795188015926e-06,3.63
pucks,4.265795188015926e-06,3.63
puck,4.265795188015926e-06,3.63
reconsiders,4.265795188015926e-06,3.63
reconsidered,4.265795188015926e-06,3.63
reconsider,4.265795188015926e-06,3.63
reconsidering,4.265795188015926e-06,3.63
redskins,4.265795188015926e-06,3.63
refraining,4.265795188015926e-06,3.63
refrained,4.265795188015926e-06,3.63
refrains,4.265795188015926e-06,3.63
refrain,4.265795188015926e-06,3.63
reproduced,4.265795188015926e-06,3.63
reproduce,4.265795188015926e-06,3.63
reproducing,4.265795188015926e-06,3.63
reproduces,4.265795188015926e-06,3.63
rite,4.265795188015926e-06,3.63
rites,4.265795188015926e-06,3.63
rums,4.265795188015926e-06,3.63
rum,4.265795188015926e-06,3.63
s00,4.265795188015926e-06,3.63
safari,4.265795188015926e-06,3.63
safaris,4.265795188015926e-06,3.63
saunders,4.265795188015926e-06,3.63
scalings,4.265795188015926e-06,3.63
scorer,4.265795188015926e-06,3.63
scorers,4.265795188015926e-06,3.63
seldom,4.265795188015926e-06,3.63
shareholder,4.265795188015926e-06,3.63
simone,4.265795188015926e-06,3.63
sis,4.265795188015926e-06,3.63
soy,4.265795188015926e-06,3.63
squashes,4.265795188015926e-06,3.63
squash,4.265795188015926e-06,3.63
squashing,4.265795188015926e-06,3.63
squashed,4.265795188015926e-06,3.63
statewide,4.265795188015926e-06,3.63
stationary,4.265795188015926e-06,3.63
subdivision,4.265795188015926e-06,3.63
subdivisions,4.265795188015926e-06,3.63
sunderland,4.265795188015926e-06,3.63
tars,4.265795188015926e-06,3.63
tar,4.265795188015926e-06,3.63
taring,4.265795188015926e-06,3.63
tared,4.265795188015926e-06,3.63
tariffs,4.265795188015926e-06,3.63
temporal,4.265795188015926e-06,3.63
temporals,4.265795188015926e-06,3.63
trackers,4.265795188015926e-06,3.63
tracker,4.265795188015926e-06,3.63
turbines,4.265795188015926e-06,3.63
turbine,4.265795188015926e-06,3.63
tyson,4.265795188015926e-06,3.63
unavailable,4.265795188015926e-06,3.63
universally,4.265795188015926e-06,3.63
unlucky,4.265795188015926e-06,3.63
uv,4.265795188015926e-06,3.63
vomitings,4.265795188015926e-06,3.63
vomiting,4.265795188015926e-06,3.63
wardens,4.265795188015926e-06,3.63
wardened,4.265795188015926e-06,3.63
warden,4.265795188015926e-06,3.63
wardening,4.265795188015926e-06,3.63
warping,4.265795188015926e-06,3.63
warps,4.265795188015926e-06,3.63
warped,4.265795188015926e-06,3.63
warp,4.265795188015926e-06,3.63
whiskies,4.265795188015926e-06,3.63
whisky,4.265795188015926e-06,3.63
who'd,4.265795188015926e-06,3.63
womb,4.265795188015926e-06,3.63
wombs,4.265795188015926e-06,3.63
yogurt,4.265795188015926e-06,3.63
yogurts,4.265795188015926e-06,3.63
abe,4.168693834703355e-06,3.62
abolished,4.168693834703355e-06,3.62
algeria,4.168693834703355e-06,3.62
alpines,4.168693834703355e-06,3.62
alpine,4.168693834703355e-06,3.62
ambient,4.168693834703355e-06,3.62
aquatics,4.168693834703355e-06,3.62
aquatic,4.168693834703355e-06,3.62
argentine,4.168693834703355e-06,3.62
argentines,4.168693834703355e-06,3.62
armored,4.168693834703355e-06,3.62
assert,4.168693834703355e-06,3.62
asserted,4.168693834703355e-06,3.62
asserts,4.168693834703355e-06,3.62
asserting,4.168693834703355e-06,3.62
atheists,4.168693834703355e-06,3.62
atheist,4.168693834703355e-06,3.62
bandwidths,4.168693834703355e-06,3.62
bandwidth,4.168693834703355e-06,3.62
barbecue,4.168693834703355e-06,3.62
barbecues,4.168693834703355e-06,3.62
barbecuing,4.168693834703355e-06,3.62
barbecued,4.168693834703355e-06,3.62
beforehand,4.168693834703355e-06,3.62
bipolars,4.168693834703355e-06,3.62
bipolar,4.168693834703355e-06,3.62
bladder,4.168693834703355e-06,3.62
bladders,4.168693834703355e-06,3.62
blossom,4.168693834703355e-06,3.62
blossomed,4.168693834703355e-06,3.62
blossoms,4.168693834703355e-06,3.62
blossoming,4.168693834703355e-06,3.62
body's,4.168693834703355e-06,3.62
canned,4.168693834703355e-06,3.62
caravans,4.168693834703355e-06,3.62
caravaned,4.168693834703355e-06,3.62
caravan,4.168693834703355e-06,3.62
caravanning,4.168693834703355e-06,3.62
caravaning,4.168693834703355e-06,3.62
caravanned,4.168693834703355e-06,3.62
carrot,4.168693834703355e-06,3.62
chanting,4.168693834703355e-06,3.62
chevrolet,4.168693834703355e-06,3.62
clive,4.168693834703355e-06,3.62
compressed,4.168693834703355e-06,3.62
comprise,4.168693834703355e-06,3.62
computational,4.168693834703355e-06,3.62
conceptual,4.168693834703355e-06,3.62
damping,4.168693834703355e-06,3.62
damp,4.168693834703355e-06,3.62
damper,4.168693834703355e-06,3.62
dampest,4.168693834703355e-06,3.62
damped,4.168693834703355e-06,3.62
damps,4.168693834703355e-06,3.62
danielle,4.168693834703355e-06,3.62
debits,4.168693834703355e-06,3.62
debit,4.168693834703355e-06,3.62
debiting,4.168693834703355e-06,3.62
debited,4.168693834703355e-06,3.62
demolition,4.168693834703355e-06,3.62
demolitions,4.168693834703355e-06,3.62
denis,4.168693834703355e-06,3.62
differentiated,4.168693834703355e-06,3.62
differentiating,4.168693834703355e-06,3.62
differentiate,4.168693834703355e-06,3.62
differentiates,4.168693834703355e-06,3.62
dimming,4.168693834703355e-06,3.62
dimmed,4.168693834703355e-06,3.62
dimmest,4.168693834703355e-06,3.62
dims,4.168693834703355e-06,3.62
dimmer,4.168693834703355e-06,3.62
dim,4.168693834703355e-06,3.62
discouraged,4.168693834703355e-06,3.62
donkeys,4.168693834703355e-06,3.62
donkey,4.168693834703355e-06,3.62
doo,4.168693834703355e-06,3.62
downstream,4.168693834703355e-06,3.62
earrings,4.168693834703355e-06,3.62
ebola,4.168693834703355e-06,3.62
eg,4.168693834703355e-06,3.62
ellie,4.168693834703355e-06,3.62
empirical,4.168693834703355e-06,3.62
enlarged,4.168693834703355e-06,3.62
esther,4.168693834703355e-06,3.62
everybody's,4.168693834703355e-06,3.62
faultier,4.168693834703355e-06,3.62
faulty,4.168693834703355e-06,3.62
faultiest,4.168693834703355e-06,3.62
fertile,4.168693834703355e-06,3.62
feud,4.168693834703355e-06,3.62
feuded,4.168693834703355e-06,3.62
feuding,4.168693834703355e-06,3.62
feuds,4.168693834703355e-06,3.62
filmmaker,4.168693834703355e-06,3.62
frankfurt,4.168693834703355e-06,3.62
furnaces,4.168693834703355e-06,3.62
furnace,4.168693834703355e-06,3.62
fuses,4.168693834703355e-06,3.62
fuse,4.168693834703355e-06,3.62
fused,4.168693834703355e-06,3.62
fusing,4.168693834703355e-06,3.62
fussed,4.168693834703355e-06,3.62
fussing,4.168693834703355e-06,3.62
fusses,4.168693834703355e-06,3.62
fuss,4.168693834703355e-06,3.62
gales,4.168693834703355e-06,3.62
gale,4.168693834703355e-06,3.62
generosity,4.168693834703355e-06,3.62
generosities,4.168693834703355e-06,3.62
gerry,4.168693834703355e-06,3.62
gluten,4.168693834703355e-06,3.62
glutens,4.168693834703355e-06,3.62
goodman,4.168693834703355e-06,3.62
gorilla,4.168693834703355e-06,3.62
gorillas,4.168693834703355e-06,3.62
guatemala,4.168693834703355e-06,3.62
hamburg,4.168693834703355e-06,3.62
hath,4.168693834703355e-06,3.62
heavyweights,4.168693834703355e-06,3.62
heavyweight,4.168693834703355e-06,3.62
humane,4.168693834703355e-06,3.62
humanities,4.168693834703355e-06,3.62
inflicted,4.168693834703355e-06,3.62
jedi,4.168693834703355e-06,3.62
jennings,4.168693834703355e-06,3.62
lawful,4.168693834703355e-06,3.62
lawmakers,4.168693834703355e-06,3.62
lena,4.168693834703355e-06,3.62
loosely,4.168693834703355e-06,3.62
lord's,4.168693834703355e-06,3.62
lotus,4.168693834703355e-06,3.62
luna,4.168693834703355e-06,3.62
malik,4.168693834703355e-06,3.62
mantle,4.168693834703355e-06,3.62
mantling,4.168693834703355e-06,3.62
mantles,4.168693834703355e-06,3.62
mantled,4.168693834703355e-06,3.62
mascot,4.168693834703355e-06,3.62
mascots,4.168693834703355e-06,3.62
metabolic,4.168693834703355e-06,3.62
meth,4.168693834703355e-06,3.62
mf,4.168693834703355e-06,3.62
midfield,4.168693834703355e-06,3.62
militant,4.168693834703355e-06,3.62
militants,4.168693834703355e-06,3.62
mohammad,4.168693834703355e-06,3.62
nicolas,4.168693834703355e-06,3.62
nostalgia,4.168693834703355e-06,3.62
ottoman,4.168693834703355e-06,3.62
paddies,4.168693834703355e-06,3.62
paddy,4.168693834703355e-06,3.62
paperback,4.168693834703355e-06,3.62
paperbacks,4.168693834703355e-06,3.62
paved,4.168693834703355e-06,3.62
pavilion,4.168693834703355e-06,3.62
pavilions,4.168693834703355e-06,3.62
peasant,4.168693834703355e-06,3.62
perks,4.168693834703355e-06,3.62
pointers,4.168693834703355e-06,3.62
pointer,4.168693834703355e-06,3.62
presumed,4.168693834703355e-06,3.62
presuming,4.168693834703355e-06,3.62
presumes,4.168693834703355e-06,3.62
presume,4.168693834703355e-06,3.62
rapists,4.168693834703355e-06,3.62
rapist,4.168693834703355e-06,3.62
rec,4.168693834703355e-06,3.62
rectangular,4.168693834703355e-06,3.62
regulators,4.168693834703355e-06,3.62
regulator,4.168693834703355e-06,3.62
restructuring,4.168693834703355e-06,3.62
restructurings,4.168693834703355e-06,3.62
ro,4.168693834703355e-06,3.62
rudy,4.168693834703355e-06,3.62
sabotage,4.168693834703355e-06,3.62
sabotaging,4.168693834703355e-06,3.62
sabotages,4.168693834703355e-06,3.62
sabotaged,4.168693834703355e-06,3.62
sanctioned,4.168693834703355e-06,3.62
sarcasm,4.168693834703355e-06,3.62
savannahs,4.168693834703355e-06,3.62
savannah,4.168693834703355e-06,3.62
seekers,4.168693834703355e-06,3.62
sexists,4.168693834703355e-06,3.62
sexist,4.168693834703355e-06,3.62
shavings,4.168693834703355e-06,3.62
shutdown,4.168693834703355e-06,3.62
shutdowns,4.168693834703355e-06,3.62
sics,4.168693834703355e-06,3.62
sic,4.168693834703355e-06,3.62
sicced,4.168693834703355e-06,3.62
siccing,4.168693834703355e-06,3.62
snp,4.168693834703355e-06,3.62
suffolk,4.168693834703355e-06,3.62
surpassed,4.168693834703355e-06,3.62
swansea,4.168693834703355e-06,3.62
syracuse,4.168693834703355e-06,3.62
tallying,4.168693834703355e-06,3.62
tally,4.168693834703355e-06,3.62
tallied,4.168693834703355e-06,3.62
tallies,4.168693834703355e-06,3.62
tehran,4.168693834703355e-06,3.62
tha,4.168693834703355e-06,3.62
tm,4.168693834703355e-06,3.62
tucked,4.168693834703355e-06,3.62
u.s.a,4.168693834703355e-06,3.62
ui,4.168693834703355e-06,3.62
unanimously,4.168693834703355e-06,3.62
undefeated,4.168693834703355e-06,3.62
unfamiliar,4.168693834703355e-06,3.62
vale,4.168693834703355e-06,3.62
vales,4.168693834703355e-06,3.62
valencia,4.168693834703355e-06,3.62
vastly,4.168693834703355e-06,3.62
vile,4.168693834703355e-06,3.62
viler,4.168693834703355e-06,3.62
vilest,4.168693834703355e-06,3.62
violently,4.168693834703355e-06,3.62
wedges,4.168693834703355e-06,3.62
wedged,4.168693834703355e-06,3.62
wedge,4.168693834703355e-06,3.62
wedging,4.168693834703355e-06,3.62
wisely,4.168693834703355e-06,3.62
yesterday's,4.168693834703355e-06,3.62
yuri,4.168693834703355e-06,3.62
adaptive,4.073802778041131e-06,3.61
addictive,4.073802778041131e-06,3.61
affinity,4.073802778041131e-06,3.61
affinities,4.073802778041131e-06,3.61
alloying,4.073802778041131e-06,3.61
alloyed,4.073802778041131e-06,3.61
alloys,4.073802778041131e-06,3.61
alloy,4.073802778041131e-06,3.61
apartheid,4.073802778041131e-06,3.61
arthritis,4.073802778041131e-06,3.61
arthritises,4.073802778041131e-06,3.61
arthritides,4.073802778041131e-06,3.61
authorised,4.073802778041131e-06,3.61
ay,4.073802778041131e-06,3.61
b00,4.073802778041131e-06,3.61
baled,4.073802778041131e-06,3.61
bale,4.073802778041131e-06,3.61
baling,4.073802778041131e-06,3.61
bales,4.073802778041131e-06,3.61
barton,4.073802778041131e-06,3.61
beaver,4.073802778041131e-06,3.61
beavers,4.073802778041131e-06,3.61
beavering,4.073802778041131e-06,3.61
beavered,4.073802778041131e-06,3.61
boasts,4.073802778041131e-06,3.61
brunswick,4.073802778041131e-06,3.61
buenos,4.073802778041131e-06,3.61
caller,4.073802778041131e-06,3.61
callers,4.073802778041131e-06,3.61
carnegie,4.073802778041131e-06,3.61
casualty,4.073802778041131e-06,3.61
cavities,4.073802778041131e-06,3.61
cavity,4.073802778041131e-06,3.61
chapping,4.073802778041131e-06,3.61
chap,4.073802778041131e-06,3.61
chapped,4.073802778041131e-06,3.61
chaps,4.073802778041131e-06,3.61
colts,4.073802778041131e-06,3.61
conway,4.073802778041131e-06,3.61
courthouses,4.073802778041131e-06,3.61
courthouse,4.073802778041131e-06,3.61
cranking,4.073802778041131e-06,3.61
cranks,4.073802778041131e-06,3.61
crank,4.073802778041131e-06,3.61
cranked,4.073802778041131e-06,3.61
cv,4.073802778041131e-06,3.61
dante,4.073802778041131e-06,3.61
darns,4.073802778041131e-06,3.61
darn,4.073802778041131e-06,3.61
darned,4.073802778041131e-06,3.61
darning,4.073802778041131e-06,3.61
deborah,4.073802778041131e-06,3.61
disgust,4.073802778041131e-06,3.61
disgusts,4.073802778041131e-06,3.61
disgusted,4.073802778041131e-06,3.61
dissolution,4.073802778041131e-06,3.61
dissolutions,4.073802778041131e-06,3.61
disturbance,4.073802778041131e-06,3.61
disturbances,4.073802778041131e-06,3.61
dog's,4.073802778041131e-06,3.61
dominic,4.073802778041131e-06,3.61
doublings,4.073802778041131e-06,3.61
ee,4.073802778041131e-06,3.61
enclosures,4.073802778041131e-06,3.61
enclosure,4.073802778041131e-06,3.61
evangelical,4.073802778041131e-06,3.61
exquisite,4.073802778041131e-06,3.61
factual,4.073802778041131e-06,3.61
falsely,4.073802778041131e-06,3.61
famines,4.073802778041131e-06,3.61
famine,4.073802778041131e-06,3.61
fiji,4.073802778041131e-06,3.61
fraudulent,4.073802778041131e-06,3.61
freeways,4.073802778041131e-06,3.61
freeway,4.073802778041131e-06,3.61
freshly,4.073802778041131e-06,3.61
gazetting,4.073802778041131e-06,3.61
gazettes,4.073802778041131e-06,3.61
gazetted,4.073802778041131e-06,3.61
gazette,4.073802778041131e-06,3.61
geek,4.073802778041131e-06,3.61
geo,4.073802778041131e-06,3.61
granny,4.073802778041131e-06,3.61
grannies,4.073802778041131e-06,3.61
handicap,4.073802778041131e-06,3.61
handicapping,4.073802778041131e-06,3.61
handicapped,4.073802778041131e-06,3.61
handicaps,4.073802778041131e-06,3.61
hansen,4.073802778041131e-06,3.61
hmmm,4.073802778041131e-06,3.61
homage,4.073802778041131e-06,3.61
homo,4.073802778041131e-06,3.61
hostility,4.073802778041131e-06,3.61
hostilities,4.073802778041131e-06,3.61
hymning,4.073802778041131e-06,3.61
hymned,4.073802778041131e-06,3.61
hymns,4.073802778041131e-06,3.61
hymn,4.073802778041131e-06,3.61
hypothetical,4.073802778041131e-06,3.61
hypotheticals,4.073802778041131e-06,3.61
informative,4.073802778041131e-06,3.61
infringements,4.073802778041131e-06,3.61
infringement,4.073802778041131e-06,3.61
internships,4.073802778041131e-06,3.61
internship,4.073802778041131e-06,3.61
interrupts,4.073802778041131e-06,3.61
interrupting,4.073802778041131e-06,3.61
interrupt,4.073802778041131e-06,3.61
invades,4.073802778041131e-06,3.61
invading,4.073802778041131e-06,3.61
invade,4.073802778041131e-06,3.61
irritating,4.073802778041131e-06,3.61
jacksonville,4.073802778041131e-06,3.61
jasmine,4.073802778041131e-06,3.61
jasmines,4.073802778041131e-06,3.61
katrina,4.073802778041131e-06,3.61
kid's,4.073802778041131e-06,3.61
knockout,4.073802778041131e-06,3.61
knockouts,4.073802778041131e-06,3.61
lantern,4.073802778041131e-06,3.61
lanterns,4.073802778041131e-06,3.61
linens,4.073802778041131e-06,3.61
linen,4.073802778041131e-06,3.61
lookout,4.073802778041131e-06,3.61
lookouts,4.073802778041131e-06,3.61
misunderstood,4.073802778041131e-06,3.61
moonlight,4.073802778041131e-06,3.61
moonlighted,4.073802778041131e-06,3.61
moonlights,4.073802778041131e-06,3.61
moonlighting,4.073802778041131e-06,3.61
moose,4.073802778041131e-06,3.61
mosquitos,4.073802778041131e-06,3.61
mosquitoes,4.073802778041131e-06,3.61
mosquito,4.073802778041131e-06,3.61
motel,4.073802778041131e-06,3.61
motels,4.073802778041131e-06,3.61
motherfucker,4.073802778041131e-06,3.61
mueller,4.073802778041131e-06,3.61
nobody's,4.073802778041131e-06,3.61
nouns,4.073802778041131e-06,3.61
noun,4.073802778041131e-06,3.61
novelists,4.073802778041131e-06,3.61
novelist,4.073802778041131e-06,3.61
nsfw,4.073802778041131e-06,3.61
omaha,4.073802778041131e-06,3.61
onwards,4.073802778041131e-06,3.61
overthrowing,4.073802778041131e-06,3.61
overthrew,4.073802778041131e-06,3.61
overthrow,4.073802778041131e-06,3.61
overthrown,4.073802778041131e-06,3.61
overthrows,4.073802778041131e-06,3.61
paradigmata,4.073802778041131e-06,3.61
paradigms,4.073802778041131e-06,3.61
paradigm,4.073802778041131e-06,3.61
pavements,4.073802778041131e-06,3.61
pavement,4.073802778041131e-06,3.61
payday,4.073802778041131e-06,3.61
paydays,4.073802778041131e-06,3.61
perpetual,4.073802778041131e-06,3.61
pga,4.073802778041131e-06,3.61
physiology,4.073802778041131e-06,3.61
physiologies,4.073802778041131e-06,3.61
pigeon,4.073802778041131e-06,3.61
pigeons,4.073802778041131e-06,3.61
plateaus,4.073802778041131e-06,3.61
plateaued,4.073802778041131e-06,3.61
plateaux,4.073802778041131e-06,3.61
plateauing,4.073802778041131e-06,3.61
plateau,4.073802778041131e-06,3.61
playlist,4.073802778041131e-06,3.61
plc,4.073802778041131e-06,3.61
precincts,4.073802778041131e-06,3.61
precinct,4.073802778041131e-06,3.61
premiership,4.073802778041131e-06,3.61
proliferation,4.073802778041131e-06,3.61
proliferations,4.073802778041131e-06,3.61
prosecuted,4.073802778041131e-06,3.61
pseudo,4.073802778041131e-06,3.61
puddings,4.073802778041131e-06,3.61
pudding,4.073802778041131e-06,3.61
refrigerator,4.073802778041131e-06,3.61
refrigerators,4.073802778041131e-06,3.61
regenerations,4.073802778041131e-06,3.61
regeneration,4.073802778041131e-06,3.61
regina,4.073802778041131e-06,3.61
remembrance,4.073802778041131e-06,3.61
remembrances,4.073802778041131e-06,3.61
reminiscent,4.073802778041131e-06,3.61
reps,4.073802778041131e-06,3.61
resentment,4.073802778041131e-06,3.61
resentments,4.073802778041131e-06,3.61
resin,4.073802778041131e-06,3.61
resins,4.073802778041131e-06,3.61
rosie,4.073802778041131e-06,3.61
rotaries,4.073802778041131e-06,3.61
rotary,4.073802778041131e-06,3.61
rupert,4.073802778041131e-06,3.61
rusty,4.073802778041131e-06,3.61
rustiest,4.073802778041131e-06,3.61
rustier,4.073802778041131e-06,3.61
scarcer,4.073802778041131e-06,3.61
scarce,4.073802778041131e-06,3.61
scarcest,4.073802778041131e-06,3.61
sibling,4.073802778041131e-06,3.61
simulator,4.073802778041131e-06,3.61
simulators,4.073802778041131e-06,3.61
sl,4.073802778041131e-06,3.61
slippery,4.073802778041131e-06,3.61
snyder,4.073802778041131e-06,3.61
soaks,4.073802778041131e-06,3.61
soaking,4.073802778041131e-06,3.61
soak,4.073802778041131e-06,3.61
sock,4.073802778041131e-06,3.61
socking,4.073802778041131e-06,3.61
socked,4.073802778041131e-06,3.61
spectacle,4.073802778041131e-06,3.61
spectacles,4.073802778041131e-06,3.61
stinted,4.073802778041131e-06,3.61
stint,4.073802778041131e-06,3.61
stinting,4.073802778041131e-06,3.61
stints,4.073802778041131e-06,3.61
storeys,4.073802778041131e-06,3.61
storey,4.073802778041131e-06,3.61
suicidal,4.073802778041131e-06,3.61
suv,4.073802778041131e-06,3.61
symposia,4.073802778041131e-06,3.61
symposium,4.073802778041131e-06,3.61
symposiums,4.073802778041131e-06,3.61
tabs,4.073802778041131e-06,3.61
tailoring,4.073802778041131e-06,3.61
tailored,4.073802778041131e-06,3.61
tailors,4.073802778041131e-06,3.61
tailor,4.073802778041131e-06,3.61
tottenham,4.073802778041131e-06,3.61
trajectories,4.073802778041131e-06,3.61
trajectory,4.073802778041131e-06,3.61
tt,4.073802778041131e-06,3.61
underrated,4.073802778041131e-06,3.61
unidentified,4.073802778041131e-06,3.61
unrest,4.073802778041131e-06,3.61
unseen,4.073802778041131e-06,3.61
utmost,4.073802778041131e-06,3.61
waiters,4.073802778041131e-06,3.61
waiter,4.073802778041131e-06,3.61
wearier,4.073802778041131e-06,3.61
wearies,4.073802778041131e-06,3.61
weariest,4.073802778041131e-06,3.61
weary,4.073802778041131e-06,3.61
wearied,4.073802778041131e-06,3.61
wearying,4.073802778041131e-06,3.61
wiki,4.073802778041131e-06,3.61
wills,4.073802778041131e-06,3.61
willy,4.073802778041131e-06,3.61
wimbledon,4.073802778041131e-06,3.61
wwii,4.073802778041131e-06,3.61
■,4.073802778041131e-06,3.61
●,4.073802778041131e-06,3.61
00g,3.981071705534969e-06,3.6
accusation,3.981071705534969e-06,3.6
adapters,3.981071705534969e-06,3.6
adapter,3.981071705534969e-06,3.6
adjustable,3.981071705534969e-06,3.6
adulthood,3.981071705534969e-06,3.6
agonies,3.981071705534969e-06,3.6
agony,3.981071705534969e-06,3.6
allergy,3.981071705534969e-06,3.6
armenian,3.981071705534969e-06,3.6
astronaut,3.981071705534969e-06,3.6
astronauts,3.981071705534969e-06,3.6
attained,3.981071705534969e-06,3.6
attains,3.981071705534969e-06,3.6
attaining,3.981071705534969e-06,3.6
attain,3.981071705534969e-06,3.6
attendant,3.981071705534969e-06,3.6
attendants,3.981071705534969e-06,3.6
authenticity,3.981071705534969e-06,3.6
avery,3.981071705534969e-06,3.6
backstage,3.981071705534969e-06,3.6
bedford,3.981071705534969e-06,3.6
benchmarking,3.981071705534969e-06,3.6
benchmarks,3.981071705534969e-06,3.6
benchmarked,3.981071705534969e-06,3.6
benchmark,3.981071705534969e-06,3.6
benghazi,3.981071705534969e-06,3.6
benny,3.981071705534969e-06,3.6
benson,3.981071705534969e-06,3.6
binge,3.981071705534969e-06,3.6
bingeing,3.981071705534969e-06,3.6
binged,3.981071705534969e-06,3.6
binging,3.981071705534969e-06,3.6
binges,3.981071705534969e-06,3.6
biscuits,3.981071705534969e-06,3.6
blocs,3.981071705534969e-06,3.6
bloc,3.981071705534969e-06,3.6
bourbon,3.981071705534969e-06,3.6
bourbons,3.981071705534969e-06,3.6
breakers,3.981071705534969e-06,3.6
breaker,3.981071705534969e-06,3.6
breathtaking,3.981071705534969e-06,3.6
browsing,3.981071705534969e-06,3.6
brutality,3.981071705534969e-06,3.6
calculi,3.981071705534969e-06,3.6
calculuses,3.981071705534969e-06,3.6
calculus,3.981071705534969e-06,3.6
careless,3.981071705534969e-06,3.6
caste,3.981071705534969e-06,3.6
castes,3.981071705534969e-06,3.6
cellar,3.981071705534969e-06,3.6
cellars,3.981071705534969e-06,3.6
cerebral,3.981071705534969e-06,3.6
cerebrals,3.981071705534969e-06,3.6
chant,3.981071705534969e-06,3.6
chanted,3.981071705534969e-06,3.6
chants,3.981071705534969e-06,3.6
cheerful,3.981071705534969e-06,3.6
cinematic,3.981071705534969e-06,3.6
climaxed,3.981071705534969e-06,3.6
climaxing,3.981071705534969e-06,3.6
climaxes,3.981071705534969e-06,3.6
climax,3.981071705534969e-06,3.6
clippers,3.981071705534969e-06,3.6
cockpits,3.981071705534969e-06,3.6
cockpit,3.981071705534969e-06,3.6
colon,3.981071705534969e-06,3.6
colons,3.981071705534969e-06,3.6
communions,3.981071705534969e-06,3.6
communion,3.981071705534969e-06,3.6
condom,3.981071705534969e-06,3.6
condoms,3.981071705534969e-06,3.6
consuls,3.981071705534969e-06,3.6
consul,3.981071705534969e-06,3.6
contender,3.981071705534969e-06,3.6
contenders,3.981071705534969e-06,3.6
crimsons,3.981071705534969e-06,3.6
crimsoned,3.981071705534969e-06,3.6
crimson,3.981071705534969e-06,3.6
crimsoning,3.981071705534969e-06,3.6
crypto,3.981071705534969e-06,3.6
cultivated,3.981071705534969e-06,3.6
curliest,3.981071705534969e-06,3.6
curly,3.981071705534969e-06,3.6
curlier,3.981071705534969e-06,3.6
degradation,3.981071705534969e-06,3.6
degradations,3.981071705534969e-06,3.6
devil's,3.981071705534969e-06,3.6
dexters,3.981071705534969e-06,3.6
dexter,3.981071705534969e-06,3.6
distributors,3.981071705534969e-06,3.6
duh,3.981071705534969e-06,3.6
dundee,3.981071705534969e-06,3.6
elaine,3.981071705534969e-06,3.6
emeralds,3.981071705534969e-06,3.6
emerald,3.981071705534969e-06,3.6
equilibriums,3.981071705534969e-06,3.6
equilibrium,3.981071705534969e-06,3.6
equilibria,3.981071705534969e-06,3.6
europa,3.981071705534969e-06,3.6
evelyn,3.981071705534969e-06,3.6
evidently,3.981071705534969e-06,3.6
fargo,3.981071705534969e-06,3.6
fascinated,3.981071705534969e-06,3.6
feti,3.981071705534969e-06,3.6
fetus,3.981071705534969e-06,3.6
fetuses,3.981071705534969e-06,3.6
flaw,3.981071705534969e-06,3.6
flawing,3.981071705534969e-06,3.6
flawless,3.981071705534969e-06,3.6
forrest,3.981071705534969e-06,3.6
grad,3.981071705534969e-06,3.6
grads,3.981071705534969e-06,3.6
granddaughter,3.981071705534969e-06,3.6
granddaughters,3.981071705534969e-06,3.6
gymnastics,3.981071705534969e-06,3.6
hale,3.981071705534969e-06,3.6
hercules,3.981071705534969e-06,3.6
hereby,3.981071705534969e-06,3.6
honduras,3.981071705534969e-06,3.6
humorous,3.981071705534969e-06,3.6
incurred,3.981071705534969e-06,3.6
indoors,3.981071705534969e-06,3.6
intercourse,3.981071705534969e-06,3.6
intercourses,3.981071705534969e-06,3.6
interestingly,3.981071705534969e-06,3.6
isaiah,3.981071705534969e-06,3.6
isolates,3.981071705534969e-06,3.6
isolating,3.981071705534969e-06,3.6
isolate,3.981071705534969e-06,3.6
israel's,3.981071705534969e-06,3.6
kathleen,3.981071705534969e-06,3.6
kendall,3.981071705534969e-06,3.6
lancashire,3.981071705534969e-06,3.6
lawson,3.981071705534969e-06,3.6
lindsey,3.981071705534969e-06,3.6
london's,3.981071705534969e-06,3.6
mailings,3.981071705534969e-06,3.6
mao,3.981071705534969e-06,3.6
mares,3.981071705534969e-06,3.6
mare,3.981071705534969e-06,3.6
marxist,3.981071705534969e-06,3.6
marxists,3.981071705534969e-06,3.6
meadows,3.981071705534969e-06,3.6
meadow,3.981071705534969e-06,3.6
motivates,3.981071705534969e-06,3.6
motivating,3.981071705534969e-06,3.6
motivate,3.981071705534969e-06,3.6
mound,3.981071705534969e-06,3.6
mounds,3.981071705534969e-06,3.6
muddy,3.981071705534969e-06,3.6
muddied,3.981071705534969e-06,3.6
muddier,3.981071705534969e-06,3.6
muddies,3.981071705534969e-06,3.6
muddying,3.981071705534969e-06,3.6
muddiest,3.981071705534969e-06,3.6
mystics,3.981071705534969e-06,3.6
mystic,3.981071705534969e-06,3.6
ness,3.981071705534969e-06,3.6
nominal,3.981071705534969e-06,3.6
nominals,3.981071705534969e-06,3.6
norris,3.981071705534969e-06,3.6
o'connor,3.981071705534969e-06,3.6
ohh,3.981071705534969e-06,3.6
ordinances,3.981071705534969e-06,3.6
ordinance,3.981071705534969e-06,3.6
osborne,3.981071705534969e-06,3.6
oscars,3.981071705534969e-06,3.6
pairings,3.981071705534969e-06,3.6
pam,3.981071705534969e-06,3.6
parsons,3.981071705534969e-06,3.6
pertaining,3.981071705534969e-06,3.6
poke,3.981071705534969e-06,3.6
poking,3.981071705534969e-06,3.6
poked,3.981071705534969e-06,3.6
pokes,3.981071705534969e-06,3.6
portsmouth,3.981071705534969e-06,3.6
pres,3.981071705534969e-06,3.6
presbyterian,3.981071705534969e-06,3.6
pricked,3.981071705534969e-06,3.6
pricks,3.981071705534969e-06,3.6
prick,3.981071705534969e-06,3.6
pricking,3.981071705534969e-06,3.6
prolific,3.981071705534969e-06,3.6
proportional,3.981071705534969e-06,3.6
prosperous,3.981071705534969e-06,3.6
quarried,3.981071705534969e-06,3.6
quarrying,3.981071705534969e-06,3.6
quarry,3.981071705534969e-06,3.6
quarries,3.981071705534969e-06,3.6
referral,3.981071705534969e-06,3.6
referrals,3.981071705534969e-06,3.6
repost,3.981071705534969e-06,3.6
restless,3.981071705534969e-06,3.6
rugged,3.981071705534969e-06,3.6
sammy,3.981071705534969e-06,3.6
sapped,3.981071705534969e-06,3.6
sap,3.981071705534969e-06,3.6
saps,3.981071705534969e-06,3.6
sapping,3.981071705534969e-06,3.6
sarcastic,3.981071705534969e-06,3.6
scholarly,3.981071705534969e-06,3.6
segregation,3.981071705534969e-06,3.6
segregations,3.981071705534969e-06,3.6
seymour,3.981071705534969e-06,3.6
sheikhs,3.981071705534969e-06,3.6
sheikh,3.981071705534969e-06,3.6
sheriff's,3.981071705534969e-06,3.6
sinclair,3.981071705534969e-06,3.6
sinister,3.981071705534969e-06,3.6
straits,3.981071705534969e-06,3.6
strait,3.981071705534969e-06,3.6
sylvia,3.981071705534969e-06,3.6
testosterone,3.981071705534969e-06,3.6
testosterones,3.981071705534969e-06,3.6
tis,3.981071705534969e-06,3.6
town's,3.981071705534969e-06,3.6
ventilations,3.981071705534969e-06,3.6
ventilation,3.981071705534969e-06,3.6
viking,3.981071705534969e-06,3.6
weaver,3.981071705534969e-06,3.6
weavers,3.981071705534969e-06,3.6
weber,3.981071705534969e-06,3.6
wes,3.981071705534969e-06,3.6
williamson,3.981071705534969e-06,3.6
yankee,3.981071705534969e-06,3.6
yarning,3.981071705534969e-06,3.6
yarn,3.981071705534969e-06,3.6
yarned,3.981071705534969e-06,3.6
yarns,3.981071705534969e-06,3.6
000.000,3.890451449942805e-06,3.59
5k,3.890451449942805e-06,3.59
abided,3.890451449942805e-06,3.59
abiding,3.890451449942805e-06,3.59
abode,3.890451449942805e-06,3.59
abides,3.890451449942805e-06,3.59
abide,3.890451449942805e-06,3.59
accumulation,3.890451449942805e-06,3.59
accumulations,3.890451449942805e-06,3.59
admiration,3.890451449942805e-06,3.59
aesthetics,3.890451449942805e-06,3.59
aj,3.890451449942805e-06,3.59
anton,3.890451449942805e-06,3.59
archie,3.890451449942805e-06,3.59
attacker,3.890451449942805e-06,3.59
attackers,3.890451449942805e-06,3.59
augusta,3.890451449942805e-06,3.59
authoritarians,3.890451449942805e-06,3.59
authoritarian,3.890451449942805e-06,3.59
avails,3.890451449942805e-06,3.59
availing,3.890451449942805e-06,3.59
availed,3.890451449942805e-06,3.59
avail,3.890451449942805e-06,3.59
bahrain,3.890451449942805e-06,3.59
banquet,3.890451449942805e-06,3.59
banqueting,3.890451449942805e-06,3.59
banqueted,3.890451449942805e-06,3.59
banquets,3.890451449942805e-06,3.59
barkers,3.890451449942805e-06,3.59
barker,3.890451449942805e-06,3.59
bentley,3.890451449942805e-06,3.59
benz,3.890451449942805e-06,3.59
booty,3.890451449942805e-06,3.59
bravery,3.890451449942805e-06,3.59
brit,3.890451449942805e-06,3.59
browsed,3.890451449942805e-06,3.59
browses,3.890451449942805e-06,3.59
browse,3.890451449942805e-06,3.59
brutally,3.890451449942805e-06,3.59
buffing,3.890451449942805e-06,3.59
buff,3.890451449942805e-06,3.59
buffs,3.890451449942805e-06,3.59
buffed,3.890451449942805e-06,3.59
calorie,3.890451449942805e-06,3.59
cdc,3.890451449942805e-06,3.59
chamberlain,3.890451449942805e-06,3.59
cis,3.890451449942805e-06,3.59
clawing,3.890451449942805e-06,3.59
claws,3.890451449942805e-06,3.59
claw,3.890451449942805e-06,3.59
clawed,3.890451449942805e-06,3.59
commence,3.890451449942805e-06,3.59
commences,3.890451449942805e-06,3.59
commencing,3.890451449942805e-06,3.59
compatibilities,3.890451449942805e-06,3.59
compatibility,3.890451449942805e-06,3.59
conditionals,3.890451449942805e-06,3.59
conditional,3.890451449942805e-06,3.59
congratulate,3.890451449942805e-06,3.59
congratulates,3.890451449942805e-06,3.59
congratulating,3.890451449942805e-06,3.59
congratulated,3.890451449942805e-06,3.59
cortices,3.890451449942805e-06,3.59
cortexes,3.890451449942805e-06,3.59
cortex,3.890451449942805e-06,3.59
courageous,3.890451449942805e-06,3.59
crusades,3.890451449942805e-06,3.59
crusade,3.890451449942805e-06,3.59
crusaded,3.890451449942805e-06,3.59
crusading,3.890451449942805e-06,3.59
cynical,3.890451449942805e-06,3.59
damascus,3.890451449942805e-06,3.59
devised,3.890451449942805e-06,3.59
discarded,3.890451449942805e-06,3.59
disrupts,3.890451449942805e-06,3.59
disrupted,3.890451449942805e-06,3.59
disrupting,3.890451449942805e-06,3.59
disrupt,3.890451449942805e-06,3.59
donovan,3.890451449942805e-06,3.59
duplicates,3.890451449942805e-06,3.59
duplicating,3.890451449942805e-06,3.59
duplicated,3.890451449942805e-06,3.59
duplicate,3.890451449942805e-06,3.59
dynamiting,3.890451449942805e-06,3.59
dynamites,3.890451449942805e-06,3.59
dynamited,3.890451449942805e-06,3.59
dynamite,3.890451449942805e-06,3.59
economical,3.890451449942805e-06,3.59
elastics,3.890451449942805e-06,3.59
elastic,3.890451449942805e-06,3.59
empowered,3.890451449942805e-06,3.59
expositions,3.890451449942805e-06,3.59
exposition,3.890451449942805e-06,3.59
fart,3.890451449942805e-06,3.59
farts,3.890451449942805e-06,3.59
farting,3.890451449942805e-06,3.59
farted,3.890451449942805e-06,3.59
fetish,3.890451449942805e-06,3.59
fetishes,3.890451449942805e-06,3.59
fla,3.890451449942805e-06,3.59
fluffier,3.890451449942805e-06,3.59
fluffy,3.890451449942805e-06,3.59
fluffiest,3.890451449942805e-06,3.59
fundraiser,3.890451449942805e-06,3.59
fx,3.890451449942805e-06,3.59
gadgets,3.890451449942805e-06,3.59
gaga,3.890451449942805e-06,3.59
garment,3.890451449942805e-06,3.59
garments,3.890451449942805e-06,3.59
geometric,3.890451449942805e-06,3.59
goldman,3.890451449942805e-06,3.59
google's,3.890451449942805e-06,3.59
gracious,3.890451449942805e-06,3.59
grinning,3.890451449942805e-06,3.59
grin,3.890451449942805e-06,3.59
grins,3.890451449942805e-06,3.59
grinned,3.890451449942805e-06,3.59
gta,3.890451449942805e-06,3.59
halifax,3.890451449942805e-06,3.59
hanna,3.890451449942805e-06,3.59
heaped,3.890451449942805e-06,3.59
heaps,3.890451449942805e-06,3.59
heap,3.890451449942805e-06,3.59
heaping,3.890451449942805e-06,3.59
hum,3.890451449942805e-06,3.59
hummed,3.890451449942805e-06,3.59
humming,3.890451449942805e-06,3.59
hums,3.890451449942805e-06,3.59
humility,3.890451449942805e-06,3.59
impeachment,3.890451449942805e-06,3.59
inherently,3.890451449942805e-06,3.59
inventor,3.890451449942805e-06,3.59
inventors,3.890451449942805e-06,3.59
isa,3.890451449942805e-06,3.59
jasper,3.890451449942805e-06,3.59
juliet,3.890451449942805e-06,3.59
karachi,3.890451449942805e-06,3.59
kickstarter,3.890451449942805e-06,3.59
kurdish,3.890451449942805e-06,3.59
leopards,3.890451449942805e-06,3.59
leopard,3.890451449942805e-06,3.59
librarians,3.890451449942805e-06,3.59
librarian,3.890451449942805e-06,3.59
lobbyings,3.890451449942805e-06,3.59
lumber,3.890451449942805e-06,3.59
lumbering,3.890451449942805e-06,3.59
lumbered,3.890451449942805e-06,3.59
lumbers,3.890451449942805e-06,3.59
lydia,3.890451449942805e-06,3.59
mackenzie,3.890451449942805e-06,3.59
madam,3.890451449942805e-06,3.59
madams,3.890451449942805e-06,3.59
marital,3.890451449942805e-06,3.59
mayer,3.890451449942805e-06,3.59
meds,3.890451449942805e-06,3.59
mis,3.890451449942805e-06,3.59
mma,3.890451449942805e-06,3.59
multitude,3.890451449942805e-06,3.59
multitudes,3.890451449942805e-06,3.59
muses,3.890451449942805e-06,3.59
musing,3.890451449942805e-06,3.59
muse,3.890451449942805e-06,3.59
mused,3.890451449942805e-06,3.59
nanny,3.890451449942805e-06,3.59
nannies,3.890451449942805e-06,3.59
nineteen,3.890451449942805e-06,3.59
nipples,3.890451449942805e-06,3.59
nucleuses,3.890451449942805e-06,3.59
nucleus,3.890451449942805e-06,3.59
nuclei,3.890451449942805e-06,3.59
oc,3.890451449942805e-06,3.59
orbitals,3.890451449942805e-06,3.59
orbital,3.890451449942805e-06,3.59
organism,3.890451449942805e-06,3.59
outgoing,3.890451449942805e-06,3.59
overhauling,3.890451449942805e-06,3.59
overhaul,3.890451449942805e-06,3.59
overhauls,3.890451449942805e-06,3.59
overhauled,3.890451449942805e-06,3.59
pancakes,3.890451449942805e-06,3.59
pas,3.890451449942805e-06,3.59
patriotism,3.890451449942805e-06,3.59
periodically,3.890451449942805e-06,3.59
player's,3.890451449942805e-06,3.59
plumbing,3.890451449942805e-06,3.59
poppy,3.890451449942805e-06,3.59
poppies,3.890451449942805e-06,3.59
pratt,3.890451449942805e-06,3.59
precautions,3.890451449942805e-06,3.59
raleigh,3.890451449942805e-06,3.59
readiness,3.890451449942805e-06,3.59
readinesses,3.890451449942805e-06,3.59
redundant,3.890451449942805e-06,3.59
resemblances,3.890451449942805e-06,3.59
resemblance,3.890451449942805e-06,3.59
rib,3.890451449942805e-06,3.59
ribbed,3.890451449942805e-06,3.59
ribbing,3.890451449942805e-06,3.59
roth,3.890451449942805e-06,3.59
sermon,3.890451449942805e-06,3.59
sermons,3.890451449942805e-06,3.59
shes,3.890451449942805e-06,3.59
sister's,3.890451449942805e-06,3.59
slenderest,3.890451449942805e-06,3.59
slenderer,3.890451449942805e-06,3.59
slender,3.890451449942805e-06,3.59
sloppier,3.890451449942805e-06,3.59
sloppiest,3.890451449942805e-06,3.59
sloppy,3.890451449942805e-06,3.59
smith's,3.890451449942805e-06,3.59
snapchat,3.890451449942805e-06,3.59
societal,3.890451449942805e-06,3.59
soviets,3.890451449942805e-06,3.59
spec,3.890451449942805e-06,3.59
sponging,3.890451449942805e-06,3.59
sponged,3.890451449942805e-06,3.59
sponges,3.890451449942805e-06,3.59
sponge,3.890451449942805e-06,3.59
steele,3.890451449942805e-06,3.59
suckered,3.890451449942805e-06,3.59
sucker,3.890451449942805e-06,3.59
suckering,3.890451449942805e-06,3.59
suckers,3.890451449942805e-06,3.59
superiorities,3.890451449942805e-06,3.59
superiority,3.890451449942805e-06,3.59
supervised,3.890451449942805e-06,3.59
surreal,3.890451449942805e-06,3.59
teases,3.890451449942805e-06,3.59
teased,3.890451449942805e-06,3.59
tease,3.890451449942805e-06,3.59
teasing,3.890451449942805e-06,3.59
tiffany,3.890451449942805e-06,3.59
titanic,3.890451449942805e-06,3.59
tomorrow's,3.890451449942805e-06,3.59
transmitter,3.890451449942805e-06,3.59
transmitters,3.890451449942805e-06,3.59
typhoons,3.890451449942805e-06,3.59
typhoon,3.890451449942805e-06,3.59
unreal,3.890451449942805e-06,3.59
upheld,3.890451449942805e-06,3.59
vaccination,3.890451449942805e-06,3.59
vaccinations,3.890451449942805e-06,3.59
valerie,3.890451449942805e-06,3.59
vibrations,3.890451449942805e-06,3.59
vibration,3.890451449942805e-06,3.59
wartime,3.890451449942805e-06,3.59
wicket,3.890451449942805e-06,3.59
winnipeg,3.890451449942805e-06,3.59
worcester,3.890451449942805e-06,3.59
zurich,3.890451449942805e-06,3.59
0.00pm,3.801893963205613e-06,3.58
abdominals,3.801893963205613e-06,3.58
abdominal,3.801893963205613e-06,3.58
adolescents,3.801893963205613e-06,3.58
adolescent,3.801893963205613e-06,3.58
advertisers,3.801893963205613e-06,3.58
announcers,3.801893963205613e-06,3.58
announcer,3.801893963205613e-06,3.58
baba,3.801893963205613e-06,3.58
backdrops,3.801893963205613e-06,3.58
backdrop,3.801893963205613e-06,3.58
backdropped,3.801893963205613e-06,3.58
backdropping,3.801893963205613e-06,3.58
bae,3.801893963205613e-06,3.58
beaux,3.801893963205613e-06,3.58
beau,3.801893963205613e-06,3.58
beaus,3.801893963205613e-06,3.58
blackouts,3.801893963205613e-06,3.58
blackout,3.801893963205613e-06,3.58
bluffed,3.801893963205613e-06,3.58
bluffs,3.801893963205613e-06,3.58
bluff,3.801893963205613e-06,3.58
bluffing,3.801893963205613e-06,3.58
bollywood,3.801893963205613e-06,3.58
cartel,3.801893963205613e-06,3.58
cartels,3.801893963205613e-06,3.58
catastrophic,3.801893963205613e-06,3.58
caucuses,3.801893963205613e-06,3.58
caucused,3.801893963205613e-06,3.58
caucus,3.801893963205613e-06,3.58
caucusing,3.801893963205613e-06,3.58
charcoals,3.801893963205613e-06,3.58
charcoal,3.801893963205613e-06,3.58
cheesier,3.801893963205613e-06,3.58
cheesiest,3.801893963205613e-06,3.58
cheesy,3.801893963205613e-06,3.58
cheryl,3.801893963205613e-06,3.58
cindy,3.801893963205613e-06,3.58
citrus,3.801893963205613e-06,3.58
citruses,3.801893963205613e-06,3.58
clads,3.801893963205613e-06,3.58
cladded,3.801893963205613e-06,3.58
cladding,3.801893963205613e-06,3.58
clad,3.801893963205613e-06,3.58
columnist,3.801893963205613e-06,3.58
columnists,3.801893963205613e-06,3.58
competence,3.801893963205613e-06,3.58
competences,3.801893963205613e-06,3.58
condolences,3.801893963205613e-06,3.58
constituent,3.801893963205613e-06,3.58
contagious,3.801893963205613e-06,3.58
conveniently,3.801893963205613e-06,3.58
courtroom,3.801893963205613e-06,3.58
courtrooms,3.801893963205613e-06,3.58
cushion,3.801893963205613e-06,3.58
cushions,3.801893963205613e-06,3.58
cushioning,3.801893963205613e-06,3.58
cushioned,3.801893963205613e-06,3.58
cyclist,3.801893963205613e-06,3.58
diaz,3.801893963205613e-06,3.58
dictated,3.801893963205613e-06,3.58
dictating,3.801893963205613e-06,3.58
dictates,3.801893963205613e-06,3.58
dictate,3.801893963205613e-06,3.58
dnc,3.801893963205613e-06,3.58
doris,3.801893963205613e-06,3.58
dorms,3.801893963205613e-06,3.58
dorm,3.801893963205613e-06,3.58
dripping,3.801893963205613e-06,3.58
dripped,3.801893963205613e-06,3.58
drip,3.801893963205613e-06,3.58
drips,3.801893963205613e-06,3.58
ducts,3.801893963205613e-06,3.58
duct,3.801893963205613e-06,3.58
eccentrics,3.801893963205613e-06,3.58
eccentric,3.801893963205613e-06,3.58
electro,3.801893963205613e-06,3.58
electromagnetic,3.801893963205613e-06,3.58
emblem,3.801893963205613e-06,3.58
emblems,3.801893963205613e-06,3.58
ew,3.801893963205613e-06,3.58
facto,3.801893963205613e-06,3.58
fascism,3.801893963205613e-06,3.58
fearful,3.801893963205613e-06,3.58
festive,3.801893963205613e-06,3.58
film's,3.801893963205613e-06,3.58
flyer,3.801893963205613e-06,3.58
foremen,3.801893963205613e-06,3.58
foreman,3.801893963205613e-06,3.58
g00,3.801893963205613e-06,3.58
gallagher,3.801893963205613e-06,3.58
geoff,3.801893963205613e-06,3.58
george's,3.801893963205613e-06,3.58
giles,3.801893963205613e-06,3.58
gina,3.801893963205613e-06,3.58
glacier,3.801893963205613e-06,3.58
glaciers,3.801893963205613e-06,3.58
gomez,3.801893963205613e-06,3.58
gs,3.801893963205613e-06,3.58
hindus,3.801893963205613e-06,3.58
hu,3.801893963205613e-06,3.58
improper,3.801893963205613e-06,3.58
influx,3.801893963205613e-06,3.58
influxes,3.801893963205613e-06,3.58
influxed,3.801893963205613e-06,3.58
influxing,3.801893963205613e-06,3.58
installment,3.801893963205613e-06,3.58
installments,3.801893963205613e-06,3.58
jen,3.801893963205613e-06,3.58
judaism,3.801893963205613e-06,3.58
keller,3.801893963205613e-06,3.58
kernel,3.801893963205613e-06,3.58
kerneled,3.801893963205613e-06,3.58
kernelled,3.801893963205613e-06,3.58
kernels,3.801893963205613e-06,3.58
kerneling,3.801893963205613e-06,3.58
kernelling,3.801893963205613e-06,3.58
kung,3.801893963205613e-06,3.58
larvae,3.801893963205613e-06,3.58
lexington,3.801893963205613e-06,3.58
liaisons,3.801893963205613e-06,3.58
liaison,3.801893963205613e-06,3.58
lima,3.801893963205613e-06,3.58
mary's,3.801893963205613e-06,3.58
miner,3.801893963205613e-06,3.58
mk,3.801893963205613e-06,3.58
mosaic,3.801893963205613e-06,3.58
mosaics,3.801893963205613e-06,3.58
mustang,3.801893963205613e-06,3.58
mustangs,3.801893963205613e-06,3.58
mw,3.801893963205613e-06,3.58
n't,3.801893963205613e-06,3.58
needy,3.801893963205613e-06,3.58
needier,3.801893963205613e-06,3.58
neediest,3.801893963205613e-06,3.58
nichols,3.801893963205613e-06,3.58
orphaning,3.801893963205613e-06,3.58
orphaned,3.801893963205613e-06,3.58
orphans,3.801893963205613e-06,3.58
orphan,3.801893963205613e-06,3.58
patient's,3.801893963205613e-06,3.58
patties,3.801893963205613e-06,3.58
patty,3.801893963205613e-06,3.58
peyton,3.801893963205613e-06,3.58
pineapples,3.801893963205613e-06,3.58
pineapple,3.801893963205613e-06,3.58
plaintiffs,3.801893963205613e-06,3.58
potassium,3.801893963205613e-06,3.58
priceless,3.801893963205613e-06,3.58
prostituting,3.801893963205613e-06,3.58
prostituted,3.801893963205613e-06,3.58
prostitute,3.801893963205613e-06,3.58
prostitutes,3.801893963205613e-06,3.58
reflective,3.801893963205613e-06,3.58
resilience,3.801893963205613e-06,3.58
romanian,3.801893963205613e-06,3.58
rotates,3.801893963205613e-06,3.58
rotated,3.801893963205613e-06,3.58
rotate,3.801893963205613e-06,3.58
royce,3.801893963205613e-06,3.58
sans,3.801893963205613e-06,3.58
saxon,3.801893963205613e-06,3.58
scissors,3.801893963205613e-06,3.58
seaside,3.801893963205613e-06,3.58
seasides,3.801893963205613e-06,3.58
semitic,3.801893963205613e-06,3.58
shampooed,3.801893963205613e-06,3.58
shampoos,3.801893963205613e-06,3.58
shampooing,3.801893963205613e-06,3.58
shampoo,3.801893963205613e-06,3.58
shaun,3.801893963205613e-06,3.58
shri,3.801893963205613e-06,3.58
silently,3.801893963205613e-06,3.58
similarity,3.801893963205613e-06,3.58
socio,3.801893963205613e-06,3.58
stabbings,3.801893963205613e-06,3.58
staircase,3.801893963205613e-06,3.58
staircases,3.801893963205613e-06,3.58
steroids,3.801893963205613e-06,3.58
swiped,3.801893963205613e-06,3.58
swipes,3.801893963205613e-06,3.58
swipe,3.801893963205613e-06,3.58
swiping,3.801893963205613e-06,3.58
tang,3.801893963205613e-06,3.58
tangs,3.801893963205613e-06,3.58
tango,3.801893963205613e-06,3.58
tangoed,3.801893963205613e-06,3.58
tangos,3.801893963205613e-06,3.58
tangoing,3.801893963205613e-06,3.58
telecom,3.801893963205613e-06,3.58
tolerant,3.801893963205613e-06,3.58
toxicity,3.801893963205613e-06,3.58
toxicities,3.801893963205613e-06,3.58
trumpeting,3.801893963205613e-06,3.58
trumpets,3.801893963205613e-06,3.58
trumpet,3.801893963205613e-06,3.58
trumpeted,3.801893963205613e-06,3.58
tuberculosis,3.801893963205613e-06,3.58
tuberculoses,3.801893963205613e-06,3.58
ukip,3.801893963205613e-06,3.58
willingly,3.801893963205613e-06,3.58
woah,3.801893963205613e-06,3.58
wrappings,3.801893963205613e-06,3.58
youthful,3.801893963205613e-06,3.58
0.0000,3.715352290971728e-06,3.57
2a,3.715352290971728e-06,3.57
adhered,3.715352290971728e-06,3.57
adheres,3.715352290971728e-06,3.57
adhere,3.715352290971728e-06,3.57
adhering,3.715352290971728e-06,3.57
adidas,3.715352290971728e-06,3.57
affirmative,3.715352290971728e-06,3.57
affirmatives,3.715352290971728e-06,3.57
agnes,3.715352290971728e-06,3.57
alma,3.715352290971728e-06,3.57
ambiguous,3.715352290971728e-06,3.57
archaeologies,3.715352290971728e-06,3.57
archaeology,3.715352290971728e-06,3.57
arse,3.715352290971728e-06,3.57
arses,3.715352290971728e-06,3.57
aus,3.715352290971728e-06,3.57
autopsy,3.715352290971728e-06,3.57
autopsies,3.715352290971728e-06,3.57
autopsied,3.715352290971728e-06,3.57
autopsying,3.715352290971728e-06,3.57
baltic,3.715352290971728e-06,3.57
blitzes,3.715352290971728e-06,3.57
blitzing,3.715352290971728e-06,3.57
blitz,3.715352290971728e-06,3.57
blitzed,3.715352290971728e-06,3.57
blockade,3.715352290971728e-06,3.57
blockading,3.715352290971728e-06,3.57
blockaded,3.715352290971728e-06,3.57
blockades,3.715352290971728e-06,3.57
bosnia,3.715352290971728e-06,3.57
brightnesses,3.715352290971728e-06,3.57
brightness,3.715352290971728e-06,3.57
bruins,3.715352290971728e-06,3.57
burma,3.715352290971728e-06,3.57
cartridges,3.715352290971728e-06,3.57
cartridge,3.715352290971728e-06,3.57
cashier,3.715352290971728e-06,3.57
cashiers,3.715352290971728e-06,3.57
cashiered,3.715352290971728e-06,3.57
cashiering,3.715352290971728e-06,3.57
cigar,3.715352290971728e-06,3.57
cigars,3.715352290971728e-06,3.57
circa,3.715352290971728e-06,3.57
claudia,3.715352290971728e-06,3.57
cloaked,3.715352290971728e-06,3.57
cloak,3.715352290971728e-06,3.57
cloaks,3.715352290971728e-06,3.57
cloaking,3.715352290971728e-06,3.57
colognes,3.715352290971728e-06,3.57
cologne,3.715352290971728e-06,3.57
colombian,3.715352290971728e-06,3.57
colt,3.715352290971728e-06,3.57
combustion,3.715352290971728e-06,3.57
combustions,3.715352290971728e-06,3.57
comprehensions,3.715352290971728e-06,3.57
comprehension,3.715352290971728e-06,3.57
concession,3.715352290971728e-06,3.57
crescent,3.715352290971728e-06,3.57
crescents,3.715352290971728e-06,3.57
defective,3.715352290971728e-06,3.57
defectives,3.715352290971728e-06,3.57
denise,3.715352290971728e-06,3.57
deportation,3.715352290971728e-06,3.57
deportations,3.715352290971728e-06,3.57
discourage,3.715352290971728e-06,3.57
discouraging,3.715352290971728e-06,3.57
discourages,3.715352290971728e-06,3.57
disposable,3.715352290971728e-06,3.57
disposables,3.715352290971728e-06,3.57
dover,3.715352290971728e-06,3.57
dumbass,3.715352290971728e-06,3.57
dungeon,3.715352290971728e-06,3.57
dungeons,3.715352290971728e-06,3.57
dwell,3.715352290971728e-06,3.57
dwelled,3.715352290971728e-06,3.57
dwells,3.715352290971728e-06,3.57
dwelt,3.715352290971728e-06,3.57
e00,3.715352290971728e-06,3.57
edison,3.715352290971728e-06,3.57
edith,3.715352290971728e-06,3.57
entrepreneurship,3.715352290971728e-06,3.57
eps,3.715352290971728e-06,3.57
erie,3.715352290971728e-06,3.57
fierier,3.715352290971728e-06,3.57
fieriest,3.715352290971728e-06,3.57
fiery,3.715352290971728e-06,3.57
finalists,3.715352290971728e-06,3.57
flux,3.715352290971728e-06,3.57
fluxes,3.715352290971728e-06,3.57
gc,3.715352290971728e-06,3.57
georgetown,3.715352290971728e-06,3.57
gimme,3.715352290971728e-06,3.57
goofy,3.715352290971728e-06,3.57
hai,3.715352290971728e-06,3.57
hancock,3.715352290971728e-06,3.57
handwriting,3.715352290971728e-06,3.57
handwritings,3.715352290971728e-06,3.57
hassle,3.715352290971728e-06,3.57
hassles,3.715352290971728e-06,3.57
hassling,3.715352290971728e-06,3.57
hassled,3.715352290971728e-06,3.57
heartbreaking,3.715352290971728e-06,3.57
hectors,3.715352290971728e-06,3.57
hectored,3.715352290971728e-06,3.57
hectoring,3.715352290971728e-06,3.57
hector,3.715352290971728e-06,3.57
hicks,3.715352290971728e-06,3.57
hogged,3.715352290971728e-06,3.57
hog,3.715352290971728e-06,3.57
hogs,3.715352290971728e-06,3.57
hogging,3.715352290971728e-06,3.57
homeowners,3.715352290971728e-06,3.57
ibrahim,3.715352290971728e-06,3.57
immensely,3.715352290971728e-06,3.57
inauguration,3.715352290971728e-06,3.57
incorrectly,3.715352290971728e-06,3.57
ind,3.715352290971728e-06,3.57
indicatives,3.715352290971728e-06,3.57
indicative,3.715352290971728e-06,3.57
inexpensive,3.715352290971728e-06,3.57
intercepting,3.715352290971728e-06,3.57
intercepted,3.715352290971728e-06,3.57
intercepts,3.715352290971728e-06,3.57
intercept,3.715352290971728e-06,3.57
intuitives,3.715352290971728e-06,3.57
intuitive,3.715352290971728e-06,3.57
inventing,3.715352290971728e-06,3.57
invent,3.715352290971728e-06,3.57
invents,3.715352290971728e-06,3.57
irwin,3.715352290971728e-06,3.57
isabel,3.715352290971728e-06,3.57
jamaican,3.715352290971728e-06,3.57
jockey,3.715352290971728e-06,3.57
jockeyed,3.715352290971728e-06,3.57
jockeying,3.715352290971728e-06,3.57
jockeys,3.715352290971728e-06,3.57
jolliest,3.715352290971728e-06,3.57
jolly,3.715352290971728e-06,3.57
jollier,3.715352290971728e-06,3.57
jorge,3.715352290971728e-06,3.57
ju,3.715352290971728e-06,3.57
kazakhstan,3.715352290971728e-06,3.57
kenyan,3.715352290971728e-06,3.57
latitudes,3.715352290971728e-06,3.57
latitude,3.715352290971728e-06,3.57
lea,3.715352290971728e-06,3.57
leas,3.715352290971728e-06,3.57
libertarians,3.715352290971728e-06,3.57
libertarian,3.715352290971728e-06,3.57
luxembourg,3.715352290971728e-06,3.57
majestic,3.715352290971728e-06,3.57
mariners,3.715352290971728e-06,3.57
mastery,3.715352290971728e-06,3.57
mccoy,3.715352290971728e-06,3.57
metropolis,3.715352290971728e-06,3.57
metropolides,3.715352290971728e-06,3.57
metropolises,3.715352290971728e-06,3.57
mohamed,3.715352290971728e-06,3.57
mummied,3.715352290971728e-06,3.57
mummying,3.715352290971728e-06,3.57
mummy,3.715352290971728e-06,3.57
mummies,3.715352290971728e-06,3.57
neville,3.715352290971728e-06,3.57
nominate,3.715352290971728e-06,3.57
nominates,3.715352290971728e-06,3.57
nominating,3.715352290971728e-06,3.57
np,3.715352290971728e-06,3.57
offending,3.715352290971728e-06,3.57
offends,3.715352290971728e-06,3.57
offend,3.715352290971728e-06,3.57
oo,3.715352290971728e-06,3.57
orchard,3.715352290971728e-06,3.57
orchards,3.715352290971728e-06,3.57
organizer,3.715352290971728e-06,3.57
overdosing,3.715352290971728e-06,3.57
overdoses,3.715352290971728e-06,3.57
overdosed,3.715352290971728e-06,3.57
overdose,3.715352290971728e-06,3.57
pamela,3.715352290971728e-06,3.57
parameter,3.715352290971728e-06,3.57
pathology,3.715352290971728e-06,3.57
pathologies,3.715352290971728e-06,3.57
peggy,3.715352290971728e-06,3.57
piercings,3.715352290971728e-06,3.57
poisonous,3.715352290971728e-06,3.57
procession,3.715352290971728e-06,3.57
processions,3.715352290971728e-06,3.57
purge,3.715352290971728e-06,3.57
purged,3.715352290971728e-06,3.57
purging,3.715352290971728e-06,3.57
purges,3.715352290971728e-06,3.57
relocations,3.715352290971728e-06,3.57
relocation,3.715352290971728e-06,3.57
rhino,3.715352290971728e-06,3.57
rhinos,3.715352290971728e-06,3.57
riches,3.715352290971728e-06,3.57
rosemary,3.715352290971728e-06,3.57
sandstone,3.715352290971728e-06,3.57
sandstones,3.715352290971728e-06,3.57
sanitation,3.715352290971728e-06,3.57
satisfactory,3.715352290971728e-06,3.57
scooters,3.715352290971728e-06,3.57
scooter,3.715352290971728e-06,3.57
season's,3.715352290971728e-06,3.57
secrecy,3.715352290971728e-06,3.57
sergio,3.715352290971728e-06,3.57
shameful,3.715352290971728e-06,3.57
sid,3.715352290971728e-06,3.57
springer,3.715352290971728e-06,3.57
sweetie,3.715352290971728e-06,3.57
tanzania,3.715352290971728e-06,3.57
tor,3.715352290971728e-06,3.57
tors,3.715352290971728e-06,3.57
transformers,3.715352290971728e-06,3.57
traveler,3.715352290971728e-06,3.57
tunisia,3.715352290971728e-06,3.57
umm,3.715352290971728e-06,3.57
unauthorized,3.715352290971728e-06,3.57
undo,3.715352290971728e-06,3.57
undid,3.715352290971728e-06,3.57
undone,3.715352290971728e-06,3.57
undoing,3.715352290971728e-06,3.57
undoes,3.715352290971728e-06,3.57
unnamed,3.715352290971728e-06,3.57
venom,3.715352290971728e-06,3.57
venoms,3.715352290971728e-06,3.57
victorious,3.715352290971728e-06,3.57
warier,3.715352290971728e-06,3.57
wariest,3.715352290971728e-06,3.57
wary,3.715352290971728e-06,3.57
wellness,3.715352290971728e-06,3.57
windy,3.715352290971728e-06,3.57
windiest,3.715352290971728e-06,3.57
windier,3.715352290971728e-06,3.57
winger,3.715352290971728e-06,3.57
wordpress,3.715352290971728e-06,3.57
youngsters,3.715352290971728e-06,3.57
"00,000,000",3.6307805477010094e-06,3.56
000mm,3.6307805477010094e-06,3.56
00f,3.6307805477010094e-06,3.56
1m,3.6307805477010094e-06,3.56
abby,3.6307805477010094e-06,3.56
abdomen,3.6307805477010094e-06,3.56
abducted,3.6307805477010094e-06,3.56
abruptly,3.6307805477010094e-06,3.56
aha,3.6307805477010094e-06,3.56
aleppo,3.6307805477010094e-06,3.56
alps,3.6307805477010094e-06,3.56
amidst,3.6307805477010094e-06,3.56
antarctic,3.6307805477010094e-06,3.56
antibodies,3.6307805477010094e-06,3.56
aquaria,3.6307805477010094e-06,3.56
aquariums,3.6307805477010094e-06,3.56
aquarium,3.6307805477010094e-06,3.56
armenia,3.6307805477010094e-06,3.56
aspiring,3.6307805477010094e-06,3.56
asteroid,3.6307805477010094e-06,3.56
asteroids,3.6307805477010094e-06,3.56
band's,3.6307805477010094e-06,3.56
barbie,3.6307805477010094e-06,3.56
batters,3.6307805477010094e-06,3.56
batter,3.6307805477010094e-06,3.56
battering,3.6307805477010094e-06,3.56
battered,3.6307805477010094e-06,3.56
baxter,3.6307805477010094e-06,3.56
bedtimes,3.6307805477010094e-06,3.56
bedtime,3.6307805477010094e-06,3.56
belongings,3.6307805477010094e-06,3.56
bloomberg,3.6307805477010094e-06,3.56
blushes,3.6307805477010094e-06,3.56
blushing,3.6307805477010094e-06,3.56
blush,3.6307805477010094e-06,3.56
blushed,3.6307805477010094e-06,3.56
boostered,3.6307805477010094e-06,3.56
boosters,3.6307805477010094e-06,3.56
boostering,3.6307805477010094e-06,3.56
booster,3.6307805477010094e-06,3.56
buns,3.6307805477010094e-06,3.56
bun,3.6307805477010094e-06,3.56
calculators,3.6307805477010094e-06,3.56
calculator,3.6307805477010094e-06,3.56
calmly,3.6307805477010094e-06,3.56
captivity,3.6307805477010094e-06,3.56
catastrophe,3.6307805477010094e-06,3.56
catastrophes,3.6307805477010094e-06,3.56
chemotherapy,3.6307805477010094e-06,3.56
chemotherapies,3.6307805477010094e-06,3.56
circulating,3.6307805477010094e-06,3.56
cleansing,3.6307805477010094e-06,3.56
commutes,3.6307805477010094e-06,3.56
commuting,3.6307805477010094e-06,3.56
commuted,3.6307805477010094e-06,3.56
commute,3.6307805477010094e-06,3.56
complementaries,3.6307805477010094e-06,3.56
complementary,3.6307805477010094e-06,3.56
concussion,3.6307805477010094e-06,3.56
concussions,3.6307805477010094e-06,3.56
connectivities,3.6307805477010094e-06,3.56
connectivity,3.6307805477010094e-06,3.56
consulate,3.6307805477010094e-06,3.56
consulates,3.6307805477010094e-06,3.56
contends,3.6307805477010094e-06,3.56
contend,3.6307805477010094e-06,3.56
contending,3.6307805477010094e-06,3.56
contended,3.6307805477010094e-06,3.56
convict,3.6307805477010094e-06,3.56
convicting,3.6307805477010094e-06,3.56
convicts,3.6307805477010094e-06,3.56
cravings,3.6307805477010094e-06,3.56
craving,3.6307805477010094e-06,3.56
culinary,3.6307805477010094e-06,3.56
demographics,3.6307805477010094e-06,3.56
dins,3.6307805477010094e-06,3.56
din,3.6307805477010094e-06,3.56
dinning,3.6307805477010094e-06,3.56
dinned,3.6307805477010094e-06,3.56
diner,3.6307805477010094e-06,3.56
dir,3.6307805477010094e-06,3.56
discrete,3.6307805477010094e-06,3.56
dissenting,3.6307805477010094e-06,3.56
dissented,3.6307805477010094e-06,3.56
dissent,3.6307805477010094e-06,3.56
dissents,3.6307805477010094e-06,3.56
disturbs,3.6307805477010094e-06,3.56
disturb,3.6307805477010094e-06,3.56
dt,3.6307805477010094e-06,3.56
eminent,3.6307805477010094e-06,3.56
encryptions,3.6307805477010094e-06,3.56
encryption,3.6307805477010094e-06,3.56
endeavors,3.6307805477010094e-06,3.56
endeavored,3.6307805477010094e-06,3.56
endeavor,3.6307805477010094e-06,3.56
endeavoring,3.6307805477010094e-06,3.56
enthusiasts,3.6307805477010094e-06,3.56
erica,3.6307805477010094e-06,3.56
everything's,3.6307805477010094e-06,3.56
fleming,3.6307805477010094e-06,3.56
flop,3.6307805477010094e-06,3.56
flopping,3.6307805477010094e-06,3.56
flops,3.6307805477010094e-06,3.56
flopped,3.6307805477010094e-06,3.56
follower,3.6307805477010094e-06,3.56
fraternity,3.6307805477010094e-06,3.56
fraternities,3.6307805477010094e-06,3.56
furry,3.6307805477010094e-06,3.56
furriest,3.6307805477010094e-06,3.56
furrier,3.6307805477010094e-06,3.56
glittering,3.6307805477010094e-06,3.56
glittered,3.6307805477010094e-06,3.56
glitter,3.6307805477010094e-06,3.56
glitters,3.6307805477010094e-06,3.56
graveyards,3.6307805477010094e-06,3.56
graveyard,3.6307805477010094e-06,3.56
hardships,3.6307805477010094e-06,3.56
hardship,3.6307805477010094e-06,3.56
harlem,3.6307805477010094e-06,3.56
hen,3.6307805477010094e-06,3.56
hens,3.6307805477010094e-06,3.56
hoover,3.6307805477010094e-06,3.56
implication,3.6307805477010094e-06,3.56
induce,3.6307805477010094e-06,3.56
inducing,3.6307805477010094e-06,3.56
induces,3.6307805477010094e-06,3.56
insecurities,3.6307805477010094e-06,3.56
insecurity,3.6307805477010094e-06,3.56
interrogation,3.6307805477010094e-06,3.56
interrogations,3.6307805477010094e-06,3.56
intimidating,3.6307805477010094e-06,3.56
irrational,3.6307805477010094e-06,3.56
josé,3.6307805477010094e-06,3.56
lamar,3.6307805477010094e-06,3.56
league's,3.6307805477010094e-06,3.56
lennon,3.6307805477010094e-06,3.56
lettuce,3.6307805477010094e-06,3.56
lettuces,3.6307805477010094e-06,3.56
lithium,3.6307805477010094e-06,3.56
lowe,3.6307805477010094e-06,3.56
lucrative,3.6307805477010094e-06,3.56
macmillan,3.6307805477010094e-06,3.56
malone,3.6307805477010094e-06,3.56
managerial,3.6307805477010094e-06,3.56
mangos,3.6307805477010094e-06,3.56
mango,3.6307805477010094e-06,3.56
mangoes,3.6307805477010094e-06,3.56
miley,3.6307805477010094e-06,3.56
milo,3.6307805477010094e-06,3.56
misters,3.6307805477010094e-06,3.56
mister,3.6307805477010094e-06,3.56
moderately,3.6307805477010094e-06,3.56
mri,3.6307805477010094e-06,3.56
multimedia,3.6307805477010094e-06,3.56
multinationals,3.6307805477010094e-06,3.56
multinational,3.6307805477010094e-06,3.56
nh,3.6307805477010094e-06,3.56
oasis,3.6307805477010094e-06,3.56
oases,3.6307805477010094e-06,3.56
oddly,3.6307805477010094e-06,3.56
ons,3.6307805477010094e-06,3.56
oppressed,3.6307805477010094e-06,3.56
osaka,3.6307805477010094e-06,3.56
ouches,3.6307805477010094e-06,3.56
ouch,3.6307805477010094e-06,3.56
outsiders,3.6307805477010094e-06,3.56
outskirts,3.6307805477010094e-06,3.56
overlappings,3.6307805477010094e-06,3.56
p.s,3.6307805477010094e-06,3.56
pagans,3.6307805477010094e-06,3.56
pagan,3.6307805477010094e-06,3.56
planetary,3.6307805477010094e-06,3.56
playboy,3.6307805477010094e-06,3.56
porcelains,3.6307805477010094e-06,3.56
porcelain,3.6307805477010094e-06,3.56
processors,3.6307805477010094e-06,3.56
programmers,3.6307805477010094e-06,3.56
programmer,3.6307805477010094e-06,3.56
promoter,3.6307805477010094e-06,3.56
promoters,3.6307805477010094e-06,3.56
psalms,3.6307805477010094e-06,3.56
psalm,3.6307805477010094e-06,3.56
psychiatries,3.6307805477010094e-06,3.56
psychiatry,3.6307805477010094e-06,3.56
pubs,3.6307805477010094e-06,3.56
pursuant,3.6307805477010094e-06,3.56
recycled,3.6307805477010094e-06,3.56
renovated,3.6307805477010094e-06,3.56
repetitive,3.6307805477010094e-06,3.56
reversals,3.6307805477010094e-06,3.56
reversal,3.6307805477010094e-06,3.56
rhymed,3.6307805477010094e-06,3.56
rhyme,3.6307805477010094e-06,3.56
rhyming,3.6307805477010094e-06,3.56
rhymes,3.6307805477010094e-06,3.56
rues,3.6307805477010094e-06,3.56
rued,3.6307805477010094e-06,3.56
ruing,3.6307805477010094e-06,3.56
rue,3.6307805477010094e-06,3.56
saturdays,3.6307805477010094e-06,3.56
savviest,3.6307805477010094e-06,3.56
savvying,3.6307805477010094e-06,3.56
savvies,3.6307805477010094e-06,3.56
savvier,3.6307805477010094e-06,3.56
savvied,3.6307805477010094e-06,3.56
savvy,3.6307805477010094e-06,3.56
scanners,3.6307805477010094e-06,3.56
scanner,3.6307805477010094e-06,3.56
schizophrenia,3.6307805477010094e-06,3.56
schizophrenias,3.6307805477010094e-06,3.56
seriousness,3.6307805477010094e-06,3.56
sheila,3.6307805477010094e-06,3.56
shelby,3.6307805477010094e-06,3.56
sparkling,3.6307805477010094e-06,3.56
sprees,3.6307805477010094e-06,3.56
spree,3.6307805477010094e-06,3.56
stafford,3.6307805477010094e-06,3.56
stakeholders,3.6307805477010094e-06,3.56
stevenson,3.6307805477010094e-06,3.56
subsidy,3.6307805477010094e-06,3.56
sups,3.6307805477010094e-06,3.56
supping,3.6307805477010094e-06,3.56
sup,3.6307805477010094e-06,3.56
supped,3.6307805477010094e-06,3.56
superficial,3.6307805477010094e-06,3.56
superficials,3.6307805477010094e-06,3.56
sweatier,3.6307805477010094e-06,3.56
sweatiest,3.6307805477010094e-06,3.56
sweaty,3.6307805477010094e-06,3.56
tame,3.6307805477010094e-06,3.56
tamer,3.6307805477010094e-06,3.56
tames,3.6307805477010094e-06,3.56
taming,3.6307805477010094e-06,3.56
tamest,3.6307805477010094e-06,3.56
tamed,3.6307805477010094e-06,3.56
tanners,3.6307805477010094e-06,3.56
tf,3.6307805477010094e-06,3.56
thinners,3.6307805477010094e-06,3.56
thugs,3.6307805477010094e-06,3.56
tippings,3.6307805477010094e-06,3.56
toni,3.6307805477010094e-06,3.56
toppings,3.6307805477010094e-06,3.56
tracings,3.6307805477010094e-06,3.56
truman,3.6307805477010094e-06,3.56
upstream,3.6307805477010094e-06,3.56
vapored,3.6307805477010094e-06,3.56
vapor,3.6307805477010094e-06,3.56
vaporing,3.6307805477010094e-06,3.56
vapors,3.6307805477010094e-06,3.56
veronica,3.6307805477010094e-06,3.56
vowing,3.6307805477010094e-06,3.56
vow,3.6307805477010094e-06,3.56
vowed,3.6307805477010094e-06,3.56
waitress,3.6307805477010094e-06,3.56
waitresses,3.6307805477010094e-06,3.56
walnut,3.6307805477010094e-06,3.56
walnuts,3.6307805477010094e-06,3.56
waterfront,3.6307805477010094e-06,3.56
wembley,3.6307805477010094e-06,3.56
whatsapp,3.6307805477010094e-06,3.56
winchester,3.6307805477010094e-06,3.56
witty,3.6307805477010094e-06,3.56
wittiest,3.6307805477010094e-06,3.56
wittier,3.6307805477010094e-06,3.56
woven,3.6307805477010094e-06,3.56
wyatt,3.6307805477010094e-06,3.56
zack,3.6307805477010094e-06,3.56
2k,3.548133892335753e-06,3.55
2x,3.548133892335753e-06,3.55
acquaintance,3.548133892335753e-06,3.55
acquaintances,3.548133892335753e-06,3.55
aires,3.548133892335753e-06,3.55
ambushing,3.548133892335753e-06,3.55
ambushed,3.548133892335753e-06,3.55
ambush,3.548133892335753e-06,3.55
ambushes,3.548133892335753e-06,3.55
amelia,3.548133892335753e-06,3.55
amend,3.548133892335753e-06,3.55
amends,3.548133892335753e-06,3.55
amending,3.548133892335753e-06,3.55
arrogance,3.548133892335753e-06,3.55
attendees,3.548133892335753e-06,3.55
audrey,3.548133892335753e-06,3.55
aussie,3.548133892335753e-06,3.55
baptism,3.548133892335753e-06,3.55
baptisms,3.548133892335753e-06,3.55
beirut,3.548133892335753e-06,3.55
bloke,3.548133892335753e-06,3.55
blond,3.548133892335753e-06,3.55
blonds,3.548133892335753e-06,3.55
blur,3.548133892335753e-06,3.55
blurs,3.548133892335753e-06,3.55
blurred,3.548133892335753e-06,3.55
blurring,3.548133892335753e-06,3.55
blvd,3.548133892335753e-06,3.55
boogie,3.548133892335753e-06,3.55
booker,3.548133892335753e-06,3.55
bowels,3.548133892335753e-06,3.55
bowel,3.548133892335753e-06,3.55
brow,3.548133892335753e-06,3.55
brows,3.548133892335753e-06,3.55
budapest,3.548133892335753e-06,3.55
bureaucracy,3.548133892335753e-06,3.55
bureaucracies,3.548133892335753e-06,3.55
cabbages,3.548133892335753e-06,3.55
cabbage,3.548133892335753e-06,3.55
canton,3.548133892335753e-06,3.55
caters,3.548133892335753e-06,3.55
cater,3.548133892335753e-06,3.55
catered,3.548133892335753e-06,3.55
celtics,3.548133892335753e-06,3.55
chimney,3.548133892335753e-06,3.55
chimneys,3.548133892335753e-06,3.55
chrysler,3.548133892335753e-06,3.55
circulated,3.548133892335753e-06,3.55
cloudiest,3.548133892335753e-06,3.55
cloudier,3.548133892335753e-06,3.55
cloudy,3.548133892335753e-06,3.55
colourful,3.548133892335753e-06,3.55
compassionate,3.548133892335753e-06,3.55
comrade,3.548133892335753e-06,3.55
convertible,3.548133892335753e-06,3.55
convertibles,3.548133892335753e-06,3.55
cory,3.548133892335753e-06,3.55
cratering,3.548133892335753e-06,3.55
crater,3.548133892335753e-06,3.55
craters,3.548133892335753e-06,3.55
cratered,3.548133892335753e-06,3.55
cu,3.548133892335753e-06,3.55
cumulative,3.548133892335753e-06,3.55
curators,3.548133892335753e-06,3.55
curator,3.548133892335753e-06,3.55
dat,3.548133892335753e-06,3.55
deities,3.548133892335753e-06,3.55
deity,3.548133892335753e-06,3.55
desperation,3.548133892335753e-06,3.55
detrimental,3.548133892335753e-06,3.55
detrimentals,3.548133892335753e-06,3.55
diarrhea,3.548133892335753e-06,3.55
diarrheas,3.548133892335753e-06,3.55
disposed,3.548133892335753e-06,3.55
distortion,3.548133892335753e-06,3.55
distortions,3.548133892335753e-06,3.55
doctoral,3.548133892335753e-06,3.55
educator,3.548133892335753e-06,3.55
entitlements,3.548133892335753e-06,3.55
entitlement,3.548133892335753e-06,3.55
esp,3.548133892335753e-06,3.55
faux,3.548133892335753e-06,3.55
fearless,3.548133892335753e-06,3.55
finches,3.548133892335753e-06,3.55
finch,3.548133892335753e-06,3.55
fragmenting,3.548133892335753e-06,3.55
fragment,3.548133892335753e-06,3.55
fragmented,3.548133892335753e-06,3.55
fulfil,3.548133892335753e-06,3.55
gangsters,3.548133892335753e-06,3.55
gangster,3.548133892335753e-06,3.55
garner,3.548133892335753e-06,3.55
garnered,3.548133892335753e-06,3.55
garnering,3.548133892335753e-06,3.55
garners,3.548133892335753e-06,3.55
gil,3.548133892335753e-06,3.55
giveaways,3.548133892335753e-06,3.55
giveaway,3.548133892335753e-06,3.55
gypsy,3.548133892335753e-06,3.55
gypsies,3.548133892335753e-06,3.55
harassed,3.548133892335753e-06,3.55
heater,3.548133892335753e-06,3.55
heaters,3.548133892335753e-06,3.55
hesitation,3.548133892335753e-06,3.55
hesitations,3.548133892335753e-06,3.55
humiliation,3.548133892335753e-06,3.55
humiliations,3.548133892335753e-06,3.55
ic,3.548133892335753e-06,3.55
impairment,3.548133892335753e-06,3.55
impairments,3.548133892335753e-06,3.55
impatient,3.548133892335753e-06,3.55
indy,3.548133892335753e-06,3.55
intricating,3.548133892335753e-06,3.55
intricate,3.548133892335753e-06,3.55
intricated,3.548133892335753e-06,3.55
intricates,3.548133892335753e-06,3.55
irvine,3.548133892335753e-06,3.55
jensen,3.548133892335753e-06,3.55
kang,3.548133892335753e-06,3.55
kara,3.548133892335753e-06,3.55
karate,3.548133892335753e-06,3.55
kc,3.548133892335753e-06,3.55
kited,3.548133892335753e-06,3.55
kites,3.548133892335753e-06,3.55
kiting,3.548133892335753e-06,3.55
kite,3.548133892335753e-06,3.55
labelings,3.548133892335753e-06,3.55
lighthouse,3.548133892335753e-06,3.55
lighthouses,3.548133892335753e-06,3.55
longevities,3.548133892335753e-06,3.55
longevity,3.548133892335753e-06,3.55
lore,3.548133892335753e-06,3.55
lushes,3.548133892335753e-06,3.55
lushest,3.548133892335753e-06,3.55
lusher,3.548133892335753e-06,3.55
lush,3.548133892335753e-06,3.55
luxurious,3.548133892335753e-06,3.55
mal,3.548133892335753e-06,3.55
mashes,3.548133892335753e-06,3.55
mashed,3.548133892335753e-06,3.55
mashing,3.548133892335753e-06,3.55
mash,3.548133892335753e-06,3.55
mba,3.548133892335753e-06,3.55
meg,3.548133892335753e-06,3.55
meltdowns,3.548133892335753e-06,3.55
meltdown,3.548133892335753e-06,3.55
messiahs,3.548133892335753e-06,3.55
messiah,3.548133892335753e-06,3.55
meteor,3.548133892335753e-06,3.55
meteors,3.548133892335753e-06,3.55
ministerial,3.548133892335753e-06,3.55
mmm,3.548133892335753e-06,3.55
monty,3.548133892335753e-06,3.55
mystical,3.548133892335753e-06,3.55
n.y,3.548133892335753e-06,3.55
nu,3.548133892335753e-06,3.55
obstructions,3.548133892335753e-06,3.55
obstruction,3.548133892335753e-06,3.55
odysseys,3.548133892335753e-06,3.55
odyssey,3.548133892335753e-06,3.55
om,3.548133892335753e-06,3.55
onboard,3.548133892335753e-06,3.55
oneself,3.548133892335753e-06,3.55
org,3.548133892335753e-06,3.55
outsider,3.548133892335753e-06,3.55
penetrate,3.548133892335753e-06,3.55
penetrated,3.548133892335753e-06,3.55
penetrating,3.548133892335753e-06,3.55
penetrates,3.548133892335753e-06,3.55
phelps,3.548133892335753e-06,3.55
phi,3.548133892335753e-06,3.55
philippe,3.548133892335753e-06,3.55
plaintiff,3.548133892335753e-06,3.55
planners,3.548133892335753e-06,3.55
plums,3.548133892335753e-06,3.55
plum,3.548133892335753e-06,3.55
plural,3.548133892335753e-06,3.55
plurals,3.548133892335753e-06,3.55
poe,3.548133892335753e-06,3.55
portrayals,3.548133892335753e-06,3.55
portrayal,3.548133892335753e-06,3.55
prevails,3.548133892335753e-06,3.55
prevailing,3.548133892335753e-06,3.55
prevail,3.548133892335753e-06,3.55
prevailed,3.548133892335753e-06,3.55
puffed,3.548133892335753e-06,3.55
puff,3.548133892335753e-06,3.55
puffing,3.548133892335753e-06,3.55
puffs,3.548133892335753e-06,3.55
pun,3.548133892335753e-06,3.55
puns,3.548133892335753e-06,3.55
punned,3.548133892335753e-06,3.55
punning,3.548133892335753e-06,3.55
r2,3.548133892335753e-06,3.55
ragged,3.548133892335753e-06,3.55
rag,3.548133892335753e-06,3.55
ragging,3.548133892335753e-06,3.55
rags,3.548133892335753e-06,3.55
raj,3.548133892335753e-06,3.55
rampant,3.548133892335753e-06,3.55
reggie,3.548133892335753e-06,3.55
replicate,3.548133892335753e-06,3.55
replicated,3.548133892335753e-06,3.55
replicating,3.548133892335753e-06,3.55
replicates,3.548133892335753e-06,3.55
retaliation,3.548133892335753e-06,3.55
retaliations,3.548133892335753e-06,3.55
rf,3.548133892335753e-06,3.55
rooftop,3.548133892335753e-06,3.55
rooftops,3.548133892335753e-06,3.55
rv,3.548133892335753e-06,3.55
safeguards,3.548133892335753e-06,3.55
safeguarded,3.548133892335753e-06,3.55
safeguarding,3.548133892335753e-06,3.55
safeguard,3.548133892335753e-06,3.55
sedans,3.548133892335753e-06,3.55
sedan,3.548133892335753e-06,3.55
sewage,3.548133892335753e-06,3.55
sgt,3.548133892335753e-06,3.55
ship's,3.548133892335753e-06,3.55
shoppers,3.548133892335753e-06,3.55
simpsons,3.548133892335753e-06,3.55
sitcom,3.548133892335753e-06,3.55
slanging,3.548133892335753e-06,3.55
slangs,3.548133892335753e-06,3.55
slanged,3.548133892335753e-06,3.55
slang,3.548133892335753e-06,3.55
spirituality,3.548133892335753e-06,3.55
spoiler,3.548133892335753e-06,3.55
spoilers,3.548133892335753e-06,3.55
suitcase,3.548133892335753e-06,3.55
suitcases,3.548133892335753e-06,3.55
summons,3.548133892335753e-06,3.55
summon,3.548133892335753e-06,3.55
summoning,3.548133892335753e-06,3.55
taverns,3.548133892335753e-06,3.55
tavern,3.548133892335753e-06,3.55
telegram,3.548133892335753e-06,3.55
telegrams,3.548133892335753e-06,3.55
titanium,3.548133892335753e-06,3.55
tuck,3.548133892335753e-06,3.55
tucking,3.548133892335753e-06,3.55
tucks,3.548133892335753e-06,3.55
turbulences,3.548133892335753e-06,3.55
turbulence,3.548133892335753e-06,3.55
ulster,3.548133892335753e-06,3.55
unesco,3.548133892335753e-06,3.55
uneven,3.548133892335753e-06,3.55
urgencies,3.548133892335753e-06,3.55
urgency,3.548133892335753e-06,3.55
victim's,3.548133892335753e-06,3.55
viktor,3.548133892335753e-06,3.55
wares,3.548133892335753e-06,3.55
ware,3.548133892335753e-06,3.55
waring,3.548133892335753e-06,3.55
wared,3.548133892335753e-06,3.55
waterproofs,3.548133892335753e-06,3.55
waterproofing,3.548133892335753e-06,3.55
waterproof,3.548133892335753e-06,3.55
waterproofed,3.548133892335753e-06,3.55
whining,3.548133892335753e-06,3.55
wonderfully,3.548133892335753e-06,3.55
zelda,3.548133892335753e-06,3.55
😍,3.548133892335753e-06,3.55
abdullah,3.467368504525317e-06,3.54
academia,3.467368504525317e-06,3.54
accreditation,3.467368504525317e-06,3.54
accreditations,3.467368504525317e-06,3.54
administer,3.467368504525317e-06,3.54
administering,3.467368504525317e-06,3.54
administers,3.467368504525317e-06,3.54
admittedly,3.467368504525317e-06,3.54
aforementioned,3.467368504525317e-06,3.54
algae,3.467368504525317e-06,3.54
alterations,3.467368504525317e-06,3.54
angelo,3.467368504525317e-06,3.54
apache,3.467368504525317e-06,3.54
ariel,3.467368504525317e-06,3.54
articulated,3.467368504525317e-06,3.54
articulating,3.467368504525317e-06,3.54
articulates,3.467368504525317e-06,3.54
articulate,3.467368504525317e-06,3.54
asbestos,3.467368504525317e-06,3.54
atleast,3.467368504525317e-06,3.54
avoidances,3.467368504525317e-06,3.54
avoidance,3.467368504525317e-06,3.54
babylon,3.467368504525317e-06,3.54
barney,3.467368504525317e-06,3.54
bjp,3.467368504525317e-06,3.54
boutique,3.467368504525317e-06,3.54
boutiques,3.467368504525317e-06,3.54
bowie,3.467368504525317e-06,3.54
brewer,3.467368504525317e-06,3.54
brewers,3.467368504525317e-06,3.54
brits,3.467368504525317e-06,3.54
buffeting,3.467368504525317e-06,3.54
buffets,3.467368504525317e-06,3.54
buffet,3.467368504525317e-06,3.54
buffeted,3.467368504525317e-06,3.54
burners,3.467368504525317e-06,3.54
burner,3.467368504525317e-06,3.54
cain,3.467368504525317e-06,3.54
casa,3.467368504525317e-06,3.54
catcher,3.467368504525317e-06,3.54
catchers,3.467368504525317e-06,3.54
cathy,3.467368504525317e-06,3.54
chassis,3.467368504525317e-06,3.54
chores,3.467368504525317e-06,3.54
claps,3.467368504525317e-06,3.54
clapped,3.467368504525317e-06,3.54
clapping,3.467368504525317e-06,3.54
clap,3.467368504525317e-06,3.54
clarifications,3.467368504525317e-06,3.54
clarification,3.467368504525317e-06,3.54
consolation,3.467368504525317e-06,3.54
consolations,3.467368504525317e-06,3.54
corresponds,3.467368504525317e-06,3.54
coverts,3.467368504525317e-06,3.54
covert,3.467368504525317e-06,3.54
cringes,3.467368504525317e-06,3.54
cringed,3.467368504525317e-06,3.54
cringing,3.467368504525317e-06,3.54
cringe,3.467368504525317e-06,3.54
crosby,3.467368504525317e-06,3.54
cunningham,3.467368504525317e-06,3.54
cw,3.467368504525317e-06,3.54
dagger,3.467368504525317e-06,3.54
daggers,3.467368504525317e-06,3.54
dealings,3.467368504525317e-06,3.54
deferred,3.467368504525317e-06,3.54
depicting,3.467368504525317e-06,3.54
descriptive,3.467368504525317e-06,3.54
descriptives,3.467368504525317e-06,3.54
dialect,3.467368504525317e-06,3.54
dialects,3.467368504525317e-06,3.54
dollied,3.467368504525317e-06,3.54
dollying,3.467368504525317e-06,3.54
dollies,3.467368504525317e-06,3.54
dolly,3.467368504525317e-06,3.54
downfall,3.467368504525317e-06,3.54
downfalls,3.467368504525317e-06,3.54
downside,3.467368504525317e-06,3.54
dryer,3.467368504525317e-06,3.54
dryers,3.467368504525317e-06,3.54
dunking,3.467368504525317e-06,3.54
dunk,3.467368504525317e-06,3.54
dunks,3.467368504525317e-06,3.54
dunked,3.467368504525317e-06,3.54
elijah,3.467368504525317e-06,3.54
empowerment,3.467368504525317e-06,3.54
ensuing,3.467368504525317e-06,3.54
ethic,3.467368504525317e-06,3.54
expiring,3.467368504525317e-06,3.54
expire,3.467368504525317e-06,3.54
expires,3.467368504525317e-06,3.54
fireplaces,3.467368504525317e-06,3.54
fireplace,3.467368504525317e-06,3.54
flair,3.467368504525317e-06,3.54
fugitives,3.467368504525317e-06,3.54
fugitive,3.467368504525317e-06,3.54
gpa,3.467368504525317e-06,3.54
greenwich,3.467368504525317e-06,3.54
gujarat,3.467368504525317e-06,3.54
hah,3.467368504525317e-06,3.54
hanson,3.467368504525317e-06,3.54
haunt,3.467368504525317e-06,3.54
haunts,3.467368504525317e-06,3.54
haunting,3.467368504525317e-06,3.54
hayden,3.467368504525317e-06,3.54
hazel,3.467368504525317e-06,3.54
hazels,3.467368504525317e-06,3.54
headset,3.467368504525317e-06,3.54
headsets,3.467368504525317e-06,3.54
hernandez,3.467368504525317e-06,3.54
hk,3.467368504525317e-06,3.54
homecomings,3.467368504525317e-06,3.54
homecoming,3.467368504525317e-06,3.54
hurdles,3.467368504525317e-06,3.54
hussein,3.467368504525317e-06,3.54
iciest,3.467368504525317e-06,3.54
icier,3.467368504525317e-06,3.54
icy,3.467368504525317e-06,3.54
indulged,3.467368504525317e-06,3.54
indulge,3.467368504525317e-06,3.54
indulges,3.467368504525317e-06,3.54
indulging,3.467368504525317e-06,3.54
inmate,3.467368504525317e-06,3.54
inscriptions,3.467368504525317e-06,3.54
inscription,3.467368504525317e-06,3.54
interpreters,3.467368504525317e-06,3.54
interpreter,3.467368504525317e-06,3.54
intuitions,3.467368504525317e-06,3.54
intuition,3.467368504525317e-06,3.54
invaluable,3.467368504525317e-06,3.54
jaime,3.467368504525317e-06,3.54
jenna,3.467368504525317e-06,3.54
js,3.467368504525317e-06,3.54
kaiser,3.467368504525317e-06,3.54
kettle,3.467368504525317e-06,3.54
kettles,3.467368504525317e-06,3.54
kylie,3.467368504525317e-06,3.54
lara,3.467368504525317e-06,3.54
laxes,3.467368504525317e-06,3.54
lax,3.467368504525317e-06,3.54
laxing,3.467368504525317e-06,3.54
laxer,3.467368504525317e-06,3.54
laxed,3.467368504525317e-06,3.54
laxest,3.467368504525317e-06,3.54
lest,3.467368504525317e-06,3.54
levi,3.467368504525317e-06,3.54
lilly,3.467368504525317e-06,3.54
malta,3.467368504525317e-06,3.54
mcconnell,3.467368504525317e-06,3.54
mcgregor,3.467368504525317e-06,3.54
menaced,3.467368504525317e-06,3.54
menacing,3.467368504525317e-06,3.54
menace,3.467368504525317e-06,3.54
menaces,3.467368504525317e-06,3.54
methanes,3.467368504525317e-06,3.54
methane,3.467368504525317e-06,3.54
mexicans,3.467368504525317e-06,3.54
ming,3.467368504525317e-06,3.54
misuse,3.467368504525317e-06,3.54
misuses,3.467368504525317e-06,3.54
misusing,3.467368504525317e-06,3.54
misused,3.467368504525317e-06,3.54
mitigate,3.467368504525317e-06,3.54
mitigating,3.467368504525317e-06,3.54
mitigated,3.467368504525317e-06,3.54
mitigates,3.467368504525317e-06,3.54
mona,3.467368504525317e-06,3.54
month's,3.467368504525317e-06,3.54
nairobi,3.467368504525317e-06,3.54
nana,3.467368504525317e-06,3.54
nauseas,3.467368504525317e-06,3.54
nausea,3.467368504525317e-06,3.54
neurological,3.467368504525317e-06,3.54
nicola,3.467368504525317e-06,3.54
optimum,3.467368504525317e-06,3.54
optima,3.467368504525317e-06,3.54
optimums,3.467368504525317e-06,3.54
overwhelmingly,3.467368504525317e-06,3.54
oysters,3.467368504525317e-06,3.54
oyster,3.467368504525317e-06,3.54
pastoral,3.467368504525317e-06,3.54
pastorals,3.467368504525317e-06,3.54
pea,3.467368504525317e-06,3.54
physiological,3.467368504525317e-06,3.54
poo,3.467368504525317e-06,3.54
poultries,3.467368504525317e-06,3.54
poultry,3.467368504525317e-06,3.54
prominence,3.467368504525317e-06,3.54
prominences,3.467368504525317e-06,3.54
prosecute,3.467368504525317e-06,3.54
prosecutes,3.467368504525317e-06,3.54
prosecuting,3.467368504525317e-06,3.54
ptsd,3.467368504525317e-06,3.54
quartet,3.467368504525317e-06,3.54
quartets,3.467368504525317e-06,3.54
radically,3.467368504525317e-06,3.54
reactive,3.467368504525317e-06,3.54
reactives,3.467368504525317e-06,3.54
reboot,3.467368504525317e-06,3.54
renamed,3.467368504525317e-06,3.54
restrictive,3.467368504525317e-06,3.54
robotic,3.467368504525317e-06,3.54
runaway,3.467368504525317e-06,3.54
runaways,3.467368504525317e-06,3.54
saturn,3.467368504525317e-06,3.54
sawyers,3.467368504525317e-06,3.54
sawyer,3.467368504525317e-06,3.54
screenplay,3.467368504525317e-06,3.54
sects,3.467368504525317e-06,3.54
sect,3.467368504525317e-06,3.54
seismic,3.467368504525317e-06,3.54
seminary,3.467368504525317e-06,3.54
seminaries,3.467368504525317e-06,3.54
sg,3.467368504525317e-06,3.54
sheldon,3.467368504525317e-06,3.54
shelley,3.467368504525317e-06,3.54
sideways,3.467368504525317e-06,3.54
skippers,3.467368504525317e-06,3.54
skipper,3.467368504525317e-06,3.54
skippered,3.467368504525317e-06,3.54
skippering,3.467368504525317e-06,3.54
slain,3.467368504525317e-06,3.54
smuggling,3.467368504525317e-06,3.54
sonia,3.467368504525317e-06,3.54
specs,3.467368504525317e-06,3.54
stashing,3.467368504525317e-06,3.54
stashes,3.467368504525317e-06,3.54
stash,3.467368504525317e-06,3.54
stashed,3.467368504525317e-06,3.54
stephens,3.467368504525317e-06,3.54
striped,3.467368504525317e-06,3.54
strolls,3.467368504525317e-06,3.54
strolled,3.467368504525317e-06,3.54
stroll,3.467368504525317e-06,3.54
strolling,3.467368504525317e-06,3.54
swiftly,3.467368504525317e-06,3.54
texans,3.467368504525317e-06,3.54
transcription,3.467368504525317e-06,3.54
transcriptions,3.467368504525317e-06,3.54
tucson,3.467368504525317e-06,3.54
ul,3.467368504525317e-06,3.54
unicorns,3.467368504525317e-06,3.54
unicorn,3.467368504525317e-06,3.54
uniquely,3.467368504525317e-06,3.54
unrealistic,3.467368504525317e-06,3.54
v8,3.467368504525317e-06,3.54
vases,3.467368504525317e-06,3.54
vase,3.467368504525317e-06,3.54
vat,3.467368504525317e-06,3.54
vats,3.467368504525317e-06,3.54
vineyards,3.467368504525317e-06,3.54
vineyard,3.467368504525317e-06,3.54
violas,3.467368504525317e-06,3.54
viola,3.467368504525317e-06,3.54
waterfalls,3.467368504525317e-06,3.54
waterfall,3.467368504525317e-06,3.54
weaving,3.467368504525317e-06,3.54
weldings,3.467368504525317e-06,3.54
welding,3.467368504525317e-06,3.54
whereabouts,3.467368504525317e-06,3.54
yah,3.467368504525317e-06,3.54
yummy,3.467368504525317e-06,3.54
zeus,3.467368504525317e-06,3.54
adobe,3.3884415613920275e-06,3.53
ala,3.3884415613920275e-06,3.53
alexandra,3.3884415613920275e-06,3.53
almonds,3.3884415613920275e-06,3.53
almond,3.3884415613920275e-06,3.53
amenities,3.3884415613920275e-06,3.53
amused,3.3884415613920275e-06,3.53
antarctica,3.3884415613920275e-06,3.53
arabian,3.3884415613920275e-06,3.53
ari,3.3884415613920275e-06,3.53
asphalt,3.3884415613920275e-06,3.53
asphalting,3.3884415613920275e-06,3.53
asphalts,3.3884415613920275e-06,3.53
asphalted,3.3884415613920275e-06,3.53
atrocities,3.3884415613920275e-06,3.53
aviv,3.3884415613920275e-06,3.53
bach,3.3884415613920275e-06,3.53
backbones,3.3884415613920275e-06,3.53
backbone,3.3884415613920275e-06,3.53
bahamas,3.3884415613920275e-06,3.53
beetled,3.3884415613920275e-06,3.53
beetling,3.3884415613920275e-06,3.53
beetles,3.3884415613920275e-06,3.53
beetle,3.3884415613920275e-06,3.53
blizzards,3.3884415613920275e-06,3.53
blizzard,3.3884415613920275e-06,3.53
bolivia,3.3884415613920275e-06,3.53
booklets,3.3884415613920275e-06,3.53
booklet,3.3884415613920275e-06,3.53
brawling,3.3884415613920275e-06,3.53
brawl,3.3884415613920275e-06,3.53
brawled,3.3884415613920275e-06,3.53
brawls,3.3884415613920275e-06,3.53
brittany,3.3884415613920275e-06,3.53
bryce,3.3884415613920275e-06,3.53
bu,3.3884415613920275e-06,3.53
burgess,3.3884415613920275e-06,3.53
camden,3.3884415613920275e-06,3.53
cameroon,3.3884415613920275e-06,3.53
celestial,3.3884415613920275e-06,3.53
characterization,3.3884415613920275e-06,3.53
characterizations,3.3884415613920275e-06,3.53
chevy,3.3884415613920275e-06,3.53
ci,3.3884415613920275e-06,3.53
clint,3.3884415613920275e-06,3.53
comin,3.3884415613920275e-06,3.53
conforming,3.3884415613920275e-06,3.53
conformed,3.3884415613920275e-06,3.53
conforms,3.3884415613920275e-06,3.53
conform,3.3884415613920275e-06,3.53
conversely,3.3884415613920275e-06,3.53
countess,3.3884415613920275e-06,3.53
court's,3.3884415613920275e-06,3.53
customary,3.3884415613920275e-06,3.53
dalton,3.3884415613920275e-06,3.53
daltons,3.3884415613920275e-06,3.53
depicts,3.3884415613920275e-06,3.53
devoting,3.3884415613920275e-06,3.53
devotes,3.3884415613920275e-06,3.53
devote,3.3884415613920275e-06,3.53
disposes,3.3884415613920275e-06,3.53
disposing,3.3884415613920275e-06,3.53
dispose,3.3884415613920275e-06,3.53
distinctly,3.3884415613920275e-06,3.53
evacuating,3.3884415613920275e-06,3.53
evacuates,3.3884415613920275e-06,3.53
evacuate,3.3884415613920275e-06,3.53
everett,3.3884415613920275e-06,3.53
favourable,3.3884415613920275e-06,3.53
ferdinand,3.3884415613920275e-06,3.53
flourishing,3.3884415613920275e-06,3.53
flourish,3.3884415613920275e-06,3.53
flourished,3.3884415613920275e-06,3.53
flourishes,3.3884415613920275e-06,3.53
flowerings,3.3884415613920275e-06,3.53
fragrance,3.3884415613920275e-06,3.53
fragrances,3.3884415613920275e-06,3.53
franz,3.3884415613920275e-06,3.53
fungi,3.3884415613920275e-06,3.53
fungus,3.3884415613920275e-06,3.53
funguses,3.3884415613920275e-06,3.53
germany's,3.3884415613920275e-06,3.53
gloucester,3.3884415613920275e-06,3.53
griffith,3.3884415613920275e-06,3.53
gunfire,3.3884415613920275e-06,3.53
harvestings,3.3884415613920275e-06,3.53
havana,3.3884415613920275e-06,3.53
heroines,3.3884415613920275e-06,3.53
heroine,3.3884415613920275e-06,3.53
hilary,3.3884415613920275e-06,3.53
hoaxing,3.3884415613920275e-06,3.53
hoax,3.3884415613920275e-06,3.53
hoaxed,3.3884415613920275e-06,3.53
hoaxes,3.3884415613920275e-06,3.53
imf,3.3884415613920275e-06,3.53
impending,3.3884415613920275e-06,3.53
insignificant,3.3884415613920275e-06,3.53
insurer,3.3884415613920275e-06,3.53
insurers,3.3884415613920275e-06,3.53
itv,3.3884415613920275e-06,3.53
jonah,3.3884415613920275e-06,3.53
kerala,3.3884415613920275e-06,3.53
knowledgeable,3.3884415613920275e-06,3.53
ku,3.3884415613920275e-06,3.53
liberated,3.3884415613920275e-06,3.53
lingerie,3.3884415613920275e-06,3.53
lites,3.3884415613920275e-06,3.53
lite,3.3884415613920275e-06,3.53
locke,3.3884415613920275e-06,3.53
lurking,3.3884415613920275e-06,3.53
maddens,3.3884415613920275e-06,3.53
madden,3.3884415613920275e-06,3.53
maddened,3.3884415613920275e-06,3.53
maddening,3.3884415613920275e-06,3.53
magicians,3.3884415613920275e-06,3.53
magician,3.3884415613920275e-06,3.53
mai,3.3884415613920275e-06,3.53
mali,3.3884415613920275e-06,3.53
maneuvered,3.3884415613920275e-06,3.53
maneuver,3.3884415613920275e-06,3.53
maneuvering,3.3884415613920275e-06,3.53
maneuvers,3.3884415613920275e-06,3.53
marrow,3.3884415613920275e-06,3.53
marrows,3.3884415613920275e-06,3.53
marvelous,3.3884415613920275e-06,3.53
mas,3.3884415613920275e-06,3.53
medicinal,3.3884415613920275e-06,3.53
medicinals,3.3884415613920275e-06,3.53
melanie,3.3884415613920275e-06,3.53
monos,3.3884415613920275e-06,3.53
mono,3.3884415613920275e-06,3.53
nas,3.3884415613920275e-06,3.53
numb,3.3884415613920275e-06,3.53
numbing,3.3884415613920275e-06,3.53
numbest,3.3884415613920275e-06,3.53
numbs,3.3884415613920275e-06,3.53
numbed,3.3884415613920275e-06,3.53
omitted,3.3884415613920275e-06,3.53
overlooks,3.3884415613920275e-06,3.53
overlook,3.3884415613920275e-06,3.53
pastries,3.3884415613920275e-06,3.53
pastry,3.3884415613920275e-06,3.53
pawn,3.3884415613920275e-06,3.53
pawning,3.3884415613920275e-06,3.53
pawns,3.3884415613920275e-06,3.53
pawned,3.3884415613920275e-06,3.53
pediatric,3.3884415613920275e-06,3.53
persists,3.3884415613920275e-06,3.53
persisted,3.3884415613920275e-06,3.53
persist,3.3884415613920275e-06,3.53
persisting,3.3884415613920275e-06,3.53
personalized,3.3884415613920275e-06,3.53
planner,3.3884415613920275e-06,3.53
plasters,3.3884415613920275e-06,3.53
plastering,3.3884415613920275e-06,3.53
plastered,3.3884415613920275e-06,3.53
plaster,3.3884415613920275e-06,3.53
playful,3.3884415613920275e-06,3.53
pleadings,3.3884415613920275e-06,3.53
quirkier,3.3884415613920275e-06,3.53
quirky,3.3884415613920275e-06,3.53
quirkiest,3.3884415613920275e-06,3.53
quota,3.3884415613920275e-06,3.53
quotas,3.3884415613920275e-06,3.53
quran,3.3884415613920275e-06,3.53
r00,3.3884415613920275e-06,3.53
randolph,3.3884415613920275e-06,3.53
rationale,3.3884415613920275e-06,3.53
rationales,3.3884415613920275e-06,3.53
reap,3.3884415613920275e-06,3.53
reaping,3.3884415613920275e-06,3.53
reaped,3.3884415613920275e-06,3.53
reaps,3.3884415613920275e-06,3.53
rebounded,3.3884415613920275e-06,3.53
rebound,3.3884415613920275e-06,3.53
rebounding,3.3884415613920275e-06,3.53
recesses,3.3884415613920275e-06,3.53
recess,3.3884415613920275e-06,3.53
recessed,3.3884415613920275e-06,3.53
recessing,3.3884415613920275e-06,3.53
redeeming,3.3884415613920275e-06,3.53
redeems,3.3884415613920275e-06,3.53
redeemed,3.3884415613920275e-06,3.53
redeem,3.3884415613920275e-06,3.53
reformation,3.3884415613920275e-06,3.53
reformations,3.3884415613920275e-06,3.53
residues,3.3884415613920275e-06,3.53
residue,3.3884415613920275e-06,3.53
robotics,3.3884415613920275e-06,3.53
runoffs,3.3884415613920275e-06,3.53
runoff,3.3884415613920275e-06,3.53
rwanda,3.3884415613920275e-06,3.53
salsa,3.3884415613920275e-06,3.53
screenshots,3.3884415613920275e-06,3.53
semiconductor,3.3884415613920275e-06,3.53
semiconductors,3.3884415613920275e-06,3.53
sentimental,3.3884415613920275e-06,3.53
serbian,3.3884415613920275e-06,3.53
severed,3.3884415613920275e-06,3.53
simultaneous,3.3884415613920275e-06,3.53
snatches,3.3884415613920275e-06,3.53
snatched,3.3884415613920275e-06,3.53
snatching,3.3884415613920275e-06,3.53
snatch,3.3884415613920275e-06,3.53
sneakers,3.3884415613920275e-06,3.53
somali,3.3884415613920275e-06,3.53
spookier,3.3884415613920275e-06,3.53
spooky,3.3884415613920275e-06,3.53
spookiest,3.3884415613920275e-06,3.53
stanton,3.3884415613920275e-06,3.53
stealth,3.3884415613920275e-06,3.53
subsets,3.3884415613920275e-06,3.53
subset,3.3884415613920275e-06,3.53
suspense,3.3884415613920275e-06,3.53
suzanne,3.3884415613920275e-06,3.53
syntax,3.3884415613920275e-06,3.53
syntaxes,3.3884415613920275e-06,3.53
tad,3.3884415613920275e-06,3.53
tads,3.3884415613920275e-06,3.53
tandem,3.3884415613920275e-06,3.53
tandems,3.3884415613920275e-06,3.53
tasmania,3.3884415613920275e-06,3.53
televised,3.3884415613920275e-06,3.53
tertiaries,3.3884415613920275e-06,3.53
tertiary,3.3884415613920275e-06,3.53
thyroids,3.3884415613920275e-06,3.53
thyroid,3.3884415613920275e-06,3.53
tidy,3.3884415613920275e-06,3.53
tidying,3.3884415613920275e-06,3.53
tidier,3.3884415613920275e-06,3.53
tidies,3.3884415613920275e-06,3.53
tidied,3.3884415613920275e-06,3.53
tidiest,3.3884415613920275e-06,3.53
timeless,3.3884415613920275e-06,3.53
uefa,3.3884415613920275e-06,3.53
unreliable,3.3884415613920275e-06,3.53
upbeats,3.3884415613920275e-06,3.53
upbeat,3.3884415613920275e-06,3.53
usable,3.3884415613920275e-06,3.53
vanguards,3.3884415613920275e-06,3.53
vanguard,3.3884415613920275e-06,3.53
vc,3.3884415613920275e-06,3.53
vomit,3.3884415613920275e-06,3.53
vomits,3.3884415613920275e-06,3.53
vomited,3.3884415613920275e-06,3.53
vulgar,3.3884415613920275e-06,3.53
waiver,3.3884415613920275e-06,3.53
waivers,3.3884415613920275e-06,3.53
walton,3.3884415613920275e-06,3.53
watersheds,3.3884415613920275e-06,3.53
watershed,3.3884415613920275e-06,3.53
wove,3.3884415613920275e-06,3.53
weave,3.3884415613920275e-06,3.53
weaves,3.3884415613920275e-06,3.53
weaved,3.3884415613920275e-06,3.53
wilkinson,3.3884415613920275e-06,3.53
wirings,3.3884415613920275e-06,3.53
yan,3.3884415613920275e-06,3.53
00gb,3.311311214825908e-06,3.52
adrenaline,3.311311214825908e-06,3.52
alexa,3.311311214825908e-06,3.52
alleviating,3.311311214825908e-06,3.52
alleviate,3.311311214825908e-06,3.52
alleviates,3.311311214825908e-06,3.52
alleviated,3.311311214825908e-06,3.52
amd,3.311311214825908e-06,3.52
anarchy,3.311311214825908e-06,3.52
ang,3.311311214825908e-06,3.52
arent,3.311311214825908e-06,3.52
artist's,3.311311214825908e-06,3.52
ashore,3.311311214825908e-06,3.52
aurae,3.311311214825908e-06,3.52
aura,3.311311214825908e-06,3.52
auras,3.311311214825908e-06,3.52
bachelor's,3.311311214825908e-06,3.52
baden,3.311311214825908e-06,3.52
ballrooms,3.311311214825908e-06,3.52
ballroom,3.311311214825908e-06,3.52
beginner,3.311311214825908e-06,3.52
beginners,3.311311214825908e-06,3.52
bermuda,3.311311214825908e-06,3.52
bilingual,3.311311214825908e-06,3.52
bilinguals,3.311311214825908e-06,3.52
boyle,3.311311214825908e-06,3.52
brenda,3.311311214825908e-06,3.52
briggs,3.311311214825908e-06,3.52
buchanan,3.311311214825908e-06,3.52
buckingham,3.311311214825908e-06,3.52
calcutta,3.311311214825908e-06,3.52
caleb,3.311311214825908e-06,3.52
canopying,3.311311214825908e-06,3.52
canopies,3.311311214825908e-06,3.52
canopied,3.311311214825908e-06,3.52
canopy,3.311311214825908e-06,3.52
chennai,3.311311214825908e-06,3.52
cherish,3.311311214825908e-06,3.52
cherishes,3.311311214825908e-06,3.52
cherished,3.311311214825908e-06,3.52
cherishing,3.311311214825908e-06,3.52
chuckles,3.311311214825908e-06,3.52
chuckled,3.311311214825908e-06,3.52
chuckling,3.311311214825908e-06,3.52
chuckle,3.311311214825908e-06,3.52
civilized,3.311311214825908e-06,3.52
combing,3.311311214825908e-06,3.52
combs,3.311311214825908e-06,3.52
comb,3.311311214825908e-06,3.52
combed,3.311311214825908e-06,3.52
conceals,3.311311214825908e-06,3.52
concealing,3.311311214825908e-06,3.52
conceal,3.311311214825908e-06,3.52
condemnation,3.311311214825908e-06,3.52
condemnations,3.311311214825908e-06,3.52
contemplating,3.311311214825908e-06,3.52
cruisers,3.311311214825908e-06,3.52
cruiser,3.311311214825908e-06,3.52
curls,3.311311214825908e-06,3.52
curl,3.311311214825908e-06,3.52
curling,3.311311214825908e-06,3.52
curled,3.311311214825908e-06,3.52
dared,3.311311214825908e-06,3.52
dart,3.311311214825908e-06,3.52
darts,3.311311214825908e-06,3.52
darting,3.311311214825908e-06,3.52
darted,3.311311214825908e-06,3.52
demolished,3.311311214825908e-06,3.52
denim,3.311311214825908e-06,3.52
dependency,3.311311214825908e-06,3.52
dew,3.311311214825908e-06,3.52
dickens,3.311311214825908e-06,3.52
disables,3.311311214825908e-06,3.52
disable,3.311311214825908e-06,3.52
disabling,3.311311214825908e-06,3.52
disconnected,3.311311214825908e-06,3.52
dishonest,3.311311214825908e-06,3.52
dosage,3.311311214825908e-06,3.52
dosages,3.311311214825908e-06,3.52
dosaged,3.311311214825908e-06,3.52
dosaging,3.311311214825908e-06,3.52
doubtful,3.311311214825908e-06,3.52
dysfunction,3.311311214825908e-06,3.52
encyclopedia,3.311311214825908e-06,3.52
encyclopedias,3.311311214825908e-06,3.52
endowment,3.311311214825908e-06,3.52
endowments,3.311311214825908e-06,3.52
engraved,3.311311214825908e-06,3.52
enrichments,3.311311214825908e-06,3.52
enrichment,3.311311214825908e-06,3.52
erecting,3.311311214825908e-06,3.52
erect,3.311311214825908e-06,3.52
erects,3.311311214825908e-06,3.52
erection,3.311311214825908e-06,3.52
erections,3.311311214825908e-06,3.52
eruptions,3.311311214825908e-06,3.52
eruption,3.311311214825908e-06,3.52
examiner,3.311311214825908e-06,3.52
examiners,3.311311214825908e-06,3.52
exeter,3.311311214825908e-06,3.52
fairfax,3.311311214825908e-06,3.52
fam,3.311311214825908e-06,3.52
faunae,3.311311214825908e-06,3.52
faunas,3.311311214825908e-06,3.52
fauna,3.311311214825908e-06,3.52
feds,3.311311214825908e-06,3.52
fidelities,3.311311214825908e-06,3.52
fidelity,3.311311214825908e-06,3.52
finely,3.311311214825908e-06,3.52
fischer,3.311311214825908e-06,3.52
flirt,3.311311214825908e-06,3.52
flirted,3.311311214825908e-06,3.52
flirts,3.311311214825908e-06,3.52
fluent,3.311311214825908e-06,3.52
flute,3.311311214825908e-06,3.52
fluted,3.311311214825908e-06,3.52
flutes,3.311311214825908e-06,3.52
fluting,3.311311214825908e-06,3.52
footprinted,3.311311214825908e-06,3.52
footprinting,3.311311214825908e-06,3.52
footprints,3.311311214825908e-06,3.52
footprint,3.311311214825908e-06,3.52
fore,3.311311214825908e-06,3.52
forefront,3.311311214825908e-06,3.52
forefronts,3.311311214825908e-06,3.52
formulated,3.311311214825908e-06,3.52
freshwaters,3.311311214825908e-06,3.52
freshwater,3.311311214825908e-06,3.52
fyi,3.311311214825908e-06,3.52
gareth,3.311311214825908e-06,3.52
gotham,3.311311214825908e-06,3.52
gr,3.311311214825908e-06,3.52
harden,3.311311214825908e-06,3.52
hardening,3.311311214825908e-06,3.52
hardened,3.311311214825908e-06,3.52
hardens,3.311311214825908e-06,3.52
hateful,3.311311214825908e-06,3.52
henri,3.311311214825908e-06,3.52
hepatitis,3.311311214825908e-06,3.52
hepatitides,3.311311214825908e-06,3.52
hepatitises,3.311311214825908e-06,3.52
horace,3.311311214825908e-06,3.52
howe,3.311311214825908e-06,3.52
huntington,3.311311214825908e-06,3.52
ieee,3.311311214825908e-06,3.52
inhabited,3.311311214825908e-06,3.52
inherits,3.311311214825908e-06,3.52
inheriting,3.311311214825908e-06,3.52
inherit,3.311311214825908e-06,3.52
initiations,3.311311214825908e-06,3.52
initiation,3.311311214825908e-06,3.52
intensely,3.311311214825908e-06,3.52
janeiro,3.311311214825908e-06,3.52
jeopardy,3.311311214825908e-06,3.52
joanna,3.311311214825908e-06,3.52
kensington,3.311311214825908e-06,3.52
ks,3.311311214825908e-06,3.52
lafayette,3.311311214825908e-06,3.52
lc,3.311311214825908e-06,3.52
listener,3.311311214825908e-06,3.52
lockdown,3.311311214825908e-06,3.52
mandarins,3.311311214825908e-06,3.52
mandarin,3.311311214825908e-06,3.52
mast,3.311311214825908e-06,3.52
masts,3.311311214825908e-06,3.52
masting,3.311311214825908e-06,3.52
masted,3.311311214825908e-06,3.52
matte,3.311311214825908e-06,3.52
mccartney,3.311311214825908e-06,3.52
mediocre,3.311311214825908e-06,3.52
middleton,3.311311214825908e-06,3.52
morse,3.311311214825908e-06,3.52
nfc,3.311311214825908e-06,3.52
niagara,3.311311214825908e-06,3.52
nicotine,3.311311214825908e-06,3.52
nl,3.311311214825908e-06,3.52
nora,3.311311214825908e-06,3.52
nordic,3.311311214825908e-06,3.52
nos,3.311311214825908e-06,3.52
outward,3.311311214825908e-06,3.52
overrated,3.311311214825908e-06,3.52
paige,3.311311214825908e-06,3.52
pb,3.311311214825908e-06,3.52
pbs,3.311311214825908e-06,3.52
pep,3.311311214825908e-06,3.52
pepped,3.311311214825908e-06,3.52
peps,3.311311214825908e-06,3.52
pepping,3.311311214825908e-06,3.52
piracy,3.311311214825908e-06,3.52
piracies,3.311311214825908e-06,3.52
platoons,3.311311214825908e-06,3.52
platoon,3.311311214825908e-06,3.52
practises,3.311311214825908e-06,3.52
practised,3.311311214825908e-06,3.52
practising,3.311311214825908e-06,3.52
practise,3.311311214825908e-06,3.52
raving,3.311311214825908e-06,3.52
raved,3.311311214825908e-06,3.52
raves,3.311311214825908e-06,3.52
rave,3.311311214825908e-06,3.52
recreated,3.311311214825908e-06,3.52
recreating,3.311311214825908e-06,3.52
recreate,3.311311214825908e-06,3.52
recreates,3.311311214825908e-06,3.52
reeves,3.311311214825908e-06,3.52
reno,3.311311214825908e-06,3.52
residual,3.311311214825908e-06,3.52
residuals,3.311311214825908e-06,3.52
robed,3.311311214825908e-06,3.52
robe,3.311311214825908e-06,3.52
robing,3.311311214825908e-06,3.52
robes,3.311311214825908e-06,3.52
rpg,3.311311214825908e-06,3.52
ryes,3.311311214825908e-06,3.52
rye,3.311311214825908e-06,3.52
sayin,3.311311214825908e-06,3.52
sensational,3.311311214825908e-06,3.52
sexism,3.311311214825908e-06,3.52
smokers,3.311311214825908e-06,3.52
sneaky,3.311311214825908e-06,3.52
sneakier,3.311311214825908e-06,3.52
sneakiest,3.311311214825908e-06,3.52
sockets,3.311311214825908e-06,3.52
socket,3.311311214825908e-06,3.52
starvations,3.311311214825908e-06,3.52
starvation,3.311311214825908e-06,3.52
starve,3.311311214825908e-06,3.52
starves,3.311311214825908e-06,3.52
starved,3.311311214825908e-06,3.52
stooling,3.311311214825908e-06,3.52
stools,3.311311214825908e-06,3.52
stool,3.311311214825908e-06,3.52
stooled,3.311311214825908e-06,3.52
strippings,3.311311214825908e-06,3.52
subscriber,3.311311214825908e-06,3.52
systematically,3.311311214825908e-06,3.52
tc,3.311311214825908e-06,3.52
tex,3.311311214825908e-06,3.52
tibet,3.311311214825908e-06,3.52
toledo,3.311311214825908e-06,3.52
treads,3.311311214825908e-06,3.52
trodden,3.311311214825908e-06,3.52
tread,3.311311214825908e-06,3.52
trod,3.311311214825908e-06,3.52
treading,3.311311214825908e-06,3.52
truces,3.311311214825908e-06,3.52
truce,3.311311214825908e-06,3.52
tsunami,3.311311214825908e-06,3.52
tsunamis,3.311311214825908e-06,3.52
turmoil,3.311311214825908e-06,3.52
tyrannies,3.311311214825908e-06,3.52
tyranny,3.311311214825908e-06,3.52
tyres,3.311311214825908e-06,3.52
u00,3.311311214825908e-06,3.52
unfitted,3.311311214825908e-06,3.52
unfitting,3.311311214825908e-06,3.52
unfit,3.311311214825908e-06,3.52
unfits,3.311311214825908e-06,3.52
upholding,3.311311214825908e-06,3.52
upholds,3.311311214825908e-06,3.52
uphold,3.311311214825908e-06,3.52
vita,3.311311214825908e-06,3.52
wal,3.311311214825908e-06,3.52
warwick,3.311311214825908e-06,3.52
waterloo,3.311311214825908e-06,3.52
weiring,3.311311214825908e-06,3.52
weir,3.311311214825908e-06,3.52
weirs,3.311311214825908e-06,3.52
weired,3.311311214825908e-06,3.52
wellbeing,3.311311214825908e-06,3.52
wikileaks,3.311311214825908e-06,3.52
wonderlands,3.311311214825908e-06,3.52
wonderland,3.311311214825908e-06,3.52
wrestler,3.311311214825908e-06,3.52
wrestlers,3.311311214825908e-06,3.52
yrs,3.311311214825908e-06,3.52
zimmerman,3.311311214825908e-06,3.52
░,3.311311214825908e-06,3.52
🤔,3.311311214825908e-06,3.52
000a,3.235936569296281e-06,3.51
00d,3.235936569296281e-06,3.51
00km,3.235936569296281e-06,3.51
4g,3.235936569296281e-06,3.51
5pm,3.235936569296281e-06,3.51
5s,3.235936569296281e-06,3.51
abolition,3.235936569296281e-06,3.51
abolitions,3.235936569296281e-06,3.51
accessibilities,3.235936569296281e-06,3.51
accessibility,3.235936569296281e-06,3.51
acquainted,3.235936569296281e-06,3.51
aloud,3.235936569296281e-06,3.51
angular,3.235936569296281e-06,3.51
anterior,3.235936569296281e-06,3.51
anteriors,3.235936569296281e-06,3.51
appendices,3.235936569296281e-06,3.51
appendixes,3.235936569296281e-06,3.51
appendix,3.235936569296281e-06,3.51
approx,3.235936569296281e-06,3.51
atp,3.235936569296281e-06,3.51
auditoriums,3.235936569296281e-06,3.51
auditorium,3.235936569296281e-06,3.51
auditoria,3.235936569296281e-06,3.51
augustine,3.235936569296281e-06,3.51
bauer,3.235936569296281e-06,3.51
beckham,3.235936569296281e-06,3.51
benign,3.235936569296281e-06,3.51
berkshire,3.235936569296281e-06,3.51
bleaches,3.235936569296281e-06,3.51
bleaching,3.235936569296281e-06,3.51
bleached,3.235936569296281e-06,3.51
bleach,3.235936569296281e-06,3.51
boast,3.235936569296281e-06,3.51
boasting,3.235936569296281e-06,3.51
boasted,3.235936569296281e-06,3.51
bowen,3.235936569296281e-06,3.51
brandy,3.235936569296281e-06,3.51
brandies,3.235936569296281e-06,3.51
brethren,3.235936569296281e-06,3.51
brinks,3.235936569296281e-06,3.51
brink,3.235936569296281e-06,3.51
brown's,3.235936569296281e-06,3.51
bruh,3.235936569296281e-06,3.51
carvings,3.235936569296281e-06,3.51
carving,3.235936569296281e-06,3.51
cas,3.235936569296281e-06,3.51
cass,3.235936569296281e-06,3.51
cctv,3.235936569296281e-06,3.51
cecil,3.235936569296281e-06,3.51
cheeky,3.235936569296281e-06,3.51
chemist,3.235936569296281e-06,3.51
chemists,3.235936569296281e-06,3.51
choi,3.235936569296281e-06,3.51
coastlines,3.235936569296281e-06,3.51
coastline,3.235936569296281e-06,3.51
cobra,3.235936569296281e-06,3.51
cobras,3.235936569296281e-06,3.51
collaborates,3.235936569296281e-06,3.51
collaborating,3.235936569296281e-06,3.51
collaborated,3.235936569296281e-06,3.51
collaborate,3.235936569296281e-06,3.51
comparatively,3.235936569296281e-06,3.51
conor,3.235936569296281e-06,3.51
cosmoses,3.235936569296281e-06,3.51
cosmos,3.235936569296281e-06,3.51
cuffing,3.235936569296281e-06,3.51
cuffs,3.235936569296281e-06,3.51
cuff,3.235936569296281e-06,3.51
cuffed,3.235936569296281e-06,3.51
cyclone,3.235936569296281e-06,3.51
cyclones,3.235936569296281e-06,3.51
dedicating,3.235936569296281e-06,3.51
dedicate,3.235936569296281e-06,3.51
dedicates,3.235936569296281e-06,3.51
delusional,3.235936569296281e-06,3.51
deposition,3.235936569296281e-06,3.51
depositions,3.235936569296281e-06,3.51
derive,3.235936569296281e-06,3.51
derives,3.235936569296281e-06,3.51
deriving,3.235936569296281e-06,3.51
descend,3.235936569296281e-06,3.51
descends,3.235936569296281e-06,3.51
descending,3.235936569296281e-06,3.51
diligence,3.235936569296281e-06,3.51
diligences,3.235936569296281e-06,3.51
discriminate,3.235936569296281e-06,3.51
discriminated,3.235936569296281e-06,3.51
discriminates,3.235936569296281e-06,3.51
discriminating,3.235936569296281e-06,3.51
diversions,3.235936569296281e-06,3.51
diversion,3.235936569296281e-06,3.51
doorway,3.235936569296281e-06,3.51
doorways,3.235936569296281e-06,3.51
dp,3.235936569296281e-06,3.51
dumpster,3.235936569296281e-06,3.51
empower,3.235936569296281e-06,3.51
empowering,3.235936569296281e-06,3.51
empowers,3.235936569296281e-06,3.51
ernst,3.235936569296281e-06,3.51
ethiopian,3.235936569296281e-06,3.51
europe's,3.235936569296281e-06,3.51
excerpt,3.235936569296281e-06,3.51
excerpted,3.235936569296281e-06,3.51
excerpting,3.235936569296281e-06,3.51
excerpts,3.235936569296281e-06,3.51
existent,3.235936569296281e-06,3.51
ezra,3.235936569296281e-06,3.51
fabricated,3.235936569296281e-06,3.51
fandom,3.235936569296281e-06,3.51
filmmakers,3.235936569296281e-06,3.51
foe,3.235936569296281e-06,3.51
foes,3.235936569296281e-06,3.51
georgian,3.235936569296281e-06,3.51
getaway,3.235936569296281e-06,3.51
glamour,3.235936569296281e-06,3.51
governor's,3.235936569296281e-06,3.51
humphrey,3.235936569296281e-06,3.51
inbox,3.235936569296281e-06,3.51
incidentally,3.235936569296281e-06,3.51
infinitely,3.235936569296281e-06,3.51
inflated,3.235936569296281e-06,3.51
influenzas,3.235936569296281e-06,3.51
influenzae,3.235936569296281e-06,3.51
influenza,3.235936569296281e-06,3.51
instructional,3.235936569296281e-06,3.51
interviewer,3.235936569296281e-06,3.51
interviewers,3.235936569296281e-06,3.51
introductory,3.235936569296281e-06,3.51
iot,3.235936569296281e-06,3.51
jaguars,3.235936569296281e-06,3.51
jaguar,3.235936569296281e-06,3.51
jamal,3.235936569296281e-06,3.51
laurent,3.235936569296281e-06,3.51
lickings,3.235936569296281e-06,3.51
ling,3.235936569296281e-06,3.51
lofting,3.235936569296281e-06,3.51
loft,3.235936569296281e-06,3.51
lofts,3.235936569296281e-06,3.51
lofted,3.235936569296281e-06,3.51
lois,3.235936569296281e-06,3.51
m2,3.235936569296281e-06,3.51
massively,3.235936569296281e-06,3.51
mediated,3.235936569296281e-06,3.51
mediation,3.235936569296281e-06,3.51
mediations,3.235936569296281e-06,3.51
merrill,3.235936569296281e-06,3.51
millennials,3.235936569296281e-06,3.51
modular,3.235936569296281e-06,3.51
n00,3.235936569296281e-06,3.51
nico,3.235936569296281e-06,3.51
nutrient,3.235936569296281e-06,3.51
oslo,3.235936569296281e-06,3.51
outlawed,3.235936569296281e-06,3.51
outlawing,3.235936569296281e-06,3.51
outlaws,3.235936569296281e-06,3.51
outlaw,3.235936569296281e-06,3.51
overseeing,3.235936569296281e-06,3.51
oversees,3.235936569296281e-06,3.51
overseen,3.235936569296281e-06,3.51
oversaw,3.235936569296281e-06,3.51
oversee,3.235936569296281e-06,3.51
pageant,3.235936569296281e-06,3.51
pageants,3.235936569296281e-06,3.51
parachute,3.235936569296281e-06,3.51
parachuted,3.235936569296281e-06,3.51
parachuting,3.235936569296281e-06,3.51
parachutes,3.235936569296281e-06,3.51
parasiting,3.235936569296281e-06,3.51
parasite,3.235936569296281e-06,3.51
parasites,3.235936569296281e-06,3.51
parasited,3.235936569296281e-06,3.51
parenthood,3.235936569296281e-06,3.51
perennial,3.235936569296281e-06,3.51
perennials,3.235936569296281e-06,3.51
persistence,3.235936569296281e-06,3.51
porto,3.235936569296281e-06,3.51
postage,3.235936569296281e-06,3.51
preschools,3.235936569296281e-06,3.51
preschool,3.235936569296281e-06,3.51
procedural,3.235936569296281e-06,3.51
profoundly,3.235936569296281e-06,3.51
prohibit,3.235936569296281e-06,3.51
prohibiting,3.235936569296281e-06,3.51
prohibits,3.235936569296281e-06,3.51
pronunciation,3.235936569296281e-06,3.51
pronunciations,3.235936569296281e-06,3.51
provoked,3.235936569296281e-06,3.51
quotation,3.235936569296281e-06,3.51
quotations,3.235936569296281e-06,3.51
rappers,3.235936569296281e-06,3.51
relentless,3.235936569296281e-06,3.51
remnants,3.235936569296281e-06,3.51
repressions,3.235936569296281e-06,3.51
repression,3.235936569296281e-06,3.51
reprinted,3.235936569296281e-06,3.51
ridiculously,3.235936569296281e-06,3.51
salisbury,3.235936569296281e-06,3.51
shootouts,3.235936569296281e-06,3.51
shootout,3.235936569296281e-06,3.51
sigma,3.235936569296281e-06,3.51
sigmas,3.235936569296281e-06,3.51
sk,3.235936569296281e-06,3.51
somethin,3.235936569296281e-06,3.51
specializing,3.235936569296281e-06,3.51
spectator,3.235936569296281e-06,3.51
speculative,3.235936569296281e-06,3.51
stripe,3.235936569296281e-06,3.51
submerged,3.235936569296281e-06,3.51
symmetry,3.235936569296281e-06,3.51
symmetries,3.235936569296281e-06,3.51
syndicating,3.235936569296281e-06,3.51
syndicate,3.235936569296281e-06,3.51
syndicates,3.235936569296281e-06,3.51
syndicated,3.235936569296281e-06,3.51
tae,3.235936569296281e-06,3.51
thornton,3.235936569296281e-06,3.51
tibetan,3.235936569296281e-06,3.51
tightening,3.235936569296281e-06,3.51
tightened,3.235936569296281e-06,3.51
tighten,3.235936569296281e-06,3.51
tightens,3.235936569296281e-06,3.51
townsend,3.235936569296281e-06,3.51
trustworthy,3.235936569296281e-06,3.51
tvs,3.235936569296281e-06,3.51
twelfth,3.235936569296281e-06,3.51
tyre,3.235936569296281e-06,3.51
ultrasound,3.235936569296281e-06,3.51
ultrasounded,3.235936569296281e-06,3.51
ultrasounds,3.235936569296281e-06,3.51
ultrasounding,3.235936569296281e-06,3.51
ushered,3.235936569296281e-06,3.51
usher,3.235936569296281e-06,3.51
ushering,3.235936569296281e-06,3.51
ushers,3.235936569296281e-06,3.51
vascular,3.235936569296281e-06,3.51
watkins,3.235936569296281e-06,3.51
weiss,3.235936569296281e-06,3.51
wholesome,3.235936569296281e-06,3.51
wiley,3.235936569296281e-06,3.51
york's,3.235936569296281e-06,3.51
000g,3.162277660168379e-06,3.5
00cm,3.162277660168379e-06,3.5
adjoining,3.162277660168379e-06,3.5
albuquerque,3.162277660168379e-06,3.5
allegation,3.162277660168379e-06,3.5
ancestries,3.162277660168379e-06,3.5
ancestry,3.162277660168379e-06,3.5
annex,3.162277660168379e-06,3.5
annexes,3.162277660168379e-06,3.5
annexed,3.162277660168379e-06,3.5
annexing,3.162277660168379e-06,3.5
antibiotic,3.162277660168379e-06,3.5
augmented,3.162277660168379e-06,3.5
avid,3.162277660168379e-06,3.5
barbados,3.162277660168379e-06,3.5
barging,3.162277660168379e-06,3.5
barges,3.162277660168379e-06,3.5
barged,3.162277660168379e-06,3.5
barge,3.162277660168379e-06,3.5
bartenders,3.162277660168379e-06,3.5
bartender,3.162277660168379e-06,3.5
bert,3.162277660168379e-06,3.5
birches,3.162277660168379e-06,3.5
birch,3.162277660168379e-06,3.5
birched,3.162277660168379e-06,3.5
birching,3.162277660168379e-06,3.5
bland,3.162277660168379e-06,3.5
blander,3.162277660168379e-06,3.5
blandest,3.162277660168379e-06,3.5
bohemians,3.162277660168379e-06,3.5
bohemian,3.162277660168379e-06,3.5
bong,3.162277660168379e-06,3.5
bongs,3.162277660168379e-06,3.5
breastfeeding,3.162277660168379e-06,3.5
bribes,3.162277660168379e-06,3.5
bribing,3.162277660168379e-06,3.5
bribed,3.162277660168379e-06,3.5
bribe,3.162277660168379e-06,3.5
bridal,3.162277660168379e-06,3.5
broccoli,3.162277660168379e-06,3.5
brushings,3.162277660168379e-06,3.5
buckling,3.162277660168379e-06,3.5
buckles,3.162277660168379e-06,3.5
buckled,3.162277660168379e-06,3.5
buckle,3.162277660168379e-06,3.5
burlington,3.162277660168379e-06,3.5
cannes,3.162277660168379e-06,3.5
canoes,3.162277660168379e-06,3.5
canoed,3.162277660168379e-06,3.5
canoe,3.162277660168379e-06,3.5
canoeing,3.162277660168379e-06,3.5
chilly,3.162277660168379e-06,3.5
chillier,3.162277660168379e-06,3.5
chilliest,3.162277660168379e-06,3.5
chu,3.162277660168379e-06,3.5
cider,3.162277660168379e-06,3.5
ciders,3.162277660168379e-06,3.5
clueless,3.162277660168379e-06,3.5
cobb,3.162277660168379e-06,3.5
consciously,3.162277660168379e-06,3.5
correlated,3.162277660168379e-06,3.5
correspond,3.162277660168379e-06,3.5
corresponded,3.162277660168379e-06,3.5
cradling,3.162277660168379e-06,3.5
cradled,3.162277660168379e-06,3.5
cradles,3.162277660168379e-06,3.5
cradle,3.162277660168379e-06,3.5
crappiest,3.162277660168379e-06,3.5
crappy,3.162277660168379e-06,3.5
crappier,3.162277660168379e-06,3.5
crippled,3.162277660168379e-06,3.5
damien,3.162277660168379e-06,3.5
dayton,3.162277660168379e-06,3.5
decency,3.162277660168379e-06,3.5
despising,3.162277660168379e-06,3.5
despises,3.162277660168379e-06,3.5
despise,3.162277660168379e-06,3.5
despised,3.162277660168379e-06,3.5
destroyer,3.162277660168379e-06,3.5
destroyers,3.162277660168379e-06,3.5
diocese,3.162277660168379e-06,3.5
dioceses,3.162277660168379e-06,3.5
dispersed,3.162277660168379e-06,3.5
docs,3.162277660168379e-06,3.5
doorstep,3.162277660168379e-06,3.5
doorsteps,3.162277660168379e-06,3.5
eliot,3.162277660168379e-06,3.5
embarked,3.162277660168379e-06,3.5
enriched,3.162277660168379e-06,3.5
equips,3.162277660168379e-06,3.5
equip,3.162277660168379e-06,3.5
equipping,3.162277660168379e-06,3.5
faa,3.162277660168379e-06,3.5
fellas,3.162277660168379e-06,3.5
foley,3.162277660168379e-06,3.5
footings,3.162277660168379e-06,3.5
fulton,3.162277660168379e-06,3.5
glamorous,3.162277660168379e-06,3.5
goldberg,3.162277660168379e-06,3.5
growers,3.162277660168379e-06,3.5
handler,3.162277660168379e-06,3.5
handlers,3.162277660168379e-06,3.5
hangovers,3.162277660168379e-06,3.5
hangover,3.162277660168379e-06,3.5
haters,3.162277660168379e-06,3.5
havent,3.162277660168379e-06,3.5
havoc,3.162277660168379e-06,3.5
hee,3.162277660168379e-06,3.5
hind,3.162277660168379e-06,3.5
hinds,3.162277660168379e-06,3.5
hitter,3.162277660168379e-06,3.5
hitters,3.162277660168379e-06,3.5
hiving,3.162277660168379e-06,3.5
hives,3.162277660168379e-06,3.5
hive,3.162277660168379e-06,3.5
hived,3.162277660168379e-06,3.5
homophobics,3.162277660168379e-06,3.5
homophobic,3.162277660168379e-06,3.5
honolulu,3.162277660168379e-06,3.5
humid,3.162277660168379e-06,3.5
hyderabad,3.162277660168379e-06,3.5
illuminated,3.162277660168379e-06,3.5
imam,3.162277660168379e-06,3.5
implants,3.162277660168379e-06,3.5
indicted,3.162277660168379e-06,3.5
inexperienced,3.162277660168379e-06,3.5
irritated,3.162277660168379e-06,3.5
jackpot,3.162277660168379e-06,3.5
javascript,3.162277660168379e-06,3.5
jurassic,3.162277660168379e-06,3.5
kangaroos,3.162277660168379e-06,3.5
kangaroo,3.162277660168379e-06,3.5
ke,3.162277660168379e-06,3.5
klaus,3.162277660168379e-06,3.5
knowingly,3.162277660168379e-06,3.5
kuala,3.162277660168379e-06,3.5
legged,3.162277660168379e-06,3.5
lex,3.162277660168379e-06,3.5
liberalism,3.162277660168379e-06,3.5
liberia,3.162277660168379e-06,3.5
lithuania,3.162277660168379e-06,3.5
litre,3.162277660168379e-06,3.5
litres,3.162277660168379e-06,3.5
locomotive,3.162277660168379e-06,3.5
locomotives,3.162277660168379e-06,3.5
longings,3.162277660168379e-06,3.5
lsu,3.162277660168379e-06,3.5
manny,3.162277660168379e-06,3.5
mantras,3.162277660168379e-06,3.5
mantra,3.162277660168379e-06,3.5
marcel,3.162277660168379e-06,3.5
matings,3.162277660168379e-06,3.5
mckay,3.162277660168379e-06,3.5
mesa,3.162277660168379e-06,3.5
mesas,3.162277660168379e-06,3.5
microscoped,3.162277660168379e-06,3.5
microscopes,3.162277660168379e-06,3.5
microscoping,3.162277660168379e-06,3.5
microscope,3.162277660168379e-06,3.5
milky,3.162277660168379e-06,3.5
milkiest,3.162277660168379e-06,3.5
milkier,3.162277660168379e-06,3.5
mixers,3.162277660168379e-06,3.5
mixer,3.162277660168379e-06,3.5
moe,3.162277660168379e-06,3.5
monumental,3.162277660168379e-06,3.5
moths,3.162277660168379e-06,3.5
moth,3.162277660168379e-06,3.5
multiplies,3.162277660168379e-06,3.5
multiplying,3.162277660168379e-06,3.5
multiply,3.162277660168379e-06,3.5
multiplied,3.162277660168379e-06,3.5
mv,3.162277660168379e-06,3.5
narcotics,3.162277660168379e-06,3.5
nicky,3.162277660168379e-06,3.5
nuggets,3.162277660168379e-06,3.5
nuisance,3.162277660168379e-06,3.5
nuisances,3.162277660168379e-06,3.5
obedience,3.162277660168379e-06,3.5
obligated,3.162277660168379e-06,3.5
organising,3.162277660168379e-06,3.5
organise,3.162277660168379e-06,3.5
organises,3.162277660168379e-06,3.5
outing,3.162277660168379e-06,3.5
outings,3.162277660168379e-06,3.5
overdue,3.162277660168379e-06,3.5
overloaded,3.162277660168379e-06,3.5
overloading,3.162277660168379e-06,3.5
overloads,3.162277660168379e-06,3.5
overload,3.162277660168379e-06,3.5
payable,3.162277660168379e-06,3.5
paycheck,3.162277660168379e-06,3.5
picturesque,3.162277660168379e-06,3.5
pilgrimages,3.162277660168379e-06,3.5
pilgrimage,3.162277660168379e-06,3.5
pivot,3.162277660168379e-06,3.5
pivots,3.162277660168379e-06,3.5
pivoting,3.162277660168379e-06,3.5
pivoted,3.162277660168379e-06,3.5
pivotal,3.162277660168379e-06,3.5
por,3.162277660168379e-06,3.5
preventive,3.162277660168379e-06,3.5
preventives,3.162277660168379e-06,3.5
primer,3.162277660168379e-06,3.5
primers,3.162277660168379e-06,3.5
profitability,3.162277660168379e-06,3.5
profitabilities,3.162277660168379e-06,3.5
provoke,3.162277660168379e-06,3.5
provoking,3.162277660168379e-06,3.5
provokes,3.162277660168379e-06,3.5
ps3,3.162277660168379e-06,3.5
pulmonary,3.162277660168379e-06,3.5
rad,3.162277660168379e-06,3.5
raspberry,3.162277660168379e-06,3.5
raspberries,3.162277660168379e-06,3.5
reconciles,3.162277660168379e-06,3.5
reconcile,3.162277660168379e-06,3.5
reconciling,3.162277660168379e-06,3.5
reconciled,3.162277660168379e-06,3.5
regressions,3.162277660168379e-06,3.5
regression,3.162277660168379e-06,3.5
resilient,3.162277660168379e-06,3.5
roaming,3.162277660168379e-06,3.5
router,3.162277660168379e-06,3.5
routers,3.162277660168379e-06,3.5
ru,3.162277660168379e-06,3.5
ryder,3.162277660168379e-06,3.5
sabbath,3.162277660168379e-06,3.5
schneider,3.162277660168379e-06,3.5
schwartz,3.162277660168379e-06,3.5
selfies,3.162277660168379e-06,3.5
shortened,3.162277660168379e-06,3.5
shovelling,3.162277660168379e-06,3.5
shovelled,3.162277660168379e-06,3.5
shoveled,3.162277660168379e-06,3.5
shovels,3.162277660168379e-06,3.5
shoveling,3.162277660168379e-06,3.5
shovel,3.162277660168379e-06,3.5
skinner,3.162277660168379e-06,3.5
smh,3.162277660168379e-06,3.5
society's,3.162277660168379e-06,3.5
specializes,3.162277660168379e-06,3.5
staggering,3.162277660168379e-06,3.5
strivings,3.162277660168379e-06,3.5
surnames,3.162277660168379e-06,3.5
surname,3.162277660168379e-06,3.5
synonymous,3.162277660168379e-06,3.5
tai,3.162277660168379e-06,3.5
tedious,3.162277660168379e-06,3.5
toxins,3.162277660168379e-06,3.5
tugging,3.162277660168379e-06,3.5
tugs,3.162277660168379e-06,3.5
tugged,3.162277660168379e-06,3.5
tug,3.162277660168379e-06,3.5
utilization,3.162277660168379e-06,3.5
utilizations,3.162277660168379e-06,3.5
v00,3.162277660168379e-06,3.5
volkswagen,3.162277660168379e-06,3.5
wink,3.162277660168379e-06,3.5
winking,3.162277660168379e-06,3.5
winks,3.162277660168379e-06,3.5
winked,3.162277660168379e-06,3.5
woodward,3.162277660168379e-06,3.5
yugoslavia,3.162277660168379e-06,3.5
★,3.162277660168379e-06,3.5
👌,3.162277660168379e-06,3.5
a's,3.090295432513592e-06,3.49
a2,3.090295432513592e-06,3.49
adhd,3.090295432513592e-06,3.49
ae,3.090295432513592e-06,3.49
alonso,3.090295432513592e-06,3.49
ancestor,3.090295432513592e-06,3.49
arbors,3.090295432513592e-06,3.49
arbor,3.090295432513592e-06,3.49
astronomical,3.090295432513592e-06,3.49
attires,3.090295432513592e-06,3.49
attiring,3.090295432513592e-06,3.49
attired,3.090295432513592e-06,3.49
attire,3.090295432513592e-06,3.49
autographs,3.090295432513592e-06,3.49
autographing,3.090295432513592e-06,3.49
autograph,3.090295432513592e-06,3.49
autographed,3.090295432513592e-06,3.49
ava,3.090295432513592e-06,3.49
axles,3.090295432513592e-06,3.49
axle,3.090295432513592e-06,3.49
barley,3.090295432513592e-06,3.49
barleys,3.090295432513592e-06,3.49
bd,3.090295432513592e-06,3.49
beyonce,3.090295432513592e-06,3.49
botanicals,3.090295432513592e-06,3.49
botanical,3.090295432513592e-06,3.49
bragging,3.090295432513592e-06,3.49
brag,3.090295432513592e-06,3.49
bragged,3.090295432513592e-06,3.49
brags,3.090295432513592e-06,3.49
breakout,3.090295432513592e-06,3.49
car's,3.090295432513592e-06,3.49
catchy,3.090295432513592e-06,3.49
catchiest,3.090295432513592e-06,3.49
catchier,3.090295432513592e-06,3.49
cbc,3.090295432513592e-06,3.49
ceremonial,3.090295432513592e-06,3.49
ceremonials,3.090295432513592e-06,3.49
chanel,3.090295432513592e-06,3.49
cheque,3.090295432513592e-06,3.49
cheques,3.090295432513592e-06,3.49
cho,3.090295432513592e-06,3.49
choreography,3.090295432513592e-06,3.49
choreographies,3.090295432513592e-06,3.49
cisco,3.090295432513592e-06,3.49
clinging,3.090295432513592e-06,3.49
clings,3.090295432513592e-06,3.49
cling,3.090295432513592e-06,3.49
clung,3.090295432513592e-06,3.49
coco,3.090295432513592e-06,3.49
coinciding,3.090295432513592e-06,3.49
coincides,3.090295432513592e-06,3.49
coincide,3.090295432513592e-06,3.49
coincided,3.090295432513592e-06,3.49
commemorates,3.090295432513592e-06,3.49
commemorated,3.090295432513592e-06,3.49
commemorating,3.090295432513592e-06,3.49
commemorate,3.090295432513592e-06,3.49
concurrent,3.090295432513592e-06,3.49
coventry,3.090295432513592e-06,3.49
crocodiles,3.090295432513592e-06,3.49
crocodile,3.090295432513592e-06,3.49
cub,3.090295432513592e-06,3.49
derricked,3.090295432513592e-06,3.49
derrick,3.090295432513592e-06,3.49
derricking,3.090295432513592e-06,3.49
derricks,3.090295432513592e-06,3.49
diapered,3.090295432513592e-06,3.49
diapers,3.090295432513592e-06,3.49
diaper,3.090295432513592e-06,3.49
diapering,3.090295432513592e-06,3.49
differentiations,3.090295432513592e-06,3.49
differentiation,3.090295432513592e-06,3.49
dines,3.090295432513592e-06,3.49
dined,3.090295432513592e-06,3.49
dine,3.090295432513592e-06,3.49
dissolve,3.090295432513592e-06,3.49
dissolving,3.090295432513592e-06,3.49
dissolves,3.090295432513592e-06,3.49
diverted,3.090295432513592e-06,3.49
dubious,3.090295432513592e-06,3.49
dudley,3.090295432513592e-06,3.49
durant,3.090295432513592e-06,3.49
eagerly,3.090295432513592e-06,3.49
ecclesiastical,3.090295432513592e-06,3.49
edt,3.090295432513592e-06,3.49
egyptians,3.090295432513592e-06,3.49
elk,3.090295432513592e-06,3.49
elks,3.090295432513592e-06,3.49
england's,3.090295432513592e-06,3.49
enlightened,3.090295432513592e-06,3.49
eur,3.090295432513592e-06,3.49
exhaustion,3.090295432513592e-06,3.49
expectancy,3.090295432513592e-06,3.49
expectancies,3.090295432513592e-06,3.49
famously,3.090295432513592e-06,3.49
fella,3.090295432513592e-06,3.49
fingerprints,3.090295432513592e-06,3.49
fingerprinting,3.090295432513592e-06,3.49
fingerprint,3.090295432513592e-06,3.49
fingerprinted,3.090295432513592e-06,3.49
fisherman,3.090295432513592e-06,3.49
flapping,3.090295432513592e-06,3.49
flapped,3.090295432513592e-06,3.49
flap,3.090295432513592e-06,3.49
flaps,3.090295432513592e-06,3.49
folklore,3.090295432513592e-06,3.49
galactic,3.090295432513592e-06,3.49
gardener,3.090295432513592e-06,3.49
gardeners,3.090295432513592e-06,3.49
getty,3.090295432513592e-06,3.49
glee,3.090295432513592e-06,3.49
glees,3.090295432513592e-06,3.49
grassroots,3.090295432513592e-06,3.49
gravitational,3.090295432513592e-06,3.49
grazing,3.090295432513592e-06,3.49
guinness,3.090295432513592e-06,3.49
gunshot,3.090295432513592e-06,3.49
gunshots,3.090295432513592e-06,3.49
hereditary,3.090295432513592e-06,3.49
hiatus,3.090295432513592e-06,3.49
hiatuses,3.090295432513592e-06,3.49
homesteads,3.090295432513592e-06,3.49
homestead,3.090295432513592e-06,3.49
horribly,3.090295432513592e-06,3.49
horsepower,3.090295432513592e-06,3.49
hue,3.090295432513592e-06,3.49
hues,3.090295432513592e-06,3.49
ikea,3.090295432513592e-06,3.49
intellect,3.090295432513592e-06,3.49
intellects,3.090295432513592e-06,3.49
interchanges,3.090295432513592e-06,3.49
interchanged,3.090295432513592e-06,3.49
interchanging,3.090295432513592e-06,3.49
interchange,3.090295432513592e-06,3.49
isabella,3.090295432513592e-06,3.49
jihad,3.090295432513592e-06,3.49
juventus,3.090295432513592e-06,3.49
knobbing,3.090295432513592e-06,3.49
knobs,3.090295432513592e-06,3.49
knob,3.090295432513592e-06,3.49
knobbed,3.090295432513592e-06,3.49
kristen,3.090295432513592e-06,3.49
lahore,3.090295432513592e-06,3.49
lapsed,3.090295432513592e-06,3.49
lapses,3.090295432513592e-06,3.49
lapse,3.090295432513592e-06,3.49
lapsing,3.090295432513592e-06,3.49
laundering,3.090295432513592e-06,3.49
launderings,3.090295432513592e-06,3.49
ledgers,3.090295432513592e-06,3.49
ledger,3.090295432513592e-06,3.49
liga,3.090295432513592e-06,3.49
loafing,3.090295432513592e-06,3.49
loafs,3.090295432513592e-06,3.49
loaves,3.090295432513592e-06,3.49
loafed,3.090295432513592e-06,3.49
loaf,3.090295432513592e-06,3.49
logging-in,3.090295432513592e-06,3.49
logins,3.090295432513592e-06,3.49
login,3.090295432513592e-06,3.49
logged-in,3.090295432513592e-06,3.49
logs-in,3.090295432513592e-06,3.49
looting,3.090295432513592e-06,3.49
loot,3.090295432513592e-06,3.49
loots,3.090295432513592e-06,3.49
looted,3.090295432513592e-06,3.49
lorenzo,3.090295432513592e-06,3.49
magnesium,3.090295432513592e-06,3.49
magnesiums,3.090295432513592e-06,3.49
malware,3.090295432513592e-06,3.49
mclaren,3.090295432513592e-06,3.49
mimicing,3.090295432513592e-06,3.49
mimics,3.090295432513592e-06,3.49
mimiced,3.090295432513592e-06,3.49
mimic,3.090295432513592e-06,3.49
mindful,3.090295432513592e-06,3.49
murals,3.090295432513592e-06,3.49
mural,3.090295432513592e-06,3.49
murdoch,3.090295432513592e-06,3.49
musks,3.090295432513592e-06,3.49
musk,3.090295432513592e-06,3.49
must've,3.090295432513592e-06,3.49
myriad,3.090295432513592e-06,3.49
myriads,3.090295432513592e-06,3.49
nasals,3.090295432513592e-06,3.49
nasal,3.090295432513592e-06,3.49
nautical,3.090295432513592e-06,3.49
neatly,3.090295432513592e-06,3.49
negativity,3.090295432513592e-06,3.49
negativities,3.090295432513592e-06,3.49
northampton,3.090295432513592e-06,3.49
noteworthy,3.090295432513592e-06,3.49
odor,3.090295432513592e-06,3.49
odors,3.090295432513592e-06,3.49
oprah,3.090295432513592e-06,3.49
overturned,3.090295432513592e-06,3.49
overwatch,3.090295432513592e-06,3.49
paddle,3.090295432513592e-06,3.49
paddles,3.090295432513592e-06,3.49
paddled,3.090295432513592e-06,3.49
paddling,3.090295432513592e-06,3.49
parroting,3.090295432513592e-06,3.49
parrots,3.090295432513592e-06,3.49
parrot,3.090295432513592e-06,3.49
parroted,3.090295432513592e-06,3.49
patel,3.090295432513592e-06,3.49
peg,3.090295432513592e-06,3.49
pegged,3.090295432513592e-06,3.49
pegging,3.090295432513592e-06,3.49
pegs,3.090295432513592e-06,3.49
pesticides,3.090295432513592e-06,3.49
plunges,3.090295432513592e-06,3.49
plunged,3.090295432513592e-06,3.49
plunge,3.090295432513592e-06,3.49
plunging,3.090295432513592e-06,3.49
powerless,3.090295432513592e-06,3.49
pragmatic,3.090295432513592e-06,3.49
quasi,3.090295432513592e-06,3.49
quentin,3.090295432513592e-06,3.49
radiant,3.090295432513592e-06,3.49
radiants,3.090295432513592e-06,3.49
ramsay,3.090295432513592e-06,3.49
reese,3.090295432513592e-06,3.49
refinery,3.090295432513592e-06,3.49
refineries,3.090295432513592e-06,3.49
reich,3.090295432513592e-06,3.49
remorse,3.090295432513592e-06,3.49
reopened,3.090295432513592e-06,3.49
revoked,3.090295432513592e-06,3.49
rpm,3.090295432513592e-06,3.49
sanity,3.090295432513592e-06,3.49
scandinavian,3.090295432513592e-06,3.49
scotia,3.090295432513592e-06,3.49
sears,3.090295432513592e-06,3.49
ser,3.090295432513592e-06,3.49
sergei,3.090295432513592e-06,3.49
sharia,3.090295432513592e-06,3.49
showdowns,3.090295432513592e-06,3.49
showdown,3.090295432513592e-06,3.49
shuffles,3.090295432513592e-06,3.49
shuffling,3.090295432513592e-06,3.49
shuffle,3.090295432513592e-06,3.49
shuffled,3.090295432513592e-06,3.49
sidings,3.090295432513592e-06,3.49
simulated,3.090295432513592e-06,3.49
skylines,3.090295432513592e-06,3.49
skyline,3.090295432513592e-06,3.49
slab,3.090295432513592e-06,3.49
slabs,3.090295432513592e-06,3.49
stockings,3.090295432513592e-06,3.49
suarez,3.090295432513592e-06,3.49
supplemental,3.090295432513592e-06,3.49
swimmer,3.090295432513592e-06,3.49
swimmers,3.090295432513592e-06,3.49
t.co,3.090295432513592e-06,3.49
tao,3.090295432513592e-06,3.49
tariff,3.090295432513592e-06,3.49
techno,3.090295432513592e-06,3.49
teller,3.090295432513592e-06,3.49
tellers,3.090295432513592e-06,3.49
theyre,3.090295432513592e-06,3.49
trances,3.090295432513592e-06,3.49
trance,3.090295432513592e-06,3.49
traveller,3.090295432513592e-06,3.49
u.n,3.090295432513592e-06,3.49
unconditional,3.090295432513592e-06,3.49
unforgettable,3.090295432513592e-06,3.49
volatilities,3.090295432513592e-06,3.49
volatility,3.090295432513592e-06,3.49
weakens,3.090295432513592e-06,3.49
weaken,3.090295432513592e-06,3.49
weakening,3.090295432513592e-06,3.49
webcam,3.090295432513592e-06,3.49
wen,3.090295432513592e-06,3.49
wens,3.090295432513592e-06,3.49
weston,3.090295432513592e-06,3.49
wouldnt,3.090295432513592e-06,3.49
xavier,3.090295432513592e-06,3.49
yorker,3.090295432513592e-06,3.49
0000000,3.0199517204020197e-06,3.48
3m,3.0199517204020197e-06,3.48
6pm,3.0199517204020197e-06,3.48
abel,3.0199517204020197e-06,3.48
abolishes,3.0199517204020197e-06,3.48
abolish,3.0199517204020197e-06,3.48
abolishing,3.0199517204020197e-06,3.48
aca,3.0199517204020197e-06,3.48
accumulates,3.0199517204020197e-06,3.48
accumulate,3.0199517204020197e-06,3.48
accumulating,3.0199517204020197e-06,3.48
admirable,3.0199517204020197e-06,3.48
adventurous,3.0199517204020197e-06,3.48
africa's,3.0199517204020197e-06,3.48
ajax,3.0199517204020197e-06,3.48
ama,3.0199517204020197e-06,3.48
ammo,3.0199517204020197e-06,3.48
amos,3.0199517204020197e-06,3.48
analysed,3.0199517204020197e-06,3.48
andreas,3.0199517204020197e-06,3.48
angelina,3.0199517204020197e-06,3.48
anthologies,3.0199517204020197e-06,3.48
anthology,3.0199517204020197e-06,3.48
anyhow,3.0199517204020197e-06,3.48
apes,3.0199517204020197e-06,3.48
aping,3.0199517204020197e-06,3.48
aped,3.0199517204020197e-06,3.48
ape,3.0199517204020197e-06,3.48
auditors,3.0199517204020197e-06,3.48
auditor,3.0199517204020197e-06,3.48
avalanched,3.0199517204020197e-06,3.48
avalanche,3.0199517204020197e-06,3.48
avalanches,3.0199517204020197e-06,3.48
avalanching,3.0199517204020197e-06,3.48
azerbaijan,3.0199517204020197e-06,3.48
b.a,3.0199517204020197e-06,3.48
badgering,3.0199517204020197e-06,3.48
badgered,3.0199517204020197e-06,3.48
badger,3.0199517204020197e-06,3.48
badgers,3.0199517204020197e-06,3.48
ballistic,3.0199517204020197e-06,3.48
bantering,3.0199517204020197e-06,3.48
banters,3.0199517204020197e-06,3.48
bantered,3.0199517204020197e-06,3.48
banter,3.0199517204020197e-06,3.48
becker,3.0199517204020197e-06,3.48
bidder,3.0199517204020197e-06,3.48
bidders,3.0199517204020197e-06,3.48
blackburn,3.0199517204020197e-06,3.48
blockbuster,3.0199517204020197e-06,3.48
blockbusters,3.0199517204020197e-06,3.48
blueprint,3.0199517204020197e-06,3.48
blueprints,3.0199517204020197e-06,3.48
bodied,3.0199517204020197e-06,3.48
bowler,3.0199517204020197e-06,3.48
bowlers,3.0199517204020197e-06,3.48
byrne,3.0199517204020197e-06,3.48
cadillac,3.0199517204020197e-06,3.48
cameos,3.0199517204020197e-06,3.48
cameo,3.0199517204020197e-06,3.48
caramels,3.0199517204020197e-06,3.48
caramel,3.0199517204020197e-06,3.48
cassidy,3.0199517204020197e-06,3.48
charismatic,3.0199517204020197e-06,3.48
chromosomes,3.0199517204020197e-06,3.48
chromosome,3.0199517204020197e-06,3.48
church's,3.0199517204020197e-06,3.48
clarkson,3.0199517204020197e-06,3.48
claus,3.0199517204020197e-06,3.48
comcast,3.0199517204020197e-06,3.48
commencements,3.0199517204020197e-06,3.48
commencement,3.0199517204020197e-06,3.48
concede,3.0199517204020197e-06,3.48
conceding,3.0199517204020197e-06,3.48
concedes,3.0199517204020197e-06,3.48
confiscated,3.0199517204020197e-06,3.48
contestant,3.0199517204020197e-06,3.48
contradictories,3.0199517204020197e-06,3.48
contradictory,3.0199517204020197e-06,3.48
convents,3.0199517204020197e-06,3.48
convent,3.0199517204020197e-06,3.48
converses,3.0199517204020197e-06,3.48
conversed,3.0199517204020197e-06,3.48
conversing,3.0199517204020197e-06,3.48
converse,3.0199517204020197e-06,3.48
corrosions,3.0199517204020197e-06,3.48
corrosion,3.0199517204020197e-06,3.48
cribs,3.0199517204020197e-06,3.48
crib,3.0199517204020197e-06,3.48
crossroads,3.0199517204020197e-06,3.48
dearly,3.0199517204020197e-06,3.48
defiance,3.0199517204020197e-06,3.48
deters,3.0199517204020197e-06,3.48
deterring,3.0199517204020197e-06,3.48
deter,3.0199517204020197e-06,3.48
deterred,3.0199517204020197e-06,3.48
diners,3.0199517204020197e-06,3.48
disneyland,3.0199517204020197e-06,3.48
disposition,3.0199517204020197e-06,3.48
dispositions,3.0199517204020197e-06,3.48
djs,3.0199517204020197e-06,3.48
drippings,3.0199517204020197e-06,3.48
ecstasies,3.0199517204020197e-06,3.48
ecstasy,3.0199517204020197e-06,3.48
eighteenth,3.0199517204020197e-06,3.48
elevenths,3.0199517204020197e-06,3.48
eleventh,3.0199517204020197e-06,3.48
eliza,3.0199517204020197e-06,3.48
enrique,3.0199517204020197e-06,3.48
envoys,3.0199517204020197e-06,3.48
envoy,3.0199517204020197e-06,3.48
estonia,3.0199517204020197e-06,3.48
expirations,3.0199517204020197e-06,3.48
expiration,3.0199517204020197e-06,3.48
expressly,3.0199517204020197e-06,3.48
fabrications,3.0199517204020197e-06,3.48
fabrication,3.0199517204020197e-06,3.48
faggoting,3.0199517204020197e-06,3.48
faggoted,3.0199517204020197e-06,3.48
faggot,3.0199517204020197e-06,3.48
faggots,3.0199517204020197e-06,3.48
fascinations,3.0199517204020197e-06,3.48
fascination,3.0199517204020197e-06,3.48
fir,3.0199517204020197e-06,3.48
firs,3.0199517204020197e-06,3.48
foreigner,3.0199517204020197e-06,3.48
formulations,3.0199517204020197e-06,3.48
formulation,3.0199517204020197e-06,3.48
francs,3.0199517204020197e-06,3.48
frontal,3.0199517204020197e-06,3.48
frontals,3.0199517204020197e-06,3.48
goalie,3.0199517204020197e-06,3.48
goalies,3.0199517204020197e-06,3.48
gonzalez,3.0199517204020197e-06,3.48
gradient,3.0199517204020197e-06,3.48
gradients,3.0199517204020197e-06,3.48
gravy,3.0199517204020197e-06,3.48
gravies,3.0199517204020197e-06,3.48
gwen,3.0199517204020197e-06,3.48
haley,3.0199517204020197e-06,3.48
herrings,3.0199517204020197e-06,3.48
herring,3.0199517204020197e-06,3.48
hoppers,3.0199517204020197e-06,3.48
hopper,3.0199517204020197e-06,3.48
hysterical,3.0199517204020197e-06,3.48
implanting,3.0199517204020197e-06,3.48
implanted,3.0199517204020197e-06,3.48
implant,3.0199517204020197e-06,3.48
incompatible,3.0199517204020197e-06,3.48
injunctions,3.0199517204020197e-06,3.48
injunction,3.0199517204020197e-06,3.48
innate,3.0199517204020197e-06,3.48
iphones,3.0199517204020197e-06,3.48
jeremiah,3.0199517204020197e-06,3.48
jude,3.0199517204020197e-06,3.48
kathryn,3.0199517204020197e-06,3.48
kd,3.0199517204020197e-06,3.48
keynotes,3.0199517204020197e-06,3.48
keynote,3.0199517204020197e-06,3.48
kidnaps,3.0199517204020197e-06,3.48
kidnap,3.0199517204020197e-06,3.48
kidnaped,3.0199517204020197e-06,3.48
kidnaping,3.0199517204020197e-06,3.48
kiev,3.0199517204020197e-06,3.48
koreans,3.0199517204020197e-06,3.48
krishna,3.0199517204020197e-06,3.48
lamas,3.0199517204020197e-06,3.48
lama,3.0199517204020197e-06,3.48
learners,3.0199517204020197e-06,3.48
mclean,3.0199517204020197e-06,3.48
michele,3.0199517204020197e-06,3.48
motivational,3.0199517204020197e-06,3.48
naruto,3.0199517204020197e-06,3.48
natasha,3.0199517204020197e-06,3.48
nightly,3.0199517204020197e-06,3.48
noir,3.0199517204020197e-06,3.48
normandy,3.0199517204020197e-06,3.48
notwithstanding,3.0199517204020197e-06,3.48
ns,3.0199517204020197e-06,3.48
o2,3.0199517204020197e-06,3.48
ordained,3.0199517204020197e-06,3.48
originating,3.0199517204020197e-06,3.48
p000,3.0199517204020197e-06,3.48
paralysis,3.0199517204020197e-06,3.48
paralyses,3.0199517204020197e-06,3.48
patiently,3.0199517204020197e-06,3.48
pauline,3.0199517204020197e-06,3.48
pawing,3.0199517204020197e-06,3.48
paw,3.0199517204020197e-06,3.48
pawed,3.0199517204020197e-06,3.48
paws,3.0199517204020197e-06,3.48
peter's,3.0199517204020197e-06,3.48
pianists,3.0199517204020197e-06,3.48
pianist,3.0199517204020197e-06,3.48
pickles,3.0199517204020197e-06,3.48
pilgrims,3.0199517204020197e-06,3.48
pinterest,3.0199517204020197e-06,3.48
placebos,3.0199517204020197e-06,3.48
placeboes,3.0199517204020197e-06,3.48
placebo,3.0199517204020197e-06,3.48
podcasts,3.0199517204020197e-06,3.48
postpones,3.0199517204020197e-06,3.48
postponing,3.0199517204020197e-06,3.48
postpone,3.0199517204020197e-06,3.48
progressively,3.0199517204020197e-06,3.48
propelled,3.0199517204020197e-06,3.48
psa,3.0199517204020197e-06,3.48
psyching,3.0199517204020197e-06,3.48
psyched,3.0199517204020197e-06,3.48
psyches,3.0199517204020197e-06,3.48
psych,3.0199517204020197e-06,3.48
punts,3.0199517204020197e-06,3.48
punting,3.0199517204020197e-06,3.48
punt,3.0199517204020197e-06,3.48
punted,3.0199517204020197e-06,3.48
rae,3.0199517204020197e-06,3.48
raptors,3.0199517204020197e-06,3.48
reinforcements,3.0199517204020197e-06,3.48
repetition,3.0199517204020197e-06,3.48
repetitions,3.0199517204020197e-06,3.48
restraining,3.0199517204020197e-06,3.48
retrospective,3.0199517204020197e-06,3.48
retrospectives,3.0199517204020197e-06,3.48
revises,3.0199517204020197e-06,3.48
revising,3.0199517204020197e-06,3.48
revise,3.0199517204020197e-06,3.48
righteousness,3.0199517204020197e-06,3.48
rinsing,3.0199517204020197e-06,3.48
rinsed,3.0199517204020197e-06,3.48
rinses,3.0199517204020197e-06,3.48
rinse,3.0199517204020197e-06,3.48
robbins,3.0199517204020197e-06,3.48
rss,3.0199517204020197e-06,3.48
s2,3.0199517204020197e-06,3.48
sal,3.0199517204020197e-06,3.48
scalp,3.0199517204020197e-06,3.48
scalping,3.0199517204020197e-06,3.48
scalped,3.0199517204020197e-06,3.48
scalps,3.0199517204020197e-06,3.48
schultz,3.0199517204020197e-06,3.48
sharma,3.0199517204020197e-06,3.48
shia,3.0199517204020197e-06,3.48
shutters,3.0199517204020197e-06,3.48
shuttering,3.0199517204020197e-06,3.48
shuttered,3.0199517204020197e-06,3.48
shutter,3.0199517204020197e-06,3.48
sooo,3.0199517204020197e-06,3.48
sparrows,3.0199517204020197e-06,3.48
sparrow,3.0199517204020197e-06,3.48
speculating,3.0199517204020197e-06,3.48
speculated,3.0199517204020197e-06,3.48
speculates,3.0199517204020197e-06,3.48
speculate,3.0199517204020197e-06,3.48
spinach,3.0199517204020197e-06,3.48
squat,3.0199517204020197e-06,3.48
squatting,3.0199517204020197e-06,3.48
squatted,3.0199517204020197e-06,3.48
squats,3.0199517204020197e-06,3.48
stew,3.0199517204020197e-06,3.48
stewed,3.0199517204020197e-06,3.48
stewing,3.0199517204020197e-06,3.48
stews,3.0199517204020197e-06,3.48
stirling,3.0199517204020197e-06,3.48
strauss,3.0199517204020197e-06,3.48
subliming,3.0199517204020197e-06,3.48
sublime,3.0199517204020197e-06,3.48
sublimes,3.0199517204020197e-06,3.48
sublimed,3.0199517204020197e-06,3.48
subtitles,3.0199517204020197e-06,3.48
sunni,3.0199517204020197e-06,3.48
sweetnesses,3.0199517204020197e-06,3.48
sweetness,3.0199517204020197e-06,3.48
teamwork,3.0199517204020197e-06,3.48
tequila,3.0199517204020197e-06,3.48
terrestrial,3.0199517204020197e-06,3.48
terrestrials,3.0199517204020197e-06,3.48
thinkers,3.0199517204020197e-06,3.48
thorning,3.0199517204020197e-06,3.48
thorns,3.0199517204020197e-06,3.48
thorned,3.0199517204020197e-06,3.48
thorn,3.0199517204020197e-06,3.48
thug,3.0199517204020197e-06,3.48
tit,3.0199517204020197e-06,3.48
tulsa,3.0199517204020197e-06,3.48
twenties,3.0199517204020197e-06,3.48
ufo,3.0199517204020197e-06,3.48
uncovers,3.0199517204020197e-06,3.48
uncover,3.0199517204020197e-06,3.48
uncovering,3.0199517204020197e-06,3.48
unnatural,3.0199517204020197e-06,3.48
unstoppable,3.0199517204020197e-06,3.48
upfront,3.0199517204020197e-06,3.48
urgently,3.0199517204020197e-06,3.48
virginity,3.0199517204020197e-06,3.48
volvo,3.0199517204020197e-06,3.48
vouchers,3.0199517204020197e-06,3.48
waived,3.0199517204020197e-06,3.48
wharves,3.0199517204020197e-06,3.48
wharfs,3.0199517204020197e-06,3.48
wharf,3.0199517204020197e-06,3.48
wrestled,3.0199517204020197e-06,3.48
wrestle,3.0199517204020197e-06,3.48
wrestles,3.0199517204020197e-06,3.48
xv,3.0199517204020197e-06,3.48
yates,3.0199517204020197e-06,3.48
yoo,3.0199517204020197e-06,3.48
0000.0,2.951209226666384e-06,3.47
1a,2.951209226666384e-06,3.47
aap,2.951209226666384e-06,3.47
achilles,2.951209226666384e-06,3.47
addison,2.951209226666384e-06,3.47
aggravated,2.951209226666384e-06,3.47
ahhh,2.951209226666384e-06,3.47
alberto,2.951209226666384e-06,3.47
alleging,2.951209226666384e-06,3.47
altos,2.951209226666384e-06,3.47
alto,2.951209226666384e-06,3.47
ambrose,2.951209226666384e-06,3.47
analysing,2.951209226666384e-06,3.47
analyse,2.951209226666384e-06,3.47
anomalies,2.951209226666384e-06,3.47
anomaly,2.951209226666384e-06,3.47
aperture,2.951209226666384e-06,3.47
apertures,2.951209226666384e-06,3.47
apostles,2.951209226666384e-06,3.47
apprenticeship,2.951209226666384e-06,3.47
apprenticeships,2.951209226666384e-06,3.47
aspires,2.951209226666384e-06,3.47
aspire,2.951209226666384e-06,3.47
aspired,2.951209226666384e-06,3.47
biodiversity,2.951209226666384e-06,3.47
biomedical,2.951209226666384e-06,3.47
breadths,2.951209226666384e-06,3.47
breadth,2.951209226666384e-06,3.47
busters,2.951209226666384e-06,3.47
buster,2.951209226666384e-06,3.47
cascaded,2.951209226666384e-06,3.47
cascades,2.951209226666384e-06,3.47
cascade,2.951209226666384e-06,3.47
cascading,2.951209226666384e-06,3.47
casinos,2.951209226666384e-06,3.47
centralized,2.951209226666384e-06,3.47
chars,2.951209226666384e-06,3.47
charred,2.951209226666384e-06,3.47
char,2.951209226666384e-06,3.47
charring,2.951209226666384e-06,3.47
cleansed,2.951209226666384e-06,3.47
cleanses,2.951209226666384e-06,3.47
cleanse,2.951209226666384e-06,3.47
concorded,2.951209226666384e-06,3.47
concording,2.951209226666384e-06,3.47
concord,2.951209226666384e-06,3.47
concords,2.951209226666384e-06,3.47
connectors,2.951209226666384e-06,3.47
connector,2.951209226666384e-06,3.47
connie,2.951209226666384e-06,3.47
consolidating,2.951209226666384e-06,3.47
consolidates,2.951209226666384e-06,3.47
consolidate,2.951209226666384e-06,3.47
containment,2.951209226666384e-06,3.47
couplings,2.951209226666384e-06,3.47
crate,2.951209226666384e-06,3.47
crates,2.951209226666384e-06,3.47
crating,2.951209226666384e-06,3.47
crated,2.951209226666384e-06,3.47
craves,2.951209226666384e-06,3.47
craved,2.951209226666384e-06,3.47
crave,2.951209226666384e-06,3.47
dane,2.951209226666384e-06,3.47
dangerously,2.951209226666384e-06,3.47
denounced,2.951209226666384e-06,3.47
dillon,2.951209226666384e-06,3.47
diluted,2.951209226666384e-06,3.47
eddy,2.951209226666384e-06,3.47
eddied,2.951209226666384e-06,3.47
eddying,2.951209226666384e-06,3.47
eddies,2.951209226666384e-06,3.47
elusive,2.951209226666384e-06,3.47
espionage,2.951209226666384e-06,3.47
existential,2.951209226666384e-06,3.47
experimentations,2.951209226666384e-06,3.47
experimentation,2.951209226666384e-06,3.47
extremists,2.951209226666384e-06,3.47
fannies,2.951209226666384e-06,3.47
fanny,2.951209226666384e-06,3.47
fiancé,2.951209226666384e-06,3.47
flashbacks,2.951209226666384e-06,3.47
flashback,2.951209226666384e-06,3.47
fluctuations,2.951209226666384e-06,3.47
freud,2.951209226666384e-06,3.47
friedman,2.951209226666384e-06,3.47
funnelled,2.951209226666384e-06,3.47
funnelling,2.951209226666384e-06,3.47
funnel,2.951209226666384e-06,3.47
funnels,2.951209226666384e-06,3.47
funneled,2.951209226666384e-06,3.47
funneling,2.951209226666384e-06,3.47
gail,2.951209226666384e-06,3.47
gloss,2.951209226666384e-06,3.47
glossing,2.951209226666384e-06,3.47
glosses,2.951209226666384e-06,3.47
glossed,2.951209226666384e-06,3.47
gradings,2.951209226666384e-06,3.47
grafts,2.951209226666384e-06,3.47
grafted,2.951209226666384e-06,3.47
graft,2.951209226666384e-06,3.47
grafting,2.951209226666384e-06,3.47
grumpiest,2.951209226666384e-06,3.47
grumpy,2.951209226666384e-06,3.47
grumpier,2.951209226666384e-06,3.47
guising,2.951209226666384e-06,3.47
guises,2.951209226666384e-06,3.47
guise,2.951209226666384e-06,3.47
guised,2.951209226666384e-06,3.47
heightened,2.951209226666384e-06,3.47
hush,2.951209226666384e-06,3.47
hushes,2.951209226666384e-06,3.47
hushing,2.951209226666384e-06,3.47
hushed,2.951209226666384e-06,3.47
ibn,2.951209226666384e-06,3.47
imitation,2.951209226666384e-06,3.47
imitations,2.951209226666384e-06,3.47
immersions,2.951209226666384e-06,3.47
immersion,2.951209226666384e-06,3.47
inconvenient,2.951209226666384e-06,3.47
intrigued,2.951209226666384e-06,3.47
intrinsic,2.951209226666384e-06,3.47
intrinsics,2.951209226666384e-06,3.47
iran's,2.951209226666384e-06,3.47
irresistible,2.951209226666384e-06,3.47
javier,2.951209226666384e-06,3.47
jd,2.951209226666384e-06,3.47
jk,2.951209226666384e-06,3.47
joanne,2.951209226666384e-06,3.47
kb,2.951209226666384e-06,3.47
landslide,2.951209226666384e-06,3.47
landslid,2.951209226666384e-06,3.47
landslided,2.951209226666384e-06,3.47
landslides,2.951209226666384e-06,3.47
landsliding,2.951209226666384e-06,3.47
lcd,2.951209226666384e-06,3.47
leah,2.951209226666384e-06,3.47
leashing,2.951209226666384e-06,3.47
leash,2.951209226666384e-06,3.47
leashes,2.951209226666384e-06,3.47
leashed,2.951209226666384e-06,3.47
makeover,2.951209226666384e-06,3.47
marcos,2.951209226666384e-06,3.47
mata,2.951209226666384e-06,3.47
mater,2.951209226666384e-06,3.47
maureen,2.951209226666384e-06,3.47
memorandums,2.951209226666384e-06,3.47
memorandum,2.951209226666384e-06,3.47
memoranda,2.951209226666384e-06,3.47
mercer,2.951209226666384e-06,3.47
mermaids,2.951209226666384e-06,3.47
mermaid,2.951209226666384e-06,3.47
michael's,2.951209226666384e-06,3.47
miriam,2.951209226666384e-06,3.47
moderation,2.951209226666384e-06,3.47
moroccan,2.951209226666384e-06,3.47
nano,2.951209226666384e-06,3.47
neymar,2.951209226666384e-06,3.47
ngos,2.951209226666384e-06,3.47
nobility,2.951209226666384e-06,3.47
nobilities,2.951209226666384e-06,3.47
notations,2.951209226666384e-06,3.47
notation,2.951209226666384e-06,3.47
onstage,2.951209226666384e-06,3.47
ordeals,2.951209226666384e-06,3.47
ordeal,2.951209226666384e-06,3.47
ox,2.951209226666384e-06,3.47
painfully,2.951209226666384e-06,3.47
paranormal,2.951209226666384e-06,3.47
paso,2.951209226666384e-06,3.47
pear,2.951209226666384e-06,3.47
pears,2.951209226666384e-06,3.47
piston,2.951209226666384e-06,3.47
pistoned,2.951209226666384e-06,3.47
pistoning,2.951209226666384e-06,3.47
pistons,2.951209226666384e-06,3.47
politely,2.951209226666384e-06,3.47
pollen,2.951209226666384e-06,3.47
pollens,2.951209226666384e-06,3.47
pts,2.951209226666384e-06,3.47
puberties,2.951209226666384e-06,3.47
puberty,2.951209226666384e-06,3.47
ramos,2.951209226666384e-06,3.47
rbi,2.951209226666384e-06,3.47
reggae,2.951209226666384e-06,3.47
relegated,2.951209226666384e-06,3.47
respectfully,2.951209226666384e-06,3.47
rethinking,2.951209226666384e-06,3.47
rethinks,2.951209226666384e-06,3.47
re-thinks,2.951209226666384e-06,3.47
re-thought,2.951209226666384e-06,3.47
rethink,2.951209226666384e-06,3.47
re-thinking,2.951209226666384e-06,3.47
rethought,2.951209226666384e-06,3.47
reviewers,2.951209226666384e-06,3.47
reviewer,2.951209226666384e-06,3.47
re-writes,2.951209226666384e-06,3.47
rewriting,2.951209226666384e-06,3.47
rewritten,2.951209226666384e-06,3.47
re-writing,2.951209226666384e-06,3.47
rewrite,2.951209226666384e-06,3.47
rewrote,2.951209226666384e-06,3.47
re-written,2.951209226666384e-06,3.47
re-wrote,2.951209226666384e-06,3.47
rewrites,2.951209226666384e-06,3.47
rodeo,2.951209226666384e-06,3.47
rodeos,2.951209226666384e-06,3.47
sas,2.951209226666384e-06,3.47
sheridan,2.951209226666384e-06,3.47
sherwood,2.951209226666384e-06,3.47
shires,2.951209226666384e-06,3.47
shire,2.951209226666384e-06,3.47
slitting,2.951209226666384e-06,3.47
slits,2.951209226666384e-06,3.47
slit,2.951209226666384e-06,3.47
sobbing,2.951209226666384e-06,3.47
summonses,2.951209226666384e-06,3.47
sutherland,2.951209226666384e-06,3.47
tabooed,2.951209226666384e-06,3.47
taboo,2.951209226666384e-06,3.47
taboos,2.951209226666384e-06,3.47
tabooing,2.951209226666384e-06,3.47
teaser,2.951209226666384e-06,3.47
teasers,2.951209226666384e-06,3.47
thatcher,2.951209226666384e-06,3.47
thatchers,2.951209226666384e-06,3.47
throttles,2.951209226666384e-06,3.47
throttling,2.951209226666384e-06,3.47
throttled,2.951209226666384e-06,3.47
throttle,2.951209226666384e-06,3.47
trendiest,2.951209226666384e-06,3.47
trendy,2.951209226666384e-06,3.47
trendier,2.951209226666384e-06,3.47
trivia,2.951209226666384e-06,3.47
turbulent,2.951209226666384e-06,3.47
unbearable,2.951209226666384e-06,3.47
underage,2.951209226666384e-06,3.47
unleashed,2.951209226666384e-06,3.47
unmarried,2.951209226666384e-06,3.47
vaguely,2.951209226666384e-06,3.47
veggies,2.951209226666384e-06,3.47
vortexing,2.951209226666384e-06,3.47
vortexes,2.951209226666384e-06,3.47
vortex,2.951209226666384e-06,3.47
vortices,2.951209226666384e-06,3.47
vortexed,2.951209226666384e-06,3.47
vouchered,2.951209226666384e-06,3.47
vouchering,2.951209226666384e-06,3.47
voucher,2.951209226666384e-06,3.47
wand,2.951209226666384e-06,3.47
wanded,2.951209226666384e-06,3.47
wands,2.951209226666384e-06,3.47
wanding,2.951209226666384e-06,3.47
wanderers,2.951209226666384e-06,3.47
❤️,2.951209226666384e-06,3.47
😭,2.951209226666384e-06,3.47
0000p,2.884031503126606e-06,3.46
adverted,2.884031503126606e-06,3.46
adverting,2.884031503126606e-06,3.46
adverts,2.884031503126606e-06,3.46
advert,2.884031503126606e-06,3.46
ain,2.884031503126606e-06,3.46
aliasing,2.884031503126606e-06,3.46
aliased,2.884031503126606e-06,3.46
alias,2.884031503126606e-06,3.46
aliases,2.884031503126606e-06,3.46
anaheim,2.884031503126606e-06,3.46
annoys,2.884031503126606e-06,3.46
annoy,2.884031503126606e-06,3.46
antibody,2.884031503126606e-06,3.46
apostle,2.884031503126606e-06,3.46
appalling,2.884031503126606e-06,3.46
applauds,2.884031503126606e-06,3.46
applauded,2.884031503126606e-06,3.46
applaud,2.884031503126606e-06,3.46
applauding,2.884031503126606e-06,3.46
asians,2.884031503126606e-06,3.46
baptized,2.884031503126606e-06,3.46
barr,2.884031503126606e-06,3.46
belarus,2.884031503126606e-06,3.46
billie,2.884031503126606e-06,3.46
bondage,2.884031503126606e-06,3.46
boredom,2.884031503126606e-06,3.46
bowman,2.884031503126606e-06,3.46
bowmen,2.884031503126606e-06,3.46
breeders,2.884031503126606e-06,3.46
brilliantly,2.884031503126606e-06,3.46
brunches,2.884031503126606e-06,3.46
brunch,2.884031503126606e-06,3.46
buckley,2.884031503126606e-06,3.46
burgundy,2.884031503126606e-06,3.46
carlisle,2.884031503126606e-06,3.46
carolyn,2.884031503126606e-06,3.46
changer,2.884031503126606e-06,3.46
che,2.884031503126606e-06,3.46
chem,2.884031503126606e-06,3.46
chestnuts,2.884031503126606e-06,3.46
chestnut,2.884031503126606e-06,3.46
cj,2.884031503126606e-06,3.46
cleanup,2.884031503126606e-06,3.46
cleanups,2.884031503126606e-06,3.46
clemson,2.884031503126606e-06,3.46
compose,2.884031503126606e-06,3.46
composes,2.884031503126606e-06,3.46
composing,2.884031503126606e-06,3.46
concise,2.884031503126606e-06,3.46
confinement,2.884031503126606e-06,3.46
confinements,2.884031503126606e-06,3.46
consultancy,2.884031503126606e-06,3.46
consultancies,2.884031503126606e-06,3.46
contraction,2.884031503126606e-06,3.46
contractions,2.884031503126606e-06,3.46
convergence,2.884031503126606e-06,3.46
criterion,2.884031503126606e-06,3.46
criterions,2.884031503126606e-06,3.46
cummings,2.884031503126606e-06,3.46
deductions,2.884031503126606e-06,3.46
deduction,2.884031503126606e-06,3.46
despicable,2.884031503126606e-06,3.46
detachments,2.884031503126606e-06,3.46
detachment,2.884031503126606e-06,3.46
detectors,2.884031503126606e-06,3.46
dialogs,2.884031503126606e-06,3.46
dialog,2.884031503126606e-06,3.46
dialoging,2.884031503126606e-06,3.46
dialoged,2.884031503126606e-06,3.46
digestive,2.884031503126606e-06,3.46
digestives,2.884031503126606e-06,3.46
diminishes,2.884031503126606e-06,3.46
diminish,2.884031503126606e-06,3.46
diminishing,2.884031503126606e-06,3.46
disclaimers,2.884031503126606e-06,3.46
disclaimer,2.884031503126606e-06,3.46
disconnects,2.884031503126606e-06,3.46
disconnecting,2.884031503126606e-06,3.46
disconnect,2.884031503126606e-06,3.46
discriminatory,2.884031503126606e-06,3.46
disruptive,2.884031503126606e-06,3.46
dorset,2.884031503126606e-06,3.46
dvds,2.884031503126606e-06,3.46
endlessly,2.884031503126606e-06,3.46
enthusiast,2.884031503126606e-06,3.46
epilepsy,2.884031503126606e-06,3.46
epilepsies,2.884031503126606e-06,3.46
estimations,2.884031503126606e-06,3.46
estimation,2.884031503126606e-06,3.46
ethanol,2.884031503126606e-06,3.46
excavations,2.884031503126606e-06,3.46
excavation,2.884031503126606e-06,3.46
extremist,2.884031503126606e-06,3.46
feeder,2.884031503126606e-06,3.46
feeders,2.884031503126606e-06,3.46
flashlight,2.884031503126606e-06,3.46
flashlights,2.884031503126606e-06,3.46
flattering,2.884031503126606e-06,3.46
forcibly,2.884031503126606e-06,3.46
gao,2.884031503126606e-06,3.46
garlands,2.884031503126606e-06,3.46
garland,2.884031503126606e-06,3.46
garlanding,2.884031503126606e-06,3.46
garlanded,2.884031503126606e-06,3.46
globalization,2.884031503126606e-06,3.46
grail,2.884031503126606e-06,3.46
grails,2.884031503126606e-06,3.46
graphical,2.884031503126606e-06,3.46
grayson,2.884031503126606e-06,3.46
groundbreaking,2.884031503126606e-06,3.46
groupings,2.884031503126606e-06,3.46
harding,2.884031503126606e-06,3.46
holiness,2.884031503126606e-06,3.46
horrifying,2.884031503126606e-06,3.46
humiliating,2.884031503126606e-06,3.46
ida,2.884031503126606e-06,3.46
illustrator,2.884031503126606e-06,3.46
illustrators,2.884031503126606e-06,3.46
imbalance,2.884031503126606e-06,3.46
imbalances,2.884031503126606e-06,3.46
immoral,2.884031503126606e-06,3.46
implicated,2.884031503126606e-06,3.46
inefficient,2.884031503126606e-06,3.46
instrumentations,2.884031503126606e-06,3.46
instrumentation,2.884031503126606e-06,3.46
intensified,2.884031503126606e-06,3.46
intolerance,2.884031503126606e-06,3.46
intolerances,2.884031503126606e-06,3.46
jackson's,2.884031503126606e-06,3.46
jeez,2.884031503126606e-06,3.46
johnson's,2.884031503126606e-06,3.46
jurors,2.884031503126606e-06,3.46
kappa,2.884031503126606e-06,3.46
kendrick,2.884031503126606e-06,3.46
ketchup,2.884031503126606e-06,3.46
leukemias,2.884031503126606e-06,3.46
leukemia,2.884031503126606e-06,3.46
levine,2.884031503126606e-06,3.46
lineages,2.884031503126606e-06,3.46
lineage,2.884031503126606e-06,3.46
liter,2.884031503126606e-06,3.46
liters,2.884031503126606e-06,3.46
lorraine,2.884031503126606e-06,3.46
lyons,2.884031503126606e-06,3.46
magnus,2.884031503126606e-06,3.46
manpower,2.884031503126606e-06,3.46
marley,2.884031503126606e-06,3.46
martyring,2.884031503126606e-06,3.46
martyrs,2.884031503126606e-06,3.46
martyred,2.884031503126606e-06,3.46
martyr,2.884031503126606e-06,3.46
masturbation,2.884031503126606e-06,3.46
masturbations,2.884031503126606e-06,3.46
mitigations,2.884031503126606e-06,3.46
mitigation,2.884031503126606e-06,3.46
mont,2.884031503126606e-06,3.46
motorway,2.884031503126606e-06,3.46
motorways,2.884031503126606e-06,3.46
nk,2.884031503126606e-06,3.46
npr,2.884031503126606e-06,3.46
nypd,2.884031503126606e-06,3.46
obscene,2.884031503126606e-06,3.46
occupants,2.884031503126606e-06,3.46
octopuses,2.884031503126606e-06,3.46
octopus,2.884031503126606e-06,3.46
octopi,2.884031503126606e-06,3.46
onward,2.884031503126606e-06,3.46
opium,2.884031503126606e-06,3.46
ovarian,2.884031503126606e-06,3.46
pecked,2.884031503126606e-06,3.46
pecking,2.884031503126606e-06,3.46
peck,2.884031503126606e-06,3.46
pecks,2.884031503126606e-06,3.46
penal,2.884031503126606e-06,3.46
petals,2.884031503126606e-06,3.46
picasso,2.884031503126606e-06,3.46
planking,2.884031503126606e-06,3.46
planked,2.884031503126606e-06,3.46
planks,2.884031503126606e-06,3.46
plank,2.884031503126606e-06,3.46
plights,2.884031503126606e-06,3.46
plight,2.884031503126606e-06,3.46
postseason,2.884031503126606e-06,3.46
presiding,2.884031503126606e-06,3.46
privies,2.884031503126606e-06,3.46
privy,2.884031503126606e-06,3.46
propulsion,2.884031503126606e-06,3.46
rafting,2.884031503126606e-06,3.46
rafted,2.884031503126606e-06,3.46
raft,2.884031503126606e-06,3.46
rafts,2.884031503126606e-06,3.46
rejoicing,2.884031503126606e-06,3.46
rejoiced,2.884031503126606e-06,3.46
rejoice,2.884031503126606e-06,3.46
rejoices,2.884031503126606e-06,3.46
relics,2.884031503126606e-06,3.46
ren,2.884031503126606e-06,3.46
rihanna,2.884031503126606e-06,3.46
roams,2.884031503126606e-06,3.46
roam,2.884031503126606e-06,3.46
roamed,2.884031503126606e-06,3.46
rubio,2.884031503126606e-06,3.46
sandals,2.884031503126606e-06,3.46
serpents,2.884031503126606e-06,3.46
serpent,2.884031503126606e-06,3.46
sesame,2.884031503126606e-06,3.46
shepard,2.884031503126606e-06,3.46
shi,2.884031503126606e-06,3.46
sicily,2.884031503126606e-06,3.46
simplifying,2.884031503126606e-06,3.46
simplifies,2.884031503126606e-06,3.46
simplify,2.884031503126606e-06,3.46
siren,2.884031503126606e-06,3.46
sirens,2.884031503126606e-06,3.46
slater,2.884031503126606e-06,3.46
sleeper,2.884031503126606e-06,3.46
sleepers,2.884031503126606e-06,3.46
smears,2.884031503126606e-06,3.46
smeared,2.884031503126606e-06,3.46
smearing,2.884031503126606e-06,3.46
smear,2.884031503126606e-06,3.46
snowy,2.884031503126606e-06,3.46
snowier,2.884031503126606e-06,3.46
snowiest,2.884031503126606e-06,3.46
soooo,2.884031503126606e-06,3.46
spectral,2.884031503126606e-06,3.46
spectrals,2.884031503126606e-06,3.46
stabilized,2.884031503126606e-06,3.46
stabilizing,2.884031503126606e-06,3.46
stabilizes,2.884031503126606e-06,3.46
stabilize,2.884031503126606e-06,3.46
stalked,2.884031503126606e-06,3.46
stalk,2.884031503126606e-06,3.46
stalks,2.884031503126606e-06,3.46
statesman,2.884031503126606e-06,3.46
statesmen,2.884031503126606e-06,3.46
stink,2.884031503126606e-06,3.46
stunk,2.884031503126606e-06,3.46
stank,2.884031503126606e-06,3.46
stinking,2.884031503126606e-06,3.46
stinks,2.884031503126606e-06,3.46
stormy,2.884031503126606e-06,3.46
stormier,2.884031503126606e-06,3.46
stormiest,2.884031503126606e-06,3.46
subcommittee,2.884031503126606e-06,3.46
subcommittees,2.884031503126606e-06,3.46
sufficing,2.884031503126606e-06,3.46
sufficed,2.884031503126606e-06,3.46
suffice,2.884031503126606e-06,3.46
suffices,2.884031503126606e-06,3.46
swat,2.884031503126606e-06,3.46
swats,2.884031503126606e-06,3.46
swatting,2.884031503126606e-06,3.46
swatted,2.884031503126606e-06,3.46
swine,2.884031503126606e-06,3.46
swines,2.884031503126606e-06,3.46
symbolisms,2.884031503126606e-06,3.46
symbolism,2.884031503126606e-06,3.46
tangled,2.884031503126606e-06,3.46
tram,2.884031503126606e-06,3.46
trams,2.884031503126606e-06,3.46
tryin,2.884031503126606e-06,3.46
underwood,2.884031503126606e-06,3.46
underworld,2.884031503126606e-06,3.46
vertically,2.884031503126606e-06,3.46
vigorous,2.884031503126606e-06,3.46
vt,2.884031503126606e-06,3.46
